       engine_id  cycle  target  prediction    residual
0              1      1     191  231.726926   40.726926
1              1      2     190  203.701628   13.701628
2              1      3     189  198.668659    9.668659
3              1      4     188  201.612548   13.612548
4              1      5     187  190.362368    3.362368
5              1      6     186  207.598059   21.598059
6              1      7     185  192.828226    7.828226
7              1      8     184  201.152452   17.152452
8              1      9     183  201.518482   18.518482
9              1     10     182  204.923244   22.923244
10             1     11     181  198.144967   17.144967
11             1     12     180  206.593849   26.593849
12             1     13     179  187.867780    8.867780
13             1     14     178  190.575568   12.575568
14             1     15     177  201.228130   24.228130
15             1     16     176  190.978533   14.978533
16             1     17     175  188.529598   13.529598
17             1     18     174  194.027225   20.027225
18             1     19     173  193.463901   20.463901
19             1     20     172  196.288523   24.288523
20             1     21     171  193.087718   22.087718
21             1     22     170  173.878373    3.878373
22             1     23     169  191.482745   22.482745
23             1     24     168  177.485770    9.485770
24             1     25     167  175.601896    8.601896
25             1     26     166  186.571297   20.571297
26             1     27     165  178.402726   13.402726
27             1     28     164  190.132714   26.132714
28             1     29     163  187.814401   24.814401
29             1     30     162  184.678509   22.678509
30             1     31     161  181.614311   20.614311
31             1     32     160  194.169880   34.169880
32             1     33     159  177.908232   18.908232
33             1     34     158  175.238194   17.238194
34             1     35     157  175.538892   18.538892
35             1     36     156  186.105360   30.105360
36             1     37     155  190.667650   35.667650
37             1     38     154  187.480553   33.480553
38             1     39     153  182.791054   29.791054
39             1     40     152  175.982922   23.982922
40             1     41     151  176.758886   25.758886
41             1     42     150  167.150496   17.150496
42             1     43     149  169.270628   20.270628
43             1     44     148  178.111905   30.111905
44             1     45     147  159.579767   12.579767
45             1     46     146  164.539355   18.539355
46             1     47     145  179.151439   34.151439
47             1     48     144  166.468834   22.468834
48             1     49     143  164.278232   21.278232
49             1     50     142  158.032123   16.032123
50             1     51     141  156.381718   15.381718
51             1     52     140  160.510135   20.510135
52             1     53     139  157.313082   18.313082
53             1     54     138  151.373820   13.373820
54             1     55     137  156.843739   19.843739
55             1     56     136  158.843875   22.843875
56             1     57     135  141.925562    6.925562
57             1     58     134  163.050633   29.050633
58             1     59     133  149.317323   16.317323
59             1     60     132  149.135622   17.135622
60             1     61     131  155.056176   24.056176
61             1     62     130  155.570961   25.570961
62             1     63     129  132.576778    3.576778
63             1     64     128  151.975278   23.975278
64             1     65     127  139.386091   12.386091
65             1     66     126  150.107919   24.107919
66             1     67     125  146.733428   21.733428
67             1     68     124  137.128558   13.128558
68             1     69     123  149.476261   26.476261
69             1     70     122  143.850487   21.850487
70             1     71     121  145.685855   24.685855
71             1     72     120  137.143790   17.143790
72             1     73     119  152.784268   33.784268
73             1     74     118  139.167723   21.167723
74             1     75     117  151.046660   34.046660
75             1     76     116  138.336844   22.336844
76             1     77     115  137.844428   22.844428
77             1     78     114  142.205696   28.205696
78             1     79     113  136.298141   23.298141
79             1     80     112  133.735128   21.735128
80             1     81     111  136.592504   25.592504
81             1     82     110  144.668089   34.668089
82             1     83     109  137.765376   28.765376
83             1     84     108  125.942360   17.942360
84             1     85     107  135.765359   28.765359
85             1     86     106  135.891238   29.891238
86             1     87     105  130.678379   25.678379
87             1     88     104  139.133039   35.133039
88             1     89     103  125.295552   22.295552
89             1     90     102  126.442246   24.442246
90             1     91     101  130.502754   29.502754
91             1     92     100  130.291570   30.291570
92             1     93      99  115.919345   16.919345
93             1     94      98  126.244841   28.244841
94             1     95      97  121.290494   24.290494
95             1     96      96  128.832337   32.832337
96             1     97      95  126.312550   31.312550
97             1     98      94  129.878610   35.878610
98             1     99      93  117.498967   24.498967
99             1    100      92  122.158301   30.158301
100            1    101      91  120.262501   29.262501
101            1    102      90  114.049570   24.049570
102            1    103      89  119.153454   30.153454
103            1    104      88  130.678934   42.678934
104            1    105      87  119.333220   32.333220
105            1    106      86  123.163476   37.163476
106            1    107      85  119.138139   34.138139
107            1    108      84  112.280769   28.280769
108            1    109      83  112.216984   29.216984
109            1    110      82  120.742610   38.742610
110            1    111      81  103.066355   22.066355
111            1    112      80  115.826505   35.826505
112            1    113      79  106.852978   27.852978
113            1    114      78  117.848957   39.848957
114            1    115      77  112.000820   35.000820
115            1    116      76  119.069597   43.069597
116            1    117      75  104.389710   29.389710
117            1    118      74  106.092687   32.092687
118            1    119      73  107.719162   34.719162
119            1    120      72   99.100022   27.100022
120            1    121      71   98.768900   27.768900
121            1    122      70   84.765176   14.765176
122            1    123      69   95.591613   26.591613
123            1    124      68   83.945256   15.945256
124            1    125      67   80.013679   13.013679
125            1    126      66   84.748841   18.748841
126            1    127      65   86.667304   21.667304
127            1    128      64   78.185747   14.185747
128            1    129      63   77.078838   14.078838
129            1    130      62   75.037331   13.037331
130            1    131      61   77.626295   16.626295
131            1    132      60   73.492023   13.492023
132            1    133      59   75.151555   16.151555
133            1    134      58   70.680975   12.680975
134            1    135      57   79.875413   22.875413
135            1    136      56   82.362553   26.362553
136            1    137      55   70.327160   15.327160
137            1    138      54   80.206052   26.206052
138            1    139      53   68.487135   15.487135
139            1    140      52   66.123716   14.123716
140            1    141      51   70.725873   19.725873
141            1    142      50   63.858345   13.858345
142            1    143      49   72.219658   23.219658
143            1    144      48   70.381437   22.381437
144            1    145      47   58.669154   11.669154
145            1    146      46   63.686000   17.686000
146            1    147      45   61.149183   16.149183
147            1    148      44   62.305562   18.305562
148            1    149      43   49.189111    6.189111
149            1    150      42   50.778479    8.778479
150            1    151      41   45.958409    4.958409
151            1    152      40   39.401561   -0.598439
152            1    153      39   40.209977    1.209977
153            1    154      38   39.937897    1.937897
154            1    155      37   47.592358   10.592358
155            1    156      36   42.051928    6.051928
156            1    157      35   41.895122    6.895122
157            1    158      34   45.642872   11.642872
158            1    159      33   35.723592    2.723592
159            1    160      32   29.622615   -2.377385
160            1    161      31   34.264033    3.264033
161            1    162      30   30.199530    0.199530
162            1    163      29   27.478143   -1.521857
163            1    164      28   28.359683    0.359683
164            1    165      27   29.873032    2.873032
165            1    166      26   16.604777   -9.395223
166            1    167      25   24.980009   -0.019991
167            1    168      24   23.912447   -0.087553
168            1    169      23   16.470263   -6.529737
169            1    170      22   16.627366   -5.372634
170            1    171      21   18.414860   -2.585140
171            1    172      20   11.432743   -8.567257
172            1    173      19   13.403273   -5.596727
173            1    174      18   13.578985   -4.421015
174            1    175      17   11.851521   -5.148479
175            1    176      16   14.686899   -1.313101
176            1    177      15   10.789450   -4.210550
177            1    178      14    5.948869   -8.051131
178            1    179      13    7.057060   -5.942940
179            1    180      12    8.260305   -3.739695
180            1    181      11    2.366282   -8.633718
181            1    182      10   -0.282506  -10.282506
182            1    183       9   -3.570476  -12.570476
183            1    184       8    3.225089   -4.774911
184            1    185       7   -3.650898  -10.650898
185            1    186       6   -8.405598  -14.405598
186            1    187       5   -6.924545  -11.924545
187            1    188       4  -11.123843  -15.123843
188            1    189       3  -16.886370  -19.886370
189            1    190       2   -9.941375  -11.941375
190            1    191       1  -19.536464  -20.536464
191            1    192       0  -15.687221  -15.687221
192            2      1     286  260.145869  -25.854131
193            2      2     285  235.896924  -49.103076
194            2      3     284  242.240181  -41.759819
195            2      4     283  236.079491  -46.920509
196            2      5     282  229.541498  -52.458502
197            2      6     281  246.408862  -34.591138
198            2      7     280  233.697462  -46.302538
199            2      8     279  232.199917  -46.800083
200            2      9     278  231.540149  -46.459851
201            2     10     277  224.833815  -52.166185
202            2     11     276  221.276746  -54.723254
203            2     12     275  226.342986  -48.657014
204            2     13     274  220.995998  -53.004002
205            2     14     273  226.050957  -46.949043
206            2     15     272  206.602739  -65.397261
207            2     16     271  219.204481  -51.795519
208            2     17     270  217.596733  -52.403267
209            2     18     269  219.185953  -49.814047
210            2     19     268  208.856431  -59.143569
211            2     20     267  207.986071  -59.013929
212            2     21     266  216.602336  -49.397664
213            2     22     265  198.829513  -66.170487
214            2     23     264  205.723891  -58.276109
215            2     24     263  201.748031  -61.251969
216            2     25     262  205.740820  -56.259180
217            2     26     261  214.036907  -46.963093
218            2     27     260  200.615816  -59.384184
219            2     28     259  215.554521  -43.445479
220            2     29     258  201.824615  -56.175385
221            2     30     257  207.003554  -49.996446
222            2     31     256  213.694543  -42.305457
223            2     32     255  212.523473  -42.476527
224            2     33     254  199.263147  -54.736853
225            2     34     253  199.727789  -53.272211
226            2     35     252  198.024565  -53.975435
227            2     36     251  196.925205  -54.074795
228            2     37     250  203.993544  -46.006456
229            2     38     249  194.930961  -54.069039
230            2     39     248  192.917663  -55.082337
231            2     40     247  192.929143  -54.070857
232            2     41     246  177.806225  -68.193775
233            2     42     245  195.710768  -49.289232
234            2     43     244  193.644735  -50.355265
235            2     44     243  182.930037  -60.069963
236            2     45     242  176.982079  -65.017921
237            2     46     241  189.471437  -51.528563
238            2     47     240  190.412567  -49.587433
239            2     48     239  180.319298  -58.680702
240            2     49     238  185.535884  -52.464116
241            2     50     237  176.105249  -60.894751
242            2     51     236  183.834859  -52.165141
243            2     52     235  188.529822  -46.470178
244            2     53     234  186.638042  -47.361958
245            2     54     233  176.513894  -56.486106
246            2     55     232  185.391356  -46.608644
247            2     56     231  180.443014  -50.556986
248            2     57     230  173.466125  -56.533875
249            2     58     229  175.078395  -53.921605
250            2     59     228  177.996945  -50.003055
251            2     60     227  162.161391  -64.838609
252            2     61     226  171.545984  -54.454016
253            2     62     225  168.692396  -56.307604
254            2     63     224  163.860958  -60.139042
255            2     64     223  174.617985  -48.382015
256            2     65     222  162.265680  -59.734320
257            2     66     221  161.314438  -59.685562
258            2     67     220  169.278055  -50.721945
259            2     68     219  154.959847  -64.040153
260            2     69     218  150.357877  -67.642123
261            2     70     217  161.855251  -55.144749
262            2     71     216  152.958642  -63.041358
263            2     72     215  158.747219  -56.252781
264            2     73     214  158.263003  -55.736997
265            2     74     213  150.288950  -62.711050
266            2     75     212  176.667028  -35.332972
267            2     76     211  155.752929  -55.247071
268            2     77     210  159.982962  -50.017038
269            2     78     209  166.186486  -42.813514
270            2     79     208  160.709418  -47.290582
271            2     80     207  175.382152  -31.617848
272            2     81     206  181.675515  -24.324485
273            2     82     205  165.101039  -39.898961
274            2     83     204  177.262155  -26.737845
275            2     84     203  166.985846  -36.014154
276            2     85     202  170.221961  -31.778039
277            2     86     201  166.391616  -34.608384
278            2     87     200  156.997735  -43.002265
279            2     88     199  168.726406  -30.273594
280            2     89     198  165.924040  -32.075960
281            2     90     197  158.413562  -38.586438
282            2     91     196  162.649254  -33.350746
283            2     92     195  154.324966  -40.675034
284            2     93     194  153.053197  -40.946803
285            2     94     193  153.069595  -39.930405
286            2     95     192  155.969961  -36.030039
287            2     96     191  139.036772  -51.963228
288            2     97     190  150.111044  -39.888956
289            2     98     189  152.580707  -36.419293
290            2     99     188  148.606776  -39.393224
291            2    100     187  144.582302  -42.417698
292            2    101     186  149.583938  -36.416062
293            2    102     185  140.804151  -44.195849
294            2    103     184  144.975938  -39.024062
295            2    104     183  146.366784  -36.633216
296            2    105     182  140.484169  -41.515831
297            2    106     181  138.467699  -42.532301
298            2    107     180  147.298163  -32.701837
299            2    108     179  143.530787  -35.469213
300            2    109     178  129.169059  -48.830941
301            2    110     177  139.755603  -37.244397
302            2    111     176  143.639882  -32.360118
303            2    112     175  129.268587  -45.731413
304            2    113     174  135.491994  -38.508006
305            2    114     173  142.262565  -30.737435
306            2    115     172  137.032289  -34.967711
307            2    116     171  142.359766  -28.640234
308            2    117     170  143.027394  -26.972606
309            2    118     169  133.422191  -35.577809
310            2    119     168  130.130663  -37.869337
311            2    120     167  134.764338  -32.235662
312            2    121     166  137.131071  -28.868929
313            2    122     165  130.405514  -34.594486
314            2    123     164  138.643974  -25.356026
315            2    124     163  143.846342  -19.153658
316            2    125     162  130.127783  -31.872217
317            2    126     161  125.259151  -35.740849
318            2    127     160  131.119182  -28.880818
319            2    128     159  132.900395  -26.099605
320            2    129     158  139.816011  -18.183989
321            2    130     157  131.128746  -25.871254
322            2    131     156  137.034124  -18.965876
323            2    132     155  139.277602  -15.722398
324            2    133     154  121.824321  -32.175679
325            2    134     153  123.015120  -29.984880
326            2    135     152  137.180921  -14.819079
327            2    136     151  138.021497  -12.978503
328            2    137     150  129.347238  -20.652762
329            2    138     149  132.400540  -16.599460
330            2    139     148  131.000186  -16.999814
331            2    140     147  136.058634  -10.941366
332            2    141     146  132.777131  -13.222869
333            2    142     145  134.411512  -10.588488
334            2    143     144  123.599663  -20.400337
335            2    144     143  128.421011  -14.578989
336            2    145     142  123.139690  -18.860310
337            2    146     141  129.276736  -11.723264
338            2    147     140  122.208414  -17.791586
339            2    148     139  133.412064   -5.587936
340            2    149     138  124.525927  -13.474073
341            2    150     137  132.307403   -4.692597
342            2    151     136  123.998336  -12.001664
343            2    152     135  128.308235   -6.691765
344            2    153     134  118.340555  -15.659445
345            2    154     133  128.813970   -4.186030
346            2    155     132  124.514028   -7.485972
347            2    156     131  135.704675    4.704675
348            2    157     130  115.047787  -14.952213
349            2    158     129  131.931623    2.931623
350            2    159     128  123.648673   -4.351327
351            2    160     127  120.760754   -6.239246
352            2    161     126  127.613362    1.613362
353            2    162     125  125.981870    0.981870
354            2    163     124  119.669800   -4.330200
355            2    164     123  126.535984    3.535984
356            2    165     122  125.857491    3.857491
357            2    166     121  115.731439   -5.268561
358            2    167     120  115.447170   -4.552830
359            2    168     119  125.248612    6.248612
360            2    169     118  114.039306   -3.960694
361            2    170     117  115.823028   -1.176972
362            2    171     116  115.737897   -0.262103
363            2    172     115  123.893600    8.893600
364            2    173     114  120.225236    6.225236
365            2    174     113  114.834266    1.834266
366            2    175     112  112.939032    0.939032
367            2    176     111  118.910887    7.910887
368            2    177     110  117.734916    7.734916
369            2    178     109  107.733760   -1.266240
370            2    179     108  115.420071    7.420071
371            2    180     107  111.227795    4.227795
372            2    181     106  129.653635   23.653635
373            2    182     105  105.229950    0.229950
374            2    183     104  116.183989   12.183989
375            2    184     103  113.342357   10.342357
376            2    185     102  117.159171   15.159171
377            2    186     101  106.137885    5.137885
378            2    187     100   96.978067   -3.021933
379            2    188      99  115.489148   16.489148
380            2    189      98  101.935250    3.935250
381            2    190      97  110.683096   13.683096
382            2    191      96   99.397049    3.397049
383            2    192      95   90.393375   -4.606625
384            2    193      94   89.928270   -4.071730
385            2    194      93   91.951325   -1.048675
386            2    195      92   86.776203   -5.223797
387            2    196      91  100.293629    9.293629
388            2    197      90   92.838318    2.838318
389            2    198      89   88.495032   -0.504968
390            2    199      88   83.278440   -4.721560
391            2    200      87   82.071169   -4.928831
392            2    201      86   92.740233    6.740233
393            2    202      85   81.552902   -3.447098
394            2    203      84   69.256825  -14.743175
395            2    204      83   89.185666    6.185666
396            2    205      82   82.379851    0.379851
397            2    206      81   94.467000   13.467000
398            2    207      80   82.310638    2.310638
399            2    208      79   78.818776   -0.181224
400            2    209      78   83.720371    5.720371
401            2    210      77   87.082386   10.082386
402            2    211      76   71.502379   -4.497621
403            2    212      75   81.606015    6.606015
404            2    213      74   87.031034   13.031034
405            2    214      73   93.737237   20.737237
406            2    215      72   67.806910   -4.193090
407            2    216      71   84.856723   13.856723
408            2    217      70   75.033529    5.033529
409            2    218      69   73.866322    4.866322
410            2    219      68   72.168575    4.168575
411            2    220      67   64.677692   -2.322308
412            2    221      66   81.446390   15.446390
413            2    222      65   72.389837    7.389837
414            2    223      64   64.213070    0.213070
415            2    224      63   55.815626   -7.184374
416            2    225      62   66.257369    4.257369
417            2    226      61   66.869615    5.869615
418            2    227      60   68.084184    8.084184
419            2    228      59   66.224708    7.224708
420            2    229      58   67.839189    9.839189
421            2    230      57   59.238028    2.238028
422            2    231      56   63.040959    7.040959
423            2    232      55   59.237556    4.237556
424            2    233      54   59.675820    5.675820
425            2    234      53   63.800149   10.800149
426            2    235      52   56.106802    4.106802
427            2    236      51   58.589953    7.589953
428            2    237      50   46.359812   -3.640188
429            2    238      49   50.845802    1.845802
430            2    239      48   43.108131   -4.891869
431            2    240      47   52.489024    5.489024
432            2    241      46   41.065104   -4.934896
433            2    242      45   50.595619    5.595619
434            2    243      44   40.503453   -3.496547
435            2    244      43   35.753344   -7.246656
436            2    245      42   34.345929   -7.654071
437            2    246      41   33.640643   -7.359357
438            2    247      40   33.058950   -6.941050
439            2    248      39   30.976235   -8.023765
440            2    249      38   22.929390  -15.070610
441            2    250      37   28.595290   -8.404710
442            2    251      36   27.132031   -8.867969
443            2    252      35   23.794480  -11.205520
444            2    253      34   28.775710   -5.224290
445            2    254      33   18.340383  -14.659617
446            2    255      32   24.547135   -7.452865
447            2    256      31   19.128340  -11.871660
448            2    257      30   15.222108  -14.777892
449            2    258      29   13.674635  -15.325365
450            2    259      28   11.130930  -16.869070
451            2    260      27    8.327702  -18.672298
452            2    261      26    7.172405  -18.827595
453            2    262      25    7.224244  -17.775756
454            2    263      24    9.223819  -14.776181
455            2    264      23    5.679357  -17.320643
456            2    265      22    5.568386  -16.431614
457            2    266      21    3.774090  -17.225910
458            2    267      20    5.645045  -14.354955
459            2    268      19    5.992353  -13.007647
460            2    269      18    7.748904  -10.251096
461            2    270      17    3.204809  -13.795191
462            2    271      16   13.554558   -2.445442
463            2    272      15   -0.065739  -15.065739
464            2    273      14    0.449051  -13.550949
465            2    274      13    5.551750   -7.448250
466            2    275      12   -9.203264  -21.203264
467            2    276      11   -7.089800  -18.089800
468            2    277      10   -7.010238  -17.010238
469            2    278       9  -12.524944  -21.524944
470            2    279       8  -11.130313  -19.130313
471            2    280       7  -15.615163  -22.615163
472            2    281       6   -9.413008  -15.413008
473            2    282       5  -14.129711  -19.129711
474            2    283       4  -16.345757  -20.345757
475            2    284       3  -16.753798  -19.753798
476            2    285       2  -15.179271  -17.179271
477            2    286       1  -13.641088  -14.641088
478            2    287       0  -18.771770  -18.771770
479            3      1     178  234.949973   56.949973
480            3      2     177  231.633845   54.633845
481            3      3     176  223.266266   47.266266
482            3      4     175  214.714878   39.714878
483            3      5     174  219.870508   45.870508
484            3      6     173  220.077779   47.077779
485            3      7     172  199.338700   27.338700
486            3      8     171  196.517602   25.517602
487            3      9     170  204.431482   34.431482
488            3     10     169  199.197000   30.197000
489            3     11     168  195.114279   27.114279
490            3     12     167  184.059587   17.059587
491            3     13     166  187.836395   21.836395
492            3     14     165  185.860552   20.860552
493            3     15     164  200.617367   36.617367
494            3     16     163  195.441409   32.441409
495            3     17     162  185.538857   23.538857
496            3     18     161  182.768967   21.768967
497            3     19     160  189.539598   29.539598
498            3     20     159  203.413713   44.413713
499            3     21     158  191.803473   33.803473
500            3     22     157  181.605400   24.605400
501            3     23     156  192.760874   36.760874
502            3     24     155  184.662279   29.662279
503            3     25     154  195.970014   41.970014
504            3     26     153  185.515737   32.515737
505            3     27     152  181.777425   29.777425
506            3     28     151  192.679354   41.679354
507            3     29     150  191.202104   41.202104
508            3     30     149  185.216792   36.216792
509            3     31     148  169.457705   21.457705
510            3     32     147  178.999513   31.999513
511            3     33     146  182.112983   36.112983
512            3     34     145  176.423579   31.423579
513            3     35     144  180.476236   36.476236
514            3     36     143  170.306226   27.306226
515            3     37     142  181.060581   39.060581
516            3     38     141  169.071141   28.071141
517            3     39     140  173.703690   33.703690
518            3     40     139  178.300316   39.300316
519            3     41     138  171.403310   33.403310
520            3     42     137  169.310170   32.310170
521            3     43     136  156.259555   20.259555
522            3     44     135  172.134033   37.134033
523            3     45     134  175.570795   41.570795
524            3     46     133  145.469281   12.469281
525            3     47     132  167.221997   35.221997
526            3     48     131  162.610254   31.610254
527            3     49     130  165.875664   35.875664
528            3     50     129  157.700827   28.700827
529            3     51     128  166.411891   38.411891
530            3     52     127  156.710493   29.710493
531            3     53     126  163.792522   37.792522
532            3     54     125  151.368223   26.368223
533            3     55     124  152.656546   28.656546
534            3     56     123  160.413080   37.413080
535            3     57     122  154.724935   32.724935
536            3     58     121  148.524648   27.524648
537            3     59     120  157.628279   37.628279
538            3     60     119  138.635953   19.635953
539            3     61     118  141.931583   23.931583
540            3     62     117  140.607771   23.607771
541            3     63     116  146.936700   30.936700
542            3     64     115  139.926252   24.926252
543            3     65     114  154.992703   40.992703
544            3     66     113  149.729946   36.729946
545            3     67     112  144.758780   32.758780
546            3     68     111  145.774941   34.774941
547            3     69     110  144.974497   34.974497
548            3     70     109  139.240863   30.240863
549            3     71     108  141.594217   33.594217
550            3     72     107  134.982407   27.982407
551            3     73     106  150.738866   44.738866
552            3     74     105  136.672672   31.672672
553            3     75     104  134.961559   30.961559
554            3     76     103  133.601934   30.601934
555            3     77     102  128.153793   26.153793
556            3     78     101  126.766041   25.766041
557            3     79     100  125.815303   25.815303
558            3     80      99  119.898270   20.898270
559            3     81      98  121.756809   23.756809
560            3     82      97  123.521844   26.521844
561            3     83      96  121.593905   25.593905
562            3     84      95  123.384656   28.384656
563            3     85      94  118.797653   24.797653
564            3     86      93  119.746021   26.746021
565            3     87      92  125.437205   33.437205
566            3     88      91  117.435322   26.435322
567            3     89      90  121.298770   31.298770
568            3     90      89  108.928227   19.928227
569            3     91      88  122.347010   34.347010
570            3     92      87  111.558281   24.558281
571            3     93      86  108.355887   22.355887
572            3     94      85  117.853094   32.853094
573            3     95      84  120.369131   36.369131
574            3     96      83  112.870471   29.870471
575            3     97      82  109.161261   27.161261
576            3     98      81  108.778665   27.778665
577            3     99      80  109.811663   29.811663
578            3    100      79  115.819252   36.819252
579            3    101      78  115.618440   37.618440
580            3    102      77  106.675435   29.675435
581            3    103      76  104.226794   28.226794
582            3    104      75  107.998576   32.998576
583            3    105      74  113.874522   39.874522
584            3    106      73  108.097451   35.097451
585            3    107      72  105.085374   33.085374
586            3    108      71  108.282115   37.282115
587            3    109      70  106.618503   36.618503
588            3    110      69   95.213599   26.213599
589            3    111      68   99.423200   31.423200
590            3    112      67   97.172205   30.172205
591            3    113      66  103.111877   37.111877
592            3    114      65   96.775892   31.775892
593            3    115      64   91.144656   27.144656
594            3    116      63   96.074300   33.074300
595            3    117      62   87.505230   25.505230
596            3    118      61   90.967651   29.967651
597            3    119      60   82.190995   22.190995
598            3    120      59   84.392732   25.392732
599            3    121      58   79.348339   21.348339
600            3    122      57   77.599732   20.599732
601            3    123      56   83.198775   27.198775
602            3    124      55   79.308306   24.308306
603            3    125      54   74.149198   20.149198
604            3    126      53   78.898274   25.898274
605            3    127      52   68.200433   16.200433
606            3    128      51   70.335315   19.335315
607            3    129      50   70.598592   20.598592
608            3    130      49   61.151880   12.151880
609            3    131      48   59.290770   11.290770
610            3    132      47   53.873423    6.873423
611            3    133      46   55.186309    9.186309
612            3    134      45   55.540581   10.540581
613            3    135      44   56.426305   12.426305
614            3    136      43   46.780914    3.780914
615            3    137      42   50.121199    8.121199
616            3    138      41   49.589393    8.589393
617            3    139      40   50.473022   10.473022
618            3    140      39   45.109662    6.109662
619            3    141      38   40.933863    2.933863
620            3    142      37   41.098308    4.098308
621            3    143      36   36.724283    0.724283
622            3    144      35   37.993149    2.993149
623            3    145      34   37.914832    3.914832
624            3    146      33   37.592167    4.592167
625            3    147      32   36.963312    4.963312
626            3    148      31   28.593358   -2.406642
627            3    149      30   26.671401   -3.328599
628            3    150      29   28.866696   -0.133304
629            3    151      28   22.913734   -5.086266
630            3    152      27   23.615158   -3.384842
631            3    153      26   21.071318   -4.928682
632            3    154      25   19.061579   -5.938421
633            3    155      24   12.750492  -11.249508
634            3    156      23   15.141327   -7.858673
635            3    157      22    9.891573  -12.108427
636            3    158      21    6.804595  -14.195405
637            3    159      20    0.292308  -19.707692
638            3    160      19   -2.064248  -21.064248
639            3    161      18   -2.536843  -20.536843
640            3    162      17   -3.552277  -20.552277
641            3    163      16   -9.530739  -25.530739
642            3    164      15   -8.211046  -23.211046
643            3    165      14  -11.726748  -25.726748
644            3    166      13  -15.676319  -28.676319
645            3    167      12   -9.222098  -21.222098
646            3    168      11  -17.486144  -28.486144
647            3    169      10  -13.080019  -23.080019
648            3    170       9  -13.632831  -22.632831
649            3    171       8  -19.674462  -27.674462
650            3    172       7  -27.313476  -34.313476
651            3    173       6  -22.562153  -28.562153
652            3    174       5  -25.750191  -30.750191
653            3    175       4  -23.448559  -27.448559
654            3    176       3  -24.137482  -27.137482
655            3    177       2  -22.089725  -24.089725
656            3    178       1  -16.534676  -17.534676
657            3    179       0  -17.081236  -17.081236
658            4      1     188  208.613801   20.613801
659            4      2     187  207.378491   20.378491
660            4      3     186  207.705968   21.705968
661            4      4     185  208.502657   23.502657
662            4      5     184  207.240871   23.240871
663            4      6     183  204.674403   21.674403
664            4      7     182  204.780695   22.780695
665            4      8     181  207.633530   26.633530
666            4      9     180  198.398392   18.398392
667            4     10     179  192.682283   13.682283
668            4     11     178  208.657207   30.657207
669            4     12     177  188.442424   11.442424
670            4     13     176  196.637183   20.637183
671            4     14     175  183.721936    8.721936
672            4     15     174  192.942642   18.942642
673            4     16     173  191.676011   18.676011
674            4     17     172  188.676023   16.676023
675            4     18     171  181.051493   10.051493
676            4     19     170  175.185142    5.185142
677            4     20     169  190.631273   21.631273
678            4     21     168  169.433066    1.433066
679            4     22     167  159.366042   -7.633958
680            4     23     166  178.293279   12.293279
681            4     24     165  175.126321   10.126321
682            4     25     164  177.479491   13.479491
683            4     26     163  171.952396    8.952396
684            4     27     162  174.967548   12.967548
685            4     28     161  166.049351    5.049351
686            4     29     160  169.987148    9.987148
687            4     30     159  162.932923    3.932923
688            4     31     158  176.229044   18.229044
689            4     32     157  175.414223   18.414223
690            4     33     156  163.692305    7.692305
691            4     34     155  165.324134   10.324134
692            4     35     154  161.682039    7.682039
693            4     36     153  161.037447    8.037447
694            4     37     152  165.249459   13.249459
695            4     38     151  164.904448   13.904448
696            4     39     150  147.463890   -2.536110
697            4     40     149  156.372687    7.372687
698            4     41     148  159.986920   11.986920
699            4     42     147  166.453745   19.453745
700            4     43     146  151.632254    5.632254
701            4     44     145  169.144602   24.144602
702            4     45     144  164.756123   20.756123
703            4     46     143  137.674324   -5.325676
704            4     47     142  139.580472   -2.419528
705            4     48     141  156.971360   15.971360
706            4     49     140  147.584426    7.584426
707            4     50     139  149.944237   10.944237
708            4     51     138  153.471503   15.471503
709            4     52     137  148.148303   11.148303
710            4     53     136  150.664010   14.664010
711            4     54     135  141.492535    6.492535
712            4     55     134  143.525430    9.525430
713            4     56     133  149.831814   16.831814
714            4     57     132  150.235623   18.235623
715            4     58     131  140.310950    9.310950
716            4     59     130  153.701809   23.701809
717            4     60     129  155.715304   26.715304
718            4     61     128  142.372429   14.372429
719            4     62     127  147.132594   20.132594
720            4     63     126  141.439274   15.439274
721            4     64     125  138.799235   13.799235
722            4     65     124  157.648377   33.648377
723            4     66     123  136.189738   13.189738
724            4     67     122  138.493739   16.493739
725            4     68     121  144.755701   23.755701
726            4     69     120  138.828338   18.828338
727            4     70     119  137.747978   18.747978
728            4     71     118  137.015221   19.015221
729            4     72     117  132.280430   15.280430
730            4     73     116  134.281096   18.281096
731            4     74     115  125.978600   10.978600
732            4     75     114  131.859482   17.859482
733            4     76     113  130.834214   17.834214
734            4     77     112  122.272628   10.272628
735            4     78     111  124.935538   13.935538
736            4     79     110  129.075543   19.075543
737            4     80     109  125.554717   16.554717
738            4     81     108  123.028008   15.028008
739            4     82     107  127.825424   20.825424
740            4     83     106  133.955489   27.955489
741            4     84     105  122.064121   17.064121
742            4     85     104  126.755916   22.755916
743            4     86     103  118.587975   15.587975
744            4     87     102  126.316647   24.316647
745            4     88     101  117.341234   16.341234
746            4     89     100  124.457012   24.457012
747            4     90      99  121.944087   22.944087
748            4     91      98  121.519557   23.519557
749            4     92      97  114.226538   17.226538
750            4     93      96  116.178045   20.178045
751            4     94      95  122.957213   27.957213
752            4     95      94  118.755173   24.755173
753            4     96      93  127.441196   34.441196
754            4     97      92  107.648622   15.648622
755            4     98      91  113.789356   22.789356
756            4     99      90  113.545639   23.545639
757            4    100      89  119.904557   30.904557
758            4    101      88  112.119715   24.119715
759            4    102      87  106.267946   19.267946
760            4    103      86  119.491080   33.491080
761            4    104      85  123.058761   38.058761
762            4    105      84  115.788958   31.788958
763            4    106      83  107.637850   24.637850
764            4    107      82  111.383425   29.383425
765            4    108      81  112.631122   31.631122
766            4    109      80  111.191952   31.191952
767            4    110      79  115.473255   36.473255
768            4    111      78  112.194555   34.194555
769            4    112      77  108.780970   31.780970
770            4    113      76  103.233082   27.233082
771            4    114      75  105.164828   30.164828
772            4    115      74   99.641188   25.641188
773            4    116      73   99.075567   26.075567
774            4    117      72   96.261083   24.261083
775            4    118      71  105.679013   34.679013
776            4    119      70   90.307260   20.307260
777            4    120      69   92.454254   23.454254
778            4    121      68   90.857056   22.857056
779            4    122      67   85.352156   18.352156
780            4    123      66   91.490738   25.490738
781            4    124      65   87.014518   22.014518
782            4    125      64  100.916303   36.916303
783            4    126      63   89.048043   26.048043
784            4    127      62   85.309106   23.309106
785            4    128      61   73.814562   12.814562
786            4    129      60   88.204196   28.204196
787            4    130      59   90.669209   31.669209
788            4    131      58   81.894944   23.894944
789            4    132      57   73.431790   16.431790
790            4    133      56   78.572014   22.572014
791            4    134      55   74.421988   19.421988
792            4    135      54   64.857648   10.857648
793            4    136      53   66.778724   13.778724
794            4    137      52   63.765552   11.765552
795            4    138      51   69.772850   18.772850
796            4    139      50   65.007598   15.007598
797            4    140      49   61.014681   12.014681
798            4    141      48   62.154797   14.154797
799            4    142      47   57.644402   10.644402
800            4    143      46   57.992524   11.992524
801            4    144      45   53.794547    8.794547
802            4    145      44   57.697171   13.697171
803            4    146      43   51.049982    8.049982
804            4    147      42   46.019296    4.019296
805            4    148      41   53.086424   12.086424
806            4    149      40   42.848374    2.848374
807            4    150      39   43.064424    4.064424
808            4    151      38   42.174521    4.174521
809            4    152      37   41.966692    4.966692
810            4    153      36   39.390635    3.390635
811            4    154      35   36.223224    1.223224
812            4    155      34   32.636814   -1.363186
813            4    156      33   34.605343    1.605343
814            4    157      32   32.488382    0.488382
815            4    158      31   28.512327   -2.487673
816            4    159      30   27.023126   -2.976874
817            4    160      29   30.238679    1.238679
818            4    161      28   29.767348    1.767348
819            4    162      27   22.441529   -4.558471
820            4    163      26   21.622576   -4.377424
821            4    164      25   17.704131   -7.295869
822            4    165      24   14.271044   -9.728956
823            4    166      23   14.079051   -8.920949
824            4    167      22   11.107084  -10.892916
825            4    168      21    6.949927  -14.050073
826            4    169      20    7.950271  -12.049729
827            4    170      19    7.543052  -11.456948
828            4    171      18    5.337799  -12.662201
829            4    172      17    7.301117   -9.698883
830            4    173      16    5.322707  -10.677293
831            4    174      15    4.477873  -10.522127
832            4    175      14    4.175777   -9.824223
833            4    176      13    3.365939   -9.634061
834            4    177      12    0.946126  -11.053874
835            4    178      11    6.291169   -4.708831
836            4    179      10    0.272152   -9.727848
837            4    180       9    5.118978   -3.881022
838            4    181       8   -6.589093  -14.589093
839            4    182       7    0.645201   -6.354799
840            4    183       6   -0.135698   -6.135698
841            4    184       5    0.209382   -4.790618
842            4    185       4    5.610406    1.610406
843            4    186       3   -2.709102   -5.709102
844            4    187       2    2.932256    0.932256
845            4    188       1  -10.681388  -11.681388
846            4    189       0   -1.516402   -1.516402
847            5      1     268  230.239152  -37.760848
848            5      2     267  223.262048  -43.737952
849            5      3     266  210.205290  -55.794710
850            5      4     265  197.992119  -67.007881
851            5      5     264  210.315999  -53.684001
852            5      6     263  205.128410  -57.871590
853            5      7     262  196.064379  -65.935621
854            5      8     261  202.430333  -58.569667
855            5      9     260  201.868741  -58.131259
856            5     10     259  197.656153  -61.343847
857            5     11     258  196.098866  -61.901134
858            5     12     257  197.989206  -59.010794
859            5     13     256  193.430594  -62.569406
860            5     14     255  187.532214  -67.467786
861            5     15     254  199.303889  -54.696111
862            5     16     253  204.963793  -48.036207
863            5     17     252  190.307676  -61.692324
864            5     18     251  203.219097  -47.780903
865            5     19     250  187.562298  -62.437702
866            5     20     249  190.920031  -58.079969
867            5     21     248  187.315693  -60.684307
868            5     22     247  184.890468  -62.109532
869            5     23     246  183.728878  -62.271122
870            5     24     245  175.457509  -69.542491
871            5     25     244  192.178616  -51.821384
872            5     26     243  189.263683  -53.736317
873            5     27     242  182.310486  -59.689514
874            5     28     241  176.022189  -64.977811
875            5     29     240  191.689145  -48.310855
876            5     30     239  187.265055  -51.734945
877            5     31     238  180.316778  -57.683222
878            5     32     237  180.116705  -56.883295
879            5     33     236  168.101692  -67.898308
880            5     34     235  173.254438  -61.745562
881            5     35     234  181.071593  -52.928407
882            5     36     233  173.016312  -59.983688
883            5     37     232  173.310550  -58.689450
884            5     38     231  174.949922  -56.050078
885            5     39     230  180.485078  -49.514922
886            5     40     229  169.528815  -59.471185
887            5     41     228  164.891365  -63.108635
888            5     42     227  159.094872  -67.905128
889            5     43     226  169.156844  -56.843156
890            5     44     225  177.869325  -47.130675
891            5     45     224  174.254809  -49.745191
892            5     46     223  155.152947  -67.847053
893            5     47     222  171.507248  -50.492752
894            5     48     221  168.555206  -52.444794
895            5     49     220  160.970833  -59.029167
896            5     50     219  161.182107  -57.817893
897            5     51     218  165.274673  -52.725327
898            5     52     217  171.824952  -45.175048
899            5     53     216  153.639642  -62.360358
900            5     54     215  161.578384  -53.421616
901            5     55     214  171.526576  -42.473424
902            5     56     213  167.391391  -45.608609
903            5     57     212  169.631191  -42.368809
904            5     58     211  158.749715  -52.250285
905            5     59     210  158.107740  -51.892260
906            5     60     209  165.235936  -43.764064
907            5     61     208  158.908487  -49.091513
908            5     62     207  152.148690  -54.851310
909            5     63     206  152.000769  -53.999231
910            5     64     205  155.686433  -49.313567
911            5     65     204  157.743381  -46.256619
912            5     66     203  150.687705  -52.312295
913            5     67     202  154.576879  -47.423121
914            5     68     201  151.878951  -49.121049
915            5     69     200  153.667419  -46.332581
916            5     70     199  158.153653  -40.846347
917            5     71     198  140.460702  -57.539298
918            5     72     197  148.524692  -48.475308
919            5     73     196  142.282750  -53.717250
920            5     74     195  137.547605  -57.452395
921            5     75     194  146.103732  -47.896268
922            5     76     193  141.109951  -51.890049
923            5     77     192  143.674019  -48.325981
924            5     78     191  133.100231  -57.899769
925            5     79     190  131.768261  -58.231739
926            5     80     189  134.318659  -54.681341
927            5     81     188  131.698853  -56.301147
928            5     82     187  134.379665  -52.620335
929            5     83     186  131.752473  -54.247527
930            5     84     185  131.346296  -53.653704
931            5     85     184  122.183301  -61.816699
932            5     86     183  125.648084  -57.351916
933            5     87     182  128.799539  -53.200461
934            5     88     181  133.136076  -47.863924
935            5     89     180  125.688569  -54.311431
936            5     90     179  130.599007  -48.400993
937            5     91     178  133.731731  -44.268269
938            5     92     177  128.028788  -48.971212
939            5     93     176  129.579822  -46.420178
940            5     94     175  128.841526  -46.158474
941            5     95     174  126.430333  -47.569667
942            5     96     173  130.522443  -42.477557
943            5     97     172  128.371675  -43.628325
944            5     98     171  130.746215  -40.253785
945            5     99     170  127.319087  -42.680913
946            5    100     169  125.018674  -43.981326
947            5    101     168  123.151524  -44.848476
948            5    102     167  124.517027  -42.482973
949            5    103     166  116.269403  -49.730597
950            5    104     165  119.836620  -45.163380
951            5    105     164  124.942627  -39.057373
952            5    106     163  124.268057  -38.731943
953            5    107     162  123.246462  -38.753538
954            5    108     161  120.685908  -40.314092
955            5    109     160  118.527789  -41.472211
956            5    110     159  126.173897  -32.826103
957            5    111     158  114.752024  -43.247976
958            5    112     157  121.010509  -35.989491
959            5    113     156  122.526336  -33.473664
960            5    114     155  124.159401  -30.840599
961            5    115     154  131.705645  -22.294355
962            5    116     153  135.916338  -17.083662
963            5    117     152  118.640708  -33.359292
964            5    118     151  125.620670  -25.379330
965            5    119     150  125.346427  -24.653573
966            5    120     149  113.131821  -35.868179
967            5    121     148  132.104441  -15.895559
968            5    122     147  132.932829  -14.067171
969            5    123     146  122.576362  -23.423638
970            5    124     145  120.553790  -24.446210
971            5    125     144  123.090995  -20.909005
972            5    126     143  117.218325  -25.781675
973            5    127     142  124.592230  -17.407770
974            5    128     141  110.446539  -30.553461
975            5    129     140  120.269773  -19.730227
976            5    130     139  115.192765  -23.807235
977            5    131     138  114.097752  -23.902248
978            5    132     137  115.637161  -21.362839
979            5    133     136  106.210136  -29.789864
980            5    134     135  116.150129  -18.849871
981            5    135     134  117.253212  -16.746788
982            5    136     133  120.577403  -12.422597
983            5    137     132  109.331334  -22.668666
984            5    138     131  124.774131   -6.225869
985            5    139     130  120.057961   -9.942039
986            5    140     129  114.601997  -14.398003
987            5    141     128  113.862649  -14.137351
988            5    142     127  122.061256   -4.938744
989            5    143     126  126.830648    0.830648
990            5    144     125  117.059603   -7.940397
991            5    145     124  117.119663   -6.880337
992            5    146     123  109.177804  -13.822196
993            5    147     122  115.464186   -6.535814
994            5    148     121  122.449381    1.449381
995            5    149     120  116.053527   -3.946473
996            5    150     119  109.104671   -9.895329
997            5    151     118  118.731581    0.731581
998            5    152     117  103.972702  -13.027298
999            5    153     116  110.503569   -5.496431
1000           5    154     115  118.686528    3.686528
1001           5    155     114  106.889397   -7.110603
1002           5    156     113  104.253923   -8.746077
1003           5    157     112  104.463538   -7.536462
1004           5    158     111  101.045098   -9.954902
1005           5    159     110  100.209007   -9.790993
1006           5    160     109   93.463480  -15.536520
1007           5    161     108   99.581735   -8.418265
1008           5    162     107  107.150149    0.150149
1009           5    163     106   94.772336  -11.227664
1010           5    164     105   97.458172   -7.541828
1011           5    165     104   93.259251  -10.740749
1012           5    166     103   96.405239   -6.594761
1013           5    167     102  103.257201    1.257201
1014           5    168     101   93.341913   -7.658087
1015           5    169     100   87.971263  -12.028737
1016           5    170      99   87.443351  -11.556649
1017           5    171      98   87.893359  -10.106641
1018           5    172      97   91.019850   -5.980150
1019           5    173      96   92.487893   -3.512107
1020           5    174      95   93.483920   -1.516080
1021           5    175      94   89.877735   -4.122265
1022           5    176      93   93.371664    0.371664
1023           5    177      92   89.984431   -2.015569
1024           5    178      91   91.235096    0.235096
1025           5    179      90   92.722110    2.722110
1026           5    180      89   89.930422    0.930422
1027           5    181      88   87.986564   -0.013436
1028           5    182      87   83.976315   -3.023685
1029           5    183      86   85.154528   -0.845472
1030           5    184      85   84.339368   -0.660632
1031           5    185      84   79.833315   -4.166685
1032           5    186      83   86.975368    3.975368
1033           5    187      82   83.989770    1.989770
1034           5    188      81   79.533033   -1.466967
1035           5    189      80   79.248541   -0.751459
1036           5    190      79   75.691868   -3.308132
1037           5    191      78   81.829443    3.829443
1038           5    192      77   80.217980    3.217980
1039           5    193      76   70.600878   -5.399122
1040           5    194      75   76.720993    1.720993
1041           5    195      74   72.870241   -1.129759
1042           5    196      73   68.352453   -4.647547
1043           5    197      72   74.054633    2.054633
1044           5    198      71   73.241545    2.241545
1045           5    199      70   71.088561    1.088561
1046           5    200      69   72.109329    3.109329
1047           5    201      68   69.209431    1.209431
1048           5    202      67   67.857004    0.857004
1049           5    203      66   69.723792    3.723792
1050           5    204      65   61.216940   -3.783060
1051           5    205      64   70.373639    6.373639
1052           5    206      63   66.510856    3.510856
1053           5    207      62   65.057928    3.057928
1054           5    208      61   59.940410   -1.059590
1055           5    209      60   62.374088    2.374088
1056           5    210      59   57.181752   -1.818248
1057           5    211      58   54.173515   -3.826485
1058           5    212      57   49.209366   -7.790634
1059           5    213      56   51.123397   -4.876603
1060           5    214      55   51.906069   -3.093931
1061           5    215      54   46.887810   -7.112190
1062           5    216      53   42.548706  -10.451294
1063           5    217      52   42.477528   -9.522472
1064           5    218      51   45.586437   -5.413563
1065           5    219      50   35.598394  -14.401606
1066           5    220      49   38.648488  -10.351512
1067           5    221      48   34.877575  -13.122425
1068           5    222      47   37.088314   -9.911686
1069           5    223      46   37.063354   -8.936646
1070           5    224      45   37.570802   -7.429198
1071           5    225      44   33.908526  -10.091474
1072           5    226      43   38.206768   -4.793232
1073           5    227      42   34.156085   -7.843915
1074           5    228      41   35.160815   -5.839185
1075           5    229      40   35.595138   -4.404862
1076           5    230      39   32.446620   -6.553380
1077           5    231      38   29.345847   -8.654153
1078           5    232      37   29.862931   -7.137069
1079           5    233      36   31.946468   -4.053532
1080           5    234      35   28.026223   -6.973777
1081           5    235      34   30.526989   -3.473011
1082           5    236      33   28.675295   -4.324705
1083           5    237      32   26.247577   -5.752423
1084           5    238      31   24.055033   -6.944967
1085           5    239      30   23.738626   -6.261374
1086           5    240      29   20.292425   -8.707575
1087           5    241      28   19.088747   -8.911253
1088           5    242      27   16.453376  -10.546624
1089           5    243      26   22.144292   -3.855708
1090           5    244      25   13.560168  -11.439832
1091           5    245      24   14.893069   -9.106931
1092           5    246      23   13.915016   -9.084984
1093           5    247      22   13.415263   -8.584737
1094           5    248      21   10.449437  -10.550563
1095           5    249      20    9.752804  -10.247196
1096           5    250      19    6.200182  -12.799818
1097           5    251      18    2.583417  -15.416583
1098           5    252      17    0.829385  -16.170615
1099           5    253      16    5.810782  -10.189218
1100           5    254      15    4.774807  -10.225193
1101           5    255      14   -0.346665  -14.346665
1102           5    256      13   -2.090930  -15.090930
1103           5    257      12    2.315859   -9.684141
1104           5    258      11   -1.952813  -12.952813
1105           5    259      10   10.560278    0.560278
1106           5    260       9   -7.189361  -16.189361
1107           5    261       8   -6.350345  -14.350345
1108           5    262       7   -7.698773  -14.698773
1109           5    263       6    4.146446   -1.853554
1110           5    264       5   11.416080    6.416080
1111           5    265       4   -2.377296   -6.377296
1112           5    266       3   -2.940180   -5.940180
1113           5    267       2    3.579740    1.579740
1114           5    268       1  -10.737587  -11.737587
1115           5    269       0    1.662741    1.662741
1116           6      1     187  188.924005    1.924005
1117           6      2     186  202.216851   16.216851
1118           6      3     185  189.992846    4.992846
1119           6      4     184  201.022119   17.022119
1120           6      5     183  188.466930    5.466930
1121           6      6     182  198.164018   16.164018
1122           6      7     181  188.938750    7.938750
1123           6      8     180  193.691612   13.691612
1124           6      9     179  186.788019    7.788019
1125           6     10     178  183.461658    5.461658
1126           6     11     177  183.686208    6.686208
1127           6     12     176  187.704821   11.704821
1128           6     13     175  182.415991    7.415991
1129           6     14     174  184.108305   10.108305
1130           6     15     173  184.180522   11.180522
1131           6     16     172  167.839355   -4.160645
1132           6     17     171  168.456940   -2.543060
1133           6     18     170  170.952070    0.952070
1134           6     19     169  167.259896   -1.740104
1135           6     20     168  168.503111    0.503111
1136           6     21     167  168.933036    1.933036
1137           6     22     166  168.921379    2.921379
1138           6     23     165  160.053444   -4.946556
1139           6     24     164  157.699738   -6.300262
1140           6     25     163  169.451887    6.451887
1141           6     26     162  162.011233    0.011233
1142           6     27     161  167.982418    6.982418
1143           6     28     160  156.807426   -3.192574
1144           6     29     159  164.603150    5.603150
1145           6     30     158  178.434999   20.434999
1146           6     31     157  166.481686    9.481686
1147           6     32     156  169.109546   13.109546
1148           6     33     155  173.233227   18.233227
1149           6     34     154  151.549881   -2.450119
1150           6     35     153  166.390935   13.390935
1151           6     36     152  152.620377    0.620377
1152           6     37     151  150.697180   -0.302820
1153           6     38     150  150.449543    0.449543
1154           6     39     149  151.423502    2.423502
1155           6     40     148  153.228109    5.228109
1156           6     41     147  142.162471   -4.837529
1157           6     42     146  152.859044    6.859044
1158           6     43     145  141.047517   -3.952483
1159           6     44     144  145.726871    1.726871
1160           6     45     143  140.581455   -2.418545
1161           6     46     142  145.814537    3.814537
1162           6     47     141  147.583455    6.583455
1163           6     48     140  148.162054    8.162054
1164           6     49     139  142.665388    3.665388
1165           6     50     138  134.198308   -3.801692
1166           6     51     137  135.653778   -1.346222
1167           6     52     136  138.677869    2.677869
1168           6     53     135  143.911220    8.911220
1169           6     54     134  140.036523    6.036523
1170           6     55     133  139.702248    6.702248
1171           6     56     132  134.395391    2.395391
1172           6     57     131  137.288917    6.288917
1173           6     58     130  121.336859   -8.663141
1174           6     59     129  122.662546   -6.337454
1175           6     60     128  132.572744    4.572744
1176           6     61     127  115.725493  -11.274507
1177           6     62     126  133.494743    7.494743
1178           6     63     125  140.213366   15.213366
1179           6     64     124  122.960431   -1.039569
1180           6     65     123  122.720311   -0.279689
1181           6     66     122  122.285609    0.285609
1182           6     67     121  125.156951    4.156951
1183           6     68     120  119.018788   -0.981212
1184           6     69     119  126.081568    7.081568
1185           6     70     118  116.125086   -1.874914
1186           6     71     117  122.020090    5.020090
1187           6     72     116  121.494415    5.494415
1188           6     73     115  104.770184  -10.229816
1189           6     74     114  117.830191    3.830191
1190           6     75     113  109.968012   -3.031988
1191           6     76     112  117.377206    5.377206
1192           6     77     111  103.876421   -7.123579
1193           6     78     110  104.704384   -5.295616
1194           6     79     109   93.796209  -15.203791
1195           6     80     108  103.680506   -4.319494
1196           6     81     107  112.697630    5.697630
1197           6     82     106   98.021260   -7.978740
1198           6     83     105   92.614687  -12.385313
1199           6     84     104  105.563822    1.563822
1200           6     85     103   95.456234   -7.543766
1201           6     86     102  100.501157   -1.498843
1202           6     87     101  112.699900   11.699900
1203           6     88     100  114.113054   14.113054
1204           6     89      99   94.739197   -4.260803
1205           6     90      98   95.420235   -2.579765
1206           6     91      97  104.920459    7.920459
1207           6     92      96   91.934109   -4.065891
1208           6     93      95   92.902204   -2.097796
1209           6     94      94   95.549917    1.549917
1210           6     95      93   99.682271    6.682271
1211           6     96      92   89.027037   -2.972963
1212           6     97      91   88.768176   -2.231824
1213           6     98      90   85.770763   -4.229237
1214           6     99      89   87.927295   -1.072705
1215           6    100      88   92.443922    4.443922
1216           6    101      87   86.166574   -0.833426
1217           6    102      86   87.234718    1.234718
1218           6    103      85   91.822427    6.822427
1219           6    104      84   94.981764   10.981764
1220           6    105      83   99.906276   16.906276
1221           6    106      82   95.757412   13.757412
1222           6    107      81   96.549318   15.549318
1223           6    108      80   86.625876    6.625876
1224           6    109      79   98.338517   19.338517
1225           6    110      78   96.141387   18.141387
1226           6    111      77   89.158114   12.158114
1227           6    112      76   93.938373   17.938373
1228           6    113      75   85.638549   10.638549
1229           6    114      74   86.165825   12.165825
1230           6    115      73   88.325042   15.325042
1231           6    116      72   82.944971   10.944971
1232           6    117      71   84.598595   13.598595
1233           6    118      70   78.393703    8.393703
1234           6    119      69   81.133709   12.133709
1235           6    120      68   76.268081    8.268081
1236           6    121      67   76.403594    9.403594
1237           6    122      66   86.945571   20.945571
1238           6    123      65   73.833710    8.833710
1239           6    124      64   72.485600    8.485600
1240           6    125      63   77.210131   14.210131
1241           6    126      62   65.047528    3.047528
1242           6    127      61   66.210226    5.210226
1243           6    128      60   77.362589   17.362589
1244           6    129      59   73.098970   14.098970
1245           6    130      58   66.963284    8.963284
1246           6    131      57   60.719175    3.719175
1247           6    132      56   70.845250   14.845250
1248           6    133      55   64.344207    9.344207
1249           6    134      54   59.417319    5.417319
1250           6    135      53   63.276405   10.276405
1251           6    136      52   60.093155    8.093155
1252           6    137      51   62.878747   11.878747
1253           6    138      50   62.784575   12.784575
1254           6    139      49   54.156024    5.156024
1255           6    140      48   54.835737    6.835737
1256           6    141      47   60.419910   13.419910
1257           6    142      46   58.254240   12.254240
1258           6    143      45   52.077516    7.077516
1259           6    144      44   54.052525   10.052525
1260           6    145      43   53.607332   10.607332
1261           6    146      42   50.543198    8.543198
1262           6    147      41   48.830450    7.830450
1263           6    148      40   51.279819   11.279819
1264           6    149      39   47.367174    8.367174
1265           6    150      38   45.975122    7.975122
1266           6    151      37   42.303928    5.303928
1267           6    152      36   38.261017    2.261017
1268           6    153      35   39.145702    4.145702
1269           6    154      34   39.275778    5.275778
1270           6    155      33   35.431290    2.431290
1271           6    156      32   37.048090    5.048090
1272           6    157      31   39.319938    8.319938
1273           6    158      30   36.697317    6.697317
1274           6    159      29   37.571455    8.571455
1275           6    160      28   33.880512    5.880512
1276           6    161      27   31.065903    4.065903
1277           6    162      26   32.021321    6.021321
1278           6    163      25   28.454228    3.454228
1279           6    164      24   29.791579    5.791579
1280           6    165      23   32.226136    9.226136
1281           6    166      22   29.154491    7.154491
1282           6    167      21   27.216710    6.216710
1283           6    168      20   25.015141    5.015141
1284           6    169      19   20.224884    1.224884
1285           6    170      18   21.574734    3.574734
1286           6    171      17   20.078938    3.078938
1287           6    172      16   21.641866    5.641866
1288           6    173      15   14.029423   -0.970577
1289           6    174      14   12.426212   -1.573788
1290           6    175      13   16.311423    3.311423
1291           6    176      12   19.533958    7.533958
1292           6    177      11   22.127349   11.127349
1293           6    178      10   17.350613    7.350613
1294           6    179       9   19.910152   10.910152
1295           6    180       8   12.169366    4.169366
1296           6    181       7   14.578316    7.578316
1297           6    182       6   22.675245   16.675245
1298           6    183       5   14.623295    9.623295
1299           6    184       4   12.780900    8.780900
1300           6    185       3   10.740704    7.740704
1301           6    186       2   21.777100   19.777100
1302           6    187       1    6.322901    5.322901
1303           6    188       0   23.411945   23.411945
1304           7      1     258  215.593444  -42.406556
1305           7      2     257  210.322376  -46.677624
1306           7      3     256  208.676815  -47.323185
1307           7      4     255  206.298526  -48.701474
1308           7      5     254  193.928575  -60.071425
1309           7      6     253  188.808798  -64.191202
1310           7      7     252  188.921660  -63.078340
1311           7      8     251  188.910027  -62.089973
1312           7      9     250  181.202783  -68.797217
1313           7     10     249  187.629041  -61.370959
1314           7     11     248  177.373031  -70.626969
1315           7     12     247  177.450154  -69.549846
1316           7     13     246  193.944279  -52.055721
1317           7     14     245  191.015859  -53.984141
1318           7     15     244  182.811407  -61.188593
1319           7     16     243  180.730303  -62.269697
1320           7     17     242  176.312398  -65.687602
1321           7     18     241  180.695480  -60.304520
1322           7     19     240  183.056405  -56.943595
1323           7     20     239  186.191748  -52.808252
1324           7     21     238  175.379352  -62.620648
1325           7     22     237  196.754141  -40.245859
1326           7     23     236  195.832801  -40.167199
1327           7     24     235  184.151377  -50.848623
1328           7     25     234  185.096928  -48.903072
1329           7     26     233  191.625667  -41.374333
1330           7     27     232  176.541243  -55.458757
1331           7     28     231  172.654363  -58.345637
1332           7     29     230  183.474541  -46.525459
1333           7     30     229  184.645305  -44.354695
1334           7     31     228  183.092296  -44.907704
1335           7     32     227  181.141693  -45.858307
1336           7     33     226  179.700657  -46.299343
1337           7     34     225  172.735978  -52.264022
1338           7     35     224  163.762658  -60.237342
1339           7     36     223  172.862435  -50.137565
1340           7     37     222  171.407627  -50.592373
1341           7     38     221  174.145585  -46.854415
1342           7     39     220  156.154966  -63.845034
1343           7     40     219  165.893792  -53.106208
1344           7     41     218  169.850322  -48.149678
1345           7     42     217  158.471282  -58.528718
1346           7     43     216  161.350037  -54.649963
1347           7     44     215  160.434425  -54.565575
1348           7     45     214  160.984589  -53.015411
1349           7     46     213  160.218813  -52.781187
1350           7     47     212  161.158731  -50.841269
1351           7     48     211  164.562172  -46.437828
1352           7     49     210  159.978319  -50.021681
1353           7     50     209  147.588160  -61.411840
1354           7     51     208  145.859918  -62.140082
1355           7     52     207  162.143540  -44.856460
1356           7     53     206  147.032634  -58.967366
1357           7     54     205  142.069283  -62.930717
1358           7     55     204  153.290179  -50.709821
1359           7     56     203  150.120597  -52.879403
1360           7     57     202  143.695642  -58.304358
1361           7     58     201  150.852354  -50.147646
1362           7     59     200  138.332042  -61.667958
1363           7     60     199  140.320709  -58.679291
1364           7     61     198  144.769309  -53.230691
1365           7     62     197  148.115882  -48.884118
1366           7     63     196  143.127126  -52.872874
1367           7     64     195  145.554962  -49.445038
1368           7     65     194  151.386768  -42.613232
1369           7     66     193  150.161220  -42.838780
1370           7     67     192  138.723986  -53.276014
1371           7     68     191  146.908780  -44.091220
1372           7     69     190  136.757010  -53.242990
1373           7     70     189  143.676099  -45.323901
1374           7     71     188  143.704843  -44.295157
1375           7     72     187  155.652806  -31.347194
1376           7     73     186  146.939192  -39.060808
1377           7     74     185  138.405689  -46.594311
1378           7     75     184  139.568248  -44.431752
1379           7     76     183  138.684012  -44.315988
1380           7     77     182  142.074486  -39.925514
1381           7     78     181  142.303823  -38.696177
1382           7     79     180  140.402004  -39.597996
1383           7     80     179  142.558926  -36.441074
1384           7     81     178  142.075168  -35.924832
1385           7     82     177  146.010255  -30.989745
1386           7     83     176  136.458107  -39.541893
1387           7     84     175  137.615807  -37.384193
1388           7     85     174  143.688871  -30.311129
1389           7     86     173  139.502042  -33.497958
1390           7     87     172  137.069997  -34.930003
1391           7     88     171  124.744528  -46.255472
1392           7     89     170  134.420907  -35.579093
1393           7     90     169  138.229828  -30.770172
1394           7     91     168  133.681410  -34.318590
1395           7     92     167  137.493462  -29.506538
1396           7     93     166  129.629451  -36.370549
1397           7     94     165  135.579816  -29.420184
1398           7     95     164  140.560630  -23.439370
1399           7     96     163  137.658391  -25.341609
1400           7     97     162  141.478073  -20.521927
1401           7     98     161  137.776123  -23.223877
1402           7     99     160  121.687761  -38.312239
1403           7    100     159  134.170411  -24.829589
1404           7    101     158  134.502685  -23.497315
1405           7    102     157  131.314959  -25.685041
1406           7    103     156  132.157365  -23.842635
1407           7    104     155  134.089812  -20.910188
1408           7    105     154  124.372559  -29.627441
1409           7    106     153  127.655093  -25.344907
1410           7    107     152  123.363483  -28.636517
1411           7    108     151  125.391266  -25.608734
1412           7    109     150  130.852361  -19.147639
1413           7    110     149  120.966739  -28.033261
1414           7    111     148  123.181248  -24.818752
1415           7    112     147  123.903165  -23.096835
1416           7    113     146  120.136852  -25.863148
1417           7    114     145  126.150569  -18.849431
1418           7    115     144  111.405667  -32.594333
1419           7    116     143  116.945612  -26.054388
1420           7    117     142  116.361854  -25.638146
1421           7    118     141  111.614835  -29.385165
1422           7    119     140  112.344176  -27.655824
1423           7    120     139  121.154974  -17.845026
1424           7    121     138  117.034584  -20.965416
1425           7    122     137  115.330182  -21.669818
1426           7    123     136  120.964967  -15.035033
1427           7    124     135  106.763284  -28.236716
1428           7    125     134  111.076773  -22.923227
1429           7    126     133  112.056974  -20.943026
1430           7    127     132  117.883790  -14.116210
1431           7    128     131  114.577069  -16.422931
1432           7    129     130  117.250188  -12.749812
1433           7    130     129  120.447303   -8.552697
1434           7    131     128  123.357194   -4.642806
1435           7    132     127  106.948010  -20.051990
1436           7    133     126  112.040563  -13.959437
1437           7    134     125  112.695509  -12.304491
1438           7    135     124  107.880179  -16.119821
1439           7    136     123  111.701706  -11.298294
1440           7    137     122  107.470562  -14.529438
1441           7    138     121   96.316361  -24.683639
1442           7    139     120  107.644060  -12.355940
1443           7    140     119  101.647225  -17.352775
1444           7    141     118  111.410380   -6.589620
1445           7    142     117  103.820527  -13.179473
1446           7    143     116  100.363764  -15.636236
1447           7    144     115  100.310463  -14.689537
1448           7    145     114  106.483191   -7.516809
1449           7    146     113   97.400604  -15.599396
1450           7    147     112   95.613336  -16.386664
1451           7    148     111   97.058814  -13.941186
1452           7    149     110   96.285003  -13.714997
1453           7    150     109   93.857874  -15.142126
1454           7    151     108   92.834946  -15.165054
1455           7    152     107  100.244201   -6.755799
1456           7    153     106   93.332407  -12.667593
1457           7    154     105   97.216191   -7.783809
1458           7    155     104   99.733870   -4.266130
1459           7    156     103   91.230914  -11.769086
1460           7    157     102   90.455683  -11.544317
1461           7    158     101   93.622014   -7.377986
1462           7    159     100   91.082920   -8.917080
1463           7    160      99   93.766150   -5.233850
1464           7    161      98   99.017421    1.017421
1465           7    162      97   87.204148   -9.795852
1466           7    163      96   84.865294  -11.134706
1467           7    164      95   88.201113   -6.798887
1468           7    165      94   95.969567    1.969567
1469           7    166      93   87.200201   -5.799799
1470           7    167      92   87.073693   -4.926307
1471           7    168      91   83.957035   -7.042965
1472           7    169      90   96.788368    6.788368
1473           7    170      89   90.116396    1.116396
1474           7    171      88   89.551322    1.551322
1475           7    172      87   79.103707   -7.896293
1476           7    173      86   75.769331  -10.230669
1477           7    174      85   82.286425   -2.713575
1478           7    175      84   68.007848  -15.992152
1479           7    176      83   73.667918   -9.332082
1480           7    177      82   81.540762   -0.459238
1481           7    178      81   74.565232   -6.434768
1482           7    179      80   70.298601   -9.701399
1483           7    180      79   80.084962    1.084962
1484           7    181      78   70.196511   -7.803489
1485           7    182      77   72.344024   -4.655976
1486           7    183      76   68.990269   -7.009731
1487           7    184      75   69.443259   -5.556741
1488           7    185      74   74.962718    0.962718
1489           7    186      73   69.256457   -3.743543
1490           7    187      72   69.149565   -2.850435
1491           7    188      71   65.824562   -5.175438
1492           7    189      70   64.353061   -5.646939
1493           7    190      69   71.187276    2.187276
1494           7    191      68   55.443697  -12.556303
1495           7    192      67   63.324607   -3.675393
1496           7    193      66   59.325616   -6.674384
1497           7    194      65   63.200585   -1.799415
1498           7    195      64   56.012913   -7.987087
1499           7    196      63   56.101549   -6.898451
1500           7    197      62   58.937885   -3.062115
1501           7    198      61   55.401776   -5.598224
1502           7    199      60   64.312690    4.312690
1503           7    200      59   56.937498   -2.062502
1504           7    201      58   64.798237    6.798237
1505           7    202      57   61.618417    4.618417
1506           7    203      56   59.454220    3.454220
1507           7    204      55   53.961863   -1.038137
1508           7    205      54   61.107754    7.107754
1509           7    206      53   62.790967    9.790967
1510           7    207      52   58.797565    6.797565
1511           7    208      51   62.360068   11.360068
1512           7    209      50   48.799881   -1.200119
1513           7    210      49   54.693680    5.693680
1514           7    211      48   48.705722    0.705722
1515           7    212      47   47.769950    0.769950
1516           7    213      46   37.815503   -8.184497
1517           7    214      45   48.992949    3.992949
1518           7    215      44   42.031033   -1.968967
1519           7    216      43   39.320141   -3.679859
1520           7    217      42   36.959758   -5.040242
1521           7    218      41   34.170843   -6.829157
1522           7    219      40   35.073804   -4.926196
1523           7    220      39   39.488429    0.488429
1524           7    221      38   39.568073    1.568073
1525           7    222      37   36.025461   -0.974539
1526           7    223      36   39.071060    3.071060
1527           7    224      35   30.116259   -4.883741
1528           7    225      34   31.180058   -2.819942
1529           7    226      33   27.632332   -5.367668
1530           7    227      32   29.915109   -2.084891
1531           7    228      31   25.047924   -5.952076
1532           7    229      30   27.212205   -2.787795
1533           7    230      29   22.622232   -6.377768
1534           7    231      28   24.540026   -3.459974
1535           7    232      27   24.347892   -2.652108
1536           7    233      26   20.243775   -5.756225
1537           7    234      25   20.066735   -4.933265
1538           7    235      24   19.971480   -4.028520
1539           7    236      23   21.407752   -1.592248
1540           7    237      22   16.983157   -5.016843
1541           7    238      21   19.062331   -1.937669
1542           7    239      20   17.379214   -2.620786
1543           7    240      19   15.130638   -3.869362
1544           7    241      18   12.155730   -5.844270
1545           7    242      17   13.014217   -3.985783
1546           7    243      16   19.058549    3.058549
1547           7    244      15   13.393956   -1.606044
1548           7    245      14    8.073205   -5.926795
1549           7    246      13    6.786010   -6.213990
1550           7    247      12    6.419870   -5.580130
1551           7    248      11   -1.136515  -12.136515
1552           7    249      10   -6.407742  -16.407742
1553           7    250       9   -4.827308  -13.827308
1554           7    251       8   -2.922859  -10.922859
1555           7    252       7    3.225800   -3.774200
1556           7    253       6   -7.294327  -13.294327
1557           7    254       5   -9.074405  -14.074405
1558           7    255       4   -6.253574  -10.253574
1559           7    256       3  -15.153768  -18.153768
1560           7    257       2    7.484431    5.484431
1561           7    258       1   -4.938467   -5.938467
1562           7    259       0   -9.210194   -9.210194
1563           8      1     149  187.304822   38.304822
1564           8      2     148  157.742484    9.742484
1565           8      3     147  168.081236   21.081236
1566           8      4     146  163.511013   17.511013
1567           8      5     145  176.328737   31.328737
1568           8      6     144  167.168230   23.168230
1569           8      7     143  189.221128   46.221128
1570           8      8     142  171.646681   29.646681
1571           8      9     141  160.661054   19.661054
1572           8     10     140  167.762004   27.762004
1573           8     11     139  164.382141   25.382141
1574           8     12     138  164.124584   26.124584
1575           8     13     137  175.218651   38.218651
1576           8     14     136  160.824053   24.824053
1577           8     15     135  164.240162   29.240162
1578           8     16     134  187.929362   53.929362
1579           8     17     133  170.791425   37.791425
1580           8     18     132  165.363669   33.363669
1581           8     19     131  171.314750   40.314750
1582           8     20     130  164.457834   34.457834
1583           8     21     129  176.298891   47.298891
1584           8     22     128  157.198390   29.198390
1585           8     23     127  157.251223   30.251223
1586           8     24     126  167.156504   41.156504
1587           8     25     125  156.764161   31.764161
1588           8     26     124  169.830159   45.830159
1589           8     27     123  146.775586   23.775586
1590           8     28     122  159.915158   37.915158
1591           8     29     121  155.088685   34.088685
1592           8     30     120  154.360213   34.360213
1593           8     31     119  161.259781   42.259781
1594           8     32     118  145.600146   27.600146
1595           8     33     117  149.350667   32.350667
1596           8     34     116  146.382735   30.382735
1597           8     35     115  142.553110   27.553110
1598           8     36     114  141.447101   27.447101
1599           8     37     113  141.396825   28.396825
1600           8     38     112  142.786726   30.786726
1601           8     39     111  142.980798   31.980798
1602           8     40     110  140.265901   30.265901
1603           8     41     109  128.379304   19.379304
1604           8     42     108  133.554508   25.554508
1605           8     43     107  140.876624   33.876624
1606           8     44     106  141.392763   35.392763
1607           8     45     105  145.586220   40.586220
1608           8     46     104  144.549803   40.549803
1609           8     47     103  128.710626   25.710626
1610           8     48     102  133.579514   31.579514
1611           8     49     101  130.445160   29.445160
1612           8     50     100  121.967263   21.967263
1613           8     51      99  129.252909   30.252909
1614           8     52      98  130.617047   32.617047
1615           8     53      97  136.348348   39.348348
1616           8     54      96  130.074695   34.074695
1617           8     55      95  126.282464   31.282464
1618           8     56      94  134.718870   40.718870
1619           8     57      93  129.722996   36.722996
1620           8     58      92  119.743936   27.743936
1621           8     59      91  131.572420   40.572420
1622           8     60      90  117.655310   27.655310
1623           8     61      89  138.996615   49.996615
1624           8     62      88  118.021152   30.021152
1625           8     63      87  119.826681   32.826681
1626           8     64      86  114.516725   28.516725
1627           8     65      85  124.008992   39.008992
1628           8     66      84  112.773891   28.773891
1629           8     67      83  118.278617   35.278617
1630           8     68      82  125.935355   43.935355
1631           8     69      81  111.046182   30.046182
1632           8     70      80  110.720059   30.720059
1633           8     71      79  116.849864   37.849864
1634           8     72      78  109.472766   31.472766
1635           8     73      77  113.313725   36.313725
1636           8     74      76  109.817723   33.817723
1637           8     75      75  114.908237   39.908237
1638           8     76      74  114.733532   40.733532
1639           8     77      73   99.570045   26.570045
1640           8     78      72  103.180042   31.180042
1641           8     79      71  102.455383   31.455383
1642           8     80      70   96.383826   26.383826
1643           8     81      69   94.083184   25.083184
1644           8     82      68  101.334533   33.334533
1645           8     83      67  100.840938   33.840938
1646           8     84      66   95.112595   29.112595
1647           8     85      65   84.397272   19.397272
1648           8     86      64   85.598907   21.598907
1649           8     87      63   83.941457   20.941457
1650           8     88      62   79.478797   17.478797
1651           8     89      61   93.816635   32.816635
1652           8     90      60   79.792594   19.792594
1653           8     91      59   88.299314   29.299314
1654           8     92      58   87.053923   29.053923
1655           8     93      57   88.075190   31.075190
1656           8     94      56   80.002563   24.002563
1657           8     95      55   79.165938   24.165938
1658           8     96      54   87.169498   33.169498
1659           8     97      53   80.367038   27.367038
1660           8     98      52   86.677677   34.677677
1661           8     99      51   79.836254   28.836254
1662           8    100      50   78.137352   28.137352
1663           8    101      49   77.759500   28.759500
1664           8    102      48   79.973432   31.973432
1665           8    103      47   83.471903   36.471903
1666           8    104      46   74.389829   28.389829
1667           8    105      45   75.297092   30.297092
1668           8    106      44   67.003318   23.003318
1669           8    107      43   72.981091   29.981091
1670           8    108      42   73.666155   31.666155
1671           8    109      41   74.515523   33.515523
1672           8    110      40   67.521292   27.521292
1673           8    111      39   64.312919   25.312919
1674           8    112      38   63.001646   25.001646
1675           8    113      37   60.762025   23.762025
1676           8    114      36   64.261506   28.261506
1677           8    115      35   64.072241   29.072241
1678           8    116      34   58.106569   24.106569
1679           8    117      33   55.939202   22.939202
1680           8    118      32   58.647544   26.647544
1681           8    119      31   59.182043   28.182043
1682           8    120      30   53.502162   23.502162
1683           8    121      29   51.707523   22.707523
1684           8    122      28   50.647467   22.647467
1685           8    123      27   49.630494   22.630494
1686           8    124      26   45.055073   19.055073
1687           8    125      25   41.792650   16.792650
1688           8    126      24   39.049439   15.049439
1689           8    127      23   37.756687   14.756687
1690           8    128      22   32.695495   10.695495
1691           8    129      21   30.666586    9.666586
1692           8    130      20   30.510965   10.510965
1693           8    131      19   27.921298    8.921298
1694           8    132      18   24.867908    6.867908
1695           8    133      17   26.841953    9.841953
1696           8    134      16   25.592153    9.592153
1697           8    135      15   24.075101    9.075101
1698           8    136      14   23.815540    9.815540
1699           8    137      13   24.786380   11.786380
1700           8    138      12   21.916031    9.916031
1701           8    139      11   18.205292    7.205292
1702           8    140      10   16.360842    6.360842
1703           8    141       9   18.778187    9.778187
1704           8    142       8   14.588152    6.588152
1705           8    143       7   19.239500   12.239500
1706           8    144       6   11.346950    5.346950
1707           8    145       5   11.953996    6.953996
1708           8    146       4   16.571771   12.571771
1709           8    147       3   18.283263   15.283263
1710           8    148       2    3.925452    1.925452
1711           8    149       1   19.967161   18.967161
1712           8    150       0   11.154690   11.154690
1713           9      1     200  226.015129   26.015129
1714           9      2     199  205.862574    6.862574
1715           9      3     198  214.120090   16.120090
1716           9      4     197  205.658607    8.658607
1717           9      5     196  212.841485   16.841485
1718           9      6     195  204.064508    9.064508
1719           9      7     194  203.334834    9.334834
1720           9      8     193  204.153212   11.153212
1721           9      9     192  202.820772   10.820772
1722           9     10     191  207.927253   16.927253
1723           9     11     190  200.835813   10.835813
1724           9     12     189  197.898695    8.898695
1725           9     13     188  194.294976    6.294976
1726           9     14     187  203.309273   16.309273
1727           9     15     186  200.934364   14.934364
1728           9     16     185  202.768358   17.768358
1729           9     17     184  208.167273   24.167273
1730           9     18     183  205.481250   22.481250
1731           9     19     182  196.269354   14.269354
1732           9     20     181  199.353223   18.353223
1733           9     21     180  194.896542   14.896542
1734           9     22     179  194.710352   15.710352
1735           9     23     178  195.240201   17.240201
1736           9     24     177  205.624464   28.624464
1737           9     25     176  193.210729   17.210729
1738           9     26     175  190.694071   15.694071
1739           9     27     174  186.969003   12.969003
1740           9     28     173  178.870831    5.870831
1741           9     29     172  190.082114   18.082114
1742           9     30     171  183.134302   12.134302
1743           9     31     170  190.116360   20.116360
1744           9     32     169  180.433729   11.433729
1745           9     33     168  182.121042   14.121042
1746           9     34     167  181.228999   14.228999
1747           9     35     166  180.760961   14.760961
1748           9     36     165  178.444259   13.444259
1749           9     37     164  172.203664    8.203664
1750           9     38     163  174.678355   11.678355
1751           9     39     162  167.062187    5.062187
1752           9     40     161  175.921882   14.921882
1753           9     41     160  174.184564   14.184564
1754           9     42     159  156.269197   -2.730803
1755           9     43     158  170.629222   12.629222
1756           9     44     157  169.651438   12.651438
1757           9     45     156  168.676159   12.676159
1758           9     46     155  173.725812   18.725812
1759           9     47     154  170.448826   16.448826
1760           9     48     153  173.879829   20.879829
1761           9     49     152  169.661025   17.661025
1762           9     50     151  162.248468   11.248468
1763           9     51     150  153.399862    3.399862
1764           9     52     149  159.420595   10.420595
1765           9     53     148  167.838908   19.838908
1766           9     54     147  159.102368   12.102368
1767           9     55     146  166.911265   20.911265
1768           9     56     145  160.273746   15.273746
1769           9     57     144  156.448165   12.448165
1770           9     58     143  151.881351    8.881351
1771           9     59     142  151.810626    9.810626
1772           9     60     141  146.516264    5.516264
1773           9     61     140  153.415269   13.415269
1774           9     62     139  142.143285    3.143285
1775           9     63     138  148.892508   10.892508
1776           9     64     137  150.176317   13.176317
1777           9     65     136  148.024857   12.024857
1778           9     66     135  147.952682   12.952682
1779           9     67     134  139.522821    5.522821
1780           9     68     133  144.032666   11.032666
1781           9     69     132  141.739239    9.739239
1782           9     70     131  138.454806    7.454806
1783           9     71     130  136.898742    6.898742
1784           9     72     129  133.867265    4.867265
1785           9     73     128  136.809887    8.809887
1786           9     74     127  140.170855   13.170855
1787           9     75     126  139.637786   13.637786
1788           9     76     125  132.959242    7.959242
1789           9     77     124  132.853254    8.853254
1790           9     78     123  136.268516   13.268516
1791           9     79     122  138.031887   16.031887
1792           9     80     121  134.894192   13.894192
1793           9     81     120  135.409679   15.409679
1794           9     82     119  130.484617   11.484617
1795           9     83     118  132.066882   14.066882
1796           9     84     117  136.907013   19.907013
1797           9     85     116  133.035693   17.035693
1798           9     86     115  133.989577   18.989577
1799           9     87     114  137.842299   23.842299
1800           9     88     113  126.336144   13.336144
1801           9     89     112  135.977498   23.977498
1802           9     90     111  131.398466   20.398466
1803           9     91     110  127.721396   17.721396
1804           9     92     109  125.591588   16.591588
1805           9     93     108  124.220998   16.220998
1806           9     94     107  123.430656   16.430656
1807           9     95     106  125.496980   19.496980
1808           9     96     105  126.395829   21.395829
1809           9     97     104  122.964808   18.964808
1810           9     98     103  123.958252   20.958252
1811           9     99     102  122.468371   20.468371
1812           9    100     101  114.533607   13.533607
1813           9    101     100  118.831321   18.831321
1814           9    102      99  113.045097   14.045097
1815           9    103      98  115.884913   17.884913
1816           9    104      97  113.795101   16.795101
1817           9    105      96  119.240353   23.240353
1818           9    106      95  111.248609   16.248609
1819           9    107      94  118.677054   24.677054
1820           9    108      93  118.268926   25.268926
1821           9    109      92  111.623964   19.623964
1822           9    110      91  107.310167   16.310167
1823           9    111      90  115.396908   25.396908
1824           9    112      89  108.469093   19.469093
1825           9    113      88  108.903759   20.903759
1826           9    114      87  109.134295   22.134295
1827           9    115      86  108.242950   22.242950
1828           9    116      85  104.152921   19.152921
1829           9    117      84  104.228792   20.228792
1830           9    118      83   96.878266   13.878266
1831           9    119      82  105.334652   23.334652
1832           9    120      81  100.447598   19.447598
1833           9    121      80  101.588275   21.588275
1834           9    122      79   95.189549   16.189549
1835           9    123      78   91.469639   13.469639
1836           9    124      77   87.479017   10.479017
1837           9    125      76   92.352024   16.352024
1838           9    126      75   92.668114   17.668114
1839           9    127      74   99.036066   25.036066
1840           9    128      73   93.304611   20.304611
1841           9    129      72   90.425515   18.425515
1842           9    130      71   87.278883   16.278883
1843           9    131      70   83.853044   13.853044
1844           9    132      69   88.328339   19.328339
1845           9    133      68   91.952020   23.952020
1846           9    134      67   86.677423   19.677423
1847           9    135      66   77.964359   11.964359
1848           9    136      65   80.266478   15.266478
1849           9    137      64   79.519605   15.519605
1850           9    138      63   74.667894   11.667894
1851           9    139      62   73.490339   11.490339
1852           9    140      61   71.916802   10.916802
1853           9    141      60   79.037990   19.037990
1854           9    142      59   69.262646   10.262646
1855           9    143      58   67.795329    9.795329
1856           9    144      57   69.264015   12.264015
1857           9    145      56   70.972013   14.972013
1858           9    146      55   72.993295   17.993295
1859           9    147      54   68.862169   14.862169
1860           9    148      53   61.667262    8.667262
1861           9    149      52   64.287120   12.287120
1862           9    150      51   61.496616   10.496616
1863           9    151      50   60.006266   10.006266
1864           9    152      49   60.915919   11.915919
1865           9    153      48   51.520435    3.520435
1866           9    154      47   51.070152    4.070152
1867           9    155      46   54.315826    8.315826
1868           9    156      45   51.419786    6.419786
1869           9    157      44   50.165259    6.165259
1870           9    158      43   41.436507   -1.563493
1871           9    159      42   39.976052   -2.023948
1872           9    160      41   39.727711   -1.272289
1873           9    161      40   38.971449   -1.028551
1874           9    162      39   42.766604    3.766604
1875           9    163      38   36.393176   -1.606824
1876           9    164      37   30.248619   -6.751381
1877           9    165      36   31.134581   -4.865419
1878           9    166      35   32.737961   -2.262039
1879           9    167      34   31.228008   -2.771992
1880           9    168      33   27.011668   -5.988332
1881           9    169      32   22.030837   -9.969163
1882           9    170      31   22.496700   -8.503300
1883           9    171      30   21.684356   -8.315644
1884           9    172      29   19.321144   -9.678856
1885           9    173      28   12.912025  -15.087975
1886           9    174      27   13.577388  -13.422612
1887           9    175      26    9.073849  -16.926151
1888           9    176      25   11.145660  -13.854340
1889           9    177      24   10.008985  -13.991015
1890           9    178      23    1.485155  -21.514845
1891           9    179      22    2.325451  -19.674549
1892           9    180      21   -0.872580  -21.872580
1893           9    181      20    2.789045  -17.210955
1894           9    182      19    0.198963  -18.801037
1895           9    183      18  -10.841772  -28.841772
1896           9    184      17   -0.697629  -17.697629
1897           9    185      16   -3.094027  -19.094027
1898           9    186      15   -8.332861  -23.332861
1899           9    187      14   -5.324950  -19.324950
1900           9    188      13   -8.382555  -21.382555
1901           9    189      12   -7.304215  -19.304215
1902           9    190      11   -8.106737  -19.106737
1903           9    191      10   -8.891328  -18.891328
1904           9    192       9   -1.770986  -10.770986
1905           9    193       8   -2.320511  -10.320511
1906           9    194       7   -3.154228  -10.154228
1907           9    195       6    6.558239    0.558239
1908           9    196       5  -11.644317  -16.644317
1909           9    197       4  -15.334655  -19.334655
1910           9    198       3    5.333045    2.333045
1911           9    199       2   -1.266915   -3.266915
1912           9    200       1    7.331818    6.331818
1913           9    201       0    7.187963    7.187963
1914          10      1     221  253.980519   32.980519
1915          10      2     220  237.318736   17.318736
1916          10      3     219  240.390954   21.390954
1917          10      4     218  215.819605   -2.180395
1918          10      5     217  221.406223    4.406223
1919          10      6     216  221.268225    5.268225
1920          10      7     215  221.121036    6.121036
1921          10      8     214  218.073317    4.073317
1922          10      9     213  216.943468    3.943468
1923          10     10     212  216.692686    4.692686
1924          10     11     211  212.473942    1.473942
1925          10     12     210  218.831890    8.831890
1926          10     13     209  214.052030    5.052030
1927          10     14     208  206.364756   -1.635244
1928          10     15     207  211.078755    4.078755
1929          10     16     206  211.570572    5.570572
1930          10     17     205  207.641735    2.641735
1931          10     18     204  199.151055   -4.848945
1932          10     19     203  200.173436   -2.826564
1933          10     20     202  202.379305    0.379305
1934          10     21     201  200.970100   -0.029900
1935          10     22     200  205.033694    5.033694
1936          10     23     199  200.668425    1.668425
1937          10     24     198  194.005674   -3.994326
1938          10     25     197  183.739968  -13.260032
1939          10     26     196  186.658914   -9.341086
1940          10     27     195  185.349778   -9.650222
1941          10     28     194  187.564786   -6.435214
1942          10     29     193  180.937038  -12.062962
1943          10     30     192  183.465013   -8.534987
1944          10     31     191  184.109096   -6.890904
1945          10     32     190  192.959081    2.959081
1946          10     33     189  179.489923   -9.510077
1947          10     34     188  186.217075   -1.782925
1948          10     35     187  184.690774   -2.309226
1949          10     36     186  183.359218   -2.640782
1950          10     37     185  188.389674    3.389674
1951          10     38     184  179.165704   -4.834296
1952          10     39     183  199.481973   16.481973
1953          10     40     182  186.392166    4.392166
1954          10     41     181  180.482665   -0.517335
1955          10     42     180  189.260570    9.260570
1956          10     43     179  185.888969    6.888969
1957          10     44     178  194.863325   16.863325
1958          10     45     177  193.132137   16.132137
1959          10     46     176  184.784745    8.784745
1960          10     47     175  182.826387    7.826387
1961          10     48     174  185.950471   11.950471
1962          10     49     173  185.894194   12.894194
1963          10     50     172  178.221208    6.221208
1964          10     51     171  186.594641   15.594641
1965          10     52     170  176.700444    6.700444
1966          10     53     169  171.333097    2.333097
1967          10     54     168  174.251280    6.251280
1968          10     55     167  173.220407    6.220407
1969          10     56     166  181.227661   15.227661
1970          10     57     165  171.795484    6.795484
1971          10     58     164  174.581621   10.581621
1972          10     59     163  167.188098    4.188098
1973          10     60     162  167.573306    5.573306
1974          10     61     161  171.901110   10.901110
1975          10     62     160  167.435958    7.435958
1976          10     63     159  163.955603    4.955603
1977          10     64     158  177.149109   19.149109
1978          10     65     157  173.435014   16.435014
1979          10     66     156  167.705288   11.705288
1980          10     67     155  167.584615   12.584615
1981          10     68     154  167.225201   13.225201
1982          10     69     153  161.784168    8.784168
1983          10     70     152  167.832155   15.832155
1984          10     71     151  159.833120    8.833120
1985          10     72     150  162.341675   12.341675
1986          10     73     149  161.418780   12.418780
1987          10     74     148  157.596182    9.596182
1988          10     75     147  158.565563   11.565563
1989          10     76     146  154.750033    8.750033
1990          10     77     145  154.755066    9.755066
1991          10     78     144  153.028069    9.028069
1992          10     79     143  156.151282   13.151282
1993          10     80     142  152.141112   10.141112
1994          10     81     141  163.567293   22.567293
1995          10     82     140  149.203468    9.203468
1996          10     83     139  136.180823   -2.819177
1997          10     84     138  154.805197   16.805197
1998          10     85     137  137.417017    0.417017
1999          10     86     136  149.157351   13.157351
2000          10     87     135  138.209033    3.209033
2001          10     88     134  134.842565    0.842565
2002          10     89     133  143.072868   10.072868
2003          10     90     132  141.742965    9.742965
2004          10     91     131  138.662199    7.662199
2005          10     92     130  144.637492   14.637492
2006          10     93     129  139.197408   10.197408
2007          10     94     128  143.844682   15.844682
2008          10     95     127  139.992120   12.992120
2009          10     96     126  131.531938    5.531938
2010          10     97     125  133.398897    8.398897
2011          10     98     124  134.953433   10.953433
2012          10     99     123  148.755411   25.755411
2013          10    100     122  142.291849   20.291849
2014          10    101     121  152.210743   31.210743
2015          10    102     120  143.913832   23.913832
2016          10    103     119  129.339263   10.339263
2017          10    104     118  129.681020   11.681020
2018          10    105     117  136.780219   19.780219
2019          10    106     116  136.173984   20.173984
2020          10    107     115  129.358718   14.358718
2021          10    108     114  135.772964   21.772964
2022          10    109     113  132.419156   19.419156
2023          10    110     112  120.059275    8.059275
2024          10    111     111  126.105272   15.105272
2025          10    112     110  115.781787    5.781787
2026          10    113     109  130.511787   21.511787
2027          10    114     108  123.229284   15.229284
2028          10    115     107  118.240521   11.240521
2029          10    116     106  123.995120   17.995120
2030          10    117     105  118.937771   13.937771
2031          10    118     104  115.888282   11.888282
2032          10    119     103  118.265585   15.265585
2033          10    120     102  114.303004   12.303004
2034          10    121     101  122.856245   21.856245
2035          10    122     100  108.769330    8.769330
2036          10    123      99  120.375489   21.375489
2037          10    124      98  115.370748   17.370748
2038          10    125      97  117.456727   20.456727
2039          10    126      96  112.855684   16.855684
2040          10    127      95  113.714584   18.714584
2041          10    128      94  113.382954   19.382954
2042          10    129      93   98.342346    5.342346
2043          10    130      92   99.573166    7.573166
2044          10    131      91  109.015601   18.015601
2045          10    132      90  110.513390   20.513390
2046          10    133      89  100.024507   11.024507
2047          10    134      88  103.871071   15.871071
2048          10    135      87  101.829421   14.829421
2049          10    136      86   95.277856    9.277856
2050          10    137      85   95.452414   10.452414
2051          10    138      84  103.342388   19.342388
2052          10    139      83  102.085204   19.085204
2053          10    140      82  105.295405   23.295405
2054          10    141      81   94.957916   13.957916
2055          10    142      80   98.145432   18.145432
2056          10    143      79   98.792991   19.792991
2057          10    144      78  100.175489   22.175489
2058          10    145      77   95.752575   18.752575
2059          10    146      76  101.777394   25.777394
2060          10    147      75   97.498484   22.498484
2061          10    148      74   90.719985   16.719985
2062          10    149      73   85.964723   12.964723
2063          10    150      72   96.931483   24.931483
2064          10    151      71   87.276506   16.276506
2065          10    152      70   84.502966   14.502966
2066          10    153      69   83.314880   14.314880
2067          10    154      68   91.527813   23.527813
2068          10    155      67   76.491889    9.491889
2069          10    156      66   77.091224   11.091224
2070          10    157      65   77.392875   12.392875
2071          10    158      64   64.518606    0.518606
2072          10    159      63   74.270874   11.270874
2073          10    160      62   69.789141    7.789141
2074          10    161      61   73.849028   12.849028
2075          10    162      60   70.541695   10.541695
2076          10    163      59   63.887233    4.887233
2077          10    164      58   53.054628   -4.945372
2078          10    165      57   62.677623    5.677623
2079          10    166      56   58.691530    2.691530
2080          10    167      55   53.106264   -1.893736
2081          10    168      54   57.894812    3.894812
2082          10    169      53   55.446993    2.446993
2083          10    170      52   58.801195    6.801195
2084          10    171      51   61.154811   10.154811
2085          10    172      50   51.549540    1.549540
2086          10    173      49   48.750670   -0.249330
2087          10    174      48   54.296014    6.296014
2088          10    175      47   42.280511   -4.719489
2089          10    176      46   46.563224    0.563224
2090          10    177      45   43.545836   -1.454164
2091          10    178      44   48.298790    4.298790
2092          10    179      43   46.635138    3.635138
2093          10    180      42   51.841592    9.841592
2094          10    181      41   41.802037    0.802037
2095          10    182      40   35.738669   -4.261331
2096          10    183      39   41.794078    2.794078
2097          10    184      38   31.019047   -6.980953
2098          10    185      37   38.392376    1.392376
2099          10    186      36   38.853931    2.853931
2100          10    187      35   31.642741   -3.357259
2101          10    188      34   29.651742   -4.348258
2102          10    189      33   26.591202   -6.408798
2103          10    190      32   21.536246  -10.463754
2104          10    191      31   23.878069   -7.121931
2105          10    192      30   19.212234  -10.787766
2106          10    193      29   22.953377   -6.046623
2107          10    194      28   15.431729  -12.568271
2108          10    195      27   11.914635  -15.085365
2109          10    196      26    7.839193  -18.160807
2110          10    197      25    8.002369  -16.997631
2111          10    198      24    5.274799  -18.725201
2112          10    199      23    1.183031  -21.816969
2113          10    200      22   -2.772360  -24.772360
2114          10    201      21    2.018689  -18.981311
2115          10    202      20   -1.010092  -21.010092
2116          10    203      19    0.657557  -18.342443
2117          10    204      18   -3.403189  -21.403189
2118          10    205      17   -2.337180  -19.337180
2119          10    206      16   -2.911063  -18.911063
2120          10    207      15   -5.331272  -20.331272
2121          10    208      14   -5.677834  -19.677834
2122          10    209      13   -6.067134  -19.067134
2123          10    210      12   -4.393059  -16.393059
2124          10    211      11   -9.401856  -20.401856
2125          10    212      10  -14.118506  -24.118506
2126          10    213       9   -3.824982  -12.824982
2127          10    214       8  -11.478261  -19.478261
2128          10    215       7  -18.352916  -25.352916
2129          10    216       6  -18.460144  -24.460144
2130          10    217       5  -14.496774  -19.496774
2131          10    218       4  -21.640332  -25.640332
2132          10    219       3  -19.861750  -22.861750
2133          10    220       2  -22.556464  -24.556464
2134          10    221       1  -10.392402  -11.392402
2135          10    222       0  -31.225748  -31.225748
2136          11      1     239  240.542684    1.542684
2137          11      2     238  233.894336   -4.105664
2138          11      3     237  224.423450  -12.576550
2139          11      4     236  227.388898   -8.611102
2140          11      5     235  218.752712  -16.247288
2141          11      6     234  216.626442  -17.373558
2142          11      7     233  216.062898  -16.937102
2143          11      8     232  216.183607  -15.816393
2144          11      9     231  210.221327  -20.778673
2145          11     10     230  214.710624  -15.289376
2146          11     11     229  206.447723  -22.552277
2147          11     12     228  206.000076  -21.999924
2148          11     13     227  204.249394  -22.750606
2149          11     14     226  207.188784  -18.811216
2150          11     15     225  196.551490  -28.448510
2151          11     16     224  199.207857  -24.792143
2152          11     17     223  207.700766  -15.299234
2153          11     18     222  202.457285  -19.542715
2154          11     19     221  203.255087  -17.744913
2155          11     20     220  192.886903  -27.113097
2156          11     21     219  207.836785  -11.163215
2157          11     22     218  192.072967  -25.927033
2158          11     23     217  178.426978  -38.573022
2159          11     24     216  185.061003  -30.938997
2160          11     25     215  192.524365  -22.475635
2161          11     26     214  187.273458  -26.726542
2162          11     27     213  180.822571  -32.177429
2163          11     28     212  195.824704  -16.175296
2164          11     29     211  191.602322  -19.397678
2165          11     30     210  197.602500  -12.397500
2166          11     31     209  176.117061  -32.882939
2167          11     32     208  174.774323  -33.225677
2168          11     33     207  194.788100  -12.211900
2169          11     34     206  188.683558  -17.316442
2170          11     35     205  192.974798  -12.025202
2171          11     36     204  176.882990  -27.117010
2172          11     37     203  194.130948   -8.869052
2173          11     38     202  189.078595  -12.921405
2174          11     39     201  183.507362  -17.492638
2175          11     40     200  178.119113  -21.880887
2176          11     41     199  177.274455  -21.725545
2177          11     42     198  173.539157  -24.460843
2178          11     43     197  183.722719  -13.277281
2179          11     44     196  183.538614  -12.461386
2180          11     45     195  190.927989   -4.072011
2181          11     46     194  177.825007  -16.174993
2182          11     47     193  174.609826  -18.390174
2183          11     48     192  165.704477  -26.295523
2184          11     49     191  179.031359  -11.968641
2185          11     50     190  171.522923  -18.477077
2186          11     51     189  174.200504  -14.799496
2187          11     52     188  181.717941   -6.282059
2188          11     53     187  178.920983   -8.079017
2189          11     54     186  171.604738  -14.395262
2190          11     55     185  168.615921  -16.384079
2191          11     56     184  165.738653  -18.261347
2192          11     57     183  172.035322  -10.964678
2193          11     58     182  168.568130  -13.431870
2194          11     59     181  166.641876  -14.358124
2195          11     60     180  158.834237  -21.165763
2196          11     61     179  171.246265   -7.753735
2197          11     62     178  170.964107   -7.035893
2198          11     63     177  165.418692  -11.581308
2199          11     64     176  162.285225  -13.714775
2200          11     65     175  158.626560  -16.373440
2201          11     66     174  159.717796  -14.282204
2202          11     67     173  155.583580  -17.416420
2203          11     68     172  153.609076  -18.390924
2204          11     69     171  157.976793  -13.023207
2205          11     70     170  149.697725  -20.302275
2206          11     71     169  154.714627  -14.285373
2207          11     72     168  141.047697  -26.952303
2208          11     73     167  152.633873  -14.366127
2209          11     74     166  140.065691  -25.934309
2210          11     75     165  152.346264  -12.653736
2211          11     76     164  136.708517  -27.291483
2212          11     77     163  148.192764  -14.807236
2213          11     78     162  149.134977  -12.865023
2214          11     79     161  145.399434  -15.600566
2215          11     80     160  147.718222  -12.281778
2216          11     81     159  150.439656   -8.560344
2217          11     82     158  154.571648   -3.428352
2218          11     83     157  137.851809  -19.148191
2219          11     84     156  139.454760  -16.545240
2220          11     85     155  139.734221  -15.265779
2221          11     86     154  136.167648  -17.832352
2222          11     87     153  142.694333  -10.305667
2223          11     88     152  132.344750  -19.655250
2224          11     89     151  136.557671  -14.442329
2225          11     90     150  137.320395  -12.679605
2226          11     91     149  130.680338  -18.319662
2227          11     92     148  140.692543   -7.307457
2228          11     93     147  125.420435  -21.579565
2229          11     94     146  137.574007   -8.425993
2230          11     95     145  141.935644   -3.064356
2231          11     96     144  131.772485  -12.227515
2232          11     97     143  140.640719   -2.359281
2233          11     98     142  132.238717   -9.761283
2234          11     99     141  142.834122    1.834122
2235          11    100     140  139.673420   -0.326580
2236          11    101     139  141.228695    2.228695
2237          11    102     138  142.556700    4.556700
2238          11    103     137  127.501110   -9.498890
2239          11    104     136  134.040472   -1.959528
2240          11    105     135  130.096855   -4.903145
2241          11    106     134  139.497211    5.497211
2242          11    107     133  140.409134    7.409134
2243          11    108     132  122.239275   -9.760725
2244          11    109     131  133.733987    2.733987
2245          11    110     130  125.083332   -4.916668
2246          11    111     129  127.546999   -1.453001
2247          11    112     128  137.027081    9.027081
2248          11    113     127  127.382680    0.382680
2249          11    114     126  119.944291   -6.055709
2250          11    115     125  129.550650    4.550650
2251          11    116     124  132.295438    8.295438
2252          11    117     123  117.580095   -5.419905
2253          11    118     122  112.592144   -9.407856
2254          11    119     121  121.135653    0.135653
2255          11    120     120  129.567056    9.567056
2256          11    121     119  116.542254   -2.457746
2257          11    122     118  120.325742    2.325742
2258          11    123     117  117.473786    0.473786
2259          11    124     116  118.033755    2.033755
2260          11    125     115  103.810482  -11.189518
2261          11    126     114  129.249926   15.249926
2262          11    127     113  118.176271    5.176271
2263          11    128     112  106.450272   -5.549728
2264          11    129     111  108.359222   -2.640778
2265          11    130     110  114.490203    4.490203
2266          11    131     109  115.281144    6.281144
2267          11    132     108  121.353251   13.353251
2268          11    133     107  113.861202    6.861202
2269          11    134     106   99.049898   -6.950102
2270          11    135     105  109.620221    4.620221
2271          11    136     104  111.166304    7.166304
2272          11    137     103  101.035693   -1.964307
2273          11    138     102  113.887592   11.887592
2274          11    139     101  104.136627    3.136627
2275          11    140     100  112.792015   12.792015
2276          11    141      99  101.892590    2.892590
2277          11    142      98  117.543204   19.543204
2278          11    143      97  101.078610    4.078610
2279          11    144      96  105.100499    9.100499
2280          11    145      95   92.344673   -2.655327
2281          11    146      94  100.610074    6.610074
2282          11    147      93   88.421016   -4.578984
2283          11    148      92   87.606973   -4.393027
2284          11    149      91   83.858336   -7.141664
2285          11    150      90   99.199901    9.199901
2286          11    151      89   97.815528    8.815528
2287          11    152      88   77.635698  -10.364302
2288          11    153      87   78.321275   -8.678725
2289          11    154      86   82.779570   -3.220430
2290          11    155      85   83.982401   -1.017599
2291          11    156      84   84.162939    0.162939
2292          11    157      83   90.911260    7.911260
2293          11    158      82   78.530405   -3.469595
2294          11    159      81   87.242375    6.242375
2295          11    160      80   81.887045    1.887045
2296          11    161      79   84.409844    5.409844
2297          11    162      78   86.080282    8.080282
2298          11    163      77   92.284891   15.284891
2299          11    164      76   91.025882   15.025882
2300          11    165      75   84.611806    9.611806
2301          11    166      74   84.463501   10.463501
2302          11    167      73   77.746950    4.746950
2303          11    168      72   71.514788   -0.485212
2304          11    169      71   73.793080    2.793080
2305          11    170      70   81.372393   11.372393
2306          11    171      69   77.478448    8.478448
2307          11    172      68   80.912569   12.912569
2308          11    173      67   75.149713    8.149713
2309          11    174      66   76.545481   10.545481
2310          11    175      65   75.034452   10.034452
2311          11    176      64   80.333463   16.333463
2312          11    177      63   73.341221   10.341221
2313          11    178      62   72.617181   10.617181
2314          11    179      61   70.019931    9.019931
2315          11    180      60   70.199705   10.199705
2316          11    181      59   71.317465   12.317465
2317          11    182      58   69.111434   11.111434
2318          11    183      57   64.189356    7.189356
2319          11    184      56   58.828589    2.828589
2320          11    185      55   62.337088    7.337088
2321          11    186      54   58.686603    4.686603
2322          11    187      53   58.682322    5.682322
2323          11    188      52   56.672772    4.672772
2324          11    189      51   53.005148    2.005148
2325          11    190      50   58.929150    8.929150
2326          11    191      49   55.886555    6.886555
2327          11    192      48   57.553117    9.553117
2328          11    193      47   57.556865   10.556865
2329          11    194      46   60.724799   14.724799
2330          11    195      45   49.929921    4.929921
2331          11    196      44   49.249258    5.249258
2332          11    197      43   50.716455    7.716455
2333          11    198      42   48.593077    6.593077
2334          11    199      41   43.306501    2.306501
2335          11    200      40   40.607484    0.607484
2336          11    201      39   41.300202    2.300202
2337          11    202      38   34.993242   -3.006758
2338          11    203      37   35.286892   -1.713108
2339          11    204      36   26.713867   -9.286133
2340          11    205      35   27.718853   -7.281147
2341          11    206      34   22.921923  -11.078077
2342          11    207      33   22.918045  -10.081955
2343          11    208      32   22.285707   -9.714293
2344          11    209      31   21.839395   -9.160605
2345          11    210      30   19.771925  -10.228075
2346          11    211      29   13.416803  -15.583197
2347          11    212      28   15.666789  -12.333211
2348          11    213      27   12.860065  -14.139935
2349          11    214      26   14.219926  -11.780074
2350          11    215      25   12.586748  -12.413252
2351          11    216      24   11.517102  -12.482898
2352          11    217      23    8.728151  -14.271849
2353          11    218      22    8.676134  -13.323866
2354          11    219      21    5.920932  -15.079068
2355          11    220      20    8.980009  -11.019991
2356          11    221      19    5.585216  -13.414784
2357          11    222      18    1.798220  -16.201780
2358          11    223      17   -0.291997  -17.291997
2359          11    224      16   -2.888298  -18.888298
2360          11    225      15    0.271057  -14.728943
2361          11    226      14    0.014899  -13.985101
2362          11    227      13    0.019259  -12.980741
2363          11    228      12   -1.870500  -13.870500
2364          11    229      11   -6.649468  -17.649468
2365          11    230      10   -2.781643  -12.781643
2366          11    231       9   -8.684769  -17.684769
2367          11    232       8   -2.315656  -10.315656
2368          11    233       7  -16.581598  -23.581598
2369          11    234       6  -14.554702  -20.554702
2370          11    235       5  -10.224467  -15.224467
2371          11    236       4   -1.852487   -5.852487
2372          11    237       3  -12.029585  -15.029585
2373          11    238       2    3.232908    1.232908
2374          11    239       1   -3.218893   -4.218893
2375          11    240       0   -3.376503   -3.376503
2376          12      1     169  205.159388   36.159388
2377          12      2     168  188.782115   20.782115
2378          12      3     167  184.940341   17.940341
2379          12      4     166  182.253488   16.253488
2380          12      5     165  178.151032   13.151032
2381          12      6     164  174.343627   10.343627
2382          12      7     163  169.294613    6.294613
2383          12      8     162  178.947294   16.947294
2384          12      9     161  194.555912   33.555912
2385          12     10     160  174.765412   14.765412
2386          12     11     159  172.099876   13.099876
2387          12     12     158  179.650249   21.650249
2388          12     13     157  174.805804   17.805804
2389          12     14     156  174.839817   18.839817
2390          12     15     155  178.162682   23.162682
2391          12     16     154  181.622237   27.622237
2392          12     17     153  178.718100   25.718100
2393          12     18     152  176.784827   24.784827
2394          12     19     151  163.453507   12.453507
2395          12     20     150  170.047577   20.047577
2396          12     21     149  170.892745   21.892745
2397          12     22     148  175.402365   27.402365
2398          12     23     147  178.737317   31.737317
2399          12     24     146  166.485396   20.485396
2400          12     25     145  168.989295   23.989295
2401          12     26     144  161.343788   17.343788
2402          12     27     143  166.277357   23.277357
2403          12     28     142  163.118340   21.118340
2404          12     29     141  153.006835   12.006835
2405          12     30     140  159.224278   19.224278
2406          12     31     139  158.051530   19.051530
2407          12     32     138  140.031126    2.031126
2408          12     33     137  156.631698   19.631698
2409          12     34     136  146.233524   10.233524
2410          12     35     135  148.168903   13.168903
2411          12     36     134  144.613739   10.613739
2412          12     37     133  141.247178    8.247178
2413          12     38     132  143.607815   11.607815
2414          12     39     131  143.438532   12.438532
2415          12     40     130  138.104979    8.104979
2416          12     41     129  142.200040   13.200040
2417          12     42     128  136.859487    8.859487
2418          12     43     127  138.985920   11.985920
2419          12     44     126  145.468050   19.468050
2420          12     45     125  119.968511   -5.031489
2421          12     46     124  139.983075   15.983075
2422          12     47     123  146.165905   23.165905
2423          12     48     122  143.539852   21.539852
2424          12     49     121  143.003823   22.003823
2425          12     50     120  153.108148   33.108148
2426          12     51     119  139.348950   20.348950
2427          12     52     118  144.865290   26.865290
2428          12     53     117  129.169414   12.169414
2429          12     54     116  135.735959   19.735959
2430          12     55     115  124.641219    9.641219
2431          12     56     114  129.013033   15.013033
2432          12     57     113  119.760408    6.760408
2433          12     58     112  136.925238   24.925238
2434          12     59     111  131.290734   20.290734
2435          12     60     110  118.069633    8.069633
2436          12     61     109  114.768361    5.768361
2437          12     62     108  119.272092   11.272092
2438          12     63     107  125.244155   18.244155
2439          12     64     106  126.518258   20.518258
2440          12     65     105  120.157148   15.157148
2441          12     66     104  117.701186   13.701186
2442          12     67     103  115.472998   12.472998
2443          12     68     102  120.606411   18.606411
2444          12     69     101  107.805855    6.805855
2445          12     70     100  124.439395   24.439395
2446          12     71      99  126.917112   27.917112
2447          12     72      98  107.018552    9.018552
2448          12     73      97  120.972392   23.972392
2449          12     74      96  116.391701   20.391701
2450          12     75      95  105.746601   10.746601
2451          12     76      94  108.149570   14.149570
2452          12     77      93  122.293515   29.293515
2453          12     78      92  110.485902   18.485902
2454          12     79      91  111.419169   20.419169
2455          12     80      90  114.385365   24.385365
2456          12     81      89  102.431623   13.431623
2457          12     82      88  112.894135   24.894135
2458          12     83      87  105.118505   18.118505
2459          12     84      86   97.842138   11.842138
2460          12     85      85  107.671545   22.671545
2461          12     86      84  101.572372   17.572372
2462          12     87      83  106.644990   23.644990
2463          12     88      82  105.085015   23.085015
2464          12     89      81  104.968156   23.968156
2465          12     90      80   99.688245   19.688245
2466          12     91      79   96.656300   17.656300
2467          12     92      78   80.522395    2.522395
2468          12     93      77   91.430435   14.430435
2469          12     94      76   95.922881   19.922881
2470          12     95      75   87.169678   12.169678
2471          12     96      74   88.102667   14.102667
2472          12     97      73   89.918644   16.918644
2473          12     98      72   93.037291   21.037291
2474          12     99      71   82.563334   11.563334
2475          12    100      70   89.475404   19.475404
2476          12    101      69   97.220250   28.220250
2477          12    102      68   87.991986   19.991986
2478          12    103      67   86.955150   19.955150
2479          12    104      66   89.823677   23.823677
2480          12    105      65   81.651317   16.651317
2481          12    106      64   92.229323   28.229323
2482          12    107      63   80.656426   17.656426
2483          12    108      62   78.684606   16.684606
2484          12    109      61   77.444932   16.444932
2485          12    110      60   80.387328   20.387328
2486          12    111      59   68.030311    9.030311
2487          12    112      58   68.153043   10.153043
2488          12    113      57   72.232580   15.232580
2489          12    114      56   67.894506   11.894506
2490          12    115      55   65.171337   10.171337
2491          12    116      54   65.159657   11.159657
2492          12    117      53   58.555398    5.555398
2493          12    118      52   60.861927    8.861927
2494          12    119      51   61.332001   10.332001
2495          12    120      50   55.069663    5.069663
2496          12    121      49   66.977869   17.977869
2497          12    122      48   53.119605    5.119605
2498          12    123      47   57.106945   10.106945
2499          12    124      46   59.743588   13.743588
2500          12    125      45   56.068706   11.068706
2501          12    126      44   55.125373   11.125373
2502          12    127      43   49.927204    6.927204
2503          12    128      42   51.231352    9.231352
2504          12    129      41   50.043899    9.043899
2505          12    130      40   46.475206    6.475206
2506          12    131      39   40.242964    1.242964
2507          12    132      38   41.366210    3.366210
2508          12    133      37   42.469860    5.469860
2509          12    134      36   43.850089    7.850089
2510          12    135      35   34.368016   -0.631984
2511          12    136      34   41.640544    7.640544
2512          12    137      33   40.195463    7.195463
2513          12    138      32   41.640106    9.640106
2514          12    139      31   38.842242    7.842242
2515          12    140      30   44.810409   14.810409
2516          12    141      29   43.845094   14.845094
2517          12    142      28   42.443342   14.443342
2518          12    143      27   35.746251    8.746251
2519          12    144      26   33.574506    7.574506
2520          12    145      25   36.520743   11.520743
2521          12    146      24   36.117333   12.117333
2522          12    147      23   32.075309    9.075309
2523          12    148      22   32.504359   10.504359
2524          12    149      21   31.082635   10.082635
2525          12    150      20   27.579993    7.579993
2526          12    151      19   28.736118    9.736118
2527          12    152      18   23.315463    5.315463
2528          12    153      17   27.342889   10.342889
2529          12    154      16   23.326419    7.326419
2530          12    155      15   23.997681    8.997681
2531          12    156      14   16.970173    2.970173
2532          12    157      13   17.998698    4.998698
2533          12    158      12   12.852637    0.852637
2534          12    159      11   14.229404    3.229404
2535          12    160      10   24.005553   14.005553
2536          12    161       9    9.052303    0.052303
2537          12    162       8   21.182608   13.182608
2538          12    163       7   15.485900    8.485900
2539          12    164       6    5.398473   -0.601527
2540          12    165       5    3.705794   -1.294206
2541          12    166       4    4.063423    0.063423
2542          12    167       3   -0.963787   -3.963787
2543          12    168       2    1.420425   -0.579575
2544          12    169       1   -2.159247   -3.159247
2545          12    170       0   -3.763748   -3.763748
2546          13      1     162  228.551022   66.551022
2547          13      2     161  239.786978   78.786978
2548          13      3     160  186.291131   26.291131
2549          13      4     159  186.849874   27.849874
2550          13      5     158  185.809279   27.809279
2551          13      6     157  178.662466   21.662466
2552          13      7     156  176.470713   20.470713
2553          13      8     155  181.863311   26.863311
2554          13      9     154  159.539084    5.539084
2555          13     10     153  174.976786   21.976786
2556          13     11     152  171.654167   19.654167
2557          13     12     151  169.118062   18.118062
2558          13     13     150  163.781800   13.781800
2559          13     14     149  168.563772   19.563772
2560          13     15     148  173.783098   25.783098
2561          13     16     147  168.381227   21.381227
2562          13     17     146  172.620741   26.620741
2563          13     18     145  177.754392   32.754392
2564          13     19     144  165.576953   21.576953
2565          13     20     143  161.256991   18.256991
2566          13     21     142  169.359793   27.359793
2567          13     22     141  163.387083   22.387083
2568          13     23     140  171.502629   31.502629
2569          13     24     139  164.164497   25.164497
2570          13     25     138  173.400632   35.400632
2571          13     26     137  168.111211   31.111211
2572          13     27     136  157.928015   21.928015
2573          13     28     135  153.716183   18.716183
2574          13     29     134  157.051296   23.051296
2575          13     30     133  160.447432   27.447432
2576          13     31     132  162.153282   30.153282
2577          13     32     131  159.568595   28.568595
2578          13     33     130  149.266626   19.266626
2579          13     34     129  161.897807   32.897807
2580          13     35     128  158.978319   30.978319
2581          13     36     127  161.540509   34.540509
2582          13     37     126  155.728836   29.728836
2583          13     38     125  145.796429   20.796429
2584          13     39     124  159.131322   35.131322
2585          13     40     123  152.144504   29.144504
2586          13     41     122  152.893720   30.893720
2587          13     42     121  146.123872   25.123872
2588          13     43     120  144.910106   24.910106
2589          13     44     119  140.004211   21.004211
2590          13     45     118  144.691331   26.691331
2591          13     46     117  137.494959   20.494959
2592          13     47     116  145.698269   29.698269
2593          13     48     115  134.413034   19.413034
2594          13     49     114  119.666895    5.666895
2595          13     50     113  121.277752    8.277752
2596          13     51     112  138.658910   26.658910
2597          13     52     111  125.878743   14.878743
2598          13     53     110  137.576575   27.576575
2599          13     54     109  124.223855   15.223855
2600          13     55     108  127.057328   19.057328
2601          13     56     107  130.186200   23.186200
2602          13     57     106  121.681975   15.681975
2603          13     58     105  122.737708   17.737708
2604          13     59     104  124.818031   20.818031
2605          13     60     103  127.847278   24.847278
2606          13     61     102  122.005792   20.005792
2607          13     62     101  124.832729   23.832729
2608          13     63     100  135.802960   35.802960
2609          13     64      99  123.355970   24.355970
2610          13     65      98  116.518521   18.518521
2611          13     66      97  122.053626   25.053626
2612          13     67      96  121.418986   25.418986
2613          13     68      95  119.342342   24.342342
2614          13     69      94  116.660638   22.660638
2615          13     70      93  122.107138   29.107138
2616          13     71      92  116.552037   24.552037
2617          13     72      91  121.193397   30.193397
2618          13     73      90  114.749694   24.749694
2619          13     74      89  117.753878   28.753878
2620          13     75      88  110.197335   22.197335
2621          13     76      87  113.740670   26.740670
2622          13     77      86  109.957360   23.957360
2623          13     78      85  110.724665   25.724665
2624          13     79      84  111.516740   27.516740
2625          13     80      83  105.334788   22.334788
2626          13     81      82  100.094666   18.094666
2627          13     82      81  102.012542   21.012542
2628          13     83      80  103.273912   23.273912
2629          13     84      79  107.165374   28.165374
2630          13     85      78  104.896041   26.896041
2631          13     86      77  114.842690   37.842690
2632          13     87      76   90.366809   14.366809
2633          13     88      75  101.193831   26.193831
2634          13     89      74  102.256289   28.256289
2635          13     90      73   93.804672   20.804672
2636          13     91      72   98.968755   26.968755
2637          13     92      71   96.501474   25.501474
2638          13     93      70   93.972297   23.972297
2639          13     94      69   93.222669   24.222669
2640          13     95      68   79.506519   11.506519
2641          13     96      67   88.258185   21.258185
2642          13     97      66   86.814022   20.814022
2643          13     98      65   82.786915   17.786915
2644          13     99      64   87.864525   23.864525
2645          13    100      63   82.643039   19.643039
2646          13    101      62   73.399138   11.399138
2647          13    102      61   84.387592   23.387592
2648          13    103      60   74.602088   14.602088
2649          13    104      59   75.736119   16.736119
2650          13    105      58   74.292085   16.292085
2651          13    106      57   67.428124   10.428124
2652          13    107      56   73.294098   17.294098
2653          13    108      55   70.727304   15.727304
2654          13    109      54   62.495388    8.495388
2655          13    110      53   65.604288   12.604288
2656          13    111      52   71.536834   19.536834
2657          13    112      51   60.077522    9.077522
2658          13    113      50   63.962188   13.962188
2659          13    114      49   56.929199    7.929199
2660          13    115      48   58.712140   10.712140
2661          13    116      47   62.566172   15.566172
2662          13    117      46   55.522987    9.522987
2663          13    118      45   59.543856   14.543856
2664          13    119      44   59.499643   15.499643
2665          13    120      43   60.513535   17.513535
2666          13    121      42   57.406126   15.406126
2667          13    122      41   60.153938   19.153938
2668          13    123      40   57.485265   17.485265
2669          13    124      39   53.606454   14.606454
2670          13    125      38   56.482209   18.482209
2671          13    126      37   58.530948   21.530948
2672          13    127      36   60.167629   24.167629
2673          13    128      35   55.596542   20.596542
2674          13    129      34   54.531766   20.531766
2675          13    130      33   51.960544   18.960544
2676          13    131      32   51.164826   19.164826
2677          13    132      31   48.881993   17.881993
2678          13    133      30   50.157324   20.157324
2679          13    134      29   47.821598   18.821598
2680          13    135      28   39.792954   11.792954
2681          13    136      27   36.509883    9.509883
2682          13    137      26   37.303275   11.303275
2683          13    138      25   35.160202   10.160202
2684          13    139      24   31.781198    7.781198
2685          13    140      23   31.414850    8.414850
2686          13    141      22   29.859433    7.859433
2687          13    142      21   28.349451    7.349451
2688          13    143      20   25.302968    5.302968
2689          13    144      19   25.133445    6.133445
2690          13    145      18   20.994184    2.994184
2691          13    146      17   24.571035    7.571035
2692          13    147      16   19.136354    3.136354
2693          13    148      15   11.604318   -3.395682
2694          13    149      14   12.910174   -1.089826
2695          13    150      13    8.664597   -4.335403
2696          13    151      12    8.442087   -3.557913
2697          13    152      11    4.133020   -6.866980
2698          13    153      10    3.647915   -6.352085
2699          13    154       9   -0.993447   -9.993447
2700          13    155       8    1.096372   -6.903628
2701          13    156       7   -1.213045   -8.213045
2702          13    157       6   -1.490201   -7.490201
2703          13    158       5   -3.874572   -8.874572
2704          13    159       4    7.848127    3.848127
2705          13    160       3   -5.470439   -8.470439
2706          13    161       2   -0.145009   -2.145009
2707          13    162       1    0.653504   -0.346496
2708          13    163       0    0.062686    0.062686
2709          14      1     179  187.952552    8.952552
2710          14      2     178  199.792806   21.792806
2711          14      3     177  169.611347   -7.388653
2712          14      4     176  166.971991   -9.028009
2713          14      5     175  174.041826   -0.958174
2714          14      6     174  177.181060    3.181060
2715          14      7     173  179.078864    6.078864
2716          14      8     172  180.067402    8.067402
2717          14      9     171  167.159339   -3.840661
2718          14     10     170  174.300658    4.300658
2719          14     11     169  158.980225  -10.019775
2720          14     12     168  159.397430   -8.602570
2721          14     13     167  152.248411  -14.751589
2722          14     14     166  168.132815    2.132815
2723          14     15     165  167.769518    2.769518
2724          14     16     164  168.561318    4.561318
2725          14     17     163  158.606563   -4.393437
2726          14     18     162  164.308998    2.308998
2727          14     19     161  152.550684   -8.449316
2728          14     20     160  156.360370   -3.639630
2729          14     21     159  167.298323    8.298323
2730          14     22     158  152.223489   -5.776511
2731          14     23     157  144.526908  -12.473092
2732          14     24     156  148.432190   -7.567810
2733          14     25     155  149.852594   -5.147406
2734          14     26     154  157.398894    3.398894
2735          14     27     153  157.049771    4.049771
2736          14     28     152  154.338649    2.338649
2737          14     29     151  161.450812   10.450812
2738          14     30     150  147.004364   -2.995636
2739          14     31     149  151.451231    2.451231
2740          14     32     148  146.225707   -1.774293
2741          14     33     147  147.588548    0.588548
2742          14     34     146  148.126322    2.126322
2743          14     35     145  142.239603   -2.760397
2744          14     36     144  150.511349    6.511349
2745          14     37     143  145.511954    2.511954
2746          14     38     142  139.083919   -2.916081
2747          14     39     141  132.414535   -8.585465
2748          14     40     140  137.550375   -2.449625
2749          14     41     139  132.996071   -6.003929
2750          14     42     138  134.967638   -3.032362
2751          14     43     137  126.746138  -10.253862
2752          14     44     136  130.362639   -5.637361
2753          14     45     135  127.402775   -7.597225
2754          14     46     134  137.646368    3.646368
2755          14     47     133  129.057645   -3.942355
2756          14     48     132  124.123452   -7.876548
2757          14     49     131  115.627040  -15.372960
2758          14     50     130  132.737095    2.737095
2759          14     51     129  123.030066   -5.969934
2760          14     52     128  131.768150    3.768150
2761          14     53     127  126.018847   -0.981153
2762          14     54     126  126.807172    0.807172
2763          14     55     125  132.957504    7.957504
2764          14     56     124  122.673241   -1.326759
2765          14     57     123  113.212226   -9.787774
2766          14     58     122  120.693902   -1.306098
2767          14     59     121  120.008752   -0.991248
2768          14     60     120  115.511936   -4.488064
2769          14     61     119  120.538807    1.538807
2770          14     62     118  125.920740    7.920740
2771          14     63     117  111.908376   -5.091624
2772          14     64     116  113.321208   -2.678792
2773          14     65     115  110.114865   -4.885135
2774          14     66     114  112.150001   -1.849999
2775          14     67     113  109.827562   -3.172438
2776          14     68     112  122.969491   10.969491
2777          14     69     111  117.733696    6.733696
2778          14     70     110  111.547461    1.547461
2779          14     71     109  113.621472    4.621472
2780          14     72     108  111.122448    3.122448
2781          14     73     107  112.562864    5.562864
2782          14     74     106  117.035993   11.035993
2783          14     75     105  114.856658    9.856658
2784          14     76     104  112.326558    8.326558
2785          14     77     103  100.012146   -2.987854
2786          14     78     102  108.017929    6.017929
2787          14     79     101  105.253372    4.253372
2788          14     80     100  106.164967    6.164967
2789          14     81      99  109.382395   10.382395
2790          14     82      98  112.608273   14.608273
2791          14     83      97   99.836213    2.836213
2792          14     84      96  100.229826    4.229826
2793          14     85      95   96.216215    1.216215
2794          14     86      94  104.679921   10.679921
2795          14     87      93   90.020122   -2.979878
2796          14     88      92   99.261883    7.261883
2797          14     89      91  102.482403   11.482403
2798          14     90      90   94.999303    4.999303
2799          14     91      89  100.873290   11.873290
2800          14     92      88   94.498559    6.498559
2801          14     93      87   91.272813    4.272813
2802          14     94      86   96.115701   10.115701
2803          14     95      85   93.572972    8.572972
2804          14     96      84   96.418008   12.418008
2805          14     97      83   92.547412    9.547412
2806          14     98      82   88.867007    6.867007
2807          14     99      81   85.475765    4.475765
2808          14    100      80   88.035055    8.035055
2809          14    101      79   84.946477    5.946477
2810          14    102      78   82.107621    4.107621
2811          14    103      77   90.797122   13.797122
2812          14    104      76   81.551044    5.551044
2813          14    105      75   81.486085    6.486085
2814          14    106      74   78.046080    4.046080
2815          14    107      73   77.611695    4.611695
2816          14    108      72   75.517162    3.517162
2817          14    109      71   81.152786   10.152786
2818          14    110      70   79.408726    9.408726
2819          14    111      69   72.941563    3.941563
2820          14    112      68   71.941200    3.941200
2821          14    113      67   73.890618    6.890618
2822          14    114      66   79.395975   13.395975
2823          14    115      65   75.071132   10.071132
2824          14    116      64   76.199836   12.199836
2825          14    117      63   77.113123   14.113123
2826          14    118      62   80.464199   18.464199
2827          14    119      61   73.002652   12.002652
2828          14    120      60   67.528020    7.528020
2829          14    121      59   63.677567    4.677567
2830          14    122      58   63.290886    5.290886
2831          14    123      57   72.230165   15.230165
2832          14    124      56   71.578870   15.578870
2833          14    125      55   68.926875   13.926875
2834          14    126      54   60.703753    6.703753
2835          14    127      53   64.681577   11.681577
2836          14    128      52   58.326126    6.326126
2837          14    129      51   65.910582   14.910582
2838          14    130      50   57.377056    7.377056
2839          14    131      49   57.132997    8.132997
2840          14    132      48   55.058938    7.058938
2841          14    133      47   57.824188   10.824188
2842          14    134      46   49.544390    3.544390
2843          14    135      45   50.949211    5.949211
2844          14    136      44   50.565874    6.565874
2845          14    137      43   47.354276    4.354276
2846          14    138      42   50.457962    8.457962
2847          14    139      41   47.149306    6.149306
2848          14    140      40   44.540230    4.540230
2849          14    141      39   49.467521   10.467521
2850          14    142      38   42.327744    4.327744
2851          14    143      37   38.858995    1.858995
2852          14    144      36   45.250365    9.250365
2853          14    145      35   41.631332    6.631332
2854          14    146      34   43.102842    9.102842
2855          14    147      33   42.312695    9.312695
2856          14    148      32   41.101934    9.101934
2857          14    149      31   38.904860    7.904860
2858          14    150      30   39.593600    9.593600
2859          14    151      29   37.020487    8.020487
2860          14    152      28   38.173371   10.173371
2861          14    153      27   39.991585   12.991585
2862          14    154      26   35.808479    9.808479
2863          14    155      25   32.615691    7.615691
2864          14    156      24   32.299273    8.299273
2865          14    157      23   30.336070    7.336070
2866          14    158      22   25.479951    3.479951
2867          14    159      21   25.027602    4.027602
2868          14    160      20   22.789876    2.789876
2869          14    161      19   23.060959    4.060959
2870          14    162      18   26.723006    8.723006
2871          14    163      17   21.020717    4.020717
2872          14    164      16   20.753565    4.753565
2873          14    165      15   21.086703    6.086703
2874          14    166      14   21.043668    7.043668
2875          14    167      13   23.012861   10.012861
2876          14    168      12   19.879741    7.879741
2877          14    169      11   13.706582    2.706582
2878          14    170      10   11.494290    1.494290
2879          14    171       9   20.743893   11.743893
2880          14    172       8   14.854992    6.854992
2881          14    173       7   13.683449    6.683449
2882          14    174       6   17.981335   11.981335
2883          14    175       5    9.522425    4.522425
2884          14    176       4    8.387238    4.387238
2885          14    177       3   11.350307    8.350307
2886          14    178       2   14.088406   12.088406
2887          14    179       1   12.647783   11.647783
2888          14    180       0    5.734437    5.734437
2889          15      1     206  242.778201   36.778201
2890          15      2     205  241.075344   36.075344
2891          15      3     204  222.419708   18.419708
2892          15      4     203  223.766090   20.766090
2893          15      5     202  213.249057   11.249057
2894          15      6     201  212.444609   11.444609
2895          15      7     200  203.606963    3.606963
2896          15      8     199  195.579896   -3.420104
2897          15      9     198  215.050556   17.050556
2898          15     10     197  196.642782   -0.357218
2899          15     11     196  206.711467   10.711467
2900          15     12     195  198.741189    3.741189
2901          15     13     194  199.191580    5.191580
2902          15     14     193  191.403048   -1.596952
2903          15     15     192  199.320663    7.320663
2904          15     16     191  193.911972    2.911972
2905          15     17     190  198.608942    8.608942
2906          15     18     189  204.686117   15.686117
2907          15     19     188  190.840234    2.840234
2908          15     20     187  197.270020   10.270020
2909          15     21     186  194.613064    8.613064
2910          15     22     185  193.217551    8.217551
2911          15     23     184  194.153895   10.153895
2912          15     24     183  199.877604   16.877604
2913          15     25     182  196.010119   14.010119
2914          15     26     181  191.082168   10.082168
2915          15     27     180  184.748247    4.748247
2916          15     28     179  193.446909   14.446909
2917          15     29     178  187.736967    9.736967
2918          15     30     177  180.294627    3.294627
2919          15     31     176  175.348424   -0.651576
2920          15     32     175  173.783312   -1.216688
2921          15     33     174  173.625389   -0.374611
2922          15     34     173  174.866673    1.866673
2923          15     35     172  173.876666    1.876666
2924          15     36     171  184.885624   13.885624
2925          15     37     170  172.850121    2.850121
2926          15     38     169  178.506380    9.506380
2927          15     39     168  178.372209   10.372209
2928          15     40     167  167.774090    0.774090
2929          15     41     166  175.363049    9.363049
2930          15     42     165  184.806805   19.806805
2931          15     43     164  168.218288    4.218288
2932          15     44     163  181.080338   18.080338
2933          15     45     162  176.283120   14.283120
2934          15     46     161  174.406982   13.406982
2935          15     47     160  157.545292   -2.454708
2936          15     48     159  168.788112    9.788112
2937          15     49     158  165.727024    7.727024
2938          15     50     157  164.165733    7.165733
2939          15     51     156  159.766806    3.766806
2940          15     52     155  154.673373   -0.326627
2941          15     53     154  168.737721   14.737721
2942          15     54     153  168.481924   15.481924
2943          15     55     152  150.239287   -1.760713
2944          15     56     151  164.430225   13.430225
2945          15     57     150  158.453444    8.453444
2946          15     58     149  159.228577   10.228577
2947          15     59     148  147.169002   -0.830998
2948          15     60     147  153.573985    6.573985
2949          15     61     146  155.255897    9.255897
2950          15     62     145  162.875153   17.875153
2951          15     63     144  149.764496    5.764496
2952          15     64     143  152.500400    9.500400
2953          15     65     142  142.984639    0.984639
2954          15     66     141  146.107957    5.107957
2955          15     67     140  149.279161    9.279161
2956          15     68     139  141.582442    2.582442
2957          15     69     138  147.271229    9.271229
2958          15     70     137  152.049923   15.049923
2959          15     71     136  142.013742    6.013742
2960          15     72     135  144.558354    9.558354
2961          15     73     134  144.690696   10.690696
2962          15     74     133  140.902986    7.902986
2963          15     75     132  144.991445   12.991445
2964          15     76     131  137.323756    6.323756
2965          15     77     130  133.029637    3.029637
2966          15     78     129  152.433491   23.433491
2967          15     79     128  134.887079    6.887079
2968          15     80     127  140.055005   13.055005
2969          15     81     126  142.172183   16.172183
2970          15     82     125  139.716811   14.716811
2971          15     83     124  136.440354   12.440354
2972          15     84     123  142.029821   19.029821
2973          15     85     122  143.710176   21.710176
2974          15     86     121  126.987710    5.987710
2975          15     87     120  135.474994   15.474994
2976          15     88     119  141.425461   22.425461
2977          15     89     118  141.671106   23.671106
2978          15     90     117  128.391782   11.391782
2979          15     91     116  129.374993   13.374993
2980          15     92     115  125.717376   10.717376
2981          15     93     114  130.046014   16.046014
2982          15     94     113  132.790659   19.790659
2983          15     95     112  129.896174   17.896174
2984          15     96     111  135.367079   24.367079
2985          15     97     110  126.718026   16.718026
2986          15     98     109  117.826632    8.826632
2987          15     99     108  126.638677   18.638677
2988          15    100     107  125.561615   18.561615
2989          15    101     106  137.406016   31.406016
2990          15    102     105  118.423330   13.423330
2991          15    103     104  117.642427   13.642427
2992          15    104     103  126.828099   23.828099
2993          15    105     102  133.566504   31.566504
2994          15    106     101  125.011533   24.011533
2995          15    107     100  127.090318   27.090318
2996          15    108      99  130.512673   31.512673
2997          15    109      98  116.795054   18.795054
2998          15    110      97  122.748822   25.748822
2999          15    111      96  111.004992   15.004992
3000          15    112      95  110.170377   15.170377
3001          15    113      94  124.917230   30.917230
3002          15    114      93  115.550950   22.550950
3003          15    115      92  110.389895   18.389895
3004          15    116      91  117.525741   26.525741
3005          15    117      90  110.947871   20.947871
3006          15    118      89  115.783275   26.783275
3007          15    119      88  114.218470   26.218470
3008          15    120      87  115.723826   28.723826
3009          15    121      86  107.635950   21.635950
3010          15    122      85  120.734315   35.734315
3011          15    123      84  103.057641   19.057641
3012          15    124      83   97.972078   14.972078
3013          15    125      82  105.227742   23.227742
3014          15    126      81  104.189899   23.189899
3015          15    127      80  103.199670   23.199670
3016          15    128      79  106.020130   27.020130
3017          15    129      78  101.548547   23.548547
3018          15    130      77  105.162517   28.162517
3019          15    131      76   98.075936   22.075936
3020          15    132      75   98.462225   23.462225
3021          15    133      74   94.969896   20.969896
3022          15    134      73   94.344237   21.344237
3023          15    135      72  107.063334   35.063334
3024          15    136      71   95.549557   24.549557
3025          15    137      70  102.090148   32.090148
3026          15    138      69   91.783428   22.783428
3027          15    139      68   89.700252   21.700252
3028          15    140      67   88.520843   21.520843
3029          15    141      66   93.229738   27.229738
3030          15    142      65   88.954538   23.954538
3031          15    143      64   94.208467   30.208467
3032          15    144      63   86.655468   23.655468
3033          15    145      62   89.716206   27.716206
3034          15    146      61   83.435836   22.435836
3035          15    147      60   78.161308   18.161308
3036          15    148      59   80.089361   21.089361
3037          15    149      58   90.821025   32.821025
3038          15    150      57   66.904898    9.904898
3039          15    151      56   78.019593   22.019593
3040          15    152      55   87.825387   32.825387
3041          15    153      54   75.668756   21.668756
3042          15    154      53   71.189052   18.189052
3043          15    155      52   65.932253   13.932253
3044          15    156      51   75.586296   24.586296
3045          15    157      50   75.840521   25.840521
3046          15    158      49   66.884435   17.884435
3047          15    159      48   48.837450    0.837450
3048          15    160      47   66.304621   19.304621
3049          15    161      46   56.402382   10.402382
3050          15    162      45   58.695200   13.695200
3051          15    163      44   53.619844    9.619844
3052          15    164      43   38.140954   -4.859046
3053          15    165      42   38.096540   -3.903460
3054          15    166      41   37.287543   -3.712457
3055          15    167      40   36.458974   -3.541026
3056          15    168      39   48.218855    9.218855
3057          15    169      38   43.237324    5.237324
3058          15    170      37   38.224395    1.224395
3059          15    171      36   34.036270   -1.963730
3060          15    172      35   34.336023   -0.663977
3061          15    173      34   22.994724  -11.005276
3062          15    174      33   37.103685    4.103685
3063          15    175      32   16.595301  -15.404699
3064          15    176      31   30.827199   -0.172801
3065          15    177      30   26.688671   -3.311329
3066          15    178      29   28.181854   -0.818146
3067          15    179      28   16.378791  -11.621209
3068          15    180      27   13.352359  -13.647641
3069          15    181      26   16.622970   -9.377030
3070          15    182      25   10.668967  -14.331033
3071          15    183      24    7.849026  -16.150974
3072          15    184      23   10.051455  -12.948545
3073          15    185      22    5.443903  -16.556097
3074          15    186      21    4.273986  -16.726014
3075          15    187      20    2.427393  -17.572607
3076          15    188      19    0.427639  -18.572361
3077          15    189      18   -4.871389  -22.871389
3078          15    190      17   -8.284634  -25.284634
3079          15    191      16  -14.172855  -30.172855
3080          15    192      15  -11.633021  -26.633021
3081          15    193      14  -12.423702  -26.423702
3082          15    194      13  -12.959314  -25.959314
3083          15    195      12  -15.488397  -27.488397
3084          15    196      11  -18.495255  -29.495255
3085          15    197      10  -26.077276  -36.077276
3086          15    198       9  -26.495481  -35.495481
3087          15    199       8  -27.688938  -35.688938
3088          15    200       7  -33.432117  -40.432117
3089          15    201       6  -31.249614  -37.249614
3090          15    202       5  -28.691668  -33.691668
3091          15    203       4  -26.362482  -30.362482
3092          15    204       3  -32.883167  -35.883167
3093          15    205       2  -29.725152  -31.725152
3094          15    206       1  -29.788698  -30.788698
3095          15    207       0  -32.267990  -32.267990
3096          16      1     208  187.208896  -20.791104
3097          16      2     207  182.217320  -24.782680
3098          16      3     206  164.981162  -41.018838
3099          16      4     205  167.185113  -37.814887
3100          16      5     204  165.792389  -38.207611
3101          16      6     203  166.664153  -36.335847
3102          16      7     202  156.576370  -45.423630
3103          16      8     201  162.932593  -38.067407
3104          16      9     200  166.642504  -33.357496
3105          16     10     199  162.960835  -36.039165
3106          16     11     198  154.200418  -43.799582
3107          16     12     197  148.605304  -48.394696
3108          16     13     196  164.028407  -31.971593
3109          16     14     195  148.604840  -46.395160
3110          16     15     194  164.987836  -29.012164
3111          16     16     193  154.013423  -38.986577
3112          16     17     192  157.697542  -34.302458
3113          16     18     191  150.605863  -40.394137
3114          16     19     190  143.585792  -46.414208
3115          16     20     189  149.519558  -39.480442
3116          16     21     188  149.262233  -38.737767
3117          16     22     187  147.924908  -39.075092
3118          16     23     186  157.343139  -28.656861
3119          16     24     185  150.022633  -34.977367
3120          16     25     184  155.427879  -28.572121
3121          16     26     183  137.873080  -45.126920
3122          16     27     182  143.590027  -38.409973
3123          16     28     181  138.266954  -42.733046
3124          16     29     180  143.836953  -36.163047
3125          16     30     179  151.873731  -27.126269
3126          16     31     178  140.786426  -37.213574
3127          16     32     177  138.941461  -38.058539
3128          16     33     176  147.832538  -28.167462
3129          16     34     175  142.039484  -32.960516
3130          16     35     174  129.566466  -44.433534
3131          16     36     173  142.808042  -30.191958
3132          16     37     172  140.752958  -31.247042
3133          16     38     171  140.514093  -30.485907
3134          16     39     170  133.503531  -36.496469
3135          16     40     169  120.008804  -48.991196
3136          16     41     168  127.803624  -40.196376
3137          16     42     167  131.603223  -35.396777
3138          16     43     166  117.712148  -48.287852
3139          16     44     165  130.323788  -34.676212
3140          16     45     164  141.794610  -22.205390
3141          16     46     163  124.163815  -38.836185
3142          16     47     162  112.587285  -49.412715
3143          16     48     161  118.709216  -42.290784
3144          16     49     160  117.401301  -42.598699
3145          16     50     159  113.683848  -45.316152
3146          16     51     158  115.281371  -42.718629
3147          16     52     157  122.557175  -34.442825
3148          16     53     156  111.427338  -44.572662
3149          16     54     155  114.502046  -40.497954
3150          16     55     154  102.759144  -51.240856
3151          16     56     153  101.688334  -51.311666
3152          16     57     152  110.693501  -41.306499
3153          16     58     151  113.789080  -37.210920
3154          16     59     150  109.386421  -40.613579
3155          16     60     149  116.912571  -32.087429
3156          16     61     148  110.195133  -37.804867
3157          16     62     147  110.921638  -36.078362
3158          16     63     146  101.894170  -44.105830
3159          16     64     145  105.051153  -39.948847
3160          16     65     144  114.780466  -29.219534
3161          16     66     143  109.866822  -33.133178
3162          16     67     142  113.224173  -28.775827
3163          16     68     141  115.668660  -25.331340
3164          16     69     140  112.411112  -27.588888
3165          16     70     139  107.249354  -31.750646
3166          16     71     138  102.677369  -35.322631
3167          16     72     137  109.766309  -27.233691
3168          16     73     136  103.889403  -32.110597
3169          16     74     135  111.154844  -23.845156
3170          16     75     134  104.183244  -29.816756
3171          16     76     133  111.853681  -21.146319
3172          16     77     132  107.925248  -24.074752
3173          16     78     131   99.070950  -31.929050
3174          16     79     130   96.340209  -33.659791
3175          16     80     129   96.821323  -32.178677
3176          16     81     128  101.281086  -26.718914
3177          16     82     127   98.117895  -28.882105
3178          16     83     126   96.570605  -29.429395
3179          16     84     125  103.896419  -21.103581
3180          16     85     124  107.848257  -16.151743
3181          16     86     123  105.391207  -17.608793
3182          16     87     122   95.637827  -26.362173
3183          16     88     121   89.998205  -31.001795
3184          16     89     120   92.437055  -27.562945
3185          16     90     119   95.975223  -23.024777
3186          16     91     118   85.028711  -32.971289
3187          16     92     117   96.015567  -20.984433
3188          16     93     116   95.755822  -20.244178
3189          16     94     115   91.889645  -23.110355
3190          16     95     114   87.647458  -26.352542
3191          16     96     113   89.744694  -23.255306
3192          16     97     112   78.831445  -33.168555
3193          16     98     111   86.569390  -24.430610
3194          16     99     110   81.974054  -28.025946
3195          16    100     109   81.525023  -27.474977
3196          16    101     108   85.291308  -22.708692
3197          16    102     107   93.299386  -13.700614
3198          16    103     106   86.114719  -19.885281
3199          16    104     105   82.686972  -22.313028
3200          16    105     104   79.323047  -24.676953
3201          16    106     103   80.545482  -22.454518
3202          16    107     102   85.420570  -16.579430
3203          16    108     101   87.773823  -13.226177
3204          16    109     100   78.681816  -21.318184
3205          16    110      99   81.967251  -17.032749
3206          16    111      98   83.426973  -14.573027
3207          16    112      97   78.474421  -18.525579
3208          16    113      96   83.222469  -12.777531
3209          16    114      95   80.865709  -14.134291
3210          16    115      94   85.548831   -8.451169
3211          16    116      93   73.783616  -19.216384
3212          16    117      92   70.070448  -21.929552
3213          16    118      91   75.433183  -15.566817
3214          16    119      90   82.792168   -7.207832
3215          16    120      89   69.199593  -19.800407
3216          16    121      88   65.577814  -22.422186
3217          16    122      87   67.081355  -19.918645
3218          16    123      86   72.207234  -13.792766
3219          16    124      85   68.026272  -16.973728
3220          16    125      84   64.110457  -19.889543
3221          16    126      83   75.520344   -7.479656
3222          16    127      82   74.751305   -7.248695
3223          16    128      81   67.508039  -13.491961
3224          16    129      80   62.782470  -17.217530
3225          16    130      79   66.846402  -12.153598
3226          16    131      78   67.600239  -10.399761
3227          16    132      77   64.216867  -12.783133
3228          16    133      76   58.563333  -17.436667
3229          16    134      75   68.697310   -6.302690
3230          16    135      74   68.971792   -5.028208
3231          16    136      73   63.804250   -9.195750
3232          16    137      72   55.411903  -16.588097
3233          16    138      71   55.107347  -15.892653
3234          16    139      70   59.566477  -10.433523
3235          16    140      69   57.298541  -11.701459
3236          16    141      68   56.576218  -11.423782
3237          16    142      67   56.152513  -10.847487
3238          16    143      66   64.202985   -1.797015
3239          16    144      65   60.854318   -4.145682
3240          16    145      64   60.365057   -3.634943
3241          16    146      63   53.244938   -9.755062
3242          16    147      62   58.024211   -3.975789
3243          16    148      61   60.129283   -0.870717
3244          16    149      60   57.424711   -2.575289
3245          16    150      59   56.541629   -2.458371
3246          16    151      58   53.729405   -4.270595
3247          16    152      57   62.433295    5.433295
3248          16    153      56   67.425033   11.425033
3249          16    154      55   55.148914    0.148914
3250          16    155      54   60.011988    6.011988
3251          16    156      53   57.945404    4.945404
3252          16    157      52   59.586889    7.586889
3253          16    158      51   60.220009    9.220009
3254          16    159      50   59.830622    9.830622
3255          16    160      49   56.162064    7.162064
3256          16    161      48   54.087236    6.087236
3257          16    162      47   59.884896   12.884896
3258          16    163      46   53.452251    7.452251
3259          16    164      45   59.092816   14.092816
3260          16    165      44   58.313914   14.313914
3261          16    166      43   56.408990   13.408990
3262          16    167      42   54.321080   12.321080
3263          16    168      41   52.323628   11.323628
3264          16    169      40   50.073427   10.073427
3265          16    170      39   49.528924   10.528924
3266          16    171      38   47.088115    9.088115
3267          16    172      37   46.998205    9.998205
3268          16    173      36   46.202208   10.202208
3269          16    174      35   48.766339   13.766339
3270          16    175      34   44.398333   10.398333
3271          16    176      33   45.912090   12.912090
3272          16    177      32   45.098599   13.098599
3273          16    178      31   42.484192   11.484192
3274          16    179      30   42.389208   12.389208
3275          16    180      29   42.937456   13.937456
3276          16    181      28   41.847939   13.847939
3277          16    182      27   38.687377   11.687377
3278          16    183      26   41.341586   15.341586
3279          16    184      25   37.990531   12.990531
3280          16    185      24   38.278561   14.278561
3281          16    186      23   35.144731   12.144731
3282          16    187      22   30.902857    8.902857
3283          16    188      21   31.347531   10.347531
3284          16    189      20   29.030774    9.030774
3285          16    190      19   30.922012   11.922012
3286          16    191      18   28.714176   10.714176
3287          16    192      17   28.647157   11.647157
3288          16    193      16   27.293258   11.293258
3289          16    194      15   26.717421   11.717421
3290          16    195      14   23.172510    9.172510
3291          16    196      13   22.918730    9.918730
3292          16    197      12   26.935982   14.935982
3293          16    198      11   33.093080   22.093080
3294          16    199      10   17.852695    7.852695
3295          16    200       9   18.999744    9.999744
3296          16    201       8   13.142361    5.142361
3297          16    202       7   17.105995   10.105995
3298          16    203       6   13.261099    7.261099
3299          16    204       5   19.315660   14.315660
3300          16    205       4   19.643198   15.643198
3301          16    206       3   16.559920   13.559920
3302          16    207       2   35.695578   33.695578
3303          16    208       1   34.282051   33.282051
3304          16    209       0   27.435576   27.435576
3305          17      1     275  233.328244  -41.671756
3306          17      2     274  235.657005  -38.342995
3307          17      3     273  222.546013  -50.453987
3308          17      4     272  208.669126  -63.330874
3309          17      5     271  212.231577  -58.768423
3310          17      6     270  208.688648  -61.311352
3311          17      7     269  215.095145  -53.904855
3312          17      8     268  215.343874  -52.656126
3313          17      9     267  214.239142  -52.760858
3314          17     10     266  211.817552  -54.182448
3315          17     11     265  203.235242  -61.764758
3316          17     12     264  216.259997  -47.740003
3317          17     13     263  200.303539  -62.696461
3318          17     14     262  209.677378  -52.322622
3319          17     15     261  197.858431  -63.141569
3320          17     16     260  211.563100  -48.436900
3321          17     17     259  197.142839  -61.857161
3322          17     18     258  191.323437  -66.676563
3323          17     19     257  202.349320  -54.650680
3324          17     20     256  208.032526  -47.967474
3325          17     21     255  196.134038  -58.865962
3326          17     22     254  193.337906  -60.662094
3327          17     23     253  194.125620  -58.874380
3328          17     24     252  188.778082  -63.221918
3329          17     25     251  183.590605  -67.409395
3330          17     26     250  182.630382  -67.369618
3331          17     27     249  173.603551  -75.396449
3332          17     28     248  184.528728  -63.471272
3333          17     29     247  185.123032  -61.876968
3334          17     30     246  178.210767  -67.789233
3335          17     31     245  182.701591  -62.298409
3336          17     32     244  176.214625  -67.785375
3337          17     33     243  171.446666  -71.553334
3338          17     34     242  176.242327  -65.757673
3339          17     35     241  168.135007  -72.864993
3340          17     36     240  164.181743  -75.818257
3341          17     37     239  172.787324  -66.212676
3342          17     38     238  161.365703  -76.634297
3343          17     39     237  168.245808  -68.754192
3344          17     40     236  172.240159  -63.759841
3345          17     41     235  164.250005  -70.749995
3346          17     42     234  159.862471  -74.137529
3347          17     43     233  169.539128  -63.460872
3348          17     44     232  163.331469  -68.668531
3349          17     45     231  156.033317  -74.966683
3350          17     46     230  163.141437  -66.858563
3351          17     47     229  151.948572  -77.051428
3352          17     48     228  157.518960  -70.481040
3353          17     49     227  161.825597  -65.174403
3354          17     50     226  159.468546  -66.531454
3355          17     51     225  170.596798  -54.403202
3356          17     52     224  161.249148  -62.750852
3357          17     53     223  161.180470  -61.819530
3358          17     54     222  159.413756  -62.586244
3359          17     55     221  148.095845  -72.904155
3360          17     56     220  151.911695  -68.088305
3361          17     57     219  157.360894  -61.639106
3362          17     58     218  144.232280  -73.767720
3363          17     59     217  146.589938  -70.410062
3364          17     60     216  137.524005  -78.475995
3365          17     61     215  149.402811  -65.597189
3366          17     62     214  147.780091  -66.219909
3367          17     63     213  153.829085  -59.170915
3368          17     64     212  141.170716  -70.829284
3369          17     65     211  139.547595  -71.452405
3370          17     66     210  142.798688  -67.201312
3371          17     67     209  145.937909  -63.062091
3372          17     68     208  144.649035  -63.350965
3373          17     69     207  137.543199  -69.456801
3374          17     70     206  137.816854  -68.183146
3375          17     71     205  150.389583  -54.610417
3376          17     72     204  137.269359  -66.730641
3377          17     73     203  136.404208  -66.595792
3378          17     74     202  140.453626  -61.546374
3379          17     75     201  144.553549  -56.446451
3380          17     76     200  145.417862  -54.582138
3381          17     77     199  144.149625  -54.850375
3382          17     78     198  142.445107  -55.554893
3383          17     79     197  140.718317  -56.281683
3384          17     80     196  137.351397  -58.648603
3385          17     81     195  139.818802  -55.181198
3386          17     82     194  145.859796  -48.140204
3387          17     83     193  133.816262  -59.183738
3388          17     84     192  142.420052  -49.579948
3389          17     85     191  140.331958  -50.668042
3390          17     86     190  141.174694  -48.825306
3391          17     87     189  146.056495  -42.943505
3392          17     88     188  144.562256  -43.437744
3393          17     89     187  122.491265  -64.508735
3394          17     90     186  137.306108  -48.693892
3395          17     91     185  130.836420  -54.163580
3396          17     92     184  134.062690  -49.937310
3397          17     93     183  133.868090  -49.131910
3398          17     94     182  128.034880  -53.965120
3399          17     95     181  138.906170  -42.093830
3400          17     96     180  130.796218  -49.203782
3401          17     97     179  137.492384  -41.507616
3402          17     98     178  128.162111  -49.837889
3403          17     99     177  140.129185  -36.870815
3404          17    100     176  130.656126  -45.343874
3405          17    101     175  130.574966  -44.425034
3406          17    102     174  141.306738  -32.693262
3407          17    103     173  135.613744  -37.386256
3408          17    104     172  136.628306  -35.371694
3409          17    105     171  136.104245  -34.895755
3410          17    106     170  127.369006  -42.630994
3411          17    107     169  122.404219  -46.595781
3412          17    108     168  128.248358  -39.751642
3413          17    109     167  130.754905  -36.245095
3414          17    110     166  126.253055  -39.746945
3415          17    111     165  126.419758  -38.580242
3416          17    112     164  122.194143  -41.805857
3417          17    113     163  122.812070  -40.187930
3418          17    114     162  124.280106  -37.719894
3419          17    115     161  119.282397  -41.717603
3420          17    116     160  125.664265  -34.335735
3421          17    117     159  130.622388  -28.377612
3422          17    118     158  118.501789  -39.498211
3423          17    119     157  117.696138  -39.303862
3424          17    120     156  121.987309  -34.012691
3425          17    121     155  114.417361  -40.582639
3426          17    122     154  113.184832  -40.815168
3427          17    123     153  118.029135  -34.970865
3428          17    124     152  113.223887  -38.776113
3429          17    125     151  120.620554  -30.379446
3430          17    126     150  112.831101  -37.168899
3431          17    127     149  108.256751  -40.743249
3432          17    128     148  111.446386  -36.553614
3433          17    129     147  111.035163  -35.964837
3434          17    130     146  110.893437  -35.106563
3435          17    131     145  108.810289  -36.189711
3436          17    132     144  119.035866  -24.964134
3437          17    133     143  115.069922  -27.930078
3438          17    134     142  117.133399  -24.866601
3439          17    135     141  113.512557  -27.487443
3440          17    136     140  115.379902  -24.620098
3441          17    137     139  111.348912  -27.651088
3442          17    138     138  116.260149  -21.739851
3443          17    139     137  110.713746  -26.286254
3444          17    140     136  102.668078  -33.331922
3445          17    141     135  111.424309  -23.575691
3446          17    142     134  106.224149  -27.775851
3447          17    143     133  109.203858  -23.796142
3448          17    144     132  110.302117  -21.697883
3449          17    145     131  108.627303  -22.372697
3450          17    146     130  103.758155  -26.241845
3451          17    147     129  109.745955  -19.254045
3452          17    148     128  101.565410  -26.434590
3453          17    149     127  101.173563  -25.826437
3454          17    150     126  105.977349  -20.022651
3455          17    151     125  109.629448  -15.370552
3456          17    152     124  107.575990  -16.424010
3457          17    153     123  103.155091  -19.844909
3458          17    154     122  103.991535  -18.008465
3459          17    155     121  108.441889  -12.558111
3460          17    156     120  107.915676  -12.084324
3461          17    157     119  101.147362  -17.852638
3462          17    158     118  105.283297  -12.716703
3463          17    159     117  101.300172  -15.699828
3464          17    160     116  106.808543   -9.191457
3465          17    161     115   96.261663  -18.738337
3466          17    162     114  103.146542  -10.853458
3467          17    163     113  103.350860   -9.649140
3468          17    164     112  106.573606   -5.426394
3469          17    165     111  109.371237   -1.628763
3470          17    166     110  100.694839   -9.305161
3471          17    167     109  103.365738   -5.634262
3472          17    168     108  100.845652   -7.154348
3473          17    169     107   97.476517   -9.523483
3474          17    170     106   99.132042   -6.867958
3475          17    171     105  107.757354    2.757354
3476          17    172     104  103.956922   -0.043078
3477          17    173     103  109.176129    6.176129
3478          17    174     102   94.624099   -7.375901
3479          17    175     101   99.223235   -1.776765
3480          17    176     100  103.849836    3.849836
3481          17    177      99   98.897370   -0.102630
3482          17    178      98   95.821524   -2.178476
3483          17    179      97   89.229694   -7.770306
3484          17    180      96   93.506878   -2.493122
3485          17    181      95   91.769310   -3.230690
3486          17    182      94   85.059686   -8.940314
3487          17    183      93   79.727199  -13.272801
3488          17    184      92   82.551324   -9.448676
3489          17    185      91   78.576987  -12.423013
3490          17    186      90   82.356380   -7.643620
3491          17    187      89   73.215683  -15.784317
3492          17    188      88   75.621586  -12.378414
3493          17    189      87   72.360482  -14.639518
3494          17    190      86   73.721068  -12.278932
3495          17    191      85   73.609749  -11.390251
3496          17    192      84   77.383114   -6.616886
3497          17    193      83   71.360671  -11.639329
3498          17    194      82   65.963608  -16.036392
3499          17    195      81   80.789727   -0.210273
3500          17    196      80   72.544855   -7.455145
3501          17    197      79   73.283541   -5.716459
3502          17    198      78   73.116186   -4.883814
3503          17    199      77   78.485070    1.485070
3504          17    200      76   77.789330    1.789330
3505          17    201      75   65.089545   -9.910455
3506          17    202      74   71.340362   -2.659638
3507          17    203      73   63.860163   -9.139837
3508          17    204      72   74.023415    2.023415
3509          17    205      71   72.328304    1.328304
3510          17    206      70   71.939266    1.939266
3511          17    207      69   67.004082   -1.995918
3512          17    208      68   68.674540    0.674540
3513          17    209      67   61.487516   -5.512484
3514          17    210      66   55.750859  -10.249141
3515          17    211      65   63.490339   -1.509661
3516          17    212      64   58.229200   -5.770800
3517          17    213      63   68.559785    5.559785
3518          17    214      62   64.648274    2.648274
3519          17    215      61   64.679534    3.679534
3520          17    216      60   56.625518   -3.374482
3521          17    217      59   55.195341   -3.804659
3522          17    218      58   55.166403   -2.833597
3523          17    219      57   51.337951   -5.662049
3524          17    220      56   50.806506   -5.193494
3525          17    221      55   47.998268   -7.001732
3526          17    222      54   52.113099   -1.886901
3527          17    223      53   51.006600   -1.993400
3528          17    224      52   49.108263   -2.891737
3529          17    225      51   46.703256   -4.296744
3530          17    226      50   48.110774   -1.889226
3531          17    227      49   52.162601    3.162601
3532          17    228      48   49.943905    1.943905
3533          17    229      47   49.607208    2.607208
3534          17    230      46   43.556008   -2.443992
3535          17    231      45   38.339395   -6.660605
3536          17    232      44   36.616551   -7.383449
3537          17    233      43   34.714652   -8.285348
3538          17    234      42   34.230538   -7.769462
3539          17    235      41   35.811310   -5.188690
3540          17    236      40   38.108337   -1.891663
3541          17    237      39   33.578648   -5.421352
3542          17    238      38   32.431818   -5.568182
3543          17    239      37   28.266270   -8.733730
3544          17    240      36   29.275593   -6.724407
3545          17    241      35   26.978267   -8.021733
3546          17    242      34   24.009111   -9.990889
3547          17    243      33   27.362233   -5.637767
3548          17    244      32   21.744472  -10.255528
3549          17    245      31   21.640435   -9.359565
3550          17    246      30   19.458877  -10.541123
3551          17    247      29   18.206549  -10.793451
3552          17    248      28   20.373520   -7.626480
3553          17    249      27   15.574928  -11.425072
3554          17    250      26   20.641660   -5.358340
3555          17    251      25   16.921500   -8.078500
3556          17    252      24   15.458325   -8.541675
3557          17    253      23   16.790316   -6.209684
3558          17    254      22   18.198507   -3.801493
3559          17    255      21   16.571462   -4.428538
3560          17    256      20   14.449133   -5.550867
3561          17    257      19   10.677017   -8.322983
3562          17    258      18   13.670218   -4.329782
3563          17    259      17   13.930222   -3.069778
3564          17    260      16    8.996523   -7.003477
3565          17    261      15   11.225901   -3.774099
3566          17    262      14   15.632518    1.632518
3567          17    263      13   12.447525   -0.552475
3568          17    264      12    4.369958   -7.630042
3569          17    265      11    1.317047   -9.682953
3570          17    266      10    3.859292   -6.140708
3571          17    267       9   -7.673814  -16.673814
3572          17    268       8   16.471968    8.471968
3573          17    269       7    3.710900   -3.289100
3574          17    270       6    3.538356   -2.461644
3575          17    271       5    9.770243    4.770243
3576          17    272       4   16.466026   12.466026
3577          17    273       3   14.973234   11.973234
3578          17    274       2    5.197240    3.197240
3579          17    275       1    8.774693    7.774693
3580          17    276       0   -4.940562   -4.940562
3581          18      1     194  210.112590   16.112590
3582          18      2     193  194.161895    1.161895
3583          18      3     192  198.463121    6.463121
3584          18      4     191  215.587669   24.587669
3585          18      5     190  209.686847   19.686847
3586          18      6     189  206.261489   17.261489
3587          18      7     188  203.951397   15.951397
3588          18      8     187  213.871853   26.871853
3589          18      9     186  207.501896   21.501896
3590          18     10     185  197.650500   12.650500
3591          18     11     184  192.913180    8.913180
3592          18     12     183  192.446482    9.446482
3593          18     13     182  199.974713   17.974713
3594          18     14     181  207.753793   26.753793
3595          18     15     180  201.047029   21.047029
3596          18     16     179  196.002895   17.002895
3597          18     17     178  190.458709   12.458709
3598          18     18     177  186.115874    9.115874
3599          18     19     176  196.760228   20.760228
3600          18     20     175  186.741630   11.741630
3601          18     21     174  193.635469   19.635469
3602          18     22     173  196.439192   23.439192
3603          18     23     172  177.554640    5.554640
3604          18     24     171  191.507782   20.507782
3605          18     25     170  185.603562   15.603562
3606          18     26     169  195.127701   26.127701
3607          18     27     168  176.885131    8.885131
3608          18     28     167  186.428739   19.428739
3609          18     29     166  185.384454   19.384454
3610          18     30     165  189.861027   24.861027
3611          18     31     164  185.400095   21.400095
3612          18     32     163  189.313882   26.313882
3613          18     33     162  183.003484   21.003484
3614          18     34     161  174.395885   13.395885
3615          18     35     160  178.032752   18.032752
3616          18     36     159  171.606268   12.606268
3617          18     37     158  177.132229   19.132229
3618          18     38     157  175.645876   18.645876
3619          18     39     156  162.572611    6.572611
3620          18     40     155  174.724308   19.724308
3621          18     41     154  164.220162   10.220162
3622          18     42     153  172.445929   19.445929
3623          18     43     152  178.781429   26.781429
3624          18     44     151  170.103373   19.103373
3625          18     45     150  166.168756   16.168756
3626          18     46     149  164.706246   15.706246
3627          18     47     148  163.381956   15.381956
3628          18     48     147  160.248949   13.248949
3629          18     49     146  167.527822   21.527822
3630          18     50     145  166.347608   21.347608
3631          18     51     144  171.298141   27.298141
3632          18     52     143  169.442611   26.442611
3633          18     53     142  161.877683   19.877683
3634          18     54     141  163.502006   22.502006
3635          18     55     140  156.164143   16.164143
3636          18     56     139  163.809248   24.809248
3637          18     57     138  158.575729   20.575729
3638          18     58     137  168.695205   31.695205
3639          18     59     136  161.244592   25.244592
3640          18     60     135  155.018446   20.018446
3641          18     61     134  156.437190   22.437190
3642          18     62     133  154.348831   21.348831
3643          18     63     132  153.875212   21.875212
3644          18     64     131  151.358174   20.358174
3645          18     65     130  156.672587   26.672587
3646          18     66     129  157.652307   28.652307
3647          18     67     128  149.224284   21.224284
3648          18     68     127  151.437072   24.437072
3649          18     69     126  160.157313   34.157313
3650          18     70     125  146.908205   21.908205
3651          18     71     124  151.735485   27.735485
3652          18     72     123  157.490222   34.490222
3653          18     73     122  155.578319   33.578319
3654          18     74     121  149.061640   28.061640
3655          18     75     120  146.563009   26.563009
3656          18     76     119  138.303230   19.303230
3657          18     77     118  152.783808   34.783808
3658          18     78     117  148.470772   31.470772
3659          18     79     116  140.711159   24.711159
3660          18     80     115  137.823727   22.823727
3661          18     81     114  147.341297   33.341297
3662          18     82     113  137.011973   24.011973
3663          18     83     112  138.192329   26.192329
3664          18     84     111  140.458754   29.458754
3665          18     85     110  127.383767   17.383767
3666          18     86     109  129.466157   20.466157
3667          18     87     108  131.363409   23.363409
3668          18     88     107  134.677024   27.677024
3669          18     89     106  131.597553   25.597553
3670          18     90     105  126.149554   21.149554
3671          18     91     104  128.449863   24.449863
3672          18     92     103  121.835615   18.835615
3673          18     93     102  125.347831   23.347831
3674          18     94     101  135.708992   34.708992
3675          18     95     100  129.572128   29.572128
3676          18     96      99  129.410381   30.410381
3677          18     97      98  123.861924   25.861924
3678          18     98      97  119.718509   22.718509
3679          18     99      96  124.816025   28.816025
3680          18    100      95  118.098560   23.098560
3681          18    101      94  108.044503   14.044503
3682          18    102      93  123.827057   30.827057
3683          18    103      92  109.514619   17.514619
3684          18    104      91  115.394549   24.394549
3685          18    105      90  111.842539   21.842539
3686          18    106      89  113.737990   24.737990
3687          18    107      88  109.042075   21.042075
3688          18    108      87  107.845668   20.845668
3689          18    109      86  110.846906   24.846906
3690          18    110      85  101.279983   16.279983
3691          18    111      84  106.733313   22.733313
3692          18    112      83  106.902891   23.902891
3693          18    113      82  107.411567   25.411567
3694          18    114      81  100.559889   19.559889
3695          18    115      80  104.779328   24.779328
3696          18    116      79  103.634439   24.634439
3697          18    117      78  105.905872   27.905872
3698          18    118      77   97.013594   20.013594
3699          18    119      76  106.806138   30.806138
3700          18    120      75  115.924146   40.924146
3701          18    121      74   99.100091   25.100091
3702          18    122      73  106.166773   33.166773
3703          18    123      72  109.884810   37.884810
3704          18    124      71  104.379408   33.379408
3705          18    125      70  105.042669   35.042669
3706          18    126      69  103.547139   34.547139
3707          18    127      68   96.181951   28.181951
3708          18    128      67   95.505320   28.505320
3709          18    129      66   94.093261   28.093261
3710          18    130      65   95.679438   30.679438
3711          18    131      64   92.781804   28.781804
3712          18    132      63   88.519839   25.519839
3713          18    133      62   85.589909   23.589909
3714          18    134      61   85.009821   24.009821
3715          18    135      60   77.876882   17.876882
3716          18    136      59   75.465420   16.465420
3717          18    137      58   77.108738   19.108738
3718          18    138      57   79.533931   22.533931
3719          18    139      56   71.362417   15.362417
3720          18    140      55   70.247430   15.247430
3721          18    141      54   75.445317   21.445317
3722          18    142      53   72.325748   19.325748
3723          18    143      52   70.511505   18.511505
3724          18    144      51   71.333099   20.333099
3725          18    145      50   63.996367   13.996367
3726          18    146      49   62.521206   13.521206
3727          18    147      48   58.268244   10.268244
3728          18    148      47   59.484098   12.484098
3729          18    149      46   52.332062    6.332062
3730          18    150      45   53.452979    8.452979
3731          18    151      44   49.527283    5.527283
3732          18    152      43   49.046095    6.046095
3733          18    153      42   51.609605    9.609605
3734          18    154      41   51.943176   10.943176
3735          18    155      40   44.389372    4.389372
3736          18    156      39   44.778106    5.778106
3737          18    157      38   41.753675    3.753675
3738          18    158      37   41.121627    4.121627
3739          18    159      36   39.537704    3.537704
3740          18    160      35   38.220120    3.220120
3741          18    161      34   36.724836    2.724836
3742          18    162      33   33.572631    0.572631
3743          18    163      32   30.649510   -1.350490
3744          18    164      31   28.173699   -2.826301
3745          18    165      30   27.920365   -2.079635
3746          18    166      29   25.072118   -3.927882
3747          18    167      28   17.573966  -10.426034
3748          18    168      27   16.101950  -10.898050
3749          18    169      26   17.183095   -8.816905
3750          18    170      25   12.758251  -12.241749
3751          18    171      24    8.370782  -15.629218
3752          18    172      23   11.624600  -11.375400
3753          18    173      22    6.570823  -15.429177
3754          18    174      21   10.869753  -10.130247
3755          18    175      20    7.050010  -12.949990
3756          18    176      19    4.442245  -14.557755
3757          18    177      18    4.840997  -13.159003
3758          18    178      17    4.967708  -12.032292
3759          18    179      16   -2.696188  -18.696188
3760          18    180      15    1.573801  -13.426199
3761          18    181      14    8.033756   -5.966244
3762          18    182      13    1.231226  -11.768774
3763          18    183      12    2.894638   -9.105362
3764          18    184      11    4.841748   -6.158252
3765          18    185      10   -9.075789  -19.075789
3766          18    186       9    7.907627   -1.092373
3767          18    187       8    3.195152   -4.804848
3768          18    188       7   -8.568013  -15.568013
3769          18    189       6   -2.817776   -8.817776
3770          18    190       5    7.830662    2.830662
3771          18    191       4   -0.948815   -4.948815
3772          18    192       3   11.896213    8.896213
3773          18    193       2   10.167352    8.167352
3774          18    194       1    7.684852    6.684852
3775          18    195       0   10.265445   10.265445
3776          19      1     157  190.829712   33.829712
3777          19      2     156  193.428634   37.428634
3778          19      3     155  169.441351   14.441351
3779          19      4     154  178.361491   24.361491
3780          19      5     153  184.071847   31.071847
3781          19      6     152  179.623471   27.623471
3782          19      7     151  185.267248   34.267248
3783          19      8     150  169.437922   19.437922
3784          19      9     149  167.753099   18.753099
3785          19     10     148  174.604410   26.604410
3786          19     11     147  160.737014   13.737014
3787          19     12     146  149.200633    3.200633
3788          19     13     145  171.579667   26.579667
3789          19     14     144  157.266653   13.266653
3790          19     15     143  157.448092   14.448092
3791          19     16     142  163.675741   21.675741
3792          19     17     141  157.475086   16.475086
3793          19     18     140  155.739968   15.739968
3794          19     19     139  150.171076   11.171076
3795          19     20     138  152.096276   14.096276
3796          19     21     137  161.355922   24.355922
3797          19     22     136  170.815252   34.815252
3798          19     23     135  154.422228   19.422228
3799          19     24     134  157.416121   23.416121
3800          19     25     133  159.834477   26.834477
3801          19     26     132  160.386222   28.386222
3802          19     27     131  150.710583   19.710583
3803          19     28     130  164.737688   34.737688
3804          19     29     129  171.657371   42.657371
3805          19     30     128  150.655739   22.655739
3806          19     31     127  145.591183   18.591183
3807          19     32     126  140.579198   14.579198
3808          19     33     125  137.841559   12.841559
3809          19     34     124  143.316367   19.316367
3810          19     35     123  141.068887   18.068887
3811          19     36     122  134.343296   12.343296
3812          19     37     121  137.197285   16.197285
3813          19     38     120  135.249094   15.249094
3814          19     39     119  135.078293   16.078293
3815          19     40     118  132.678644   14.678644
3816          19     41     117  132.705936   15.705936
3817          19     42     116  133.389019   17.389019
3818          19     43     115  133.615004   18.615004
3819          19     44     114  140.711997   26.711997
3820          19     45     113  131.066869   18.066869
3821          19     46     112  130.376189   18.376189
3822          19     47     111  133.789103   22.789103
3823          19     48     110  135.361881   25.361881
3824          19     49     109  127.598719   18.598719
3825          19     50     108  125.538602   17.538602
3826          19     51     107  131.627741   24.627741
3827          19     52     106  132.252275   26.252275
3828          19     53     105  117.728026   12.728026
3829          19     54     104  118.452036   14.452036
3830          19     55     103  115.504739   12.504739
3831          19     56     102  121.948427   19.948427
3832          19     57     101  119.231985   18.231985
3833          19     58     100  111.792342   11.792342
3834          19     59      99  109.578189   10.578189
3835          19     60      98  108.244890   10.244890
3836          19     61      97  104.664746    7.664746
3837          19     62      96  102.829416    6.829416
3838          19     63      95  107.570841   12.570841
3839          19     64      94  118.974263   24.974263
3840          19     65      93  114.189558   21.189558
3841          19     66      92  112.127897   20.127897
3842          19     67      91  100.278720    9.278720
3843          19     68      90  119.071790   29.071790
3844          19     69      89  105.754936   16.754936
3845          19     70      88  115.654682   27.654682
3846          19     71      87  105.069938   18.069938
3847          19     72      86  103.007940   17.007940
3848          19     73      85  110.345159   25.345159
3849          19     74      84  102.008954   18.008954
3850          19     75      83  103.565973   20.565973
3851          19     76      82  101.859406   19.859406
3852          19     77      81   95.658000   14.658000
3853          19     78      80   98.274085   18.274085
3854          19     79      79  100.330455   21.330455
3855          19     80      78   86.892588    8.892588
3856          19     81      77   85.243486    8.243486
3857          19     82      76   98.270730   22.270730
3858          19     83      75   88.300898   13.300898
3859          19     84      74   87.567683   13.567683
3860          19     85      73   86.841157   13.841157
3861          19     86      72   91.600413   19.600413
3862          19     87      71   94.860265   23.860265
3863          19     88      70   84.524507   14.524507
3864          19     89      69   76.756766    7.756766
3865          19     90      68   85.980089   17.980089
3866          19     91      67   85.144965   18.144965
3867          19     92      66   87.813280   21.813280
3868          19     93      65   84.603414   19.603414
3869          19     94      64   77.147945   13.147945
3870          19     95      63   76.384108   13.384108
3871          19     96      62   69.322631    7.322631
3872          19     97      61   69.621622    8.621622
3873          19     98      60   72.925408   12.925408
3874          19     99      59   76.233910   17.233910
3875          19    100      58   65.413384    7.413384
3876          19    101      57   70.378072   13.378072
3877          19    102      56   66.330415   10.330415
3878          19    103      55   72.973770   17.973770
3879          19    104      54   70.231774   16.231774
3880          19    105      53   64.220371   11.220371
3881          19    106      52   63.966316   11.966316
3882          19    107      51   72.060572   21.060572
3883          19    108      50   67.404619   17.404619
3884          19    109      49   67.597654   18.597654
3885          19    110      48   64.596739   16.596739
3886          19    111      47   60.124757   13.124757
3887          19    112      46   58.350699   12.350699
3888          19    113      45   54.796258    9.796258
3889          19    114      44   51.198110    7.198110
3890          19    115      43   56.352909   13.352909
3891          19    116      42   57.919344   15.919344
3892          19    117      41   63.181360   22.181360
3893          19    118      40   52.786019   12.786019
3894          19    119      39   52.870950   13.870950
3895          19    120      38   51.120782   13.120782
3896          19    121      37   51.508016   14.508016
3897          19    122      36   53.363769   17.363769
3898          19    123      35   52.878524   17.878524
3899          19    124      34   55.319414   21.319414
3900          19    125      33   51.523567   18.523567
3901          19    126      32   53.471123   21.471123
3902          19    127      31   51.330653   20.330653
3903          19    128      30   47.814448   17.814448
3904          19    129      29   46.262282   17.262282
3905          19    130      28   44.335268   16.335268
3906          19    131      27   46.070012   19.070012
3907          19    132      26   45.418077   19.418077
3908          19    133      25   42.496960   17.496960
3909          19    134      24   42.795873   18.795873
3910          19    135      23   38.630358   15.630358
3911          19    136      22   38.226982   16.226982
3912          19    137      21   35.427527   14.427527
3913          19    138      20   30.930767   10.930767
3914          19    139      19   36.150330   17.150330
3915          19    140      18   32.043727   14.043727
3916          19    141      17   28.302737   11.302737
3917          19    142      16   31.624858   15.624858
3918          19    143      15   28.051834   13.051834
3919          19    144      14   27.553356   13.553356
3920          19    145      13   29.236927   16.236927
3921          19    146      12   29.363976   17.363976
3922          19    147      11   33.768807   22.768807
3923          19    148      10   20.220141   10.220141
3924          19    149       9   35.275485   26.275485
3925          19    150       8   30.128592   22.128592
3926          19    151       7   30.095103   23.095103
3927          19    152       6   21.725064   15.725064
3928          19    153       5   24.255710   19.255710
3929          19    154       4   25.320329   21.320329
3930          19    155       3   26.113206   23.113206
3931          19    156       2   16.859929   14.859929
3932          19    157       1   14.132849   13.132849
3933          19    158       0   29.245274   29.245274
3934          20      1     233  177.616248  -55.383752
3935          20      2     232  174.616912  -57.383088
3936          20      3     231  176.325255  -54.674745
3937          20      4     230  175.095766  -54.904234
3938          20      5     229  178.352408  -50.647592
3939          20      6     228  175.293254  -52.706746
3940          20      7     227  175.510728  -51.489272
3941          20      8     226  173.422083  -52.577917
3942          20      9     225  179.615830  -45.384170
3943          20     10     224  191.618968  -32.381032
3944          20     11     223  169.083091  -53.916909
3945          20     12     222  176.806248  -45.193752
3946          20     13     221  171.042669  -49.957331
3947          20     14     220  167.215213  -52.784787
3948          20     15     219  176.157345  -42.842655
3949          20     16     218  181.862629  -36.137371
3950          20     17     217  171.285114  -45.714886
3951          20     18     216  170.230431  -45.769569
3952          20     19     215  160.678289  -54.321711
3953          20     20     214  166.609394  -47.390606
3954          20     21     213  174.752261  -38.247739
3955          20     22     212  166.236890  -45.763110
3956          20     23     211  153.351448  -57.648552
3957          20     24     210  160.812972  -49.187028
3958          20     25     209  165.926511  -43.073489
3959          20     26     208  153.089852  -54.910148
3960          20     27     207  160.896807  -46.103193
3961          20     28     206  162.080633  -43.919367
3962          20     29     205  151.324083  -53.675917
3963          20     30     204  143.136107  -60.863893
3964          20     31     203  161.463458  -41.536542
3965          20     32     202  154.327538  -47.672462
3966          20     33     201  150.475422  -50.524578
3967          20     34     200  143.974438  -56.025562
3968          20     35     199  137.279560  -61.720440
3969          20     36     198  159.303991  -38.696009
3970          20     37     197  146.154882  -50.845118
3971          20     38     196  141.208461  -54.791539
3972          20     39     195  158.797659  -36.202341
3973          20     40     194  145.228437  -48.771563
3974          20     41     193  153.107796  -39.892204
3975          20     42     192  138.117667  -53.882333
3976          20     43     191  150.205575  -40.794425
3977          20     44     190  149.427565  -40.572435
3978          20     45     189  140.165256  -48.834744
3979          20     46     188  139.212662  -48.787338
3980          20     47     187  147.154480  -39.845520
3981          20     48     186  134.437545  -51.562455
3982          20     49     185  134.891582  -50.108418
3983          20     50     184  137.327807  -46.672193
3984          20     51     183  128.518420  -54.481580
3985          20     52     182  135.786837  -46.213163
3986          20     53     181  132.562486  -48.437514
3987          20     54     180  136.477074  -43.522926
3988          20     55     179  128.861906  -50.138094
3989          20     56     178  119.589918  -58.410082
3990          20     57     177  139.147320  -37.852680
3991          20     58     176  121.703143  -54.296857
3992          20     59     175  118.513979  -56.486021
3993          20     60     174  117.148383  -56.851617
3994          20     61     173  139.216007  -33.783993
3995          20     62     172  135.798927  -36.201073
3996          20     63     171  127.045541  -43.954459
3997          20     64     170  121.036557  -48.963443
3998          20     65     169  139.786465  -29.213535
3999          20     66     168  122.758348  -45.241652
4000          20     67     167  124.295120  -42.704880
4001          20     68     166  124.141277  -41.858723
4002          20     69     165  134.224506  -30.775494
4003          20     70     164  128.209226  -35.790774
4004          20     71     163  133.092329  -29.907671
4005          20     72     162  133.255638  -28.744362
4006          20     73     161  126.093062  -34.906938
4007          20     74     160  132.984012  -27.015988
4008          20     75     159  129.110084  -29.889916
4009          20     76     158  127.395161  -30.604839
4010          20     77     157  124.848994  -32.151006
4011          20     78     156  124.728168  -31.271832
4012          20     79     155  121.323392  -33.676608
4013          20     80     154  125.921982  -28.078018
4014          20     81     153  123.816269  -29.183731
4015          20     82     152  125.392420  -26.607580
4016          20     83     151  114.281070  -36.718930
4017          20     84     150  125.398869  -24.601131
4018          20     85     149  120.046669  -28.953331
4019          20     86     148  126.369950  -21.630050
4020          20     87     147  124.635604  -22.364396
4021          20     88     146  123.779300  -22.220700
4022          20     89     145  119.093720  -25.906280
4023          20     90     144  118.290143  -25.709857
4024          20     91     143  113.976170  -29.023830
4025          20     92     142  109.124880  -32.875120
4026          20     93     141  113.444428  -27.555572
4027          20     94     140  121.565357  -18.434643
4028          20     95     139  117.358830  -21.641170
4029          20     96     138  106.397790  -31.602210
4030          20     97     137  104.951757  -32.048243
4031          20     98     136  113.285615  -22.714385
4032          20     99     135  111.230877  -23.769123
4033          20    100     134  102.034066  -31.965934
4034          20    101     133  109.126221  -23.873779
4035          20    102     132  104.686594  -27.313406
4036          20    103     131  114.609811  -16.390189
4037          20    104     130  118.002413  -11.997587
4038          20    105     129  103.575218  -25.424782
4039          20    106     128  105.463363  -22.536637
4040          20    107     127  101.186067  -25.813933
4041          20    108     126  112.998240  -13.001760
4042          20    109     125  110.123969  -14.876031
4043          20    110     124  102.732607  -21.267393
4044          20    111     123  113.081318   -9.918682
4045          20    112     122   97.812073  -24.187927
4046          20    113     121  100.965671  -20.034329
4047          20    114     120  103.987228  -16.012772
4048          20    115     119  101.953954  -17.046046
4049          20    116     118   93.599852  -24.400148
4050          20    117     117  101.375845  -15.624155
4051          20    118     116   95.266358  -20.733642
4052          20    119     115  100.714434  -14.285566
4053          20    120     114   91.020860  -22.979140
4054          20    121     113   92.661385  -20.338615
4055          20    122     112   86.754906  -25.245094
4056          20    123     111   87.557300  -23.442700
4057          20    124     110   91.432295  -18.567705
4058          20    125     109   92.755083  -16.244917
4059          20    126     108   86.941732  -21.058268
4060          20    127     107   87.709257  -19.290743
4061          20    128     106   94.502823  -11.497177
4062          20    129     105   86.314560  -18.685440
4063          20    130     104   82.879881  -21.120119
4064          20    131     103   85.332173  -17.667827
4065          20    132     102   81.071113  -20.928887
4066          20    133     101   90.472442  -10.527558
4067          20    134     100   90.123636   -9.876364
4068          20    135      99   84.023826  -14.976174
4069          20    136      98   90.807679   -7.192321
4070          20    137      97   90.968597   -6.031403
4071          20    138      96   85.561144  -10.438856
4072          20    139      95   83.301344  -11.698656
4073          20    140      94   82.646808  -11.353192
4074          20    141      93   78.556858  -14.443142
4075          20    142      92   79.761755  -12.238245
4076          20    143      91   80.220980  -10.779020
4077          20    144      90   79.215977  -10.784023
4078          20    145      89   76.929004  -12.070996
4079          20    146      88   73.129201  -14.870799
4080          20    147      87   77.978670   -9.021330
4081          20    148      86   77.342607   -8.657393
4082          20    149      85   74.873583  -10.126417
4083          20    150      84   71.628208  -12.371792
4084          20    151      83   74.810776   -8.189224
4085          20    152      82   80.791042   -1.208958
4086          20    153      81   78.641337   -2.358663
4087          20    154      80   77.471799   -2.528201
4088          20    155      79   74.787344   -4.212656
4089          20    156      78   74.935253   -3.064747
4090          20    157      77   82.925813    5.925813
4091          20    158      76   77.322820    1.322820
4092          20    159      75   73.769730   -1.230270
4093          20    160      74   73.293345   -0.706655
4094          20    161      73   68.688061   -4.311939
4095          20    162      72   67.773860   -4.226140
4096          20    163      71   67.652436   -3.347564
4097          20    164      70   64.834919   -5.165081
4098          20    165      69   65.792568   -3.207432
4099          20    166      68   65.673550   -2.326450
4100          20    167      67   60.750723   -6.249277
4101          20    168      66   59.882964   -6.117036
4102          20    169      65   62.837316   -2.162684
4103          20    170      64   67.061764    3.061764
4104          20    171      63   65.612180    2.612180
4105          20    172      62   71.012890    9.012890
4106          20    173      61   66.247272    5.247272
4107          20    174      60   65.259888    5.259888
4108          20    175      59   65.844830    6.844830
4109          20    176      58   69.833842   11.833842
4110          20    177      57   64.120342    7.120342
4111          20    178      56   66.643781   10.643781
4112          20    179      55   62.599450    7.599450
4113          20    180      54   59.862079    5.862079
4114          20    181      53   62.673691    9.673691
4115          20    182      52   56.600254    4.600254
4116          20    183      51   63.089526   12.089526
4117          20    184      50   59.333066    9.333066
4118          20    185      49   55.979202    6.979202
4119          20    186      48   53.925395    5.925395
4120          20    187      47   60.611138   13.611138
4121          20    188      46   53.155501    7.155501
4122          20    189      45   56.864544   11.864544
4123          20    190      44   51.450697    7.450697
4124          20    191      43   52.009050    9.009050
4125          20    192      42   53.455688   11.455688
4126          20    193      41   49.346871    8.346871
4127          20    194      40   48.976811    8.976811
4128          20    195      39   54.416568   15.416568
4129          20    196      38   48.687351   10.687351
4130          20    197      37   48.275904   11.275904
4131          20    198      36   47.989444   11.989444
4132          20    199      35   46.531288   11.531288
4133          20    200      34   45.274504   11.274504
4134          20    201      33   42.157000    9.157000
4135          20    202      32   43.075754   11.075754
4136          20    203      31   43.442991   12.442991
4137          20    204      30   41.618885   11.618885
4138          20    205      29   38.838163    9.838163
4139          20    206      28   41.723783   13.723783
4140          20    207      27   37.834240   10.834240
4141          20    208      26   36.978064   10.978064
4142          20    209      25   35.453211   10.453211
4143          20    210      24   33.382621    9.382621
4144          20    211      23   34.298578   11.298578
4145          20    212      22   31.298428    9.298428
4146          20    213      21   30.792596    9.792596
4147          20    214      20   36.743927   16.743927
4148          20    215      19   36.092048   17.092048
4149          20    216      18   31.267038   13.267038
4150          20    217      17   32.708916   15.708916
4151          20    218      16   28.450163   12.450163
4152          20    219      15   27.401566   12.401566
4153          20    220      14   22.658589    8.658589
4154          20    221      13   26.991879   13.991879
4155          20    222      12   23.154258   11.154258
4156          20    223      11   22.638716   11.638716
4157          20    224      10   21.294056   11.294056
4158          20    225       9   25.773093   16.773093
4159          20    226       8   22.147018   14.147018
4160          20    227       7   22.362077   15.362077
4161          20    228       6   17.391619   11.391619
4162          20    229       5   29.339430   24.339430
4163          20    230       4   20.464399   16.464399
4164          20    231       3   35.378863   32.378863
4165          20    232       2   31.557933   29.557933
4166          20    233       1   26.544160   25.544160
4167          20    234       0   14.957330   14.957330
4168          21      1     194  208.301967   14.301967
4169          21      2     193  177.402807  -15.597193
4170          21      3     192  192.061777    0.061777
4171          21      4     191  199.594785    8.594785
4172          21      5     190  197.452946    7.452946
4173          21      6     189  215.110071   26.110071
4174          21      7     188  207.720877   19.720877
4175          21      8     187  204.594735   17.594735
4176          21      9     186  212.394227   26.394227
4177          21     10     185  201.131791   16.131791
4178          21     11     184  215.435721   31.435721
4179          21     12     183  203.302894   20.302894
4180          21     13     182  194.983776   12.983776
4181          21     14     181  201.226774   20.226774
4182          21     15     180  188.578661    8.578661
4183          21     16     179  188.878012    9.878012
4184          21     17     178  193.861767   15.861767
4185          21     18     177  185.803874    8.803874
4186          21     19     176  204.746738   28.746738
4187          21     20     175  204.684400   29.684400
4188          21     21     174  179.746406    5.746406
4189          21     22     173  208.575474   35.575474
4190          21     23     172  176.558111    4.558111
4191          21     24     171  176.995185    5.995185
4192          21     25     170  166.560828   -3.439172
4193          21     26     169  170.857788    1.857788
4194          21     27     168  180.885888   12.885888
4195          21     28     167  178.184754   11.184754
4196          21     29     166  171.723121    5.723121
4197          21     30     165  172.457514    7.457514
4198          21     31     164  162.141885   -1.858115
4199          21     32     163  174.346783   11.346783
4200          21     33     162  163.803747    1.803747
4201          21     34     161  159.032536   -1.967464
4202          21     35     160  159.754178   -0.245822
4203          21     36     159  151.512594   -7.487406
4204          21     37     158  143.228891  -14.771109
4205          21     38     157  167.392779   10.392779
4206          21     39     156  159.828639    3.828639
4207          21     40     155  150.000037   -4.999963
4208          21     41     154  158.245818    4.245818
4209          21     42     153  154.601645    1.601645
4210          21     43     152  145.394415   -6.605585
4211          21     44     151  153.840048    2.840048
4212          21     45     150  140.473208   -9.526792
4213          21     46     149  158.421041    9.421041
4214          21     47     148  151.189616    3.189616
4215          21     48     147  158.801964   11.801964
4216          21     49     146  141.935339   -4.064661
4217          21     50     145  146.417688    1.417688
4218          21     51     144  146.388286    2.388286
4219          21     52     143  144.564126    1.564126
4220          21     53     142  139.317968   -2.682032
4221          21     54     141  139.705936   -1.294064
4222          21     55     140  153.372915   13.372915
4223          21     56     139  128.327568  -10.672432
4224          21     57     138  135.726985   -2.273015
4225          21     58     137  128.531688   -8.468312
4226          21     59     136  144.121546    8.121546
4227          21     60     135  141.293029    6.293029
4228          21     61     134  127.015755   -6.984245
4229          21     62     133  122.797906  -10.202094
4230          21     63     132  129.095518   -2.904482
4231          21     64     131  134.928604    3.928604
4232          21     65     130  126.232878   -3.767122
4233          21     66     129  127.193612   -1.806388
4234          21     67     128  120.979861   -7.020139
4235          21     68     127  123.433983   -3.566017
4236          21     69     126  136.837441   10.837441
4237          21     70     125  116.104505   -8.895495
4238          21     71     124  130.208764    6.208764
4239          21     72     123  117.924693   -5.075307
4240          21     73     122  123.788345    1.788345
4241          21     74     121  121.253857    0.253857
4242          21     75     120  113.327796   -6.672204
4243          21     76     119  111.217657   -7.782343
4244          21     77     118  118.106149    0.106149
4245          21     78     117  119.235244    2.235244
4246          21     79     116  111.039056   -4.960944
4247          21     80     115  111.627195   -3.372805
4248          21     81     114  103.111194  -10.888806
4249          21     82     113  120.442855    7.442855
4250          21     83     112  117.482198    5.482198
4251          21     84     111  117.493873    6.493873
4252          21     85     110  109.949477   -0.050523
4253          21     86     109  113.452085    4.452085
4254          21     87     108  110.769225    2.769225
4255          21     88     107  115.034837    8.034837
4256          21     89     106  106.848782    0.848782
4257          21     90     105  111.440740    6.440740
4258          21     91     104  120.115875   16.115875
4259          21     92     103  102.691409   -0.308591
4260          21     93     102   97.110196   -4.889804
4261          21     94     101  103.297465    2.297465
4262          21     95     100   96.941116   -3.058884
4263          21     96      99  100.280883    1.280883
4264          21     97      98   94.157418   -3.842582
4265          21     98      97  106.538934    9.538934
4266          21     99      96  115.574785   19.574785
4267          21    100      95  101.542977    6.542977
4268          21    101      94   97.913890    3.913890
4269          21    102      93   95.988108    2.988108
4270          21    103      92  109.356294   17.356294
4271          21    104      91  104.212505   13.212505
4272          21    105      90  118.305255   28.305255
4273          21    106      89  104.966793   15.966793
4274          21    107      88  116.963847   28.963847
4275          21    108      87  102.622797   15.622797
4276          21    109      86   97.391934   11.391934
4277          21    110      85  108.507378   23.507378
4278          21    111      84  100.255955   16.255955
4279          21    112      83   98.306895   15.306895
4280          21    113      82  103.758510   21.758510
4281          21    114      81   95.409767   14.409767
4282          21    115      80   97.577761   17.577761
4283          21    116      79   93.485797   14.485797
4284          21    117      78   98.180635   20.180635
4285          21    118      77   92.375243   15.375243
4286          21    119      76  100.123217   24.123217
4287          21    120      75   98.337201   23.337201
4288          21    121      74   88.101780   14.101780
4289          21    122      73   96.968437   23.968437
4290          21    123      72   96.007056   24.007056
4291          21    124      71   97.135948   26.135948
4292          21    125      70   93.909976   23.909976
4293          21    126      69   96.117824   27.117824
4294          21    127      68   98.175875   30.175875
4295          21    128      67   90.376918   23.376918
4296          21    129      66   87.907718   21.907718
4297          21    130      65   82.917539   17.917539
4298          21    131      64   79.804060   15.804060
4299          21    132      63   84.544550   21.544550
4300          21    133      62   83.859924   21.859924
4301          21    134      61   74.553939   13.553939
4302          21    135      60   82.209106   22.209106
4303          21    136      59   75.388383   16.388383
4304          21    137      58   76.949119   18.949119
4305          21    138      57   81.668458   24.668458
4306          21    139      56   72.689067   16.689067
4307          21    140      55   76.264983   21.264983
4308          21    141      54   67.730622   13.730622
4309          21    142      53   76.155254   23.155254
4310          21    143      52   67.392748   15.392748
4311          21    144      51   63.687911   12.687911
4312          21    145      50   58.151286    8.151286
4313          21    146      49   65.635460   16.635460
4314          21    147      48   51.970009    3.970009
4315          21    148      47   61.211586   14.211586
4316          21    149      46   55.906112    9.906112
4317          21    150      45   60.329423   15.329423
4318          21    151      44   52.341512    8.341512
4319          21    152      43   51.433354    8.433354
4320          21    153      42   45.968540    3.968540
4321          21    154      41   46.449512    5.449512
4322          21    155      40   43.763983    3.763983
4323          21    156      39   42.809776    3.809776
4324          21    157      38   42.747882    4.747882
4325          21    158      37   40.367967    3.367967
4326          21    159      36   37.288563    1.288563
4327          21    160      35   37.430359    2.430359
4328          21    161      34   33.788407   -0.211593
4329          21    162      33   33.991616    0.991616
4330          21    163      32   35.637186    3.637186
4331          21    164      31   31.831056    0.831056
4332          21    165      30   28.281550   -1.718450
4333          21    166      29   28.017773   -0.982227
4334          21    167      28   24.872693   -3.127307
4335          21    168      27   21.927411   -5.072589
4336          21    169      26   24.135763   -1.864237
4337          21    170      25   23.142298   -1.857702
4338          21    171      24   19.671980   -4.328020
4339          21    172      23   19.012849   -3.987151
4340          21    173      22   19.972362   -2.027638
4341          21    174      21   18.487868   -2.512132
4342          21    175      20   18.124893   -1.875107
4343          21    176      19   22.393229    3.393229
4344          21    177      18   17.142945   -0.857055
4345          21    178      17   15.942462   -1.057538
4346          21    179      16   15.296451   -0.703549
4347          21    180      15   17.368855    2.368855
4348          21    181      14   13.435182   -0.564818
4349          21    182      13   17.675028    4.675028
4350          21    183      12    4.485709   -7.514291
4351          21    184      11   10.656725   -0.343275
4352          21    185      10    1.235861   -8.764139
4353          21    186       9    0.793503   -8.206497
4354          21    187       8   11.118272    3.118272
4355          21    188       7   -1.714032   -8.714032
4356          21    189       6   -5.819339  -11.819339
4357          21    190       5    0.070416   -4.929584
4358          21    191       4   -8.639508  -12.639508
4359          21    192       3   -5.464122   -8.464122
4360          21    193       2   -4.718591   -6.718591
4361          21    194       1   -1.977031   -2.977031
4362          21    195       0  -12.039256  -12.039256
4363          22      1     201  191.476542   -9.523458
4364          22      2     200  174.253243  -25.746757
4365          22      3     199  155.780709  -43.219291
4366          22      4     198  179.386486  -18.613514
4367          22      5     197  169.291679  -27.708321
4368          22      6     196  171.376269  -24.623731
4369          22      7     195  165.186098  -29.813902
4370          22      8     194  164.418351  -29.581649
4371          22      9     193  164.690344  -28.309656
4372          22     10     192  162.923437  -29.076563
4373          22     11     191  164.861114  -26.138886
4374          22     12     190  155.775715  -34.224285
4375          22     13     189  156.281315  -32.718685
4376          22     14     188  149.294898  -38.705102
4377          22     15     187  150.722513  -36.277487
4378          22     16     186  158.910774  -27.089226
4379          22     17     185  163.577701  -21.422299
4380          22     18     184  157.402616  -26.597384
4381          22     19     183  152.360891  -30.639109
4382          22     20     182  143.273237  -38.726763
4383          22     21     181  148.195222  -32.804778
4384          22     22     180  148.836861  -31.163139
4385          22     23     179  160.509157  -18.490843
4386          22     24     178  154.622081  -23.377919
4387          22     25     177  148.626164  -28.373836
4388          22     26     176  147.771320  -28.228680
4389          22     27     175  143.899094  -31.100906
4390          22     28     174  138.390623  -35.609377
4391          22     29     173  144.002538  -28.997462
4392          22     30     172  144.824788  -27.175212
4393          22     31     171  144.271533  -26.728467
4394          22     32     170  145.902548  -24.097452
4395          22     33     169  153.744842  -15.255158
4396          22     34     168  139.128388  -28.871612
4397          22     35     167  138.171981  -28.828019
4398          22     36     166  145.917106  -20.082894
4399          22     37     165  141.404243  -23.595757
4400          22     38     164  141.840380  -22.159620
4401          22     39     163  138.516303  -24.483697
4402          22     40     162  146.543748  -15.456252
4403          22     41     161  132.390232  -28.609768
4404          22     42     160  135.579075  -24.420925
4405          22     43     159  129.977276  -29.022724
4406          22     44     158  130.775172  -27.224828
4407          22     45     157  130.678721  -26.321279
4408          22     46     156  127.087975  -28.912025
4409          22     47     155  126.873933  -28.126067
4410          22     48     154  124.294884  -29.705116
4411          22     49     153  129.718648  -23.281352
4412          22     50     152  126.840036  -25.159964
4413          22     51     151  125.055681  -25.944319
4414          22     52     150  131.764818  -18.235182
4415          22     53     149  115.478889  -33.521111
4416          22     54     148  114.324516  -33.675484
4417          22     55     147  114.123841  -32.876159
4418          22     56     146  118.450589  -27.549411
4419          22     57     145  121.644086  -23.355914
4420          22     58     144  117.368832  -26.631168
4421          22     59     143  124.449987  -18.550013
4422          22     60     142  119.317945  -22.682055
4423          22     61     141  116.128159  -24.871841
4424          22     62     140  120.089223  -19.910777
4425          22     63     139  127.479516  -11.520484
4426          22     64     138  110.978830  -27.021170
4427          22     65     137  120.604278  -16.395722
4428          22     66     136  113.763691  -22.236309
4429          22     67     135  118.075427  -16.924573
4430          22     68     134  117.593273  -16.406727
4431          22     69     133  107.099758  -25.900242
4432          22     70     132  115.599085  -16.400915
4433          22     71     131  119.045958  -11.954042
4434          22     72     130  116.528825  -13.471175
4435          22     73     129  119.737133   -9.262867
4436          22     74     128  114.086133  -13.913867
4437          22     75     127  128.269958    1.269958
4438          22     76     126  111.173669  -14.826331
4439          22     77     125  120.655744   -4.344256
4440          22     78     124  107.798176  -16.201824
4441          22     79     123  122.053877   -0.946123
4442          22     80     122  120.334639   -1.665361
4443          22     81     121  115.438109   -5.561891
4444          22     82     120  118.338873   -1.661127
4445          22     83     119  116.658546   -2.341454
4446          22     84     118  110.201158   -7.798842
4447          22     85     117  120.771454    3.771454
4448          22     86     116  111.487248   -4.512752
4449          22     87     115  104.781693  -10.218307
4450          22     88     114  112.218419   -1.781581
4451          22     89     113  108.178488   -4.821512
4452          22     90     112   96.888468  -15.111532
4453          22     91     111   99.893043  -11.106957
4454          22     92     110   94.166914  -15.833086
4455          22     93     109   93.006335  -15.993665
4456          22     94     108   98.923278   -9.076722
4457          22     95     107   99.785811   -7.214189
4458          22     96     106   92.861771  -13.138229
4459          22     97     105   99.009224   -5.990776
4460          22     98     104   94.369374   -9.630626
4461          22     99     103   94.844611   -8.155389
4462          22    100     102   88.383189  -13.616811
4463          22    101     101   98.602744   -2.397256
4464          22    102     100   94.087369   -5.912631
4465          22    103      99   92.318248   -6.681752
4466          22    104      98   94.612533   -3.387467
4467          22    105      97   89.013971   -7.986029
4468          22    106      96   85.074496  -10.925504
4469          22    107      95   83.945741  -11.054259
4470          22    108      94   86.388188   -7.611812
4471          22    109      93   81.832819  -11.167181
4472          22    110      92   84.896911   -7.103089
4473          22    111      91   78.707251  -12.292749
4474          22    112      90   79.763125  -10.236875
4475          22    113      89   76.312143  -12.687857
4476          22    114      88   80.066530   -7.933470
4477          22    115      87   72.007375  -14.992625
4478          22    116      86   77.337226   -8.662774
4479          22    117      85   79.108585   -5.891415
4480          22    118      84   68.990003  -15.009997
4481          22    119      83   73.597419   -9.402581
4482          22    120      82   84.379066    2.379066
4483          22    121      81   70.161737  -10.838263
4484          22    122      80   75.970605   -4.029395
4485          22    123      79   80.765742    1.765742
4486          22    124      78   76.360542   -1.639458
4487          22    125      77   74.892557   -2.107443
4488          22    126      76   79.058351    3.058351
4489          22    127      75   73.817826   -1.182174
4490          22    128      74   79.226595    5.226595
4491          22    129      73   76.245667    3.245667
4492          22    130      72   72.451911    0.451911
4493          22    131      71   72.961416    1.961416
4494          22    132      70   74.014695    4.014695
4495          22    133      69   63.749524   -5.250476
4496          22    134      68   65.627840   -2.372160
4497          22    135      67   66.096061   -0.903939
4498          22    136      66   68.703444    2.703444
4499          22    137      65   71.268948    6.268948
4500          22    138      64   64.613068    0.613068
4501          22    139      63   61.207390   -1.792610
4502          22    140      62   62.141272    0.141272
4503          22    141      61   67.308611    6.308611
4504          22    142      60   62.460185    2.460185
4505          22    143      59   65.856325    6.856325
4506          22    144      58   66.413403    8.413403
4507          22    145      57   69.817352   12.817352
4508          22    146      56   63.111403    7.111403
4509          22    147      55   66.718179   11.718179
4510          22    148      54   57.012467    3.012467
4511          22    149      53   55.206545    2.206545
4512          22    150      52   60.451051    8.451051
4513          22    151      51   57.597908    6.597908
4514          22    152      50   60.251552   10.251552
4515          22    153      49   58.894167    9.894167
4516          22    154      48   56.956021    8.956021
4517          22    155      47   55.953832    8.953832
4518          22    156      46   54.602038    8.602038
4519          22    157      45   54.434645    9.434645
4520          22    158      44   52.290068    8.290068
4521          22    159      43   54.246166   11.246166
4522          22    160      42   51.907314    9.907314
4523          22    161      41   55.852448   14.852448
4524          22    162      40   49.721425    9.721425
4525          22    163      39   52.049600   13.049600
4526          22    164      38   53.154381   15.154381
4527          22    165      37   51.335825   14.335825
4528          22    166      36   50.320408   14.320408
4529          22    167      35   48.335643   13.335643
4530          22    168      34   46.430728   12.430728
4531          22    169      33   46.065013   13.065013
4532          22    170      32   47.952102   15.952102
4533          22    171      31   44.684455   13.684455
4534          22    172      30   46.685059   16.685059
4535          22    173      29   43.307433   14.307433
4536          22    174      28   40.746522   12.746522
4537          22    175      27   40.455677   13.455677
4538          22    176      26   40.985704   14.985704
4539          22    177      25   38.538296   13.538296
4540          22    178      24   43.042263   19.042263
4541          22    179      23   39.073184   16.073184
4542          22    180      22   34.746586   12.746586
4543          22    181      21   37.128247   16.128247
4544          22    182      20   35.197804   15.197804
4545          22    183      19   34.307875   15.307875
4546          22    184      18   30.718165   12.718165
4547          22    185      17   32.001972   15.001972
4548          22    186      16   27.126874   11.126874
4549          22    187      15   26.937152   11.937152
4550          22    188      14   34.576086   20.576086
4551          22    189      13   35.745006   22.745006
4552          22    190      12   25.696189   13.696189
4553          22    191      11   36.237717   25.237717
4554          22    192      10   25.097171   15.097171
4555          22    193       9   32.774328   23.774328
4556          22    194       8   25.531882   17.531882
4557          22    195       7   31.598303   24.598303
4558          22    196       6   13.138722    7.138722
4559          22    197       5   25.711426   20.711426
4560          22    198       4   15.784230   11.784230
4561          22    199       3   18.157783   15.157783
4562          22    200       2   12.132918   10.132918
4563          22    201       1   23.440883   22.440883
4564          22    202       0   25.950731   25.950731
4565          23      1     167  211.730661   44.730661
4566          23      2     166  194.075858   28.075858
4567          23      3     165  201.483479   36.483479
4568          23      4     164  208.492915   44.492915
4569          23      5     163  196.554549   33.554549
4570          23      6     162  186.984551   24.984551
4571          23      7     161  198.815131   37.815131
4572          23      8     160  193.970466   33.970466
4573          23      9     159  194.524340   35.524340
4574          23     10     158  189.768942   31.768942
4575          23     11     157  191.994148   34.994148
4576          23     12     156  185.309477   29.309477
4577          23     13     155  178.878629   23.878629
4578          23     14     154  180.698379   26.698379
4579          23     15     153  178.499912   25.499912
4580          23     16     152  190.783526   38.783526
4581          23     17     151  178.367853   27.367853
4582          23     18     150  178.687324   28.687324
4583          23     19     149  162.827915   13.827915
4584          23     20     148  169.801656   21.801656
4585          23     21     147  165.825717   18.825717
4586          23     22     146  155.166174    9.166174
4587          23     23     145  166.424029   21.424029
4588          23     24     144  182.387610   38.387610
4589          23     25     143  157.147387   14.147387
4590          23     26     142  166.482873   24.482873
4591          23     27     141  174.850767   33.850767
4592          23     28     140  175.796939   35.796939
4593          23     29     139  168.536160   29.536160
4594          23     30     138  164.145574   26.145574
4595          23     31     137  162.231809   25.231809
4596          23     32     136  175.586066   39.586066
4597          23     33     135  158.023548   23.023548
4598          23     34     134  172.797384   38.797384
4599          23     35     133  157.314654   24.314654
4600          23     36     132  152.731114   20.731114
4601          23     37     131  154.014202   23.014202
4602          23     38     130  157.533191   27.533191
4603          23     39     129  145.892082   16.892082
4604          23     40     128  145.430491   17.430491
4605          23     41     127  138.878237   11.878237
4606          23     42     126  147.718587   21.718587
4607          23     43     125  137.781211   12.781211
4608          23     44     124  137.297369   13.297369
4609          23     45     123  146.613684   23.613684
4610          23     46     122  148.472081   26.472081
4611          23     47     121  136.315713   15.315713
4612          23     48     120  141.614440   21.614440
4613          23     49     119  149.342290   30.342290
4614          23     50     118  137.972641   19.972641
4615          23     51     117  135.977665   18.977665
4616          23     52     116  132.884156   16.884156
4617          23     53     115  146.656165   31.656165
4618          23     54     114  138.464144   24.464144
4619          23     55     113  126.209806   13.209806
4620          23     56     112  133.517172   21.517172
4621          23     57     111  139.737776   28.737776
4622          23     58     110  135.689009   25.689009
4623          23     59     109  135.026877   26.026877
4624          23     60     108  125.874871   17.874871
4625          23     61     107  120.793094   13.793094
4626          23     62     106  126.798695   20.798695
4627          23     63     105  127.565236   22.565236
4628          23     64     104  119.505784   15.505784
4629          23     65     103  129.863119   26.863119
4630          23     66     102  122.167974   20.167974
4631          23     67     101  120.549654   19.549654
4632          23     68     100  128.471162   28.471162
4633          23     69      99  126.427284   27.427284
4634          23     70      98  122.209047   24.209047
4635          23     71      97  122.770387   25.770387
4636          23     72      96  110.501719   14.501719
4637          23     73      95  117.041986   22.041986
4638          23     74      94  121.429835   27.429835
4639          23     75      93  125.700037   32.700037
4640          23     76      92  119.696465   27.696465
4641          23     77      91  112.143206   21.143206
4642          23     78      90  119.030668   29.030668
4643          23     79      89  123.259030   34.259030
4644          23     80      88  120.490829   32.490829
4645          23     81      87  113.694863   26.694863
4646          23     82      86  110.512482   24.512482
4647          23     83      85  110.535602   25.535602
4648          23     84      84  118.110693   34.110693
4649          23     85      83  106.937858   23.937858
4650          23     86      82  102.752329   20.752329
4651          23     87      81  112.303645   31.303645
4652          23     88      80   98.698031   18.698031
4653          23     89      79  103.635922   24.635922
4654          23     90      78   98.811722   20.811722
4655          23     91      77  101.565214   24.565214
4656          23     92      76   96.293473   20.293473
4657          23     93      75  104.323638   29.323638
4658          23     94      74  103.418490   29.418490
4659          23     95      73   93.197925   20.197925
4660          23     96      72   94.541466   22.541466
4661          23     97      71  107.456574   36.456574
4662          23     98      70   95.548680   25.548680
4663          23     99      69   93.248792   24.248792
4664          23    100      68   90.996577   22.996577
4665          23    101      67   89.649230   22.649230
4666          23    102      66   90.388495   24.388495
4667          23    103      65   92.232627   27.232627
4668          23    104      64   83.131675   19.131675
4669          23    105      63   86.649899   23.649899
4670          23    106      62   92.564151   30.564151
4671          23    107      61   76.921155   15.921155
4672          23    108      60   86.537512   26.537512
4673          23    109      59   86.450408   27.450408
4674          23    110      58   84.885176   26.885176
4675          23    111      57   74.623024   17.623024
4676          23    112      56   81.643583   25.643583
4677          23    113      55   75.489073   20.489073
4678          23    114      54   75.541503   21.541503
4679          23    115      53   71.965070   18.965070
4680          23    116      52   67.817824   15.817824
4681          23    117      51   67.257690   16.257690
4682          23    118      50   65.856090   15.856090
4683          23    119      49   66.701811   17.701811
4684          23    120      48   65.067331   17.067331
4685          23    121      47   61.488074   14.488074
4686          23    122      46   63.003118   17.003118
4687          23    123      45   58.630410   13.630410
4688          23    124      44   57.448769   13.448769
4689          23    125      43   65.081859   22.081859
4690          23    126      42   53.945245   11.945245
4691          23    127      41   59.603631   18.603631
4692          23    128      40   58.734345   18.734345
4693          23    129      39   51.677234   12.677234
4694          23    130      38   51.064112   13.064112
4695          23    131      37   47.060170   10.060170
4696          23    132      36   46.748349   10.748349
4697          23    133      35   45.894841   10.894841
4698          23    134      34   50.764664   16.764664
4699          23    135      33   43.949709   10.949709
4700          23    136      32   42.120956   10.120956
4701          23    137      31   39.230311    8.230311
4702          23    138      30   32.231906    2.231906
4703          23    139      29   32.510945    3.510945
4704          23    140      28   33.233642    5.233642
4705          23    141      27   38.782022   11.782022
4706          23    142      26   34.860795    8.860795
4707          23    143      25   32.539508    7.539508
4708          23    144      24   32.590212    8.590212
4709          23    145      23   30.985899    7.985899
4710          23    146      22   29.358632    7.358632
4711          23    147      21   26.228577    5.228577
4712          23    148      20   24.020393    4.020393
4713          23    149      19   22.700161    3.700161
4714          23    150      18   25.151571    7.151571
4715          23    151      17   19.178762    2.178762
4716          23    152      16   18.230665    2.230665
4717          23    153      15   13.594931   -1.405069
4718          23    154      14   16.219384    2.219384
4719          23    155      13   11.939769   -1.060231
4720          23    156      12   12.173138    0.173138
4721          23    157      11   11.018792    0.018792
4722          23    158      10   14.561311    4.561311
4723          23    159       9   14.140518    5.140518
4724          23    160       8    9.153388    1.153388
4725          23    161       7    6.856358   -0.143642
4726          23    162       6    4.422786   -1.577214
4727          23    163       5    4.057575   -0.942425
4728          23    164       4   12.345706    8.345706
4729          23    165       3   -1.071363   -4.071363
4730          23    166       2    1.578832   -0.421168
4731          23    167       1    7.649635    6.649635
4732          23    168       0    7.874952    7.874952
4733          24      1     146  215.925450   69.925450
4734          24      2     145  196.328602   51.328602
4735          24      3     144  182.274734   38.274734
4736          24      4     143  199.641560   56.641560
4737          24      5     142  197.488557   55.488557
4738          24      6     141  201.354529   60.354529
4739          24      7     140  198.451439   58.451439
4740          24      8     139  181.370888   42.370888
4741          24      9     138  193.324812   55.324812
4742          24     10     137  171.823387   34.823387
4743          24     11     136  188.551858   52.551858
4744          24     12     135  179.810716   44.810716
4745          24     13     134  176.050827   42.050827
4746          24     14     133  184.295101   51.295101
4747          24     15     132  178.593796   46.593796
4748          24     16     131  173.620005   42.620005
4749          24     17     130  173.170395   43.170395
4750          24     18     129  178.123884   49.123884
4751          24     19     128  175.284068   47.284068
4752          24     20     127  176.373477   49.373477
4753          24     21     126  179.572220   53.572220
4754          24     22     125  178.851995   53.851995
4755          24     23     124  174.470699   50.470699
4756          24     24     123  170.484107   47.484107
4757          24     25     122  176.129034   54.129034
4758          24     26     121  159.815667   38.815667
4759          24     27     120  164.934727   44.934727
4760          24     28     119  163.932638   44.932638
4761          24     29     118  176.289595   58.289595
4762          24     30     117  166.380058   49.380058
4763          24     31     116  159.576691   43.576691
4764          24     32     115  160.548454   45.548454
4765          24     33     114  154.523274   40.523274
4766          24     34     113  159.402241   46.402241
4767          24     35     112  154.658702   42.658702
4768          24     36     111  149.882647   38.882647
4769          24     37     110  164.143487   54.143487
4770          24     38     109  156.118822   47.118822
4771          24     39     108  154.301003   46.301003
4772          24     40     107  162.851097   55.851097
4773          24     41     106  156.755656   50.755656
4774          24     42     105  162.270994   57.270994
4775          24     43     104  161.118587   57.118587
4776          24     44     103  160.468521   57.468521
4777          24     45     102  158.936617   56.936617
4778          24     46     101  152.219783   51.219783
4779          24     47     100  154.391720   54.391720
4780          24     48      99  146.396301   47.396301
4781          24     49      98  146.086081   48.086081
4782          24     50      97  147.579838   50.579838
4783          24     51      96  147.253166   51.253166
4784          24     52      95  150.354278   55.354278
4785          24     53      94  147.360387   53.360387
4786          24     54      93  145.365207   52.365207
4787          24     55      92  134.990480   42.990480
4788          24     56      91  142.874588   51.874588
4789          24     57      90  128.983143   38.983143
4790          24     58      89  134.669784   45.669784
4791          24     59      88  142.075803   54.075803
4792          24     60      87  137.917063   50.917063
4793          24     61      86  131.893799   45.893799
4794          24     62      85  136.481517   51.481517
4795          24     63      84  130.680259   46.680259
4796          24     64      83  128.980374   45.980374
4797          24     65      82  123.888172   41.888172
4798          24     66      81  124.816200   43.816200
4799          24     67      80  123.985441   43.985441
4800          24     68      79  132.584371   53.584371
4801          24     69      78  120.219179   42.219179
4802          24     70      77  116.972520   39.972520
4803          24     71      76  114.429829   38.429829
4804          24     72      75  125.484136   50.484136
4805          24     73      74  125.414359   51.414359
4806          24     74      73  106.934294   33.934294
4807          24     75      72  119.411841   47.411841
4808          24     76      71  113.854533   42.854533
4809          24     77      70  109.533048   39.533048
4810          24     78      69  115.079335   46.079335
4811          24     79      68  118.458556   50.458556
4812          24     80      67  109.314902   42.314902
4813          24     81      66  118.094621   52.094621
4814          24     82      65  111.059705   46.059705
4815          24     83      64  107.311307   43.311307
4816          24     84      63  114.194158   51.194158
4817          24     85      62  112.941255   50.941255
4818          24     86      61  104.173927   43.173927
4819          24     87      60  104.931078   44.931078
4820          24     88      59  100.622245   41.622245
4821          24     89      58  114.207606   56.207606
4822          24     90      57  105.662158   48.662158
4823          24     91      56  106.673646   50.673646
4824          24     92      55  107.377225   52.377225
4825          24     93      54  101.546993   47.546993
4826          24     94      53  111.534257   58.534257
4827          24     95      52   99.125357   47.125357
4828          24     96      51   93.614304   42.614304
4829          24     97      50   97.485579   47.485579
4830          24     98      49   91.920504   42.920504
4831          24     99      48   86.576122   38.576122
4832          24    100      47   81.722400   34.722400
4833          24    101      46   81.669310   35.669310
4834          24    102      45   91.881294   46.881294
4835          24    103      44   75.952423   31.952423
4836          24    104      43   84.358721   41.358721
4837          24    105      42   70.600882   28.600882
4838          24    106      41   69.332836   28.332836
4839          24    107      40   75.246676   35.246676
4840          24    108      39   80.388854   41.388854
4841          24    109      38   70.735104   32.735104
4842          24    110      37   73.035864   36.035864
4843          24    111      36   68.590759   32.590759
4844          24    112      35   68.271850   33.271850
4845          24    113      34   57.654353   23.654353
4846          24    114      33   64.900668   31.900668
4847          24    115      32   65.227889   33.227889
4848          24    116      31   64.097383   33.097383
4849          24    117      30   58.832397   28.832397
4850          24    118      29   51.663631   22.663631
4851          24    119      28   55.687404   27.687404
4852          24    120      27   47.937706   20.937706
4853          24    121      26   49.753114   23.753114
4854          24    122      25   41.078542   16.078542
4855          24    123      24   43.487985   19.487985
4856          24    124      23   39.717846   16.717846
4857          24    125      22   31.631893    9.631893
4858          24    126      21   29.420259    8.420259
4859          24    127      20   23.045291    3.045291
4860          24    128      19   22.815388    3.815388
4861          24    129      18   19.592922    1.592922
4862          24    130      17   17.674670    0.674670
4863          24    131      16   13.432031   -2.567969
4864          24    132      15   14.432314   -0.567686
4865          24    133      14    9.296532   -4.703468
4866          24    134      13    2.403004  -10.596996
4867          24    135      12    4.209996   -7.790004
4868          24    136      11   -1.991145  -12.991145
4869          24    137      10   -2.157906  -12.157906
4870          24    138       9   -5.685318  -14.685318
4871          24    139       8   -9.859604  -17.859604
4872          24    140       7  -11.713193  -18.713193
4873          24    141       6  -15.529954  -21.529954
4874          24    142       5  -17.181187  -22.181187
4875          24    143       4   -9.741955  -13.741955
4876          24    144       3  -11.243461  -14.243461
4877          24    145       2  -15.448251  -17.448251
4878          24    146       1  -12.921410  -13.921410
4879          24    147       0   -8.593122   -8.593122
4880          25      1     229  206.645346  -22.354654
4881          25      2     228  179.395414  -48.604586
4882          25      3     227  192.019814  -34.980186
4883          25      4     226  204.400265  -21.599735
4884          25      5     225  207.154929  -17.845071
4885          25      6     224  196.716253  -27.283747
4886          25      7     223  194.518637  -28.481363
4887          25      8     222  187.599579  -34.400421
4888          25      9     221  182.319449  -38.680551
4889          25     10     220  187.407301  -32.592699
4890          25     11     219  191.614813  -27.385187
4891          25     12     218  175.913821  -42.086179
4892          25     13     217  187.810636  -29.189364
4893          25     14     216  181.355093  -34.644907
4894          25     15     215  191.955510  -23.044490
4895          25     16     214  172.325469  -41.674531
4896          25     17     213  176.174986  -36.825014
4897          25     18     212  182.908286  -29.091714
4898          25     19     211  175.967269  -35.032731
4899          25     20     210  175.775452  -34.224548
4900          25     21     209  177.998156  -31.001844
4901          25     22     208  170.017226  -37.982774
4902          25     23     207  180.881168  -26.118832
4903          25     24     206  180.889226  -25.110774
4904          25     25     205  179.380538  -25.619462
4905          25     26     204  174.048694  -29.951306
4906          25     27     203  184.722615  -18.277385
4907          25     28     202  164.895510  -37.104490
4908          25     29     201  165.853680  -35.146320
4909          25     30     200  180.361849  -19.638151
4910          25     31     199  169.483899  -29.516101
4911          25     32     198  162.773644  -35.226356
4912          25     33     197  160.461462  -36.538538
4913          25     34     196  166.144072  -29.855928
4914          25     35     195  175.083400  -19.916600
4915          25     36     194  162.637925  -31.362075
4916          25     37     193  157.384546  -35.615454
4917          25     38     192  159.194813  -32.805187
4918          25     39     191  159.185190  -31.814810
4919          25     40     190  144.618458  -45.381542
4920          25     41     189  160.475735  -28.524265
4921          25     42     188  158.749738  -29.250262
4922          25     43     187  155.647311  -31.352689
4923          25     44     186  150.216385  -35.783615
4924          25     45     185  148.783449  -36.216551
4925          25     46     184  148.370880  -35.629120
4926          25     47     183  142.980964  -40.019036
4927          25     48     182  148.123758  -33.876242
4928          25     49     181  152.093034  -28.906966
4929          25     50     180  147.480514  -32.519486
4930          25     51     179  153.319627  -25.680373
4931          25     52     178  138.454625  -39.545375
4932          25     53     177  150.893522  -26.106478
4933          25     54     176  136.623342  -39.376658
4934          25     55     175  144.394896  -30.605104
4935          25     56     174  153.880507  -20.119493
4936          25     57     173  154.654728  -18.345272
4937          25     58     172  149.665513  -22.334487
4938          25     59     171  140.182313  -30.817687
4939          25     60     170  139.118085  -30.881915
4940          25     61     169  143.726777  -25.273223
4941          25     62     168  136.562598  -31.437402
4942          25     63     167  150.299667  -16.700333
4943          25     64     166  137.790861  -28.209139
4944          25     65     165  132.815302  -32.184698
4945          25     66     164  125.059938  -38.940062
4946          25     67     163  129.151252  -33.848748
4947          25     68     162  124.363706  -37.636294
4948          25     69     161  131.657275  -29.342725
4949          25     70     160  127.358984  -32.641016
4950          25     71     159  124.397647  -34.602353
4951          25     72     158  120.073839  -37.926161
4952          25     73     157  118.534058  -38.465942
4953          25     74     156  134.964802  -21.035198
4954          25     75     155  127.524501  -27.475499
4955          25     76     154  135.184686  -18.815314
4956          25     77     153  127.249543  -25.750457
4957          25     78     152  121.540519  -30.459481
4958          25     79     151  120.735574  -30.264426
4959          25     80     150  137.758554  -12.241446
4960          25     81     149  135.012825  -13.987175
4961          25     82     148  128.812030  -19.187970
4962          25     83     147  127.435107  -19.564893
4963          25     84     146  121.809226  -24.190774
4964          25     85     145  123.557854  -21.442146
4965          25     86     144  114.585049  -29.414951
4966          25     87     143  125.617769  -17.382231
4967          25     88     142  117.376306  -24.623694
4968          25     89     141  117.076785  -23.923215
4969          25     90     140  119.889794  -20.110206
4970          25     91     139  114.543455  -24.456545
4971          25     92     138  110.712040  -27.287960
4972          25     93     137  106.763148  -30.236852
4973          25     94     136  111.636100  -24.363900
4974          25     95     135  115.635018  -19.364982
4975          25     96     134  104.921046  -29.078954
4976          25     97     133  121.375637  -11.624363
4977          25     98     132  113.165027  -18.834973
4978          25     99     131  112.878891  -18.121109
4979          25    100     130  114.986531  -15.013469
4980          25    101     129  119.840665   -9.159335
4981          25    102     128  114.876124  -13.123876
4982          25    103     127  114.120207  -12.879793
4983          25    104     126  103.307507  -22.692493
4984          25    105     125  104.614845  -20.385155
4985          25    106     124  115.083347   -8.916653
4986          25    107     123  104.347908  -18.652092
4987          25    108     122  112.714549   -9.285451
4988          25    109     121  107.053070  -13.946930
4989          25    110     120  109.940170  -10.059830
4990          25    111     119  108.557492  -10.442508
4991          25    112     118  109.868849   -8.131151
4992          25    113     117   97.628656  -19.371344
4993          25    114     116  108.969240   -7.030760
4994          25    115     115  109.362112   -5.637888
4995          25    116     114  108.875664   -5.124336
4996          25    117     113  113.401768    0.401768
4997          25    118     112  122.527009   10.527009
4998          25    119     111  104.507840   -6.492160
4999          25    120     110  114.555247    4.555247
5000          25    121     109  105.046082   -3.953918
5001          25    122     108  110.427990    2.427990
5002          25    123     107  112.442642    5.442642
5003          25    124     106  110.140416    4.140416
5004          25    125     105  100.984411   -4.015589
5005          25    126     104  110.304594    6.304594
5006          25    127     103  103.463721    0.463721
5007          25    128     102   95.365651   -6.634349
5008          25    129     101  100.849582   -0.150418
5009          25    130     100   93.575988   -6.424012
5010          25    131      99  107.706705    8.706705
5011          25    132      98  109.118637   11.118637
5012          25    133      97   92.906439   -4.093561
5013          25    134      96   98.416105    2.416105
5014          25    135      95   87.962858   -7.037142
5015          25    136      94  110.363822   16.363822
5016          25    137      93   94.800010    1.800010
5017          25    138      92   99.574609    7.574609
5018          25    139      91   90.488910   -0.511090
5019          25    140      90   99.999697    9.999697
5020          25    141      89   89.572672    0.572672
5021          25    142      88   81.334949   -6.665051
5022          25    143      87   83.915289   -3.084711
5023          25    144      86   91.502905    5.502905
5024          25    145      85   86.450615    1.450615
5025          25    146      84   85.701934    1.701934
5026          25    147      83   79.625328   -3.374672
5027          25    148      82   81.517617   -0.482383
5028          25    149      81   76.313400   -4.686600
5029          25    150      80   75.276344   -4.723656
5030          25    151      79   81.151438    2.151438
5031          25    152      78   84.333422    6.333422
5032          25    153      77   75.313134   -1.686866
5033          25    154      76   77.693426    1.693426
5034          25    155      75   65.730158   -9.269842
5035          25    156      74   76.133269    2.133269
5036          25    157      73   71.488159   -1.511841
5037          25    158      72   63.918277   -8.081723
5038          25    159      71   73.205647    2.205647
5039          25    160      70   68.568604   -1.431396
5040          25    161      69   66.050462   -2.949538
5041          25    162      68   64.510122   -3.489878
5042          25    163      67   70.818266    3.818266
5043          25    164      66   63.004778   -2.995222
5044          25    165      65   62.403816   -2.596184
5045          25    166      64   60.935398   -3.064602
5046          25    167      63   66.291891    3.291891
5047          25    168      62   70.075567    8.075567
5048          25    169      61   67.149467    6.149467
5049          25    170      60   63.169174    3.169174
5050          25    171      59   62.829776    3.829776
5051          25    172      58   62.544192    4.544192
5052          25    173      57   69.725104   12.725104
5053          25    174      56   69.273745   13.273745
5054          25    175      55   64.323328    9.323328
5055          25    176      54   66.423879   12.423879
5056          25    177      53   65.503532   12.503532
5057          25    178      52   58.222046    6.222046
5058          25    179      51   57.579023    6.579023
5059          25    180      50   51.868734    1.868734
5060          25    181      49   54.511550    5.511550
5061          25    182      48   53.249587    5.249587
5062          25    183      47   51.686575    4.686575
5063          25    184      46   48.219510    2.219510
5064          25    185      45   50.108536    5.108536
5065          25    186      44   49.174767    5.174767
5066          25    187      43   41.782138   -1.217862
5067          25    188      42   46.822969    4.822969
5068          25    189      41   42.343922    1.343922
5069          25    190      40   46.019065    6.019065
5070          25    191      39   44.516678    5.516678
5071          25    192      38   40.216575    2.216575
5072          25    193      37   40.058076    3.058076
5073          25    194      36   40.365163    4.365163
5074          25    195      35   41.929025    6.929025
5075          25    196      34   36.906221    2.906221
5076          25    197      33   38.505509    5.505509
5077          25    198      32   34.742499    2.742499
5078          25    199      31   37.690554    6.690554
5079          25    200      30   34.032887    4.032887
5080          25    201      29   32.426325    3.426325
5081          25    202      28   28.643208    0.643208
5082          25    203      27   25.577717   -1.422283
5083          25    204      26   18.547292   -7.452708
5084          25    205      25   22.301220   -2.698780
5085          25    206      24   21.792656   -2.207344
5086          25    207      23   19.236357   -3.763643
5087          25    208      22   20.926981   -1.073019
5088          25    209      21   16.050364   -4.949636
5089          25    210      20   18.014498   -1.985502
5090          25    211      19   16.622074   -2.377926
5091          25    212      18   18.742420    0.742420
5092          25    213      17   12.919609   -4.080391
5093          25    214      16   15.319983   -0.680017
5094          25    215      15   19.503187    4.503187
5095          25    216      14   14.895605    0.895605
5096          25    217      13   12.817811   -0.182189
5097          25    218      12   17.016280    5.016280
5098          25    219      11   11.912847    0.912847
5099          25    220      10   13.255032    3.255032
5100          25    221       9   11.657864    2.657864
5101          25    222       8    9.240734    1.240734
5102          25    223       7   17.986682   10.986682
5103          25    224       6   22.342800   16.342800
5104          25    225       5   12.604471    7.604471
5105          25    226       4   -2.081749   -6.081749
5106          25    227       3   10.396556    7.396556
5107          25    228       2   13.025858   11.025858
5108          25    229       1    1.933303    0.933303
5109          25    230       0    6.482267    6.482267
5110          26      1     198  195.790217   -2.209783
5111          26      2     197  184.043899  -12.956101
5112          26      3     196  192.721507   -3.278493
5113          26      4     195  191.155276   -3.844724
5114          26      5     194  192.142357   -1.857643
5115          26      6     193  173.379625  -19.620375
5116          26      7     192  183.916497   -8.083503
5117          26      8     191  167.462161  -23.537839
5118          26      9     190  179.246699  -10.753301
5119          26     10     189  168.762504  -20.237496
5120          26     11     188  179.864815   -8.135185
5121          26     12     187  158.482454  -28.517546
5122          26     13     186  166.056527  -19.943473
5123          26     14     185  167.491295  -17.508705
5124          26     15     184  169.344905  -14.655095
5125          26     16     183  159.839316  -23.160684
5126          26     17     182  164.395335  -17.604665
5127          26     18     181  165.659456  -15.340544
5128          26     19     180  153.829137  -26.170863
5129          26     20     179  146.423668  -32.576332
5130          26     21     178  158.028022  -19.971978
5131          26     22     177  150.820496  -26.179504
5132          26     23     176  160.335569  -15.664431
5133          26     24     175  164.799872  -10.200128
5134          26     25     174  157.688759  -16.311241
5135          26     26     173  166.289274   -6.710726
5136          26     27     172  162.465617   -9.534383
5137          26     28     171  142.725668  -28.274332
5138          26     29     170  147.729169  -22.270831
5139          26     30     169  151.849450  -17.150550
5140          26     31     168  157.426030  -10.573970
5141          26     32     167  149.365213  -17.634787
5142          26     33     166  167.831176    1.831176
5143          26     34     165  155.176211   -9.823789
5144          26     35     164  160.848894   -3.151106
5145          26     36     163  159.180063   -3.819937
5146          26     37     162  150.613687  -11.386313
5147          26     38     161  135.393035  -25.606965
5148          26     39     160  143.347532  -16.652468
5149          26     40     159  152.217389   -6.782611
5150          26     41     158  134.958794  -23.041206
5151          26     42     157  153.022385   -3.977615
5152          26     43     156  131.242963  -24.757037
5153          26     44     155  137.222427  -17.777573
5154          26     45     154  134.317277  -19.682723
5155          26     46     153  128.576793  -24.423207
5156          26     47     152  128.051212  -23.948788
5157          26     48     151  128.372439  -22.627561
5158          26     49     150  126.654040  -23.345960
5159          26     50     149  137.002123  -11.997877
5160          26     51     148  129.999206  -18.000794
5161          26     52     147  125.277184  -21.722816
5162          26     53     146  121.300350  -24.699650
5163          26     54     145  131.273467  -13.726533
5164          26     55     144  123.438151  -20.561849
5165          26     56     143  121.236899  -21.763101
5166          26     57     142  128.932872  -13.067128
5167          26     58     141  131.024246   -9.975754
5168          26     59     140  126.128709  -13.871291
5169          26     60     139  129.236667   -9.763333
5170          26     61     138  125.477384  -12.522616
5171          26     62     137  132.512945   -4.487055
5172          26     63     136  119.795840  -16.204160
5173          26     64     135  122.082840  -12.917160
5174          26     65     134  127.365695   -6.634305
5175          26     66     133  127.003096   -5.996904
5176          26     67     132  125.752093   -6.247907
5177          26     68     131  124.448261   -6.551739
5178          26     69     130  126.470670   -3.529330
5179          26     70     129  124.887003   -4.112997
5180          26     71     128  122.119571   -5.880429
5181          26     72     127  114.540496  -12.459504
5182          26     73     126  110.280816  -15.719184
5183          26     74     125  112.428087  -12.571913
5184          26     75     124  109.123425  -14.876575
5185          26     76     123  101.300751  -21.699249
5186          26     77     122  123.024266    1.024266
5187          26     78     121  115.988830   -5.011170
5188          26     79     120  120.669600    0.669600
5189          26     80     119  111.150202   -7.849798
5190          26     81     118  118.472124    0.472124
5191          26     82     117  112.877426   -4.122574
5192          26     83     116  110.183430   -5.816570
5193          26     84     115  103.018813  -11.981187
5194          26     85     114  108.394056   -5.605944
5195          26     86     113  110.313124   -2.686876
5196          26     87     112  104.717024   -7.282976
5197          26     88     111  107.482056   -3.517944
5198          26     89     110   99.380074  -10.619926
5199          26     90     109  106.392535   -2.607465
5200          26     91     108  108.544431    0.544431
5201          26     92     107   94.880776  -12.119224
5202          26     93     106   94.730565  -11.269435
5203          26     94     105   90.763881  -14.236119
5204          26     95     104  106.257424    2.257424
5205          26     96     103  108.447476    5.447476
5206          26     97     102  101.267333   -0.732667
5207          26     98     101  106.078094    5.078094
5208          26     99     100   99.518379   -0.481621
5209          26    100      99   98.857849   -0.142151
5210          26    101      98   93.791796   -4.208204
5211          26    102      97   91.129280   -5.870720
5212          26    103      96   97.616766    1.616766
5213          26    104      95   98.548424    3.548424
5214          26    105      94   95.137406    1.137406
5215          26    106      93   94.320454    1.320454
5216          26    107      92   97.200654    5.200654
5217          26    108      91   87.936385   -3.063615
5218          26    109      90   89.434211   -0.565789
5219          26    110      89   92.837223    3.837223
5220          26    111      88   94.851790    6.851790
5221          26    112      87   89.964263    2.964263
5222          26    113      86   98.524945   12.524945
5223          26    114      85   88.967141    3.967141
5224          26    115      84   89.984856    5.984856
5225          26    116      83   79.256718   -3.743282
5226          26    117      82   90.887529    8.887529
5227          26    118      81   95.053443   14.053443
5228          26    119      80   97.526816   17.526816
5229          26    120      79   88.387833    9.387833
5230          26    121      78   83.588083    5.588083
5231          26    122      77   93.533459   16.533459
5232          26    123      76   76.811684    0.811684
5233          26    124      75   91.447889   16.447889
5234          26    125      74   78.065746    4.065746
5235          26    126      73   81.324394    8.324394
5236          26    127      72   78.444988    6.444988
5237          26    128      71   82.804560   11.804560
5238          26    129      70   81.632496   11.632496
5239          26    130      69   66.836252   -2.163748
5240          26    131      68   85.032813   17.032813
5241          26    132      67   72.096889    5.096889
5242          26    133      66   70.971222    4.971222
5243          26    134      65   73.697020    8.697020
5244          26    135      64   80.268709   16.268709
5245          26    136      63   73.207431   10.207431
5246          26    137      62   81.449614   19.449614
5247          26    138      61   69.127540    8.127540
5248          26    139      60   70.203461   10.203461
5249          26    140      59   71.529441   12.529441
5250          26    141      58   65.426969    7.426969
5251          26    142      57   66.472311    9.472311
5252          26    143      56   60.005931    4.005931
5253          26    144      55   67.648564   12.648564
5254          26    145      54   61.941595    7.941595
5255          26    146      53   54.463627    1.463627
5256          26    147      52   65.059361   13.059361
5257          26    148      51   52.680089    1.680089
5258          26    149      50   56.592980    6.592980
5259          26    150      49   50.451585    1.451585
5260          26    151      48   45.502460   -2.497540
5261          26    152      47   45.729221   -1.270779
5262          26    153      46   49.791162    3.791162
5263          26    154      45   43.129374   -1.870626
5264          26    155      44   45.520776    1.520776
5265          26    156      43   47.884447    4.884447
5266          26    157      42   44.004729    2.004729
5267          26    158      41   46.934644    5.934644
5268          26    159      40   41.982255    1.982255
5269          26    160      39   46.763020    7.763020
5270          26    161      38   43.479184    5.479184
5271          26    162      37   37.906459    0.906459
5272          26    163      36   37.995411    1.995411
5273          26    164      35   38.513793    3.513793
5274          26    165      34   34.637328    0.637328
5275          26    166      33   35.349230    2.349230
5276          26    167      32   35.177797    3.177797
5277          26    168      31   32.953095    1.953095
5278          26    169      30   33.587651    3.587651
5279          26    170      29   32.564132    3.564132
5280          26    171      28   35.774472    7.774472
5281          26    172      27   34.830672    7.830672
5282          26    173      26   31.592025    5.592025
5283          26    174      25   30.784033    5.784033
5284          26    175      24   28.208137    4.208137
5285          26    176      23   28.126894    5.126894
5286          26    177      22   28.578457    6.578457
5287          26    178      21   21.256748    0.256748
5288          26    179      20   19.848993   -0.151007
5289          26    180      19   17.006792   -1.993208
5290          26    181      18   19.585500    1.585500
5291          26    182      17   18.778398    1.778398
5292          26    183      16   20.193625    4.193625
5293          26    184      15   11.718778   -3.281222
5294          26    185      14   15.693162    1.693162
5295          26    186      13   13.429642    0.429642
5296          26    187      12   19.842467    7.842467
5297          26    188      11   13.053737    2.053737
5298          26    189      10   11.143777    1.143777
5299          26    190       9    7.505846   -1.494154
5300          26    191       8   12.431954    4.431954
5301          26    192       7    9.748044    2.748044
5302          26    193       6   10.292661    4.292661
5303          26    194       5    3.151074   -1.848926
5304          26    195       4    2.920364   -1.079636
5305          26    196       3    6.270763    3.270763
5306          26    197       2    3.684226    1.684226
5307          26    198       1   -0.237636   -1.237636
5308          26    199       0   22.473620   22.473620
5309          27      1     155  198.933601   43.933601
5310          27      2     154  167.032338   13.032338
5311          27      3     153  181.957772   28.957772
5312          27      4     152  172.065598   20.065598
5313          27      5     151  186.217802   35.217802
5314          27      6     150  180.159303   30.159303
5315          27      7     149  166.792525   17.792525
5316          27      8     148  177.140927   29.140927
5317          27      9     147  170.121566   23.121566
5318          27     10     146  169.303152   23.303152
5319          27     11     145  184.029895   39.029895
5320          27     12     144  174.422686   30.422686
5321          27     13     143  164.342395   21.342395
5322          27     14     142  172.379725   30.379725
5323          27     15     141  166.912989   25.912989
5324          27     16     140  159.949333   19.949333
5325          27     17     139  170.120444   31.120444
5326          27     18     138  171.209583   33.209583
5327          27     19     137  174.963413   37.963413
5328          27     20     136  170.158474   34.158474
5329          27     21     135  175.421964   40.421964
5330          27     22     134  160.084975   26.084975
5331          27     23     133  162.623376   29.623376
5332          27     24     132  148.220131   16.220131
5333          27     25     131  170.034716   39.034716
5334          27     26     130  171.095358   41.095358
5335          27     27     129  160.166006   31.166006
5336          27     28     128  169.361032   41.361032
5337          27     29     127  161.693958   34.693958
5338          27     30     126  156.615446   30.615446
5339          27     31     125  154.500172   29.500172
5340          27     32     124  150.124039   26.124039
5341          27     33     123  150.658705   27.658705
5342          27     34     122  167.018790   45.018790
5343          27     35     121  158.273522   37.273522
5344          27     36     120  152.425023   32.425023
5345          27     37     119  166.515059   47.515059
5346          27     38     118  151.718781   33.718781
5347          27     39     117  149.888470   32.888470
5348          27     40     116  141.802890   25.802890
5349          27     41     115  152.903478   37.903478
5350          27     42     114  146.661036   32.661036
5351          27     43     113  143.104035   30.104035
5352          27     44     112  147.989504   35.989504
5353          27     45     111  136.320329   25.320329
5354          27     46     110  150.795379   40.795379
5355          27     47     109  137.658019   28.658019
5356          27     48     108  133.969305   25.969305
5357          27     49     107  130.454455   23.454455
5358          27     50     106  127.163565   21.163565
5359          27     51     105  134.349970   29.349970
5360          27     52     104  130.201412   26.201412
5361          27     53     103  135.479819   32.479819
5362          27     54     102  127.563887   25.563887
5363          27     55     101  140.795844   39.795844
5364          27     56     100  137.538195   37.538195
5365          27     57      99  126.198359   27.198359
5366          27     58      98  131.673201   33.673201
5367          27     59      97  127.061581   30.061581
5368          27     60      96  126.601350   30.601350
5369          27     61      95  124.269107   29.269107
5370          27     62      94  136.376929   42.376929
5371          27     63      93  125.824192   32.824192
5372          27     64      92  134.533946   42.533946
5373          27     65      91  127.306219   36.306219
5374          27     66      90  118.919653   28.919653
5375          27     67      89  120.881756   31.881756
5376          27     68      88  121.240775   33.240775
5377          27     69      87  121.300197   34.300197
5378          27     70      86  122.648328   36.648328
5379          27     71      85  121.007136   36.007136
5380          27     72      84  122.420527   38.420527
5381          27     73      83  117.880597   34.880597
5382          27     74      82  129.475205   47.475205
5383          27     75      81  119.253004   38.253004
5384          27     76      80  121.759295   41.759295
5385          27     77      79  117.673791   38.673791
5386          27     78      78  113.145020   35.145020
5387          27     79      77  111.481015   34.481015
5388          27     80      76  110.620654   34.620654
5389          27     81      75  121.095151   46.095151
5390          27     82      74  112.817120   38.817120
5391          27     83      73  108.899428   35.899428
5392          27     84      72  106.769644   34.769644
5393          27     85      71  106.941249   35.941249
5394          27     86      70  107.155427   37.155427
5395          27     87      69  103.757729   34.757729
5396          27     88      68  101.440465   33.440465
5397          27     89      67   94.612947   27.612947
5398          27     90      66   95.830440   29.830440
5399          27     91      65   99.811315   34.811315
5400          27     92      64   93.436705   29.436705
5401          27     93      63   91.329421   28.329421
5402          27     94      62   90.280420   28.280420
5403          27     95      61   91.746978   30.746978
5404          27     96      60   78.851931   18.851931
5405          27     97      59   81.622074   22.622074
5406          27     98      58   76.675495   18.675495
5407          27     99      57   84.517079   27.517079
5408          27    100      56   85.344825   29.344825
5409          27    101      55   83.860180   28.860180
5410          27    102      54   70.565965   16.565965
5411          27    103      53   70.641872   17.641872
5412          27    104      52   78.722625   26.722625
5413          27    105      51   83.765453   32.765453
5414          27    106      50   75.297315   25.297315
5415          27    107      49   75.546156   26.546156
5416          27    108      48   80.282955   32.282955
5417          27    109      47   66.187004   19.187004
5418          27    110      46   64.841740   18.841740
5419          27    111      45   64.111168   19.111168
5420          27    112      44   56.543154   12.543154
5421          27    113      43   66.235152   23.235152
5422          27    114      42   63.962650   21.962650
5423          27    115      41   64.100603   23.100603
5424          27    116      40   62.647820   22.647820
5425          27    117      39   59.543200   20.543200
5426          27    118      38   52.671495   14.671495
5427          27    119      37   54.351159   17.351159
5428          27    120      36   51.567875   15.567875
5429          27    121      35   58.890491   23.890491
5430          27    122      34   56.515268   22.515268
5431          27    123      33   52.337702   19.337702
5432          27    124      32   48.059610   16.059610
5433          27    125      31   52.550215   21.550215
5434          27    126      30   43.940207   13.940207
5435          27    127      29   38.969575    9.969575
5436          27    128      28   35.300515    7.300515
5437          27    129      27   39.235779   12.235779
5438          27    130      26   40.078565   14.078565
5439          27    131      25   35.664964   10.664964
5440          27    132      24   36.224299   12.224299
5441          27    133      23   37.889355   14.889355
5442          27    134      22   35.829338   13.829338
5443          27    135      21   32.172552   11.172552
5444          27    136      20   31.491080   11.491080
5445          27    137      19   28.673206    9.673206
5446          27    138      18   24.148447    6.148447
5447          27    139      17   22.134784    5.134784
5448          27    140      16   16.409838    0.409838
5449          27    141      15   16.461423    1.461423
5450          27    142      14   15.291265    1.291265
5451          27    143      13    9.068033   -3.931967
5452          27    144      12    9.444458   -2.555542
5453          27    145      11    3.682458   -7.317542
5454          27    146      10    2.715472   -7.284528
5455          27    147       9   -0.925427   -9.925427
5456          27    148       8   -3.516885  -11.516885
5457          27    149       7   -4.509395  -11.509395
5458          27    150       6   -1.528464   -7.528464
5459          27    151       5   -2.640701   -7.640701
5460          27    152       4   -8.132533  -12.132533
5461          27    153       3   -8.270620  -11.270620
5462          27    154       2   -5.292244   -7.292244
5463          27    155       1  -12.029835  -13.029835
5464          27    156       0   -2.027131   -2.027131
5465          28      1     164  217.426241   53.426241
5466          28      2     163  202.374412   39.374412
5467          28      3     162  189.101123   27.101123
5468          28      4     161  195.734430   34.734430
5469          28      5     160  206.861358   46.861358
5470          28      6     159  200.180054   41.180054
5471          28      7     158  216.257388   58.257388
5472          28      8     157  203.373383   46.373383
5473          28      9     156  197.264618   41.264618
5474          28     10     155  194.642989   39.642989
5475          28     11     154  199.393369   45.393369
5476          28     12     153  194.094121   41.094121
5477          28     13     152  194.751960   42.751960
5478          28     14     151  205.709832   54.709832
5479          28     15     150  210.692198   60.692198
5480          28     16     149  197.419774   48.419774
5481          28     17     148  204.662917   56.662917
5482          28     18     147  180.760895   33.760895
5483          28     19     146  189.593423   43.593423
5484          28     20     145  179.738809   34.738809
5485          28     21     144  187.675883   43.675883
5486          28     22     143  189.480334   46.480334
5487          28     23     142  179.293149   37.293149
5488          28     24     141  189.182389   48.182389
5489          28     25     140  193.691148   53.691148
5490          28     26     139  192.939744   53.939744
5491          28     27     138  175.977109   37.977109
5492          28     28     137  183.089692   46.089692
5493          28     29     136  179.975037   43.975037
5494          28     30     135  185.372106   50.372106
5495          28     31     134  180.912594   46.912594
5496          28     32     133  183.983272   50.983272
5497          28     33     132  184.389291   52.389291
5498          28     34     131  167.628480   36.628480
5499          28     35     130  180.269407   50.269407
5500          28     36     129  182.421519   53.421519
5501          28     37     128  177.857123   49.857123
5502          28     38     127  174.210375   47.210375
5503          28     39     126  164.931193   38.931193
5504          28     40     125  165.177086   40.177086
5505          28     41     124  176.717199   52.717199
5506          28     42     123  174.022869   51.022869
5507          28     43     122  170.021878   48.021878
5508          28     44     121  170.376961   49.376961
5509          28     45     120  171.977199   51.977199
5510          28     46     119  170.030123   51.030123
5511          28     47     118  167.622465   49.622465
5512          28     48     117  179.993331   62.993331
5513          28     49     116  167.388745   51.388745
5514          28     50     115  172.297958   57.297958
5515          28     51     114  171.613883   57.613883
5516          28     52     113  160.931760   47.931760
5517          28     53     112  168.968668   56.968668
5518          28     54     111  163.147586   52.147586
5519          28     55     110  157.758751   47.758751
5520          28     56     109  171.935107   62.935107
5521          28     57     108  156.297344   48.297344
5522          28     58     107  155.501045   48.501045
5523          28     59     106  160.702519   54.702519
5524          28     60     105  155.261181   50.261181
5525          28     61     104  153.488450   49.488450
5526          28     62     103  157.879419   54.879419
5527          28     63     102  153.643242   51.643242
5528          28     64     101  148.581151   47.581151
5529          28     65     100  146.594752   46.594752
5530          28     66      99  143.390919   44.390919
5531          28     67      98  138.279141   40.279141
5532          28     68      97  146.407404   49.407404
5533          28     69      96  138.112348   42.112348
5534          28     70      95  146.708565   51.708565
5535          28     71      94  143.537087   49.537087
5536          28     72      93  145.132039   52.132039
5537          28     73      92  138.451971   46.451971
5538          28     74      91  142.783458   51.783458
5539          28     75      90  143.483436   53.483436
5540          28     76      89  143.828297   54.828297
5541          28     77      88  137.317415   49.317415
5542          28     78      87  129.216612   42.216612
5543          28     79      86  135.087347   49.087347
5544          28     80      85  135.477753   50.477753
5545          28     81      84  140.904341   56.904341
5546          28     82      83  131.004119   48.004119
5547          28     83      82  132.726438   50.726438
5548          28     84      81  125.175670   44.175670
5549          28     85      80  125.634989   45.634989
5550          28     86      79  122.420988   43.420988
5551          28     87      78  112.376306   34.376306
5552          28     88      77  119.806531   42.806531
5553          28     89      76  120.303498   44.303498
5554          28     90      75  113.982839   38.982839
5555          28     91      74  115.549288   41.549288
5556          28     92      73  108.046706   35.046706
5557          28     93      72  111.375106   39.375106
5558          28     94      71  112.720299   41.720299
5559          28     95      70  107.372006   37.372006
5560          28     96      69  107.114983   38.114983
5561          28     97      68  110.076927   42.076927
5562          28     98      67  102.122321   35.122321
5563          28     99      66  112.184090   46.184090
5564          28    100      65  102.879022   37.879022
5565          28    101      64   99.731442   35.731442
5566          28    102      63  100.959576   37.959576
5567          28    103      62  105.368194   43.368194
5568          28    104      61  101.083025   40.083025
5569          28    105      60   93.752010   33.752010
5570          28    106      59   92.433990   33.433990
5571          28    107      58   85.842681   27.842681
5572          28    108      57   93.226767   36.226767
5573          28    109      56   95.178630   39.178630
5574          28    110      55   88.967546   33.967546
5575          28    111      54   82.405964   28.405964
5576          28    112      53   87.815602   34.815602
5577          28    113      52   83.293640   31.293640
5578          28    114      51   85.361947   34.361947
5579          28    115      50   74.294566   24.294566
5580          28    116      49   83.900682   34.900682
5581          28    117      48   84.190290   36.190290
5582          28    118      47   80.469883   33.469883
5583          28    119      46   71.806183   25.806183
5584          28    120      45   84.433305   39.433305
5585          28    121      44   72.394515   28.394515
5586          28    122      43   76.266453   33.266453
5587          28    123      42   75.347920   33.347920
5588          28    124      41   73.860588   32.860588
5589          28    125      40   67.887656   27.887656
5590          28    126      39   62.861204   23.861204
5591          28    127      38   60.021044   22.021044
5592          28    128      37   53.168025   16.168025
5593          28    129      36   52.722316   16.722316
5594          28    130      35   50.499382   15.499382
5595          28    131      34   48.700735   14.700735
5596          28    132      33   40.622886    7.622886
5597          28    133      32   35.546022    3.546022
5598          28    134      31   29.856078   -1.143922
5599          28    135      30   30.966031    0.966031
5600          28    136      29   28.299168   -0.700832
5601          28    137      28   26.192781   -1.807219
5602          28    138      27   16.921022  -10.078978
5603          28    139      26   20.048595   -5.951405
5604          28    140      25   14.203609  -10.796391
5605          28    141      24   16.238284   -7.761716
5606          28    142      23   11.087722  -11.912278
5607          28    143      22    9.401957  -12.598043
5608          28    144      21    9.122983  -11.877017
5609          28    145      20    4.755931  -15.244069
5610          28    146      19   -1.545224  -20.545224
5611          28    147      18   -1.901878  -19.901878
5612          28    148      17   -5.014654  -22.014654
5613          28    149      16   -4.954720  -20.954720
5614          28    150      15   -9.101140  -24.101140
5615          28    151      14  -12.683103  -26.683103
5616          28    152      13  -13.493409  -26.493409
5617          28    153      12  -17.815833  -29.815833
5618          28    154      11  -19.649643  -30.649643
5619          28    155      10  -22.272488  -32.272488
5620          28    156       9  -23.275372  -32.275372
5621          28    157       8  -18.164845  -26.164845
5622          28    158       7  -21.510387  -28.510387
5623          28    159       6  -23.962341  -29.962341
5624          28    160       5  -20.962109  -25.962109
5625          28    161       4  -22.065622  -26.065622
5626          28    162       3  -19.471111  -22.471111
5627          28    163       2  -25.233625  -27.233625
5628          28    164       1  -26.541106  -27.541106
5629          28    165       0  -30.702028  -30.702028
5630          29      1     162  174.829042   12.829042
5631          29      2     161  139.941516  -21.058484
5632          29      3     160  159.667221   -0.332779
5633          29      4     159  152.973843   -6.026157
5634          29      5     158  150.488082   -7.511918
5635          29      6     157  169.351662   12.351662
5636          29      7     156  179.012803   23.012803
5637          29      8     155  185.461400   30.461400
5638          29      9     154  178.042111   24.042111
5639          29     10     153  183.441658   30.441658
5640          29     11     152  179.890660   27.890660
5641          29     12     151  176.433601   25.433601
5642          29     13     150  178.142880   28.142880
5643          29     14     149  186.915611   37.915611
5644          29     15     148  191.870175   43.870175
5645          29     16     147  188.728213   41.728213
5646          29     17     146  174.151087   28.151087
5647          29     18     145  180.386143   35.386143
5648          29     19     144  179.527210   35.527210
5649          29     20     143  167.474710   24.474710
5650          29     21     142  173.742936   31.742936
5651          29     22     141  175.930033   34.930033
5652          29     23     140  169.030694   29.030694
5653          29     24     139  167.554322   28.554322
5654          29     25     138  160.487766   22.487766
5655          29     26     137  163.680254   26.680254
5656          29     27     136  158.261740   22.261740
5657          29     28     135  169.943238   34.943238
5658          29     29     134  158.489712   24.489712
5659          29     30     133  151.310634   18.310634
5660          29     31     132  160.095561   28.095561
5661          29     32     131  148.545572   17.545572
5662          29     33     130  154.868952   24.868952
5663          29     34     129  157.544896   28.544896
5664          29     35     128  161.967854   33.967854
5665          29     36     127  151.980206   24.980206
5666          29     37     126  151.250055   25.250055
5667          29     38     125  143.234406   18.234406
5668          29     39     124  139.020689   15.020689
5669          29     40     123  150.230096   27.230096
5670          29     41     122  157.060814   35.060814
5671          29     42     121  147.106572   26.106572
5672          29     43     120  146.977790   26.977790
5673          29     44     119  144.990367   25.990367
5674          29     45     118  132.573410   14.573410
5675          29     46     117  138.455686   21.455686
5676          29     47     116  134.135795   18.135795
5677          29     48     115  134.882671   19.882671
5678          29     49     114  135.519788   21.519788
5679          29     50     113  144.896848   31.896848
5680          29     51     112  137.690876   25.690876
5681          29     52     111  137.254663   26.254663
5682          29     53     110  127.111930   17.111930
5683          29     54     109  129.316977   20.316977
5684          29     55     108  130.018002   22.018002
5685          29     56     107  118.012173   11.012173
5686          29     57     106  127.355798   21.355798
5687          29     58     105  132.391157   27.391157
5688          29     59     104  128.719423   24.719423
5689          29     60     103  129.749589   26.749589
5690          29     61     102  122.877946   20.877946
5691          29     62     101  115.488546   14.488546
5692          29     63     100  112.815183   12.815183
5693          29     64      99  129.468294   30.468294
5694          29     65      98  127.018905   29.018905
5695          29     66      97  122.439789   25.439789
5696          29     67      96  116.253098   20.253098
5697          29     68      95  105.872395   10.872395
5698          29     69      94  114.271105   20.271105
5699          29     70      93  117.211271   24.211271
5700          29     71      92  104.541741   12.541741
5701          29     72      91  115.967619   24.967619
5702          29     73      90  115.701306   25.701306
5703          29     74      89  112.742435   23.742435
5704          29     75      88  110.790070   22.790070
5705          29     76      87  101.958147   14.958147
5706          29     77      86  106.665037   20.665037
5707          29     78      85  112.137111   27.137111
5708          29     79      84  101.095830   17.095830
5709          29     80      83  114.081061   31.081061
5710          29     81      82  104.779194   22.779194
5711          29     82      81   99.937354   18.937354
5712          29     83      80  107.088798   27.088798
5713          29     84      79   99.080155   20.080155
5714          29     85      78   97.165547   19.165547
5715          29     86      77   94.564716   17.564716
5716          29     87      76  100.736609   24.736609
5717          29     88      75   92.640600   17.640600
5718          29     89      74  100.277396   26.277396
5719          29     90      73   88.928235   15.928235
5720          29     91      72  101.091865   29.091865
5721          29     92      71   92.261341   21.261341
5722          29     93      70   94.504084   24.504084
5723          29     94      69  100.781068   31.781068
5724          29     95      68   94.733162   26.733162
5725          29     96      67   94.163561   27.163561
5726          29     97      66   89.380713   23.380713
5727          29     98      65   86.729072   21.729072
5728          29     99      64   92.589992   28.589992
5729          29    100      63   91.145883   28.145883
5730          29    101      62   87.020761   25.020761
5731          29    102      61   82.470555   21.470555
5732          29    103      60   98.796982   38.796982
5733          29    104      59   83.623702   24.623702
5734          29    105      58   85.642981   27.642981
5735          29    106      57   90.652327   33.652327
5736          29    107      56   88.770673   32.770673
5737          29    108      55   75.651069   20.651069
5738          29    109      54   77.244227   23.244227
5739          29    110      53   80.095934   27.095934
5740          29    111      52   71.872988   19.872988
5741          29    112      51   80.876911   29.876911
5742          29    113      50   77.681412   27.681412
5743          29    114      49   71.574934   22.574934
5744          29    115      48   69.696475   21.696475
5745          29    116      47   73.267196   26.267196
5746          29    117      46   69.430400   23.430400
5747          29    118      45   63.723401   18.723401
5748          29    119      44   62.316213   18.316213
5749          29    120      43   57.261681   14.261681
5750          29    121      42   60.588893   18.588893
5751          29    122      41   60.186750   19.186750
5752          29    123      40   61.522008   21.522008
5753          29    124      39   59.993805   20.993805
5754          29    125      38   56.288323   18.288323
5755          29    126      37   56.899288   19.899288
5756          29    127      36   58.782343   22.782343
5757          29    128      35   53.156747   18.156747
5758          29    129      34   47.539813   13.539813
5759          29    130      33   40.958172    7.958172
5760          29    131      32   44.787476   12.787476
5761          29    132      31   36.598603    5.598603
5762          29    133      30   35.747054    5.747054
5763          29    134      29   38.336536    9.336536
5764          29    135      28   33.203256    5.203256
5765          29    136      27   30.332099    3.332099
5766          29    137      26   30.496244    4.496244
5767          29    138      25   25.056663    0.056663
5768          29    139      24   21.523176   -2.476824
5769          29    140      23   25.389331    2.389331
5770          29    141      22   21.352894   -0.647106
5771          29    142      21   16.927885   -4.072115
5772          29    143      20   16.092590   -3.907410
5773          29    144      19   12.226488   -6.773512
5774          29    145      18   13.003540   -4.996460
5775          29    146      17   13.390046   -3.609954
5776          29    147      16    9.277808   -6.722192
5777          29    148      15   11.480436   -3.519564
5778          29    149      14   12.219441   -1.780559
5779          29    150      13   16.035028    3.035028
5780          29    151      12    0.516638  -11.483362
5781          29    152      11   -3.232218  -14.232218
5782          29    153      10   -4.048062  -14.048062
5783          29    154       9    3.680223   -5.319777
5784          29    155       8    2.286295   -5.713705
5785          29    156       7   -5.169057  -12.169057
5786          29    157       6   -7.996101  -13.996101
5787          29    158       5    3.940664   -1.059336
5788          29    159       4   -1.229812   -5.229812
5789          29    160       3   -2.333176   -5.333176
5790          29    161       2   -8.355368  -10.355368
5791          29    162       1   -7.648305   -8.648305
5792          29    163       0   -7.139507   -7.139507
5793          30      1     193  219.217740   26.217740
5794          30      2     192  207.796372   15.796372
5795          30      3     191  203.197540   12.197540
5796          30      4     190  208.125065   18.125065
5797          30      5     189  215.240045   26.240045
5798          30      6     188  220.207139   32.207139
5799          30      7     187  207.686033   20.686033
5800          30      8     186  208.991443   22.991443
5801          30      9     185  208.825988   23.825988
5802          30     10     184  203.111713   19.111713
5803          30     11     183  221.507396   38.507396
5804          30     12     182  195.991442   13.991442
5805          30     13     181  205.936754   24.936754
5806          30     14     180  206.514933   26.514933
5807          30     15     179  205.884677   26.884677
5808          30     16     178  202.741769   24.741769
5809          30     17     177  192.487676   15.487676
5810          30     18     176  204.673273   28.673273
5811          30     19     175  205.739046   30.739046
5812          30     20     174  199.981683   25.981683
5813          30     21     173  193.724205   20.724205
5814          30     22     172  196.180232   24.180232
5815          30     23     171  202.981286   31.981286
5816          30     24     170  197.359914   27.359914
5817          30     25     169  196.999457   27.999457
5818          30     26     168  198.579763   30.579763
5819          30     27     167  207.488252   40.488252
5820          30     28     166  202.225011   36.225011
5821          30     29     165  198.974006   33.974006
5822          30     30     164  194.627969   30.627969
5823          30     31     163  188.336343   25.336343
5824          30     32     162  193.764206   31.764206
5825          30     33     161  200.349353   39.349353
5826          30     34     160  177.260747   17.260747
5827          30     35     159  186.408367   27.408367
5828          30     36     158  179.912522   21.912522
5829          30     37     157  186.344145   29.344145
5830          30     38     156  174.405365   18.405365
5831          30     39     155  173.169348   18.169348
5832          30     40     154  173.588338   19.588338
5833          30     41     153  178.118331   25.118331
5834          30     42     152  161.562213    9.562213
5835          30     43     151  168.380434   17.380434
5836          30     44     150  173.917793   23.917793
5837          30     45     149  176.934593   27.934593
5838          30     46     148  175.978228   27.978228
5839          30     47     147  177.502250   30.502250
5840          30     48     146  168.048514   22.048514
5841          30     49     145  164.206698   19.206698
5842          30     50     144  159.359117   15.359117
5843          30     51     143  165.289398   22.289398
5844          30     52     142  175.516466   33.516466
5845          30     53     141  178.673894   37.673894
5846          30     54     140  157.934008   17.934008
5847          30     55     139  172.233572   33.233572
5848          30     56     138  161.027257   23.027257
5849          30     57     137  162.688963   25.688963
5850          30     58     136  164.173721   28.173721
5851          30     59     135  159.758617   24.758617
5852          30     60     134  170.450172   36.450172
5853          30     61     133  161.357433   28.357433
5854          30     62     132  156.119815   24.119815
5855          30     63     131  155.127060   24.127060
5856          30     64     130  159.179920   29.179920
5857          30     65     129  149.724245   20.724245
5858          30     66     128  154.699344   26.699344
5859          30     67     127  158.559120   31.559120
5860          30     68     126  144.587448   18.587448
5861          30     69     125  151.861244   26.861244
5862          30     70     124  143.504607   19.504607
5863          30     71     123  146.731432   23.731432
5864          30     72     122  140.925145   18.925145
5865          30     73     121  146.957183   25.957183
5866          30     74     120  136.790971   16.790971
5867          30     75     119  133.409783   14.409783
5868          30     76     118  137.735546   19.735546
5869          30     77     117  138.570948   21.570948
5870          30     78     116  132.134594   16.134594
5871          30     79     115  129.056126   14.056126
5872          30     80     114  136.799779   22.799779
5873          30     81     113  130.770671   17.770671
5874          30     82     112  134.339621   22.339621
5875          30     83     111  129.122733   18.122733
5876          30     84     110  133.116976   23.116976
5877          30     85     109  134.725656   25.725656
5878          30     86     108  131.269254   23.269254
5879          30     87     107  129.573007   22.573007
5880          30     88     106  142.067720   36.067720
5881          30     89     105  131.690372   26.690372
5882          30     90     104  134.555065   30.555065
5883          30     91     103  132.922931   29.922931
5884          30     92     102  128.055334   26.055334
5885          30     93     101  127.647768   26.647768
5886          30     94     100  135.614185   35.614185
5887          30     95      99  133.485435   34.485435
5888          30     96      98  133.255232   35.255232
5889          30     97      97  126.115149   29.115149
5890          30     98      96  128.977660   32.977660
5891          30     99      95  119.916530   24.916530
5892          30    100      94  120.639796   26.639796
5893          30    101      93  124.605997   31.605997
5894          30    102      92  132.081054   40.081054
5895          30    103      91  128.150140   37.150140
5896          30    104      90  123.390400   33.390400
5897          30    105      89  117.835059   28.835059
5898          30    106      88  108.065569   20.065569
5899          30    107      87  118.852564   31.852564
5900          30    108      86  127.246196   41.246196
5901          30    109      85  114.664384   29.664384
5902          30    110      84  108.783918   24.783918
5903          30    111      83  114.405144   31.405144
5904          30    112      82  114.503120   32.503120
5905          30    113      81  121.506070   40.506070
5906          30    114      80  115.539853   35.539853
5907          30    115      79  118.999725   39.999725
5908          30    116      78  109.400427   31.400427
5909          30    117      77  113.074309   36.074309
5910          30    118      76  125.792099   49.792099
5911          30    119      75  128.984222   53.984222
5912          30    120      74  120.889010   46.889010
5913          30    121      73  128.243622   55.243622
5914          30    122      72  111.506865   39.506865
5915          30    123      71  104.816339   33.816339
5916          30    124      70  121.726994   51.726994
5917          30    125      69  106.293128   37.293128
5918          30    126      68  108.126493   40.126493
5919          30    127      67  105.510861   38.510861
5920          30    128      66  104.526852   38.526852
5921          30    129      65   98.287841   33.287841
5922          30    130      64   99.762442   35.762442
5923          30    131      63   89.946518   26.946518
5924          30    132      62  103.212688   41.212688
5925          30    133      61   97.942826   36.942826
5926          30    134      60   98.030183   38.030183
5927          30    135      59   92.288268   33.288268
5928          30    136      58   95.178396   37.178396
5929          30    137      57   93.805884   36.805884
5930          30    138      56   78.552546   22.552546
5931          30    139      55   78.252238   23.252238
5932          30    140      54   93.006047   39.006047
5933          30    141      53   92.318314   39.318314
5934          30    142      52   81.877573   29.877573
5935          30    143      51   84.928775   33.928775
5936          30    144      50   77.638332   27.638332
5937          30    145      49   75.644771   26.644771
5938          30    146      48   74.666064   26.666064
5939          30    147      47   68.255402   21.255402
5940          30    148      46   61.692000   15.692000
5941          30    149      45   74.850732   29.850732
5942          30    150      44   59.254390   15.254390
5943          30    151      43   52.397074    9.397074
5944          30    152      42   52.574398   10.574398
5945          30    153      41   47.748203    6.748203
5946          30    154      40   53.721631   13.721631
5947          30    155      39   55.361296   16.361296
5948          30    156      38   47.440129    9.440129
5949          30    157      37   45.134725    8.134725
5950          30    158      36   46.164143   10.164143
5951          30    159      35   34.793963   -0.206037
5952          30    160      34   41.145306    7.145306
5953          30    161      33   36.983786    3.983786
5954          30    162      32   42.182569   10.182569
5955          30    163      31   43.444238   12.444238
5956          30    164      30   36.476403    6.476403
5957          30    165      29   29.369946    0.369946
5958          30    166      28   31.428223    3.428223
5959          30    167      27   36.048005    9.048005
5960          30    168      26   27.080609    1.080609
5961          30    169      25   24.353504   -0.646496
5962          30    170      24   18.117470   -5.882530
5963          30    171      23   20.020009   -2.979991
5964          30    172      22   23.220370    1.220370
5965          30    173      21   11.119276   -9.880724
5966          30    174      20    6.302871  -13.697129
5967          30    175      19    6.149646  -12.850354
5968          30    176      18    5.243665  -12.756335
5969          30    177      17   -4.120789  -21.120789
5970          30    178      16   -2.521986  -18.521986
5971          30    179      15   -0.570197  -15.570197
5972          30    180      14   -9.154045  -23.154045
5973          30    181      13   -7.862223  -20.862223
5974          30    182      12   -9.930203  -21.930203
5975          30    183      11   -9.924393  -20.924393
5976          30    184      10  -17.836039  -27.836039
5977          30    185       9  -16.090840  -25.090840
5978          30    186       8  -18.101256  -26.101256
5979          30    187       7  -22.340915  -29.340915
5980          30    188       6  -20.549306  -26.549306
5981          30    189       5  -23.348052  -28.348052
5982          30    190       4  -23.365127  -27.365127
5983          30    191       3  -25.951200  -28.951200
5984          30    192       2  -28.654779  -30.654779
5985          30    193       1  -20.064005  -21.064005
5986          30    194       0   -9.108966   -9.108966
5987          31      1     233  229.304660   -3.695340
5988          31      2     232  240.087845    8.087845
5989          31      3     231  226.880284   -4.119716
5990          31      4     230  226.561617   -3.438383
5991          31      5     229  216.163588  -12.836412
5992          31      6     228  211.971297  -16.028703
5993          31      7     227  205.814833  -21.185167
5994          31      8     226  196.893918  -29.106082
5995          31      9     225  202.457054  -22.542946
5996          31     10     224  213.165046  -10.834954
5997          31     11     223  206.882248  -16.117752
5998          31     12     222  211.551969  -10.448031
5999          31     13     221  205.687250  -15.312750
6000          31     14     220  207.932540  -12.067460
6001          31     15     219  213.247759   -5.752241
6002          31     16     218  211.280607   -6.719393
6003          31     17     217  207.669468   -9.330532
6004          31     18     216  212.750125   -3.249875
6005          31     19     215  208.084867   -6.915133
6006          31     20     214  204.878057   -9.121943
6007          31     21     213  201.007306  -11.992694
6008          31     22     212  202.370051   -9.629949
6009          31     23     211  197.283630  -13.716370
6010          31     24     210  209.808246   -0.191754
6011          31     25     209  193.244644  -15.755356
6012          31     26     208  194.069659  -13.930341
6013          31     27     207  194.130253  -12.869747
6014          31     28     206  192.535816  -13.464184
6015          31     29     205  189.960448  -15.039552
6016          31     30     204  174.993210  -29.006790
6017          31     31     203  188.775139  -14.224861
6018          31     32     202  183.431903  -18.568097
6019          31     33     201  181.432759  -19.567241
6020          31     34     200  182.029709  -17.970291
6021          31     35     199  180.461001  -18.538999
6022          31     36     198  192.754213   -5.245787
6023          31     37     197  189.403844   -7.596156
6024          31     38     196  187.662468   -8.337532
6025          31     39     195  190.870054   -4.129946
6026          31     40     194  182.293147  -11.706853
6027          31     41     193  185.215858   -7.784142
6028          31     42     192  177.497698  -14.502302
6029          31     43     191  196.616395    5.616395
6030          31     44     190  192.232870    2.232870
6031          31     45     189  182.356913   -6.643087
6032          31     46     188  184.675663   -3.324337
6033          31     47     187  177.501825   -9.498175
6034          31     48     186  188.216499    2.216499
6035          31     49     185  177.643402   -7.356598
6036          31     50     184  177.323309   -6.676691
6037          31     51     183  166.040745  -16.959255
6038          31     52     182  169.271201  -12.728799
6039          31     53     181  162.146235  -18.853765
6040          31     54     180  170.652285   -9.347715
6041          31     55     179  174.347632   -4.652368
6042          31     56     178  174.160565   -3.839435
6043          31     57     177  176.473594   -0.526406
6044          31     58     176  165.620104  -10.379896
6045          31     59     175  159.191417  -15.808583
6046          31     60     174  170.274201   -3.725799
6047          31     61     173  166.277234   -6.722766
6048          31     62     172  165.351839   -6.648161
6049          31     63     171  165.050403   -5.949597
6050          31     64     170  162.810680   -7.189320
6051          31     65     169  168.682530   -0.317470
6052          31     66     168  153.471986  -14.528014
6053          31     67     167  159.631391   -7.368609
6054          31     68     166  157.013623   -8.986377
6055          31     69     165  167.862632    2.862632
6056          31     70     164  158.097367   -5.902633
6057          31     71     163  155.969094   -7.030906
6058          31     72     162  160.807187   -1.192813
6059          31     73     161  150.091997  -10.908003
6060          31     74     160  152.079692   -7.920308
6061          31     75     159  137.800875  -21.199125
6062          31     76     158  150.092524   -7.907476
6063          31     77     157  147.483779   -9.516221
6064          31     78     156  139.791168  -16.208832
6065          31     79     155  150.153637   -4.846363
6066          31     80     154  139.976800  -14.023200
6067          31     81     153  141.656770  -11.343230
6068          31     82     152  127.571129  -24.428871
6069          31     83     151  134.697033  -16.302967
6070          31     84     150  137.283062  -12.716938
6071          31     85     149  142.881142   -6.118858
6072          31     86     148  139.809574   -8.190426
6073          31     87     147  139.545043   -7.454957
6074          31     88     146  140.373782   -5.626218
6075          31     89     145  138.749246   -6.250754
6076          31     90     144  131.431505  -12.568495
6077          31     91     143  132.529578  -10.470422
6078          31     92     142  131.726422  -10.273578
6079          31     93     141  150.050520    9.050520
6080          31     94     140  127.172104  -12.827896
6081          31     95     139  132.859719   -6.140281
6082          31     96     138  140.408865    2.408865
6083          31     97     137  131.869863   -5.130137
6084          31     98     136  148.844058   12.844058
6085          31     99     135  132.359816   -2.640184
6086          31    100     134  140.156028    6.156028
6087          31    101     133  134.215289    1.215289
6088          31    102     132  126.653962   -5.346038
6089          31    103     131  127.423058   -3.576942
6090          31    104     130  143.544066   13.544066
6091          31    105     129  133.648267    4.648267
6092          31    106     128  137.458164    9.458164
6093          31    107     127  135.213219    8.213219
6094          31    108     126  142.835775   16.835775
6095          31    109     125  145.038369   20.038369
6096          31    110     124  141.411107   17.411107
6097          31    111     123  123.992947    0.992947
6098          31    112     122  131.954201    9.954201
6099          31    113     121  139.343795   18.343795
6100          31    114     120  139.705082   19.705082
6101          31    115     119  133.091063   14.091063
6102          31    116     118  127.721097    9.721097
6103          31    117     117  131.005092   14.005092
6104          31    118     116  128.019951   12.019951
6105          31    119     115  119.676943    4.676943
6106          31    120     114  129.324313   15.324313
6107          31    121     113  132.755279   19.755279
6108          31    122     112  133.079418   21.079418
6109          31    123     111  125.788056   14.788056
6110          31    124     110  126.831134   16.831134
6111          31    125     109  116.671681    7.671681
6112          31    126     108  127.620090   19.620090
6113          31    127     107  116.263675    9.263675
6114          31    128     106  130.198023   24.198023
6115          31    129     105  118.525351   13.525351
6116          31    130     104  125.468793   21.468793
6117          31    131     103  119.235128   16.235128
6118          31    132     102  121.905198   19.905198
6119          31    133     101  125.280942   24.280942
6120          31    134     100  104.637054    4.637054
6121          31    135      99  109.855655   10.855655
6122          31    136      98  110.584832   12.584832
6123          31    137      97  111.463681   14.463681
6124          31    138      96  108.794595   12.794595
6125          31    139      95  111.697231   16.697231
6126          31    140      94  106.842800   12.842800
6127          31    141      93  113.359469   20.359469
6128          31    142      92  116.902872   24.902872
6129          31    143      91  107.613020   16.613020
6130          31    144      90  112.090367   22.090367
6131          31    145      89   98.502803    9.502803
6132          31    146      88  105.922184   17.922184
6133          31    147      87   99.819133   12.819133
6134          31    148      86   99.059760   13.059760
6135          31    149      85  105.007377   20.007377
6136          31    150      84  107.416756   23.416756
6137          31    151      83   92.776128    9.776128
6138          31    152      82  105.059238   23.059238
6139          31    153      81   96.588519   15.588519
6140          31    154      80   97.698602   17.698602
6141          31    155      79   92.820360   13.820360
6142          31    156      78   92.482099   14.482099
6143          31    157      77   91.860175   14.860175
6144          31    158      76   90.403452   14.403452
6145          31    159      75   87.142562   12.142562
6146          31    160      74   90.473086   16.473086
6147          31    161      73   77.818178    4.818178
6148          31    162      72   92.108960   20.108960
6149          31    163      71   89.545141   18.545141
6150          31    164      70   92.088530   22.088530
6151          31    165      69   81.393017   12.393017
6152          31    166      68   85.568192   17.568192
6153          31    167      67   69.347109    2.347109
6154          31    168      66   83.642087   17.642087
6155          31    169      65   78.748982   13.748982
6156          31    170      64   75.129822   11.129822
6157          31    171      63   83.047332   20.047332
6158          31    172      62   77.541004   15.541004
6159          31    173      61   75.117828   14.117828
6160          31    174      60   72.663457   12.663457
6161          31    175      59   66.581743    7.581743
6162          31    176      58   63.268376    5.268376
6163          31    177      57   65.708311    8.708311
6164          31    178      56   70.109347   14.109347
6165          31    179      55   56.179167    1.179167
6166          31    180      54   70.918366   16.918366
6167          31    181      53   59.277625    6.277625
6168          31    182      52   60.846325    8.846325
6169          31    183      51   70.484974   19.484974
6170          31    184      50   57.675069    7.675069
6171          31    185      49   54.262167    5.262167
6172          31    186      48   57.410919    9.410919
6173          31    187      47   63.903626   16.903626
6174          31    188      46   52.650766    6.650766
6175          31    189      45   58.707305   13.707305
6176          31    190      44   53.732276    9.732276
6177          31    191      43   53.072095   10.072095
6178          31    192      42   61.603250   19.603250
6179          31    193      41   48.810795    7.810795
6180          31    194      40   48.607709    8.607709
6181          31    195      39   48.525602    9.525602
6182          31    196      38   44.575257    6.575257
6183          31    197      37   41.715896    4.715896
6184          31    198      36   41.499300    5.499300
6185          31    199      35   39.619010    4.619010
6186          31    200      34   35.854780    1.854780
6187          31    201      33   25.902713   -7.097287
6188          31    202      32   33.195399    1.195399
6189          31    203      31   21.918569   -9.081431
6190          31    204      30   24.904425   -5.095575
6191          31    205      29   17.031163  -11.968837
6192          31    206      28   14.521787  -13.478213
6193          31    207      27   14.524965  -12.475035
6194          31    208      26   12.180456  -13.819544
6195          31    209      25    9.387327  -15.612673
6196          31    210      24    9.512203  -14.487797
6197          31    211      23    6.123492  -16.876508
6198          31    212      22    0.694933  -21.305067
6199          31    213      21    4.832965  -16.167035
6200          31    214      20   -3.111070  -23.111070
6201          31    215      19   -2.703162  -21.703162
6202          31    216      18    2.218408  -15.781592
6203          31    217      17   -2.669318  -19.669318
6204          31    218      16   -3.230799  -19.230799
6205          31    219      15   -6.695743  -21.695743
6206          31    220      14  -12.278848  -26.278848
6207          31    221      13   -8.068597  -21.068597
6208          31    222      12   -8.266395  -20.266395
6209          31    223      11   -2.327212  -13.327212
6210          31    224      10   -8.749098  -18.749098
6211          31    225       9  -13.319405  -22.319405
6212          31    226       8  -15.893376  -23.893376
6213          31    227       7   -9.844338  -16.844338
6214          31    228       6  -14.489458  -20.489458
6215          31    229       5    2.058988   -2.941012
6216          31    230       4  -12.566553  -16.566553
6217          31    231       3   -9.803525  -12.803525
6218          31    232       2  -18.402731  -20.402731
6219          31    233       1  -18.580471  -19.580471
6220          31    234       0  -13.307897  -13.307897
6221          32      1     190  183.562833   -6.437167
6222          32      2     189  181.624762   -7.375238
6223          32      3     188  185.800463   -2.199537
6224          32      4     187  184.808273   -2.191727
6225          32      5     186  173.842572  -12.157428
6226          32      6     185  177.954120   -7.045880
6227          32      7     184  155.766942  -28.233058
6228          32      8     183  154.945328  -28.054672
6229          32      9     182  165.193804  -16.806196
6230          32     10     181  152.960966  -28.039034
6231          32     11     180  160.622548  -19.377452
6232          32     12     179  162.149845  -16.850155
6233          32     13     178  154.191787  -23.808213
6234          32     14     177  154.332453  -22.667547
6235          32     15     176  145.723345  -30.276655
6236          32     16     175  155.653096  -19.346904
6237          32     17     174  146.790833  -27.209167
6238          32     18     173  155.571132  -17.428868
6239          32     19     172  167.666872   -4.333128
6240          32     20     171  147.153123  -23.846877
6241          32     21     170  140.492066  -29.507934
6242          32     22     169  161.830239   -7.169761
6243          32     23     168  155.709069  -12.290931
6244          32     24     167  155.613409  -11.386591
6245          32     25     166  149.558550  -16.441450
6246          32     26     165  154.009180  -10.990820
6247          32     27     164  141.946964  -22.053036
6248          32     28     163  152.463957  -10.536043
6249          32     29     162  148.334452  -13.665548
6250          32     30     161  148.451332  -12.548668
6251          32     31     160  154.950223   -5.049777
6252          32     32     159  147.663000  -11.337000
6253          32     33     158  155.624866   -2.375134
6254          32     34     157  140.319575  -16.680425
6255          32     35     156  142.975025  -13.024975
6256          32     36     155  154.082663   -0.917337
6257          32     37     154  142.361551  -11.638449
6258          32     38     153  142.700764  -10.299236
6259          32     39     152  152.854757    0.854757
6260          32     40     151  146.320430   -4.679570
6261          32     41     150  143.721472   -6.278528
6262          32     42     149  137.969043  -11.030957
6263          32     43     148  139.395316   -8.604684
6264          32     44     147  136.490166  -10.509834
6265          32     45     146  144.396646   -1.603354
6266          32     46     145  139.548868   -5.451132
6267          32     47     144  140.686732   -3.313268
6268          32     48     143  146.779039    3.779039
6269          32     49     142  123.377882  -18.622118
6270          32     50     141  139.756826   -1.243174
6271          32     51     140  142.308604    2.308604
6272          32     52     139  123.030324  -15.969676
6273          32     53     138  129.747741   -8.252259
6274          32     54     137  137.991571    0.991571
6275          32     55     136  129.364294   -6.635706
6276          32     56     135  129.003193   -5.996807
6277          32     57     134  126.404962   -7.595038
6278          32     58     133  121.037629  -11.962371
6279          32     59     132  120.894909  -11.105091
6280          32     60     131  123.466730   -7.533270
6281          32     61     130  123.290333   -6.709667
6282          32     62     129  124.340672   -4.659328
6283          32     63     128  119.189894   -8.810106
6284          32     64     127  115.660311  -11.339689
6285          32     65     126  115.883044  -10.116956
6286          32     66     125  105.748791  -19.251209
6287          32     67     124  111.570212  -12.429788
6288          32     68     123  106.573545  -16.426455
6289          32     69     122  117.628117   -4.371883
6290          32     70     121  122.881925    1.881925
6291          32     71     120  117.674651   -2.325349
6292          32     72     119  106.133661  -12.866339
6293          32     73     118  111.017049   -6.982951
6294          32     74     117  117.726069    0.726069
6295          32     75     116  109.770953   -6.229047
6296          32     76     115  118.125753    3.125753
6297          32     77     114  117.216600    3.216600
6298          32     78     113  113.084685    0.084685
6299          32     79     112  110.392966   -1.607034
6300          32     80     111  105.951654   -5.048346
6301          32     81     110  108.584490   -1.415510
6302          32     82     109  110.450880    1.450880
6303          32     83     108  105.461697   -2.538303
6304          32     84     107  103.809930   -3.190070
6305          32     85     106  100.231114   -5.768886
6306          32     86     105  100.000355   -4.999645
6307          32     87     104   97.172868   -6.827132
6308          32     88     103   93.283298   -9.716702
6309          32     89     102   99.760141   -2.239859
6310          32     90     101  114.093129   13.093129
6311          32     91     100   97.706061   -2.293939
6312          32     92      99  106.162643    7.162643
6313          32     93      98   94.857484   -3.142516
6314          32     94      97   94.344921   -2.655079
6315          32     95      96   90.907189   -5.092811
6316          32     96      95   88.012708   -6.987292
6317          32     97      94   91.307762   -2.692238
6318          32     98      93   89.433513   -3.566487
6319          32     99      92   88.784332   -3.215668
6320          32    100      91   84.982992   -6.017008
6321          32    101      90   90.131155    0.131155
6322          32    102      89   86.972486   -2.027514
6323          32    103      88   82.108960   -5.891040
6324          32    104      87   81.607039   -5.392961
6325          32    105      86   76.263535   -9.736465
6326          32    106      85   85.771645    0.771645
6327          32    107      84   82.826905   -1.173095
6328          32    108      83   91.242290    8.242290
6329          32    109      82   91.555939    9.555939
6330          32    110      81   85.177520    4.177520
6331          32    111      80   88.013405    8.013405
6332          32    112      79   91.313657   12.313657
6333          32    113      78   84.676111    6.676111
6334          32    114      77   88.484080   11.484080
6335          32    115      76   85.992937    9.992937
6336          32    116      75   86.128980   11.128980
6337          32    117      74   86.913475   12.913475
6338          32    118      73   75.522948    2.522948
6339          32    119      72   82.000814   10.000814
6340          32    120      71   75.106400    4.106400
6341          32    121      70   78.875635    8.875635
6342          32    122      69   75.075384    6.075384
6343          32    123      68   71.259656    3.259656
6344          32    124      67   76.644634    9.644634
6345          32    125      66   78.004686   12.004686
6346          32    126      65   80.335442   15.335442
6347          32    127      64   80.399203   16.399203
6348          32    128      63   72.600859    9.600859
6349          32    129      62   69.674467    7.674467
6350          32    130      61   75.301484   14.301484
6351          32    131      60   69.210572    9.210572
6352          32    132      59   67.110646    8.110646
6353          32    133      58   69.017299   11.017299
6354          32    134      57   64.615110    7.615110
6355          32    135      56   66.215570   10.215570
6356          32    136      55   57.955712    2.955712
6357          32    137      54   58.364676    4.364676
6358          32    138      53   56.242582    3.242582
6359          32    139      52   55.580217    3.580217
6360          32    140      51   53.604969    2.604969
6361          32    141      50   53.070133    3.070133
6362          32    142      49   49.754208    0.754208
6363          32    143      48   51.635445    3.635445
6364          32    144      47   52.826081    5.826081
6365          32    145      46   47.313065    1.313065
6366          32    146      45   48.954445    3.954445
6367          32    147      44   56.885375   12.885375
6368          32    148      43   49.676997    6.676997
6369          32    149      42   49.012762    7.012762
6370          32    150      41   49.147186    8.147186
6371          32    151      40   46.600581    6.600581
6372          32    152      39   52.367078   13.367078
6373          32    153      38   47.649493    9.649493
6374          32    154      37   43.240348    6.240348
6375          32    155      36   48.404980   12.404980
6376          32    156      35   48.487256   13.487256
6377          32    157      34   47.059637   13.059637
6378          32    158      33   41.008229    8.008229
6379          32    159      32   44.650575   12.650575
6380          32    160      31   37.776245    6.776245
6381          32    161      30   39.329213    9.329213
6382          32    162      29   38.053145    9.053145
6383          32    163      28   37.163435    9.163435
6384          32    164      27   36.782948    9.782948
6385          32    165      26   32.696338    6.696338
6386          32    166      25   30.308315    5.308315
6387          32    167      24   28.346864    4.346864
6388          32    168      23   29.699196    6.699196
6389          32    169      22   24.516064    2.516064
6390          32    170      21   27.032505    6.032505
6391          32    171      20   25.240992    5.240992
6392          32    172      19   25.241459    6.241459
6393          32    173      18   29.882381   11.882381
6394          32    174      17   19.189972    2.189972
6395          32    175      16   19.321378    3.321378
6396          32    176      15   17.988371    2.988371
6397          32    177      14   24.260346   10.260346
6398          32    178      13   20.198864    7.198864
6399          32    179      12   24.989132   12.989132
6400          32    180      11   15.322865    4.322865
6401          32    181      10   14.357209    4.357209
6402          32    182       9   11.832182    2.832182
6403          32    183       8   14.146713    6.146713
6404          32    184       7   15.085590    8.085590
6405          32    185       6   12.933864    6.933864
6406          32    186       5   14.661476    9.661476
6407          32    187       4    9.851388    5.851388
6408          32    188       3   12.127037    9.127037
6409          32    189       2   13.953522   11.953522
6410          32    190       1   15.674468   14.674468
6411          32    191       0   26.729715   26.729715
6412          33      1     199  231.235006   32.235006
6413          33      2     198  176.172062  -21.827938
6414          33      3     197  196.558965   -0.441035
6415          33      4     196  213.580945   17.580945
6416          33      5     195  207.024754   12.024754
6417          33      6     194  218.981751   24.981751
6418          33      7     193  207.951179   14.951179
6419          33      8     192  217.257124   25.257124
6420          33      9     191  201.826664   10.826664
6421          33     10     190  203.028510   13.028510
6422          33     11     189  191.791579    2.791579
6423          33     12     188  205.565069   17.565069
6424          33     13     187  210.271634   23.271634
6425          33     14     186  199.684142   13.684142
6426          33     15     185  203.890722   18.890722
6427          33     16     184  202.542626   18.542626
6428          33     17     183  210.137879   27.137879
6429          33     18     182  199.263527   17.263527
6430          33     19     181  195.555206   14.555206
6431          33     20     180  198.444576   18.444576
6432          33     21     179  198.791053   19.791053
6433          33     22     178  205.902585   27.902585
6434          33     23     177  195.534554   18.534554
6435          33     24     176  208.827909   32.827909
6436          33     25     175  192.903850   17.903850
6437          33     26     174  194.892669   20.892669
6438          33     27     173  207.814758   34.814758
6439          33     28     172  197.798362   25.798362
6440          33     29     171  184.910058   13.910058
6441          33     30     170  194.072827   24.072827
6442          33     31     169  200.495448   31.495448
6443          33     32     168  191.015323   23.015323
6444          33     33     167  194.958129   27.958129
6445          33     34     166  184.057789   18.057789
6446          33     35     165  194.995667   29.995667
6447          33     36     164  184.762075   20.762075
6448          33     37     163  189.179502   26.179502
6449          33     38     162  193.835961   31.835961
6450          33     39     161  191.373332   30.373332
6451          33     40     160  187.939416   27.939416
6452          33     41     159  181.975264   22.975264
6453          33     42     158  187.997845   29.997845
6454          33     43     157  187.373631   30.373631
6455          33     44     156  172.696094   16.696094
6456          33     45     155  177.664097   22.664097
6457          33     46     154  178.955006   24.955006
6458          33     47     153  192.005470   39.005470
6459          33     48     152  178.949411   26.949411
6460          33     49     151  175.562208   24.562208
6461          33     50     150  169.723311   19.723311
6462          33     51     149  166.859490   17.859490
6463          33     52     148  178.144953   30.144953
6464          33     53     147  165.716055   18.716055
6465          33     54     146  175.175724   29.175724
6466          33     55     145  172.016596   27.016596
6467          33     56     144  172.314818   28.314818
6468          33     57     143  158.469376   15.469376
6469          33     58     142  162.124352   20.124352
6470          33     59     141  158.900414   17.900414
6471          33     60     140  153.819741   13.819741
6472          33     61     139  153.302998   14.302998
6473          33     62     138  149.652649   11.652649
6474          33     63     137  159.191313   22.191313
6475          33     64     136  149.308148   13.308148
6476          33     65     135  159.578785   24.578785
6477          33     66     134  149.085681   15.085681
6478          33     67     133  138.060379    5.060379
6479          33     68     132  142.466224   10.466224
6480          33     69     131  125.634248   -5.365752
6481          33     70     130  139.623171    9.623171
6482          33     71     129  142.028650   13.028650
6483          33     72     128  150.496216   22.496216
6484          33     73     127  134.733897    7.733897
6485          33     74     126  142.542617   16.542617
6486          33     75     125  143.109294   18.109294
6487          33     76     124  145.470793   21.470793
6488          33     77     123  138.908349   15.908349
6489          33     78     122  151.529898   29.529898
6490          33     79     121  142.723110   21.723110
6491          33     80     120  149.192233   29.192233
6492          33     81     119  137.362255   18.362255
6493          33     82     118  137.933482   19.933482
6494          33     83     117  143.971112   26.971112
6495          33     84     116  151.861433   35.861433
6496          33     85     115  126.105648   11.105648
6497          33     86     114  136.592812   22.592812
6498          33     87     113  146.569523   33.569523
6499          33     88     112  133.548898   21.548898
6500          33     89     111  133.243269   22.243269
6501          33     90     110  129.368235   19.368235
6502          33     91     109  129.350254   20.350254
6503          33     92     108  130.611928   22.611928
6504          33     93     107  131.013258   24.013258
6505          33     94     106  126.306182   20.306182
6506          33     95     105  124.506070   19.506070
6507          33     96     104  131.917754   27.917754
6508          33     97     103  132.948909   29.948909
6509          33     98     102  126.118474   24.118474
6510          33     99     101  116.164650   15.164650
6511          33    100     100  121.331228   21.331228
6512          33    101      99  112.909034   13.909034
6513          33    102      98  122.744832   24.744832
6514          33    103      97  140.534825   43.534825
6515          33    104      96  114.448478   18.448478
6516          33    105      95  121.987096   26.987096
6517          33    106      94  120.760497   26.760497
6518          33    107      93  109.853975   16.853975
6519          33    108      92  127.109045   35.109045
6520          33    109      91  119.677726   28.677726
6521          33    110      90  113.495196   23.495196
6522          33    111      89  118.247693   29.247693
6523          33    112      88  116.638990   28.638990
6524          33    113      87  128.255934   41.255934
6525          33    114      86  118.475007   32.475007
6526          33    115      85  115.148468   30.148468
6527          33    116      84  108.923427   24.923427
6528          33    117      83  109.595582   26.595582
6529          33    118      82  113.436900   31.436900
6530          33    119      81  108.046076   27.046076
6531          33    120      80  109.130263   29.130263
6532          33    121      79  108.161236   29.161236
6533          33    122      78   99.155396   21.155396
6534          33    123      77   97.665577   20.665577
6535          33    124      76   93.490138   17.490138
6536          33    125      75  100.343435   25.343435
6537          33    126      74  109.086568   35.086568
6538          33    127      73  105.469321   32.469321
6539          33    128      72  103.450946   31.450946
6540          33    129      71  100.428705   29.428705
6541          33    130      70  106.648398   36.648398
6542          33    131      69   98.920982   29.920982
6543          33    132      68  104.213369   36.213369
6544          33    133      67   94.314802   27.314802
6545          33    134      66   93.588533   27.588533
6546          33    135      65   88.602654   23.602654
6547          33    136      64   90.609355   26.609355
6548          33    137      63   96.583999   33.583999
6549          33    138      62   87.498575   25.498575
6550          33    139      61   96.010807   35.010807
6551          33    140      60   81.044941   21.044941
6552          33    141      59   82.269704   23.269704
6553          33    142      58   93.177357   35.177357
6554          33    143      57   90.570069   33.570069
6555          33    144      56   72.300475   16.300475
6556          33    145      55   80.560712   25.560712
6557          33    146      54   87.479924   33.479924
6558          33    147      53   68.548726   15.548726
6559          33    148      52   70.516216   18.516216
6560          33    149      51   73.480319   22.480319
6561          33    150      50   71.013507   21.013507
6562          33    151      49   70.573310   21.573310
6563          33    152      48   60.256084   12.256084
6564          33    153      47   69.657342   22.657342
6565          33    154      46   65.684336   19.684336
6566          33    155      45   53.696855    8.696855
6567          33    156      44   58.499588   14.499588
6568          33    157      43   68.461323   25.461323
6569          33    158      42   52.969952   10.969952
6570          33    159      41   51.950154   10.950154
6571          33    160      40   50.423117   10.423117
6572          33    161      39   55.939957   16.939957
6573          33    162      38   46.069586    8.069586
6574          33    163      37   48.258492   11.258492
6575          33    164      36   40.472960    4.472960
6576          33    165      35   31.270443   -3.729557
6577          33    166      34   38.413435    4.413435
6578          33    167      33   23.369699   -9.630301
6579          33    168      32   36.139366    4.139366
6580          33    169      31   31.746333    0.746333
6581          33    170      30   32.037965    2.037965
6582          33    171      29   27.231935   -1.768065
6583          33    172      28   23.342881   -4.657119
6584          33    173      27   24.774679   -2.225321
6585          33    174      26   12.496740  -13.503260
6586          33    175      25   17.346553   -7.653447
6587          33    176      24   16.959830   -7.040170
6588          33    177      23   16.795281   -6.204719
6589          33    178      22   20.728569   -1.271431
6590          33    179      21   13.902644   -7.097356
6591          33    180      20   18.858727   -1.141273
6592          33    181      19   10.475616   -8.524384
6593          33    182      18   15.445729   -2.554271
6594          33    183      17    6.616715  -10.383285
6595          33    184      16    5.972335  -10.027665
6596          33    185      15    3.226243  -11.773757
6597          33    186      14    7.060550   -6.939450
6598          33    187      13    0.279681  -12.720319
6599          33    188      12   -1.479125  -13.479125
6600          33    189      11   -5.969412  -16.969412
6601          33    190      10   -6.858500  -16.858500
6602          33    191       9  -10.666443  -19.666443
6603          33    192       8  -12.416033  -20.416033
6604          33    193       7  -14.122089  -21.122089
6605          33    194       6   -4.985268  -10.985268
6606          33    195       5  -18.228824  -23.228824
6607          33    196       4   -9.785566  -13.785566
6608          33    197       3  -17.082397  -20.082397
6609          33    198       2  -19.556830  -21.556830
6610          33    199       1  -17.808520  -18.808520
6611          33    200       0  -17.029409  -17.029409
6612          34      1     194  198.821706    4.821706
6613          34      2     193  192.809739   -0.190261
6614          34      3     192  182.308652   -9.691348
6615          34      4     191  186.664266   -4.335734
6616          34      5     190  188.941406   -1.058594
6617          34      6     189  185.071700   -3.928300
6618          34      7     188  188.138797    0.138797
6619          34      8     187  206.571462   19.571462
6620          34      9     186  184.570726   -1.429274
6621          34     10     185  187.420071    2.420071
6622          34     11     184  168.454853  -15.545147
6623          34     12     183  177.644782   -5.355218
6624          34     13     182  180.223801   -1.776199
6625          34     14     181  177.210606   -3.789394
6626          34     15     180  178.241701   -1.758299
6627          34     16     179  184.610021    5.610021
6628          34     17     178  177.667870   -0.332130
6629          34     18     177  183.592900    6.592900
6630          34     19     176  167.075028   -8.924972
6631          34     20     175  175.677094    0.677094
6632          34     21     174  165.601074   -8.398926
6633          34     22     173  170.245617   -2.754383
6634          34     23     172  182.660854   10.660854
6635          34     24     171  159.508890  -11.491110
6636          34     25     170  175.013442    5.013442
6637          34     26     169  170.243658    1.243658
6638          34     27     168  160.554482   -7.445518
6639          34     28     167  168.606243    1.606243
6640          34     29     166  171.926982    5.926982
6641          34     30     165  160.382554   -4.617446
6642          34     31     164  161.003041   -2.996959
6643          34     32     163  150.423896  -12.576104
6644          34     33     162  166.963496    4.963496
6645          34     34     161  165.057094    4.057094
6646          34     35     160  160.380344    0.380344
6647          34     36     159  165.413345    6.413345
6648          34     37     158  156.018368   -1.981632
6649          34     38     157  143.289238  -13.710762
6650          34     39     156  152.967215   -3.032785
6651          34     40     155  148.596103   -6.403897
6652          34     41     154  167.404169   13.404169
6653          34     42     153  161.616865    8.616865
6654          34     43     152  155.426888    3.426888
6655          34     44     151  160.289440    9.289440
6656          34     45     150  149.273326   -0.726674
6657          34     46     149  146.821164   -2.178836
6658          34     47     148  151.942261    3.942261
6659          34     48     147  147.589846    0.589846
6660          34     49     146  153.622112    7.622112
6661          34     50     145  143.470737   -1.529263
6662          34     51     144  138.933884   -5.066116
6663          34     52     143  156.235117   13.235117
6664          34     53     142  143.719554    1.719554
6665          34     54     141  129.533127  -11.466873
6666          34     55     140  135.148746   -4.851254
6667          34     56     139  141.029656    2.029656
6668          34     57     138  137.007401   -0.992599
6669          34     58     137  144.484262    7.484262
6670          34     59     136  139.452873    3.452873
6671          34     60     135  135.482554    0.482554
6672          34     61     134  133.045598   -0.954402
6673          34     62     133  135.525125    2.525125
6674          34     63     132  123.473790   -8.526210
6675          34     64     131  134.842141    3.842141
6676          34     65     130  139.847050    9.847050
6677          34     66     129  136.677451    7.677451
6678          34     67     128  138.192787   10.192787
6679          34     68     127  129.052481    2.052481
6680          34     69     126  137.573141   11.573141
6681          34     70     125  127.982328    2.982328
6682          34     71     124  129.147177    5.147177
6683          34     72     123  122.945907   -0.054093
6684          34     73     122  128.604714    6.604714
6685          34     74     121  136.917229   15.917229
6686          34     75     120  131.247693   11.247693
6687          34     76     119  130.253765   11.253765
6688          34     77     118  125.195006    7.195006
6689          34     78     117  125.764536    8.764536
6690          34     79     116  112.999255   -3.000745
6691          34     80     115  115.698806    0.698806
6692          34     81     114  125.929635   11.929635
6693          34     82     113  116.757443    3.757443
6694          34     83     112  125.070626   13.070626
6695          34     84     111  116.177023    5.177023
6696          34     85     110  110.982755    0.982755
6697          34     86     109  109.550508    0.550508
6698          34     87     108  120.905535   12.905535
6699          34     88     107  118.696878   11.696878
6700          34     89     106  109.451019    3.451019
6701          34     90     105  117.740364   12.740364
6702          34     91     104  113.047690    9.047690
6703          34     92     103  111.256312    8.256312
6704          34     93     102  107.449676    5.449676
6705          34     94     101  115.745488   14.745488
6706          34     95     100  119.210370   19.210370
6707          34     96      99  115.760145   16.760145
6708          34     97      98  113.785019   15.785019
6709          34     98      97  106.221001    9.221001
6710          34     99      96  118.830133   22.830133
6711          34    100      95  106.695273   11.695273
6712          34    101      94   99.687827    5.687827
6713          34    102      93  100.689432    7.689432
6714          34    103      92  107.757180   15.757180
6715          34    104      91   96.367196    5.367196
6716          34    105      90   92.423654    2.423654
6717          34    106      89   91.115901    2.115901
6718          34    107      88   92.288794    4.288794
6719          34    108      87   94.712710    7.712710
6720          34    109      86   94.245069    8.245069
6721          34    110      85   89.211319    4.211319
6722          34    111      84   88.020484    4.020484
6723          34    112      83   92.613593    9.613593
6724          34    113      82   83.255247    1.255247
6725          34    114      81   84.312482    3.312482
6726          34    115      80   92.982212   12.982212
6727          34    116      79   91.519564   12.519564
6728          34    117      78   92.569997   14.569997
6729          34    118      77   90.386616   13.386616
6730          34    119      76   85.993136    9.993136
6731          34    120      75   83.928984    8.928984
6732          34    121      74   92.515536   18.515536
6733          34    122      73   86.337132   13.337132
6734          34    123      72   81.710036    9.710036
6735          34    124      71   81.916869   10.916869
6736          34    125      70   76.332070    6.332070
6737          34    126      69   81.249683   12.249683
6738          34    127      68   78.574566   10.574566
6739          34    128      67   71.782912    4.782912
6740          34    129      66   75.483207    9.483207
6741          34    130      65   78.955793   13.955793
6742          34    131      64   71.377695    7.377695
6743          34    132      63   69.035310    6.035310
6744          34    133      62   66.938100    4.938100
6745          34    134      61   67.182296    6.182296
6746          34    135      60   71.859080   11.859080
6747          34    136      59   62.628208    3.628208
6748          34    137      58   67.651156    9.651156
6749          34    138      57   70.576745   13.576745
6750          34    139      56   63.783428    7.783428
6751          34    140      55   69.371698   14.371698
6752          34    141      54   68.376856   14.376856
6753          34    142      53   65.055170   12.055170
6754          34    143      52   68.057932   16.057932
6755          34    144      51   66.563538   15.563538
6756          34    145      50   63.565205   13.565205
6757          34    146      49   65.934956   16.934956
6758          34    147      48   61.006009   13.006009
6759          34    148      47   55.203519    8.203519
6760          34    149      46   61.352870   15.352870
6761          34    150      45   55.189043   10.189043
6762          34    151      44   53.902577    9.902577
6763          34    152      43   53.323669   10.323669
6764          34    153      42   53.896049   11.896049
6765          34    154      41   49.910796    8.910796
6766          34    155      40   51.947144   11.947144
6767          34    156      39   46.455649    7.455649
6768          34    157      38   46.480798    8.480798
6769          34    158      37   40.698938    3.698938
6770          34    159      36   39.008009    3.008009
6771          34    160      35   40.329079    5.329079
6772          34    161      34   43.363110    9.363110
6773          34    162      33   37.400402    4.400402
6774          34    163      32   35.874443    3.874443
6775          34    164      31   37.310402    6.310402
6776          34    165      30   39.238946    9.238946
6777          34    166      29   34.840329    5.840329
6778          34    167      28   30.424238    2.424238
6779          34    168      27   32.676352    5.676352
6780          34    169      26   32.756053    6.756053
6781          34    170      25   32.546779    7.546779
6782          34    171      24   29.636974    5.636974
6783          34    172      23   30.711028    7.711028
6784          34    173      22   31.297387    9.297387
6785          34    174      21   28.773606    7.773606
6786          34    175      20   28.920837    8.920837
6787          34    176      19   27.816491    8.816491
6788          34    177      18   25.307398    7.307398
6789          34    178      17   28.377714   11.377714
6790          34    179      16   23.778248    7.778248
6791          34    180      15   20.643228    5.643228
6792          34    181      14   19.667304    5.667304
6793          34    182      13   22.314588    9.314588
6794          34    183      12   23.233687   11.233687
6795          34    184      11   20.616184    9.616184
6796          34    185      10   20.360367   10.360367
6797          34    186       9   25.183816   16.183816
6798          34    187       8   11.417142    3.417142
6799          34    188       7   11.252499    4.252499
6800          34    189       6   11.859272    5.859272
6801          34    190       5   12.592436    7.592436
6802          34    191       4    6.469613    2.469613
6803          34    192       3    8.644455    5.644455
6804          34    193       2   -1.629844   -3.629844
6805          34    194       1   -2.394714   -3.394714
6806          34    195       0    5.268480    5.268480
6807          35      1     180  213.852018   33.852018
6808          35      2     179  197.674483   18.674483
6809          35      3     178  197.276561   19.276561
6810          35      4     177  181.818083    4.818083
6811          35      5     176  190.707677   14.707677
6812          35      6     175  180.209929    5.209929
6813          35      7     174  176.569477    2.569477
6814          35      8     173  170.716745   -2.283255
6815          35      9     172  172.599196    0.599196
6816          35     10     171  191.840949   20.840949
6817          35     11     170  188.876042   18.876042
6818          35     12     169  192.409831   23.409831
6819          35     13     168  190.256160   22.256160
6820          35     14     167  179.720192   12.720192
6821          35     15     166  170.282590    4.282590
6822          35     16     165  179.842506   14.842506
6823          35     17     164  185.223261   21.223261
6824          35     18     163  176.521447   13.521447
6825          35     19     162  181.716474   19.716474
6826          35     20     161  165.953792    4.953792
6827          35     21     160  174.813345   14.813345
6828          35     22     159  171.887873   12.887873
6829          35     23     158  160.614934    2.614934
6830          35     24     157  172.786665   15.786665
6831          35     25     156  159.441395    3.441395
6832          35     26     155  164.105194    9.105194
6833          35     27     154  169.319686   15.319686
6834          35     28     153  153.741475    0.741475
6835          35     29     152  155.474666    3.474666
6836          35     30     151  164.852980   13.852980
6837          35     31     150  158.023938    8.023938
6838          35     32     149  153.392073    4.392073
6839          35     33     148  156.730964    8.730964
6840          35     34     147  163.421337   16.421337
6841          35     35     146  159.673313   13.673313
6842          35     36     145  155.259755   10.259755
6843          35     37     144  151.584301    7.584301
6844          35     38     143  166.397429   23.397429
6845          35     39     142  157.259651   15.259651
6846          35     40     141  167.326091   26.326091
6847          35     41     140  153.549033   13.549033
6848          35     42     139  140.369086    1.369086
6849          35     43     138  160.362624   22.362624
6850          35     44     137  137.228321    0.228321
6851          35     45     136  148.717046   12.717046
6852          35     46     135  148.929432   13.929432
6853          35     47     134  143.473247    9.473247
6854          35     48     133  133.781869    0.781869
6855          35     49     132  143.528116   11.528116
6856          35     50     131  149.006610   18.006610
6857          35     51     130  141.487683   11.487683
6858          35     52     129  144.133386   15.133386
6859          35     53     128  142.071041   14.071041
6860          35     54     127  133.546134    6.546134
6861          35     55     126  130.663157    4.663157
6862          35     56     125  141.038367   16.038367
6863          35     57     124  146.176503   22.176503
6864          35     58     123  136.585200   13.585200
6865          35     59     122  135.199621   13.199621
6866          35     60     121  136.565768   15.565768
6867          35     61     120  137.386570   17.386570
6868          35     62     119  121.196559    2.196559
6869          35     63     118  129.918517   11.918517
6870          35     64     117  130.944275   13.944275
6871          35     65     116  134.046356   18.046356
6872          35     66     115  136.780405   21.780405
6873          35     67     114  128.501623   14.501623
6874          35     68     113  123.746361   10.746361
6875          35     69     112  129.385445   17.385445
6876          35     70     111  139.271315   28.271315
6877          35     71     110  117.659330    7.659330
6878          35     72     109  115.822683    6.822683
6879          35     73     108  124.825948   16.825948
6880          35     74     107  121.117804   14.117804
6881          35     75     106  119.118958   13.118958
6882          35     76     105  114.241333    9.241333
6883          35     77     104  122.460804   18.460804
6884          35     78     103  117.838426   14.838426
6885          35     79     102  122.230710   20.230710
6886          35     80     101  118.074186   17.074186
6887          35     81     100  102.900210    2.900210
6888          35     82      99  109.636310   10.636310
6889          35     83      98  108.393005   10.393005
6890          35     84      97  114.111869   17.111869
6891          35     85      96  115.347139   19.347139
6892          35     86      95  105.502424   10.502424
6893          35     87      94  114.339076   20.339076
6894          35     88      93  114.203083   21.203083
6895          35     89      92  111.205625   19.205625
6896          35     90      91  107.185906   16.185906
6897          35     91      90  111.262434   21.262434
6898          35     92      89  107.880903   18.880903
6899          35     93      88  120.139109   32.139109
6900          35     94      87  110.935549   23.935549
6901          35     95      86  109.496283   23.496283
6902          35     96      85  108.353567   23.353567
6903          35     97      84  115.006395   31.006395
6904          35     98      83  100.968198   17.968198
6905          35     99      82  105.500886   23.500886
6906          35    100      81  116.040762   35.040762
6907          35    101      80  112.479169   32.479169
6908          35    102      79  106.238182   27.238182
6909          35    103      78  105.652995   27.652995
6910          35    104      77   96.388146   19.388146
6911          35    105      76   95.127007   19.127007
6912          35    106      75   93.179665   18.179665
6913          35    107      74   93.628787   19.628787
6914          35    108      73  101.492173   28.492173
6915          35    109      72   95.634693   23.634693
6916          35    110      71   93.719031   22.719031
6917          35    111      70   86.623021   16.623021
6918          35    112      69   83.175322   14.175322
6919          35    113      68   79.118112   11.118112
6920          35    114      67   93.113892   26.113892
6921          35    115      66   83.360094   17.360094
6922          35    116      65   88.140786   23.140786
6923          35    117      64   77.477068   13.477068
6924          35    118      63   86.665409   23.665409
6925          35    119      62   86.668867   24.668867
6926          35    120      61   79.077978   18.077978
6927          35    121      60   77.571624   17.571624
6928          35    122      59   74.920406   15.920406
6929          35    123      58   83.115984   25.115984
6930          35    124      57   73.877777   16.877777
6931          35    125      56   72.106027   16.106027
6932          35    126      55   70.214478   15.214478
6933          35    127      54   75.384747   21.384747
6934          35    128      53   71.276595   18.276595
6935          35    129      52   65.978700   13.978700
6936          35    130      51   67.052249   16.052249
6937          35    131      50   63.091888   13.091888
6938          35    132      49   59.971732   10.971732
6939          35    133      48   63.068179   15.068179
6940          35    134      47   60.522598   13.522598
6941          35    135      46   54.592476    8.592476
6942          35    136      45   54.829868    9.829868
6943          35    137      44   50.533434    6.533434
6944          35    138      43   47.357795    4.357795
6945          35    139      42   48.034926    6.034926
6946          35    140      41   45.907836    4.907836
6947          35    141      40   45.956229    5.956229
6948          35    142      39   45.216443    6.216443
6949          35    143      38   43.678015    5.678015
6950          35    144      37   44.996142    7.996142
6951          35    145      36   46.446741   10.446741
6952          35    146      35   39.287622    4.287622
6953          35    147      34   41.878414    7.878414
6954          35    148      33   41.023376    8.023376
6955          35    149      32   39.364145    7.364145
6956          35    150      31   37.075310    6.075310
6957          35    151      30   38.190374    8.190374
6958          35    152      29   30.704132    1.704132
6959          35    153      28   29.870459    1.870459
6960          35    154      27   26.328054   -0.671946
6961          35    155      26   24.338189   -1.661811
6962          35    156      25   22.068619   -2.931381
6963          35    157      24   19.482025   -4.517975
6964          35    158      23   17.211364   -5.788636
6965          35    159      22   19.151218   -2.848782
6966          35    160      21   14.565698   -6.434302
6967          35    161      20   15.183649   -4.816351
6968          35    162      19   14.285633   -4.714367
6969          35    163      18   14.581361   -3.418639
6970          35    164      17   10.005703   -6.994297
6971          35    165      16   12.188779   -3.811221
6972          35    166      15    6.482296   -8.517704
6973          35    167      14    6.496999   -7.503001
6974          35    168      13    4.995190   -8.004810
6975          35    169      12    3.038679   -8.961321
6976          35    170      11    2.251544   -8.748456
6977          35    171      10    3.010731   -6.989269
6978          35    172       9    2.190218   -6.809782
6979          35    173       8    2.956194   -5.043806
6980          35    174       7    4.644302   -2.355698
6981          35    175       6   -4.101137  -10.101137
6982          35    176       5   -0.042549   -5.042549
6983          35    177       4   -1.392890   -5.392890
6984          35    178       3   -3.755860   -6.755860
6985          35    179       2   -2.899532   -4.899532
6986          35    180       1  -16.474178  -17.474178
6987          35    181       0   -8.647898   -8.647898
6988          36      1     157  187.004736   30.004736
6989          36      2     156  148.540745   -7.459255
6990          36      3     155  170.318583   15.318583
6991          36      4     154  173.592078   19.592078
6992          36      5     153  174.575908   21.575908
6993          36      6     152  170.493880   18.493880
6994          36      7     151  171.170225   20.170225
6995          36      8     150  170.188950   20.188950
6996          36      9     149  162.169241   13.169241
6997          36     10     148  159.522543   11.522543
6998          36     11     147  174.658490   27.658490
6999          36     12     146  163.651494   17.651494
7000          36     13     145  164.677849   19.677849
7001          36     14     144  158.933325   14.933325
7002          36     15     143  175.356793   32.356793
7003          36     16     142  155.910341   13.910341
7004          36     17     141  161.972856   20.972856
7005          36     18     140  168.212748   28.212748
7006          36     19     139  162.319723   23.319723
7007          36     20     138  167.380642   29.380642
7008          36     21     137  167.000515   30.000515
7009          36     22     136  146.635076   10.635076
7010          36     23     135  152.761003   17.761003
7011          36     24     134  158.704495   24.704495
7012          36     25     133  155.159946   22.159946
7013          36     26     132  154.720606   22.720606
7014          36     27     131  155.735205   24.735205
7015          36     28     130  152.445741   22.445741
7016          36     29     129  154.831119   25.831119
7017          36     30     128  153.304772   25.304772
7018          36     31     127  146.735509   19.735509
7019          36     32     126  148.152199   22.152199
7020          36     33     125  151.625239   26.625239
7021          36     34     124  147.227402   23.227402
7022          36     35     123  156.640019   33.640019
7023          36     36     122  143.019918   21.019918
7024          36     37     121  133.692946   12.692946
7025          36     38     120  150.861333   30.861333
7026          36     39     119  140.974657   21.974657
7027          36     40     118  132.085741   14.085741
7028          36     41     117  132.391083   15.391083
7029          36     42     116  133.154094   17.154094
7030          36     43     115  135.675457   20.675457
7031          36     44     114  131.174469   17.174469
7032          36     45     113  115.267501    2.267501
7033          36     46     112  129.334436   17.334436
7034          36     47     111  127.585145   16.585145
7035          36     48     110  131.233104   21.233104
7036          36     49     109  131.777288   22.777288
7037          36     50     108  115.099368    7.099368
7038          36     51     107  127.305507   20.305507
7039          36     52     106  130.085223   24.085223
7040          36     53     105  127.480706   22.480706
7041          36     54     104  137.838377   33.838377
7042          36     55     103  128.557922   25.557922
7043          36     56     102  124.178208   22.178208
7044          36     57     101  125.796166   24.796166
7045          36     58     100  121.749289   21.749289
7046          36     59      99  121.353774   22.353774
7047          36     60      98  124.427512   26.427512
7048          36     61      97  114.618460   17.618460
7049          36     62      96  118.164687   22.164687
7050          36     63      95  119.595486   24.595486
7051          36     64      94  115.197871   21.197871
7052          36     65      93  114.375764   21.375764
7053          36     66      92  114.610003   22.610003
7054          36     67      91  109.515316   18.515316
7055          36     68      90  119.886502   29.886502
7056          36     69      89  111.061071   22.061071
7057          36     70      88  105.505272   17.505272
7058          36     71      87  116.062266   29.062266
7059          36     72      86   97.413545   11.413545
7060          36     73      85  111.541904   26.541904
7061          36     74      84  111.130318   27.130318
7062          36     75      83  114.297973   31.297973
7063          36     76      82  110.509174   28.509174
7064          36     77      81  106.192486   25.192486
7065          36     78      80  100.551387   20.551387
7066          36     79      79  106.553018   27.553018
7067          36     80      78   95.217243   17.217243
7068          36     81      77   93.864568   16.864568
7069          36     82      76  100.700557   24.700557
7070          36     83      75   95.531570   20.531570
7071          36     84      74  103.473155   29.473155
7072          36     85      73   95.358077   22.358077
7073          36     86      72   96.502965   24.502965
7074          36     87      71   95.888718   24.888718
7075          36     88      70   90.995397   20.995397
7076          36     89      69   90.160301   21.160301
7077          36     90      68   93.379138   25.379138
7078          36     91      67   93.626177   26.626177
7079          36     92      66   91.415916   25.415916
7080          36     93      65   98.600231   33.600231
7081          36     94      64   85.873824   21.873824
7082          36     95      63   86.579855   23.579855
7083          36     96      62   81.602619   19.602619
7084          36     97      61   87.374171   26.374171
7085          36     98      60   75.491359   15.491359
7086          36     99      59   82.779276   23.779276
7087          36    100      58   79.482614   21.482614
7088          36    101      57   78.187687   21.187687
7089          36    102      56   69.038430   13.038430
7090          36    103      55   73.842428   18.842428
7091          36    104      54   69.715145   15.715145
7092          36    105      53   70.753424   17.753424
7093          36    106      52   68.230965   16.230965
7094          36    107      51   76.818899   25.818899
7095          36    108      50   80.065821   30.065821
7096          36    109      49   75.141941   26.141941
7097          36    110      48   64.743938   16.743938
7098          36    111      47   66.892253   19.892253
7099          36    112      46   62.286664   16.286664
7100          36    113      45   66.061899   21.061899
7101          36    114      44   61.672440   17.672440
7102          36    115      43   66.039217   23.039217
7103          36    116      42   58.954922   16.954922
7104          36    117      41   57.128108   16.128108
7105          36    118      40   60.950782   20.950782
7106          36    119      39   55.065165   16.065165
7107          36    120      38   56.258850   18.258850
7108          36    121      37   52.517683   15.517683
7109          36    122      36   50.561761   14.561761
7110          36    123      35   46.095242   11.095242
7111          36    124      34   52.845541   18.845541
7112          36    125      33   45.965757   12.965757
7113          36    126      32   45.952487   13.952487
7114          36    127      31   46.794829   15.794829
7115          36    128      30   44.530828   14.530828
7116          36    129      29   41.925485   12.925485
7117          36    130      28   41.323903   13.323903
7118          36    131      27   39.913406   12.913406
7119          36    132      26   39.471335   13.471335
7120          36    133      25   39.453741   14.453741
7121          36    134      24   32.962292    8.962292
7122          36    135      23   34.997993   11.997993
7123          36    136      22   30.516268    8.516268
7124          36    137      21   26.910086    5.910086
7125          36    138      20   24.861541    4.861541
7126          36    139      19   25.980020    6.980020
7127          36    140      18   24.993619    6.993619
7128          36    141      17   19.521523    2.521523
7129          36    142      16   20.377705    4.377705
7130          36    143      15   19.708395    4.708395
7131          36    144      14   22.063765    8.063765
7132          36    145      13   18.622974    5.622974
7133          36    146      12   18.040971    6.040971
7134          36    147      11   23.705456   12.705456
7135          36    148      10   15.350019    5.350019
7136          36    149       9   15.642249    6.642249
7137          36    150       8   13.196191    5.196191
7138          36    151       7   16.958308    9.958308
7139          36    152       6   12.715801    6.715801
7140          36    153       5    5.960111    0.960111
7141          36    154       4    6.798053    2.798053
7142          36    155       3    9.424340    6.424340
7143          36    156       2   -2.301691   -4.301691
7144          36    157       1    8.084459    7.084459
7145          36    158       0    2.780344    2.780344
7146          37      1     169  216.866787   47.866787
7147          37      2     168  167.448341   -0.551659
7148          37      3     167  179.159874   12.159874
7149          37      4     166  192.335779   26.335779
7150          37      5     165  188.381473   23.381473
7151          37      6     164  204.900971   40.900971
7152          37      7     163  207.964319   44.964319
7153          37      8     162  187.306419   25.306419
7154          37      9     161  197.209713   36.209713
7155          37     10     160  193.243398   33.243398
7156          37     11     159  192.402494   33.402494
7157          37     12     158  187.586198   29.586198
7158          37     13     157  183.891360   26.891360
7159          37     14     156  172.237416   16.237416
7160          37     15     155  182.029373   27.029373
7161          37     16     154  166.442357   12.442357
7162          37     17     153  177.318419   24.318419
7163          37     18     152  170.702330   18.702330
7164          37     19     151  177.516136   26.516136
7165          37     20     150  167.865977   17.865977
7166          37     21     149  165.564590   16.564590
7167          37     22     148  168.121956   20.121956
7168          37     23     147  175.198319   28.198319
7169          37     24     146  171.972317   25.972317
7170          37     25     145  172.179260   27.179260
7171          37     26     144  154.961552   10.961552
7172          37     27     143  163.274140   20.274140
7173          37     28     142  179.046734   37.046734
7174          37     29     141  163.360124   22.360124
7175          37     30     140  164.359942   24.359942
7176          37     31     139  165.005039   26.005039
7177          37     32     138  162.722198   24.722198
7178          37     33     137  166.426133   29.426133
7179          37     34     136  166.758922   30.758922
7180          37     35     135  156.922594   21.922594
7181          37     36     134  169.575189   35.575189
7182          37     37     133  155.809994   22.809994
7183          37     38     132  148.762638   16.762638
7184          37     39     131  162.076558   31.076558
7185          37     40     130  158.750979   28.750979
7186          37     41     129  151.202805   22.202805
7187          37     42     128  157.730583   29.730583
7188          37     43     127  150.079832   23.079832
7189          37     44     126  143.984694   17.984694
7190          37     45     125  144.368135   19.368135
7191          37     46     124  153.218430   29.218430
7192          37     47     123  152.769423   29.769423
7193          37     48     122  144.821428   22.821428
7194          37     49     121  145.634665   24.634665
7195          37     50     120  153.916149   33.916149
7196          37     51     119  148.500322   29.500322
7197          37     52     118  150.011393   32.011393
7198          37     53     117  145.757664   28.757664
7199          37     54     116  136.701969   20.701969
7200          37     55     115  129.864750   14.864750
7201          37     56     114  135.647109   21.647109
7202          37     57     113  137.806377   24.806377
7203          37     58     112  137.885364   25.885364
7204          37     59     111  120.752706    9.752706
7205          37     60     110  126.090451   16.090451
7206          37     61     109  127.053849   18.053849
7207          37     62     108  121.228474   13.228474
7208          37     63     107  128.332466   21.332466
7209          37     64     106  120.589892   14.589892
7210          37     65     105  116.449337   11.449337
7211          37     66     104  129.736076   25.736076
7212          37     67     103  111.262947    8.262947
7213          37     68     102  119.168486   17.168486
7214          37     69     101  114.690099   13.690099
7215          37     70     100  126.969393   26.969393
7216          37     71      99  105.051270    6.051270
7217          37     72      98  109.374550   11.374550
7218          37     73      97  119.448934   22.448934
7219          37     74      96  121.333143   25.333143
7220          37     75      95  101.552697    6.552697
7221          37     76      94  108.027057   14.027057
7222          37     77      93  121.492684   28.492684
7223          37     78      92  113.985991   21.985991
7224          37     79      91  111.010061   20.010061
7225          37     80      90  108.772635   18.772635
7226          37     81      89  107.398815   18.398815
7227          37     82      88  109.719730   21.719730
7228          37     83      87   98.063929   11.063929
7229          37     84      86  120.349764   34.349764
7230          37     85      85  107.828378   22.828378
7231          37     86      84  104.671275   20.671275
7232          37     87      83  103.193604   20.193604
7233          37     88      82  102.925185   20.925185
7234          37     89      81   94.626270   13.626270
7235          37     90      80   89.434096    9.434096
7236          37     91      79  100.883347   21.883347
7237          37     92      78   88.204870   10.204870
7238          37     93      77   96.110775   19.110775
7239          37     94      76   86.503180   10.503180
7240          37     95      75   91.029456   16.029456
7241          37     96      74   94.614700   20.614700
7242          37     97      73   86.589731   13.589731
7243          37     98      72   85.045507   13.045507
7244          37     99      71   85.469535   14.469535
7245          37    100      70   93.347338   23.347338
7246          37    101      69   92.314466   23.314466
7247          37    102      68   79.730343   11.730343
7248          37    103      67   72.885170    5.885170
7249          37    104      66   96.843915   30.843915
7250          37    105      65   85.355918   20.355918
7251          37    106      64   73.388444    9.388444
7252          37    107      63   84.876067   21.876067
7253          37    108      62   79.532274   17.532274
7254          37    109      61   81.267241   20.267241
7255          37    110      60   69.603385    9.603385
7256          37    111      59   77.198927   18.198927
7257          37    112      58   78.768152   20.768152
7258          37    113      57   74.825658   17.825658
7259          37    114      56   76.154348   20.154348
7260          37    115      55   69.667906   14.667906
7261          37    116      54   70.142499   16.142499
7262          37    117      53   70.158419   17.158419
7263          37    118      52   52.870502    0.870502
7264          37    119      51   65.286690   14.286690
7265          37    120      50   57.989782    7.989782
7266          37    121      49   65.723311   16.723311
7267          37    122      48   59.973019   11.973019
7268          37    123      47   60.111003   13.111003
7269          37    124      46   62.789582   16.789582
7270          37    125      45   53.027793    8.027793
7271          37    126      44   52.457351    8.457351
7272          37    127      43   48.873532    5.873532
7273          37    128      42   50.832740    8.832740
7274          37    129      41   57.919105   16.919105
7275          37    130      40   52.942234   12.942234
7276          37    131      39   50.321310   11.321310
7277          37    132      38   49.628098   11.628098
7278          37    133      37   44.037837    7.037837
7279          37    134      36   46.870315   10.870315
7280          37    135      35   44.870084    9.870084
7281          37    136      34   51.565013   17.565013
7282          37    137      33   45.216194   12.216194
7283          37    138      32   44.999612   12.999612
7284          37    139      31   41.837191   10.837191
7285          37    140      30   36.905985    6.905985
7286          37    141      29   32.734096    3.734096
7287          37    142      28   32.380364    4.380364
7288          37    143      27   29.444975    2.444975
7289          37    144      26   27.056133    1.056133
7290          37    145      25   22.748750   -2.251250
7291          37    146      24   17.471709   -6.528291
7292          37    147      23   18.805321   -4.194679
7293          37    148      22   13.251235   -8.748765
7294          37    149      21   12.114403   -8.885597
7295          37    150      20   11.275098   -8.724902
7296          37    151      19   11.827400   -7.172600
7297          37    152      18   11.624255   -6.375745
7298          37    153      17   10.467562   -6.532438
7299          37    154      16    5.103359  -10.896641
7300          37    155      15    7.617870   -7.382130
7301          37    156      14    3.875070  -10.124930
7302          37    157      13    0.969284  -12.030716
7303          37    158      12    0.451579  -11.548421
7304          37    159      11   -0.361858  -11.361858
7305          37    160      10   -7.042019  -17.042019
7306          37    161       9   -2.036969  -11.036969
7307          37    162       8   -7.376953  -15.376953
7308          37    163       7   -7.467261  -14.467261
7309          37    164       6   -7.420115  -13.420115
7310          37    165       5   -9.200604  -14.200604
7311          37    166       4  -15.066153  -19.066153
7312          37    167       3  -14.914863  -17.914863
7313          37    168       2  -11.654675  -13.654675
7314          37    169       1  -10.132449  -11.132449
7315          37    170       0    0.462557    0.462557
7316          38      1     193  205.193343   12.193343
7317          38      2     192  209.712527   17.712527
7318          38      3     191  204.240261   13.240261
7319          38      4     190  191.482605    1.482605
7320          38      5     189  184.942293   -4.057707
7321          38      6     188  177.952780  -10.047220
7322          38      7     187  170.246475  -16.753525
7323          38      8     186  174.337283  -11.662717
7324          38      9     185  181.001227   -3.998773
7325          38     10     184  161.014021  -22.985979
7326          38     11     183  176.045265   -6.954735
7327          38     12     182  153.167134  -28.832866
7328          38     13     181  166.436050  -14.563950
7329          38     14     180  162.684215  -17.315785
7330          38     15     179  159.370629  -19.629371
7331          38     16     178  167.646647  -10.353353
7332          38     17     177  174.707093   -2.292907
7333          38     18     176  166.098747   -9.901253
7334          38     19     175  145.379324  -29.620676
7335          38     20     174  162.563910  -11.436090
7336          38     21     173  161.724132  -11.275868
7337          38     22     172  146.419940  -25.580060
7338          38     23     171  162.178824   -8.821176
7339          38     24     170  163.035210   -6.964790
7340          38     25     169  163.636376   -5.363624
7341          38     26     168  149.311564  -18.688436
7342          38     27     167  150.902441  -16.097559
7343          38     28     166  157.720786   -8.279214
7344          38     29     165  154.239969  -10.760031
7345          38     30     164  152.927819  -11.072181
7346          38     31     163  146.245576  -16.754424
7347          38     32     162  149.249652  -12.750348
7348          38     33     161  154.985845   -6.014155
7349          38     34     160  152.459568   -7.540432
7350          38     35     159  158.718355   -0.281645
7351          38     36     158  153.228984   -4.771016
7352          38     37     157  155.906112   -1.093888
7353          38     38     156  147.587759   -8.412241
7354          38     39     155  151.364559   -3.635441
7355          38     40     154  151.348595   -2.651405
7356          38     41     153  145.137979   -7.862021
7357          38     42     152  150.469361   -1.530639
7358          38     43     151  149.548675   -1.451325
7359          38     44     150  155.403844    5.403844
7360          38     45     149  135.496928  -13.503072
7361          38     46     148  139.398412   -8.601588
7362          38     47     147  136.239675  -10.760325
7363          38     48     146  150.454514    4.454514
7364          38     49     145  135.586576   -9.413424
7365          38     50     144  129.430225  -14.569775
7366          38     51     143  133.461867   -9.538133
7367          38     52     142  135.824566   -6.175434
7368          38     53     141  136.814866   -4.185134
7369          38     54     140  133.930917   -6.069083
7370          38     55     139  142.651199    3.651199
7371          38     56     138  139.316857    1.316857
7372          38     57     137  126.256500  -10.743500
7373          38     58     136  131.477503   -4.522497
7374          38     59     135  140.090975    5.090975
7375          38     60     134  120.616064  -13.383936
7376          38     61     133  140.993454    7.993454
7377          38     62     132  136.259362    4.259362
7378          38     63     131  134.513133    3.513133
7379          38     64     130  133.320053    3.320053
7380          38     65     129  129.620226    0.620226
7381          38     66     128  119.930913   -8.069087
7382          38     67     127  128.951912    1.951912
7383          38     68     126  125.088912   -0.911088
7384          38     69     125  115.025470   -9.974530
7385          38     70     124  126.487117    2.487117
7386          38     71     123  133.445087   10.445087
7387          38     72     122  126.549566    4.549566
7388          38     73     121  128.479605    7.479605
7389          38     74     120  114.503668   -5.496332
7390          38     75     119  123.800917    4.800917
7391          38     76     118  120.848183    2.848183
7392          38     77     117  114.458453   -2.541547
7393          38     78     116  116.497041    0.497041
7394          38     79     115  113.953978   -1.046022
7395          38     80     114  122.040069    8.040069
7396          38     81     113  112.620535   -0.379465
7397          38     82     112  122.213146   10.213146
7398          38     83     111  111.344033    0.344033
7399          38     84     110  111.302159    1.302159
7400          38     85     109  108.820419   -0.179581
7401          38     86     108  100.340091   -7.659909
7402          38     87     107  123.868264   16.868264
7403          38     88     106  113.554810    7.554810
7404          38     89     105  115.776698   10.776698
7405          38     90     104  109.230722    5.230722
7406          38     91     103  117.539804   14.539804
7407          38     92     102  112.867562   10.867562
7408          38     93     101  110.135181    9.135181
7409          38     94     100  108.796474    8.796474
7410          38     95      99  103.165341    4.165341
7411          38     96      98  114.618189   16.618189
7412          38     97      97   99.960135    2.960135
7413          38     98      96   98.005229    2.005229
7414          38     99      95   92.467798   -2.532202
7415          38    100      94   96.679905    2.679905
7416          38    101      93  105.423665   12.423665
7417          38    102      92  103.055103   11.055103
7418          38    103      91   90.059140   -0.940860
7419          38    104      90   97.654725    7.654725
7420          38    105      89   82.906339   -6.093661
7421          38    106      88   90.548663    2.548663
7422          38    107      87   90.657029    3.657029
7423          38    108      86   93.857572    7.857572
7424          38    109      85   91.592238    6.592238
7425          38    110      84   99.855228   15.855228
7426          38    111      83   92.271852    9.271852
7427          38    112      82   80.757289   -1.242711
7428          38    113      81   94.955556   13.955556
7429          38    114      80   82.852676    2.852676
7430          38    115      79   88.348819    9.348819
7431          38    116      78   80.751471    2.751471
7432          38    117      77   86.577447    9.577447
7433          38    118      76   80.084146    4.084146
7434          38    119      75   72.737659   -2.262341
7435          38    120      74   78.554057    4.554057
7436          38    121      73   77.364279    4.364279
7437          38    122      72   81.709741    9.709741
7438          38    123      71   80.111281    9.111281
7439          38    124      70   77.772916    7.772916
7440          38    125      69   85.155973   16.155973
7441          38    126      68   76.487312    8.487312
7442          38    127      67   76.161608    9.161608
7443          38    128      66   82.089091   16.089091
7444          38    129      65   84.343510   19.343510
7445          38    130      64   73.969031    9.969031
7446          38    131      63   74.182951   11.182951
7447          38    132      62   75.869493   13.869493
7448          38    133      61   72.061555   11.061555
7449          38    134      60   69.525545    9.525545
7450          38    135      59   64.211448    5.211448
7451          38    136      58   67.296584    9.296584
7452          38    137      57   64.580318    7.580318
7453          38    138      56   65.173961    9.173961
7454          38    139      55   68.769260   13.769260
7455          38    140      54   63.833385    9.833385
7456          38    141      53   66.480415   13.480415
7457          38    142      52   59.859443    7.859443
7458          38    143      51   59.735988    8.735988
7459          38    144      50   62.018286   12.018286
7460          38    145      49   51.705752    2.705752
7461          38    146      48   47.890340   -0.109660
7462          38    147      47   45.983177   -1.016823
7463          38    148      46   46.528812    0.528812
7464          38    149      45   40.621911   -4.378089
7465          38    150      44   40.840180   -3.159820
7466          38    151      43   40.845941   -2.154059
7467          38    152      42   41.466979   -0.533021
7468          38    153      41   44.455303    3.455303
7469          38    154      40   40.433554    0.433554
7470          38    155      39   37.551908   -1.448092
7471          38    156      38   38.729180    0.729180
7472          38    157      37   37.287749    0.287749
7473          38    158      36   35.247132   -0.752868
7474          38    159      35   33.649467   -1.350533
7475          38    160      34   31.205775   -2.794225
7476          38    161      33   30.208924   -2.791076
7477          38    162      32   29.795444   -2.204556
7478          38    163      31   30.734825   -0.265175
7479          38    164      30   31.819945    1.819945
7480          38    165      29   33.170022    4.170022
7481          38    166      28   36.427113    8.427113
7482          38    167      27   28.880941    1.880941
7483          38    168      26   26.202760    0.202760
7484          38    169      25   23.744594   -1.255406
7485          38    170      24   24.417629    0.417629
7486          38    171      23   24.809511    1.809511
7487          38    172      22   24.412563    2.412563
7488          38    173      21   19.533775   -1.466225
7489          38    174      20   18.037502   -1.962498
7490          38    175      19   11.076949   -7.923051
7491          38    176      18   13.128314   -4.871686
7492          38    177      17    9.357811   -7.642189
7493          38    178      16    9.155031   -6.844969
7494          38    179      15   10.334960   -4.665040
7495          38    180      14    4.835034   -9.164966
7496          38    181      13    0.742769  -12.257231
7497          38    182      12    6.161790   -5.838210
7498          38    183      11    2.580546   -8.419454
7499          38    184      10    6.528227   -3.471773
7500          38    185       9   12.479807    3.479807
7501          38    186       8    1.210832   -6.789168
7502          38    187       7    8.822847    1.822847
7503          38    188       6    4.674794   -1.325206
7504          38    189       5    8.361210    3.361210
7505          38    190       4   12.325323    8.325323
7506          38    191       3    9.160846    6.160846
7507          38    192       2    8.670911    6.670911
7508          38    193       1   -1.777825   -2.777825
7509          38    194       0   13.228244   13.228244
7510          39      1     127  181.627808   54.627808
7511          39      2     126  163.734322   37.734322
7512          39      3     125  166.476438   41.476438
7513          39      4     124  170.125391   46.125391
7514          39      5     123  174.112675   51.112675
7515          39      6     122  173.466804   51.466804
7516          39      7     121  171.255990   50.255990
7517          39      8     120  181.817059   61.817059
7518          39      9     119  180.678097   61.678097
7519          39     10     118  183.596678   65.596678
7520          39     11     117  181.411002   64.411002
7521          39     12     116  167.924649   51.924649
7522          39     13     115  172.584832   57.584832
7523          39     14     114  177.692888   63.692888
7524          39     15     113  178.066164   65.066164
7525          39     16     112  175.494841   63.494841
7526          39     17     111  164.841080   53.841080
7527          39     18     110  177.920036   67.920036
7528          39     19     109  176.864117   67.864117
7529          39     20     108  167.427374   59.427374
7530          39     21     107  157.199403   50.199403
7531          39     22     106  164.154944   58.154944
7532          39     23     105  164.666834   59.666834
7533          39     24     104  170.936248   66.936248
7534          39     25     103  163.297221   60.297221
7535          39     26     102  165.895565   63.895565
7536          39     27     101  152.845283   51.845283
7537          39     28     100  155.303191   55.303191
7538          39     29      99  160.081840   61.081840
7539          39     30      98  146.831022   48.831022
7540          39     31      97  157.319925   60.319925
7541          39     32      96  144.165451   48.165451
7542          39     33      95  138.823870   43.823870
7543          39     34      94  137.878077   43.878077
7544          39     35      93  141.143050   48.143050
7545          39     36      92  137.546654   45.546654
7546          39     37      91  135.698607   44.698607
7547          39     38      90  125.653121   35.653121
7548          39     39      89  139.490065   50.490065
7549          39     40      88  126.751014   38.751014
7550          39     41      87  138.270045   51.270045
7551          39     42      86  129.393188   43.393188
7552          39     43      85  121.257965   36.257965
7553          39     44      84  121.377436   37.377436
7554          39     45      83  126.263695   43.263695
7555          39     46      82  125.628534   43.628534
7556          39     47      81  116.148323   35.148323
7557          39     48      80  120.215324   40.215324
7558          39     49      79  123.922526   44.922526
7559          39     50      78  123.287012   45.287012
7560          39     51      77  113.350616   36.350616
7561          39     52      76  130.737024   54.737024
7562          39     53      75  135.028087   60.028087
7563          39     54      74  121.873414   47.873414
7564          39     55      73  123.899456   50.899456
7565          39     56      72  107.350739   35.350739
7566          39     57      71  116.695174   45.695174
7567          39     58      70  118.923843   48.923843
7568          39     59      69  115.173741   46.173741
7569          39     60      68  116.745670   48.745670
7570          39     61      67  107.643083   40.643083
7571          39     62      66  115.957821   49.957821
7572          39     63      65  107.631141   42.631141
7573          39     64      64  111.606357   47.606357
7574          39     65      63  102.504621   39.504621
7575          39     66      62  100.199626   38.199626
7576          39     67      61  101.220767   40.220767
7577          39     68      60   99.751621   39.751621
7578          39     69      59   93.739123   34.739123
7579          39     70      58   97.892206   39.892206
7580          39     71      57  100.744775   43.744775
7581          39     72      56   94.475436   38.475436
7582          39     73      55   89.557906   34.557906
7583          39     74      54  104.011885   50.011885
7584          39     75      53   90.107098   37.107098
7585          39     76      52   86.725371   34.725371
7586          39     77      51   92.423922   41.423922
7587          39     78      50   79.921945   29.921945
7588          39     79      49   90.830778   41.830778
7589          39     80      48   83.395319   35.395319
7590          39     81      47   82.333279   35.333279
7591          39     82      46   79.687371   33.687371
7592          39     83      45   75.274747   30.274747
7593          39     84      44   67.949104   23.949104
7594          39     85      43   73.862961   30.862961
7595          39     86      42   72.126456   30.126456
7596          39     87      41   63.215587   22.215587
7597          39     88      40   73.006325   33.006325
7598          39     89      39   68.057510   29.057510
7599          39     90      38   60.201473   22.201473
7600          39     91      37   64.684573   27.684573
7601          39     92      36   59.806828   23.806828
7602          39     93      35   59.494544   24.494544
7603          39     94      34   65.281594   31.281594
7604          39     95      33   69.491593   36.491593
7605          39     96      32   58.644698   26.644698
7606          39     97      31   59.855574   28.855574
7607          39     98      30   59.407068   29.407068
7608          39     99      29   54.403094   25.403094
7609          39    100      28   52.100279   24.100279
7610          39    101      27   50.476606   23.476606
7611          39    102      26   45.908051   19.908051
7612          39    103      25   47.367411   22.367411
7613          39    104      24   45.288353   21.288353
7614          39    105      23   40.817682   17.817682
7615          39    106      22   35.795560   13.795560
7616          39    107      21   40.298888   19.298888
7617          39    108      20   47.672455   27.672455
7618          39    109      19   37.144384   18.144384
7619          39    110      18   36.368245   18.368245
7620          39    111      17   35.602180   18.602180
7621          39    112      16   29.010347   13.010347
7622          39    113      15   31.387171   16.387171
7623          39    114      14   26.875887   12.875887
7624          39    115      13   19.071503    6.071503
7625          39    116      12   23.447662   11.447662
7626          39    117      11   17.974769    6.974769
7627          39    118      10   24.057014   14.057014
7628          39    119       9   20.645589   11.645589
7629          39    120       8   18.445693   10.445693
7630          39    121       7   17.107544   10.107544
7631          39    122       6   10.716719    4.716719
7632          39    123       5    8.842648    3.842648
7633          39    124       4    9.882596    5.882596
7634          39    125       3   22.734704   19.734704
7635          39    126       2    4.669425    2.669425
7636          39    127       1   13.280516   12.280516
7637          39    128       0   20.522421   20.522421
7638          40      1     187  175.336130  -11.663870
7639          40      2     186  190.049010    4.049010
7640          40      3     185  183.950437   -1.049563
7641          40      4     184  171.976739  -12.023261
7642          40      5     183  157.147512  -25.852488
7643          40      6     182  160.121768  -21.878232
7644          40      7     181  164.860027  -16.139973
7645          40      8     180  152.398809  -27.601191
7646          40      9     179  146.930606  -32.069394
7647          40     10     178  158.423995  -19.576005
7648          40     11     177  150.091491  -26.908509
7649          40     12     176  153.856520  -22.143480
7650          40     13     175  154.305529  -20.694471
7651          40     14     174  167.391027   -6.608973
7652          40     15     173  153.804894  -19.195106
7653          40     16     172  150.733545  -21.266455
7654          40     17     171  147.251210  -23.748790
7655          40     18     170  149.999405  -20.000595
7656          40     19     169  157.709242  -11.290758
7657          40     20     168  147.934653  -20.065347
7658          40     21     167  153.145824  -13.854176
7659          40     22     166  149.830665  -16.169335
7660          40     23     165  146.801778  -18.198222
7661          40     24     164  144.546037  -19.453963
7662          40     25     163  149.973100  -13.026900
7663          40     26     162  139.515924  -22.484076
7664          40     27     161  147.004842  -13.995158
7665          40     28     160  141.646237  -18.353763
7666          40     29     159  148.785010  -10.214990
7667          40     30     158  148.951279   -9.048721
7668          40     31     157  142.503329  -14.496671
7669          40     32     156  140.817788  -15.182212
7670          40     33     155  140.678143  -14.321857
7671          40     34     154  132.784456  -21.215544
7672          40     35     153  141.374897  -11.625103
7673          40     36     152  125.959119  -26.040881
7674          40     37     151  149.053054   -1.946946
7675          40     38     150  137.010718  -12.989282
7676          40     39     149  129.659424  -19.340576
7677          40     40     148  127.083569  -20.916431
7678          40     41     147  135.574428  -11.425572
7679          40     42     146  131.318581  -14.681419
7680          40     43     145  127.731406  -17.268594
7681          40     44     144  122.087193  -21.912807
7682          40     45     143  128.391311  -14.608689
7683          40     46     142  121.322791  -20.677209
7684          40     47     141  118.827557  -22.172443
7685          40     48     140  115.653127  -24.346873
7686          40     49     139  128.761430  -10.238570
7687          40     50     138  122.886184  -15.113816
7688          40     51     137  123.790107  -13.209893
7689          40     52     136  113.857214  -22.142786
7690          40     53     135  119.837755  -15.162245
7691          40     54     134  114.319887  -19.680113
7692          40     55     133  120.160837  -12.839163
7693          40     56     132  119.308538  -12.691462
7694          40     57     131  120.416048  -10.583952
7695          40     58     130  114.154100  -15.845900
7696          40     59     129  109.417088  -19.582912
7697          40     60     128  112.216672  -15.783328
7698          40     61     127  109.580681  -17.419319
7699          40     62     126  120.668320   -5.331680
7700          40     63     125  111.384678  -13.615322
7701          40     64     124  115.188652   -8.811348
7702          40     65     123  118.981734   -4.018266
7703          40     66     122  112.654508   -9.345492
7704          40     67     121  120.896507   -0.103493
7705          40     68     120  116.382122   -3.617878
7706          40     69     119  109.650916   -9.349084
7707          40     70     118  119.605330    1.605330
7708          40     71     117  115.226856   -1.773144
7709          40     72     116  110.896216   -5.103784
7710          40     73     115  113.653998   -1.346002
7711          40     74     114  111.010151   -2.989849
7712          40     75     113  114.838563    1.838563
7713          40     76     112  102.540533   -9.459467
7714          40     77     111  105.866561   -5.133439
7715          40     78     110  113.866796    3.866796
7716          40     79     109  117.763200    8.763200
7717          40     80     108  112.148453    4.148453
7718          40     81     107  102.048500   -4.951500
7719          40     82     106  100.862161   -5.137839
7720          40     83     105   99.823483   -5.176517
7721          40     84     104   97.504793   -6.495207
7722          40     85     103  101.640382   -1.359618
7723          40     86     102   98.817770   -3.182230
7724          40     87     101   93.370521   -7.629479
7725          40     88     100   99.724682   -0.275318
7726          40     89      99   98.409302   -0.590698
7727          40     90      98   93.139729   -4.860271
7728          40     91      97   87.348293   -9.651707
7729          40     92      96   87.892125   -8.107875
7730          40     93      95   92.291927   -2.708073
7731          40     94      94   95.594534    1.594534
7732          40     95      93   78.010502  -14.989498
7733          40     96      92   92.606657    0.606657
7734          40     97      91   86.850237   -4.149763
7735          40     98      90   87.211271   -2.788729
7736          40     99      89   91.346451    2.346451
7737          40    100      88   86.984772   -1.015228
7738          40    101      87   91.301851    4.301851
7739          40    102      86   90.243437    4.243437
7740          40    103      85   87.934647    2.934647
7741          40    104      84   93.537063    9.537063
7742          40    105      83   87.835359    4.835359
7743          40    106      82   83.156406    1.156406
7744          40    107      81   86.599263    5.599263
7745          40    108      80   78.349267   -1.650733
7746          40    109      79   77.103399   -1.896601
7747          40    110      78   75.819855   -2.180145
7748          40    111      77   74.135024   -2.864976
7749          40    112      76   78.203875    2.203875
7750          40    113      75   80.163222    5.163222
7751          40    114      74   72.423454   -1.576546
7752          40    115      73   78.162070    5.162070
7753          40    116      72   72.809628    0.809628
7754          40    117      71   73.116397    2.116397
7755          40    118      70   74.107132    4.107132
7756          40    119      69   73.452533    4.452533
7757          40    120      68   75.350534    7.350534
7758          40    121      67   77.419114   10.419114
7759          40    122      66   70.115802    4.115802
7760          40    123      65   69.149375    4.149375
7761          40    124      64   69.532922    5.532922
7762          40    125      63   69.503821    6.503821
7763          40    126      62   66.019086    4.019086
7764          40    127      61   75.384284   14.384284
7765          40    128      60   65.879098    5.879098
7766          40    129      59   64.111045    5.111045
7767          40    130      58   60.445585    2.445585
7768          40    131      57   60.730256    3.730256
7769          40    132      56   61.267002    5.267002
7770          40    133      55   59.289368    4.289368
7771          40    134      54   61.214496    7.214496
7772          40    135      53   55.695115    2.695115
7773          40    136      52   54.827240    2.827240
7774          40    137      51   56.029830    5.029830
7775          40    138      50   54.580874    4.580874
7776          40    139      49   57.652044    8.652044
7777          40    140      48   53.718685    5.718685
7778          40    141      47   52.661873    5.661873
7779          40    142      46   57.892763   11.892763
7780          40    143      45   57.939423   12.939423
7781          40    144      44   55.792186   11.792186
7782          40    145      43   50.858234    7.858234
7783          40    146      42   51.724614    9.724614
7784          40    147      41   53.347060   12.347060
7785          40    148      40   48.243082    8.243082
7786          40    149      39   48.827733    9.827733
7787          40    150      38   49.340295   11.340295
7788          40    151      37   46.818833    9.818833
7789          40    152      36   46.828815   10.828815
7790          40    153      35   46.671229   11.671229
7791          40    154      34   42.975693    8.975693
7792          40    155      33   40.335223    7.335223
7793          40    156      32   37.991812    5.991812
7794          40    157      31   36.001914    5.001914
7795          40    158      30   36.871341    6.871341
7796          40    159      29   36.109652    7.109652
7797          40    160      28   30.726784    2.726784
7798          40    161      27   35.556995    8.556995
7799          40    162      26   34.215367    8.215367
7800          40    163      25   31.854113    6.854113
7801          40    164      24   35.348432   11.348432
7802          40    165      23   34.834784   11.834784
7803          40    166      22   35.275084   13.275084
7804          40    167      21   29.007330    8.007330
7805          40    168      20   29.106407    9.106407
7806          40    169      19   29.249286   10.249286
7807          40    170      18   27.943945    9.943945
7808          40    171      17   25.911477    8.911477
7809          40    172      16   28.938664   12.938664
7810          40    173      15   26.747084   11.747084
7811          40    174      14   28.323298   14.323298
7812          40    175      13   17.956426    4.956426
7813          40    176      12   30.769089   18.769089
7814          40    177      11   17.737266    6.737266
7815          40    178      10   24.667136   14.667136
7816          40    179       9   17.433717    8.433717
7817          40    180       8   18.663471   10.663471
7818          40    181       7   19.669594   12.669594
7819          40    182       6   25.280470   19.280470
7820          40    183       5   21.605821   16.605821
7821          40    184       4   15.810889   11.810889
7822          40    185       3   13.590766   10.590766
7823          40    186       2   28.881419   26.881419
7824          40    187       1   15.872951   14.872951
7825          40    188       0   16.948401   16.948401
7826          41      1     215  195.178947  -19.821053
7827          41      2     214  178.234516  -35.765484
7828          41      3     213  177.597676  -35.402324
7829          41      4     212  185.050048  -26.949952
7830          41      5     211  197.845691  -13.154309
7831          41      6     210  186.944196  -23.055804
7832          41      7     209  196.645994  -12.354006
7833          41      8     208  188.629300  -19.370700
7834          41      9     207  193.210776  -13.789224
7835          41     10     206  205.082728   -0.917272
7836          41     11     205  189.662461  -15.337539
7837          41     12     204  195.353670   -8.646330
7838          41     13     203  185.901518  -17.098482
7839          41     14     202  190.409685  -11.590315
7840          41     15     201  200.032006   -0.967994
7841          41     16     200  175.542922  -24.457078
7842          41     17     199  180.889069  -18.110931
7843          41     18     198  185.949672  -12.050328
7844          41     19     197  189.597759   -7.402241
7845          41     20     196  179.404900  -16.595100
7846          41     21     195  184.824709  -10.175291
7847          41     22     194  176.178027  -17.821973
7848          41     23     193  184.358849   -8.641151
7849          41     24     192  179.854033  -12.145967
7850          41     25     191  170.951257  -20.048743
7851          41     26     190  186.264064   -3.735936
7852          41     27     189  172.417671  -16.582329
7853          41     28     188  176.008923  -11.991077
7854          41     29     187  173.508554  -13.491446
7855          41     30     186  174.256264  -11.743736
7856          41     31     185  171.540486  -13.459514
7857          41     32     184  162.894474  -21.105526
7858          41     33     183  166.689577  -16.310423
7859          41     34     182  172.900756   -9.099244
7860          41     35     181  167.939269  -13.060731
7861          41     36     180  161.703360  -18.296640
7862          41     37     179  181.079739    2.079739
7863          41     38     178  172.918033   -5.081967
7864          41     39     177  167.764769   -9.235231
7865          41     40     176  161.377546  -14.622454
7866          41     41     175  168.911062   -6.088938
7867          41     42     174  172.599372   -1.400628
7868          41     43     173  170.525256   -2.474744
7869          41     44     172  174.645399    2.645399
7870          41     45     171  172.571648    1.571648
7871          41     46     170  175.936587    5.936587
7872          41     47     169  176.675320    7.675320
7873          41     48     168  163.396765   -4.603235
7874          41     49     167  162.757924   -4.242076
7875          41     50     166  166.376446    0.376446
7876          41     51     165  165.527957    0.527957
7877          41     52     164  171.695511    7.695511
7878          41     53     163  159.520532   -3.479468
7879          41     54     162  156.744213   -5.255787
7880          41     55     161  151.181299   -9.818701
7881          41     56     160  157.823738   -2.176262
7882          41     57     159  148.644192  -10.355808
7883          41     58     158  143.312303  -14.687697
7884          41     59     157  156.653442   -0.346558
7885          41     60     156  148.413218   -7.586782
7886          41     61     155  154.184806   -0.815194
7887          41     62     154  148.596711   -5.403289
7888          41     63     153  149.746760   -3.253240
7889          41     64     152  145.336103   -6.663897
7890          41     65     151  149.055870   -1.944130
7891          41     66     150  144.536199   -5.463801
7892          41     67     149  147.102307   -1.897693
7893          41     68     148  138.548809   -9.451191
7894          41     69     147  144.276441   -2.723559
7895          41     70     146  139.423652   -6.576348
7896          41     71     145  143.012231   -1.987769
7897          41     72     144  147.083762    3.083762
7898          41     73     143  140.545688   -2.454312
7899          41     74     142  138.721668   -3.278332
7900          41     75     141  131.954233   -9.045767
7901          41     76     140  128.499810  -11.500190
7902          41     77     139  134.211750   -4.788250
7903          41     78     138  148.419097   10.419097
7904          41     79     137  128.148804   -8.851196
7905          41     80     136  130.313968   -5.686032
7906          41     81     135  129.634929   -5.365071
7907          41     82     134  141.869493    7.869493
7908          41     83     133  131.954837   -1.045163
7909          41     84     132  135.983857    3.983857
7910          41     85     131  136.794202    5.794202
7911          41     86     130  142.906000   12.906000
7912          41     87     129  139.401751   10.401751
7913          41     88     128  137.273263    9.273263
7914          41     89     127  135.129940    8.129940
7915          41     90     126  127.619950    1.619950
7916          41     91     125  130.784648    5.784648
7917          41     92     124  123.620426   -0.379574
7918          41     93     123  126.152215    3.152215
7919          41     94     122  133.473342   11.473342
7920          41     95     121  127.919566    6.919566
7921          41     96     120  123.562540    3.562540
7922          41     97     119  118.772719   -0.227281
7923          41     98     118  122.100037    4.100037
7924          41     99     117  125.030616    8.030616
7925          41    100     116  116.027514    0.027514
7926          41    101     115  116.081479    1.081479
7927          41    102     114  115.149597    1.149597
7928          41    103     113  111.339735   -1.660265
7929          41    104     112  121.764957    9.764957
7930          41    105     111  112.862221    1.862221
7931          41    106     110  120.391376   10.391376
7932          41    107     109  109.038912    0.038912
7933          41    108     108  107.536999   -0.463001
7934          41    109     107  111.766586    4.766586
7935          41    110     106  109.588409    3.588409
7936          41    111     105  116.605876   11.605876
7937          41    112     104  107.461934    3.461934
7938          41    113     103   99.822623   -3.177377
7939          41    114     102  104.918549    2.918549
7940          41    115     101  110.324443    9.324443
7941          41    116     100  106.727353    6.727353
7942          41    117      99  108.600077    9.600077
7943          41    118      98  103.382261    5.382261
7944          41    119      97  113.193925   16.193925
7945          41    120      96  105.276106    9.276106
7946          41    121      95   96.625062    1.625062
7947          41    122      94   95.774317    1.774317
7948          41    123      93   94.273576    1.273576
7949          41    124      92   92.022665    0.022665
7950          41    125      91   92.932197    1.932197
7951          41    126      90   92.474310    2.474310
7952          41    127      89   94.715832    5.715832
7953          41    128      88   86.095200   -1.904800
7954          41    129      87   91.665581    4.665581
7955          41    130      86   87.432158    1.432158
7956          41    131      85   87.005182    2.005182
7957          41    132      84   69.593935  -14.406065
7958          41    133      83   81.767999   -1.232001
7959          41    134      82   87.773426    5.773426
7960          41    135      81   83.039723    2.039723
7961          41    136      80   85.665712    5.665712
7962          41    137      79   90.245100   11.245100
7963          41    138      78   90.169982   12.169982
7964          41    139      77   81.526624    4.526624
7965          41    140      76   76.952188    0.952188
7966          41    141      75   85.359013   10.359013
7967          41    142      74   81.483993    7.483993
7968          41    143      73   85.245078   12.245078
7969          41    144      72   82.343462   10.343462
7970          41    145      71   74.604478    3.604478
7971          41    146      70   71.854652    1.854652
7972          41    147      69   71.692186    2.692186
7973          41    148      68   76.452918    8.452918
7974          41    149      67   73.613761    6.613761
7975          41    150      66   69.262575    3.262575
7976          41    151      65   73.538136    8.538136
7977          41    152      64   74.910600   10.910600
7978          41    153      63   69.098740    6.098740
7979          41    154      62   72.259035   10.259035
7980          41    155      61   73.712966   12.712966
7981          41    156      60   73.907914   13.907914
7982          41    157      59   63.695582    4.695582
7983          41    158      58   63.478782    5.478782
7984          41    159      57   63.408850    6.408850
7985          41    160      56   62.021843    6.021843
7986          41    161      55   58.341472    3.341472
7987          41    162      54   62.755282    8.755282
7988          41    163      53   57.270907    4.270907
7989          41    164      52   56.126196    4.126196
7990          41    165      51   57.239143    6.239143
7991          41    166      50   58.167976    8.167976
7992          41    167      49   51.889412    2.889412
7993          41    168      48   52.054684    4.054684
7994          41    169      47   52.140896    5.140896
7995          41    170      46   48.811435    2.811435
7996          41    171      45   50.166453    5.166453
7997          41    172      44   44.794090    0.794090
7998          41    173      43   46.874926    3.874926
7999          41    174      42   40.263776   -1.736224
8000          41    175      41   39.543701   -1.456299
8001          41    176      40   37.603206   -2.396794
8002          41    177      39   35.862646   -3.137354
8003          41    178      38   40.744637    2.744637
8004          41    179      37   41.570801    4.570801
8005          41    180      36   41.021414    5.021414
8006          41    181      35   33.481832   -1.518168
8007          41    182      34   35.499689    1.499689
8008          41    183      33   37.212386    4.212386
8009          41    184      32   33.265510    1.265510
8010          41    185      31   27.742444   -3.257556
8011          41    186      30   31.103332    1.103332
8012          41    187      29   29.828200    0.828200
8013          41    188      28   27.560072   -0.439928
8014          41    189      27   27.411677    0.411677
8015          41    190      26   22.286572   -3.713428
8016          41    191      25   18.539544   -6.460456
8017          41    192      24   18.605598   -5.394402
8018          41    193      23   15.643771   -7.356229
8019          41    194      22   15.065951   -6.934049
8020          41    195      21   14.506535   -6.493465
8021          41    196      20   13.705425   -6.294575
8022          41    197      19   13.939712   -5.060288
8023          41    198      18    8.900638   -9.099362
8024          41    199      17   11.915099   -5.084901
8025          41    200      16   10.182956   -5.817044
8026          41    201      15   11.160691   -3.839309
8027          41    202      14    5.572400   -8.427600
8028          41    203      13    3.198624   -9.801376
8029          41    204      12    4.378065   -7.621935
8030          41    205      11    8.214841   -2.785159
8031          41    206      10   -1.958716  -11.958716
8032          41    207       9   -0.872617   -9.872617
8033          41    208       8   -2.381523  -10.381523
8034          41    209       7    3.347512   -3.652488
8035          41    210       6    3.718001   -2.281999
8036          41    211       5   -2.761320   -7.761320
8037          41    212       4    3.324975   -0.675025
8038          41    213       3    5.779477    2.779477
8039          41    214       2   -1.901925   -3.901925
8040          41    215       1   -6.631475   -7.631475
8041          41    216       0    3.057734    3.057734
8042          42      1     195  210.576797   15.576797
8043          42      2     194  203.987040    9.987040
8044          42      3     193  198.360898    5.360898
8045          42      4     192  188.790117   -3.209883
8046          42      5     191  179.383343  -11.616657
8047          42      6     190  188.846494   -1.153506
8048          42      7     189  196.141494    7.141494
8049          42      8     188  189.498853    1.498853
8050          42      9     187  189.277182    2.277182
8051          42     10     186  186.459817    0.459817
8052          42     11     185  184.137365   -0.862635
8053          42     12     184  180.472078   -3.527922
8054          42     13     183  174.595775   -8.404225
8055          42     14     182  183.314331    1.314331
8056          42     15     181  177.309665   -3.690335
8057          42     16     180  185.370327    5.370327
8058          42     17     179  168.105173  -10.894827
8059          42     18     178  178.943022    0.943022
8060          42     19     177  175.732526   -1.267474
8061          42     20     176  169.476136   -6.523864
8062          42     21     175  179.531082    4.531082
8063          42     22     174  178.042625    4.042625
8064          42     23     173  174.367930    1.367930
8065          42     24     172  162.636891   -9.363109
8066          42     25     171  168.560135   -2.439865
8067          42     26     170  167.938675   -2.061325
8068          42     27     169  172.723296    3.723296
8069          42     28     168  166.666844   -1.333156
8070          42     29     167  173.826100    6.826100
8071          42     30     166  158.367973   -7.632027
8072          42     31     165  166.760328    1.760328
8073          42     32     164  154.041091   -9.958909
8074          42     33     163  152.573661  -10.426339
8075          42     34     162  156.804764   -5.195236
8076          42     35     161  164.685372    3.685372
8077          42     36     160  160.851071    0.851071
8078          42     37     159  158.535121   -0.464879
8079          42     38     158  164.868382    6.868382
8080          42     39     157  147.729003   -9.270997
8081          42     40     156  150.646998   -5.353002
8082          42     41     155  165.348019   10.348019
8083          42     42     154  156.917594    2.917594
8084          42     43     153  158.253377    5.253377
8085          42     44     152  152.668314    0.668314
8086          42     45     151  148.742309   -2.257691
8087          42     46     150  152.373053    2.373053
8088          42     47     149  141.797050   -7.202950
8089          42     48     148  152.743027    4.743027
8090          42     49     147  145.435217   -1.564783
8091          42     50     146  141.671185   -4.328815
8092          42     51     145  153.991480    8.991480
8093          42     52     144  147.624963    3.624963
8094          42     53     143  152.736207    9.736207
8095          42     54     142  153.776800   11.776800
8096          42     55     141  157.060074   16.060074
8097          42     56     140  154.204559   14.204559
8098          42     57     139  137.533329   -1.466671
8099          42     58     138  141.306573    3.306573
8100          42     59     137  143.497976    6.497976
8101          42     60     136  144.765898    8.765898
8102          42     61     135  141.202153    6.202153
8103          42     62     134  139.298854    5.298854
8104          42     63     133  136.558996    3.558996
8105          42     64     132  147.661780   15.661780
8106          42     65     131  147.056280   16.056280
8107          42     66     130  133.241577    3.241577
8108          42     67     129  135.643995    6.643995
8109          42     68     128  140.246679   12.246679
8110          42     69     127  141.439647   14.439647
8111          42     70     126  133.973560    7.973560
8112          42     71     125  131.467633    6.467633
8113          42     72     124  128.953934    4.953934
8114          42     73     123  126.248545    3.248545
8115          42     74     122  123.384267    1.384267
8116          42     75     121  120.105505   -0.894495
8117          42     76     120  132.274607   12.274607
8118          42     77     119  138.487964   19.487964
8119          42     78     118  125.980309    7.980309
8120          42     79     117  117.911670    0.911670
8121          42     80     116  123.148440    7.148440
8122          42     81     115  126.573117   11.573117
8123          42     82     114  121.751841    7.751841
8124          42     83     113  112.187237   -0.812763
8125          42     84     112  121.606014    9.606014
8126          42     85     111  119.193793    8.193793
8127          42     86     110  119.661107    9.661107
8128          42     87     109  116.302238    7.302238
8129          42     88     108  119.778770   11.778770
8130          42     89     107  115.333530    8.333530
8131          42     90     106  125.637342   19.637342
8132          42     91     105  114.861324    9.861324
8133          42     92     104  123.797769   19.797769
8134          42     93     103  116.126906   13.126906
8135          42     94     102  110.665760    8.665760
8136          42     95     101  104.593603    3.593603
8137          42     96     100  118.630359   18.630359
8138          42     97      99  109.518917   10.518917
8139          42     98      98  105.246157    7.246157
8140          42     99      97  116.986626   19.986626
8141          42    100      96  102.836046    6.836046
8142          42    101      95  114.679977   19.679977
8143          42    102      94  100.166157    6.166157
8144          42    103      93  106.764017   13.764017
8145          42    104      92  113.393505   21.393505
8146          42    105      91  111.153948   20.153948
8147          42    106      90  112.542387   22.542387
8148          42    107      89  102.446998   13.446998
8149          42    108      88   99.272292   11.272292
8150          42    109      87  100.306249   13.306249
8151          42    110      86  104.744826   18.744826
8152          42    111      85  104.104026   19.104026
8153          42    112      84  100.439800   16.439800
8154          42    113      83   93.839705   10.839705
8155          42    114      82  100.542463   18.542463
8156          42    115      81   95.136885   14.136885
8157          42    116      80   85.824317    5.824317
8158          42    117      79   84.395716    5.395716
8159          42    118      78   88.357935   10.357935
8160          42    119      77   86.371789    9.371789
8161          42    120      76   80.164279    4.164279
8162          42    121      75   83.069059    8.069059
8163          42    122      74   81.169072    7.169072
8164          42    123      73   73.534367    0.534367
8165          42    124      72   85.627232   13.627232
8166          42    125      71   81.659078   10.659078
8167          42    126      70   89.508414   19.508414
8168          42    127      69   85.014052   16.014052
8169          42    128      68   77.454258    9.454258
8170          42    129      67   73.353523    6.353523
8171          42    130      66   81.043560   15.043560
8172          42    131      65   74.707673    9.707673
8173          42    132      64   74.638061   10.638061
8174          42    133      63   74.783106   11.783106
8175          42    134      62   75.409816   13.409816
8176          42    135      61   76.982939   15.982939
8177          42    136      60   69.532021    9.532021
8178          42    137      59   67.693067    8.693067
8179          42    138      58   66.076054    8.076054
8180          42    139      57   71.308868   14.308868
8181          42    140      56   66.215948   10.215948
8182          42    141      55   66.261677   11.261677
8183          42    142      54   68.883699   14.883699
8184          42    143      53   57.975580    4.975580
8185          42    144      52   51.270286   -0.729714
8186          42    145      51   58.620068    7.620068
8187          42    146      50   48.430069   -1.569931
8188          42    147      49   55.679445    6.679445
8189          42    148      48   52.774295    4.774295
8190          42    149      47   51.910362    4.910362
8191          42    150      46   41.438350   -4.561650
8192          42    151      45   48.690743    3.690743
8193          42    152      44   47.266000    3.266000
8194          42    153      43   42.955828   -0.044172
8195          42    154      42   52.471681   10.471681
8196          42    155      41   43.776075    2.776075
8197          42    156      40   45.934653    5.934653
8198          42    157      39   48.344525    9.344525
8199          42    158      38   41.789477    3.789477
8200          42    159      37   46.373815    9.373815
8201          42    160      36   39.593656    3.593656
8202          42    161      35   38.988714    3.988714
8203          42    162      34   33.502974   -0.497026
8204          42    163      33   37.584928    4.584928
8205          42    164      32   29.610334   -2.389666
8206          42    165      31   33.839580    2.839580
8207          42    166      30   31.984538    1.984538
8208          42    167      29   30.208892    1.208892
8209          42    168      28   27.774938   -0.225062
8210          42    169      27   31.423661    4.423661
8211          42    170      26   27.070868    1.070868
8212          42    171      25   25.429241    0.429241
8213          42    172      24   22.206381   -1.793619
8214          42    173      23   19.073403   -3.926597
8215          42    174      22   24.432348    2.432348
8216          42    175      21   20.081767   -0.918233
8217          42    176      20   21.679214    1.679214
8218          42    177      19   20.492498    1.492498
8219          42    178      18   18.048517    0.048517
8220          42    179      17   12.518169   -4.481831
8221          42    180      16   13.826666   -2.173334
8222          42    181      15   18.060498    3.060498
8223          42    182      14    7.892092   -6.107908
8224          42    183      13    5.650603   -7.349397
8225          42    184      12    3.452442   -8.547558
8226          42    185      11    2.194924   -8.805076
8227          42    186      10    1.340045   -8.659955
8228          42    187       9    1.508196   -7.491804
8229          42    188       8    0.628586   -7.371414
8230          42    189       7    1.213176   -5.786824
8231          42    190       6   -1.836043   -7.836043
8232          42    191       5    2.650801   -2.349199
8233          42    192       4   -5.476370   -9.476370
8234          42    193       3   -0.213580   -3.213580
8235          42    194       2   -1.877163   -3.877163
8236          42    195       1  -10.501411  -11.501411
8237          42    196       0  -10.596235  -10.596235
8238          43      1     206  225.009818   19.009818
8239          43      2     205  228.004728   23.004728
8240          43      3     204  226.116272   22.116272
8241          43      4     203  222.073687   19.073687
8242          43      5     202  229.424599   27.424599
8243          43      6     201  214.004516   13.004516
8244          43      7     200  216.460563   16.460563
8245          43      8     199  205.500091    6.500091
8246          43      9     198  204.431292    6.431292
8247          43     10     197  209.639600   12.639600
8248          43     11     196  219.320504   23.320504
8249          43     12     195  210.054591   15.054591
8250          43     13     194  199.697014    5.697014
8251          43     14     193  222.647076   29.647076
8252          43     15     192  204.850988   12.850988
8253          43     16     191  211.749918   20.749918
8254          43     17     190  220.430817   30.430817
8255          43     18     189  210.862957   21.862957
8256          43     19     188  208.523520   20.523520
8257          43     20     187  199.494350   12.494350
8258          43     21     186  192.349586    6.349586
8259          43     22     185  198.975695   13.975695
8260          43     23     184  198.514574   14.514574
8261          43     24     183  189.455171    6.455171
8262          43     25     182  202.843790   20.843790
8263          43     26     181  191.624790   10.624790
8264          43     27     180  188.503449    8.503449
8265          43     28     179  201.585159   22.585159
8266          43     29     178  190.248297   12.248297
8267          43     30     177  198.706840   21.706840
8268          43     31     176  194.046783   18.046783
8269          43     32     175  184.583769    9.583769
8270          43     33     174  183.583154    9.583154
8271          43     34     173  192.937467   19.937467
8272          43     35     172  192.691763   20.691763
8273          43     36     171  183.713413   12.713413
8274          43     37     170  188.812456   18.812456
8275          43     38     169  176.698163    7.698163
8276          43     39     168  181.249004   13.249004
8277          43     40     167  178.473259   11.473259
8278          43     41     166  186.560840   20.560840
8279          43     42     165  174.914591    9.914591
8280          43     43     164  180.454920   16.454920
8281          43     44     163  175.530607   12.530607
8282          43     45     162  184.881212   22.881212
8283          43     46     161  173.105809   12.105809
8284          43     47     160  166.790923    6.790923
8285          43     48     159  165.538831    6.538831
8286          43     49     158  168.004289   10.004289
8287          43     50     157  169.375005   12.375005
8288          43     51     156  162.835952    6.835952
8289          43     52     155  178.104577   23.104577
8290          43     53     154  161.407264    7.407264
8291          43     54     153  164.312404   11.312404
8292          43     55     152  153.995479    1.995479
8293          43     56     151  154.055922    3.055922
8294          43     57     150  172.397634   22.397634
8295          43     58     149  157.230209    8.230209
8296          43     59     148  149.274819    1.274819
8297          43     60     147  159.498739   12.498739
8298          43     61     146  168.112872   22.112872
8299          43     62     145  146.752972    1.752972
8300          43     63     144  156.610902   12.610902
8301          43     64     143  155.071699   12.071699
8302          43     65     142  151.676640    9.676640
8303          43     66     141  154.262401   13.262401
8304          43     67     140  152.835051   12.835051
8305          43     68     139  144.549708    5.549708
8306          43     69     138  158.905676   20.905676
8307          43     70     137  146.898068    9.898068
8308          43     71     136  151.057630   15.057630
8309          43     72     135  144.949944    9.949944
8310          43     73     134  149.930294   15.930294
8311          43     74     133  138.233111    5.233111
8312          43     75     132  145.255654   13.255654
8313          43     76     131  144.311507   13.311507
8314          43     77     130  141.877270   11.877270
8315          43     78     129  136.951352    7.951352
8316          43     79     128  134.769386    6.769386
8317          43     80     127  141.051667   14.051667
8318          43     81     126  153.867585   27.867585
8319          43     82     125  145.466607   20.466607
8320          43     83     124  138.388904   14.388904
8321          43     84     123  139.214935   16.214935
8322          43     85     122  138.985248   16.985248
8323          43     86     121  125.677003    4.677003
8324          43     87     120  138.281570   18.281570
8325          43     88     119  129.317881   10.317881
8326          43     89     118  130.385435   12.385435
8327          43     90     117  145.144829   28.144829
8328          43     91     116  139.739884   23.739884
8329          43     92     115  122.091470    7.091470
8330          43     93     114  127.194668   13.194668
8331          43     94     113  129.721584   16.721584
8332          43     95     112  130.899120   18.899120
8333          43     96     111  130.987172   19.987172
8334          43     97     110  128.207276   18.207276
8335          43     98     109  126.048359   17.048359
8336          43     99     108  125.873832   17.873832
8337          43    100     107  127.562040   20.562040
8338          43    101     106  130.479746   24.479746
8339          43    102     105  126.954741   21.954741
8340          43    103     104  134.300707   30.300707
8341          43    104     103  131.213681   28.213681
8342          43    105     102  122.686752   20.686752
8343          43    106     101  115.263470   14.263470
8344          43    107     100  126.276193   26.276193
8345          43    108      99  122.093635   23.093635
8346          43    109      98  121.409927   23.409927
8347          43    110      97  121.484258   24.484258
8348          43    111      96  108.213858   12.213858
8349          43    112      95  120.206248   25.206248
8350          43    113      94  103.255083    9.255083
8351          43    114      93  118.264187   25.264187
8352          43    115      92  103.359946   11.359946
8353          43    116      91  120.524801   29.524801
8354          43    117      90   94.499400    4.499400
8355          43    118      89  116.248441   27.248441
8356          43    119      88  107.579230   19.579230
8357          43    120      87  107.432517   20.432517
8358          43    121      86  108.753948   22.753948
8359          43    122      85  114.684668   29.684668
8360          43    123      84  106.656115   22.656115
8361          43    124      83  113.190161   30.190161
8362          43    125      82  123.522779   41.522779
8363          43    126      81  115.490140   34.490140
8364          43    127      80  103.621146   23.621146
8365          43    128      79  111.067935   32.067935
8366          43    129      78  115.401358   37.401358
8367          43    130      77  104.673254   27.673254
8368          43    131      76  104.822531   28.822531
8369          43    132      75  111.012204   36.012204
8370          43    133      74   95.626005   21.626005
8371          43    134      73  109.007367   36.007367
8372          43    135      72   89.889974   17.889974
8373          43    136      71   85.913729   14.913729
8374          43    137      70   92.483351   22.483351
8375          43    138      69   82.370974   13.370974
8376          43    139      68   93.582186   25.582186
8377          43    140      67   80.023048   13.023048
8378          43    141      66   81.414815   15.414815
8379          43    142      65   80.592577   15.592577
8380          43    143      64   79.183559   15.183559
8381          43    144      63   85.329341   22.329341
8382          43    145      62   86.783216   24.783216
8383          43    146      61   77.404140   16.404140
8384          43    147      60   73.084634   13.084634
8385          43    148      59   78.317966   19.317966
8386          43    149      58   78.629923   20.629923
8387          43    150      57   84.419799   27.419799
8388          43    151      56   72.518099   16.518099
8389          43    152      55   70.924392   15.924392
8390          43    153      54   81.940245   27.940245
8391          43    154      53   67.787071   14.787071
8392          43    155      52   67.449526   15.449526
8393          43    156      51   69.790796   18.790796
8394          43    157      50   76.017781   26.017781
8395          43    158      49   73.717008   24.717008
8396          43    159      48   66.383120   18.383120
8397          43    160      47   65.837278   18.837278
8398          43    161      46   69.969686   23.969686
8399          43    162      45   72.655259   27.655259
8400          43    163      44   47.184355    3.184355
8401          43    164      43   60.901728   17.901728
8402          43    165      42   65.837877   23.837877
8403          43    166      41   61.387634   20.387634
8404          43    167      40   56.597186   16.597186
8405          43    168      39   44.321355    5.321355
8406          43    169      38   44.891819    6.891819
8407          43    170      37   48.177368   11.177368
8408          43    171      36   40.464775    4.464775
8409          43    172      35   36.317258    1.317258
8410          43    173      34   38.693014    4.693014
8411          43    174      33   35.274475    2.274475
8412          43    175      32   35.226401    3.226401
8413          43    176      31   31.031200    0.031200
8414          43    177      30   26.990015   -3.009985
8415          43    178      29   27.585987   -1.414013
8416          43    179      28   33.081923    5.081923
8417          43    180      27   25.861633   -1.138367
8418          43    181      26   21.328434   -4.671566
8419          43    182      25   21.712346   -3.287654
8420          43    183      24   21.465992   -2.534008
8421          43    184      23   15.123776   -7.876224
8422          43    185      22   12.692523   -9.307477
8423          43    186      21   10.019173  -10.980827
8424          43    187      20   10.152966   -9.847034
8425          43    188      19    4.762611  -14.237389
8426          43    189      18    1.451420  -16.548580
8427          43    190      17   -0.568139  -17.568139
8428          43    191      16   -0.590481  -16.590481
8429          43    192      15   -7.031217  -22.031217
8430          43    193      14   -8.126452  -22.126452
8431          43    194      13  -11.402427  -24.402427
8432          43    195      12  -10.395453  -22.395453
8433          43    196      11  -15.950784  -26.950784
8434          43    197      10  -14.334666  -24.334666
8435          43    198       9  -19.580517  -28.580517
8436          43    199       8  -20.920348  -28.920348
8437          43    200       7  -15.648446  -22.648446
8438          43    201       6   -8.494113  -14.494113
8439          43    202       5  -17.247002  -22.247002
8440          43    203       4  -16.505391  -20.505391
8441          43    204       3  -24.955559  -27.955559
8442          43    205       2  -15.435092  -17.435092
8443          43    206       1  -22.930586  -23.930586
8444          43    207       0  -22.321514  -22.321514
8445          44      1     191  211.891464   20.891464
8446          44      2     190  208.659044   18.659044
8447          44      3     189  193.771225    4.771225
8448          44      4     188  194.405828    6.405828
8449          44      5     187  196.838607    9.838607
8450          44      6     186  198.045423   12.045423
8451          44      7     185  183.628229   -1.371771
8452          44      8     184  199.584283   15.584283
8453          44      9     183  194.878024   11.878024
8454          44     10     182  189.817827    7.817827
8455          44     11     181  185.787085    4.787085
8456          44     12     180  189.139179    9.139179
8457          44     13     179  201.939257   22.939257
8458          44     14     178  190.816014   12.816014
8459          44     15     177  187.710507   10.710507
8460          44     16     176  191.893446   15.893446
8461          44     17     175  196.242758   21.242758
8462          44     18     174  181.887265    7.887265
8463          44     19     173  179.659995    6.659995
8464          44     20     172  191.052631   19.052631
8465          44     21     171  180.016329    9.016329
8466          44     22     170  172.255855    2.255855
8467          44     23     169  170.254397    1.254397
8468          44     24     168  174.066360    6.066360
8469          44     25     167  174.386894    7.386894
8470          44     26     166  170.761272    4.761272
8471          44     27     165  176.674749   11.674749
8472          44     28     164  167.117444    3.117444
8473          44     29     163  158.398532   -4.601468
8474          44     30     162  169.921891    7.921891
8475          44     31     161  160.285608   -0.714392
8476          44     32     160  168.872831    8.872831
8477          44     33     159  166.341975    7.341975
8478          44     34     158  163.400630    5.400630
8479          44     35     157  166.768579    9.768579
8480          44     36     156  160.616504    4.616504
8481          44     37     155  162.395691    7.395691
8482          44     38     154  156.048205    2.048205
8483          44     39     153  146.616508   -6.383492
8484          44     40     152  162.641571   10.641571
8485          44     41     151  158.931345    7.931345
8486          44     42     150  151.832707    1.832707
8487          44     43     149  146.582489   -2.417511
8488          44     44     148  152.432908    4.432908
8489          44     45     147  149.397623    2.397623
8490          44     46     146  143.898848   -2.101152
8491          44     47     145  134.186134  -10.813866
8492          44     48     144  150.363157    6.363157
8493          44     49     143  153.999414   10.999414
8494          44     50     142  152.151086   10.151086
8495          44     51     141  140.264850   -0.735150
8496          44     52     140  148.561311    8.561311
8497          44     53     139  150.066102   11.066102
8498          44     54     138  141.904403    3.904403
8499          44     55     137  147.927758   10.927758
8500          44     56     136  145.699943    9.699943
8501          44     57     135  160.191928   25.191928
8502          44     58     134  145.495003   11.495003
8503          44     59     133  146.766394   13.766394
8504          44     60     132  148.408866   16.408866
8505          44     61     131  151.588504   20.588504
8506          44     62     130  149.902758   19.902758
8507          44     63     129  148.162323   19.162323
8508          44     64     128  153.330593   25.330593
8509          44     65     127  150.255925   23.255925
8510          44     66     126  145.491554   19.491554
8511          44     67     125  147.884643   22.884643
8512          44     68     124  138.263325   14.263325
8513          44     69     123  146.137588   23.137588
8514          44     70     122  153.121315   31.121315
8515          44     71     121  148.880950   27.880950
8516          44     72     120  150.338495   30.338495
8517          44     73     119  147.325732   28.325732
8518          44     74     118  150.527589   32.527589
8519          44     75     117  146.962721   29.962721
8520          44     76     116  147.365035   31.365035
8521          44     77     115  140.476054   25.476054
8522          44     78     114  143.607002   29.607002
8523          44     79     113  138.712525   25.712525
8524          44     80     112  140.678035   28.678035
8525          44     81     111  132.344380   21.344380
8526          44     82     110  132.733816   22.733816
8527          44     83     109  144.481871   35.481871
8528          44     84     108  131.352306   23.352306
8529          44     85     107  130.079513   23.079513
8530          44     86     106  124.338794   18.338794
8531          44     87     105  124.388790   19.388790
8532          44     88     104  123.842389   19.842389
8533          44     89     103  123.900246   20.900246
8534          44     90     102  116.486169   14.486169
8535          44     91     101  114.079780   13.079780
8536          44     92     100  115.436789   15.436789
8537          44     93      99  126.478266   27.478266
8538          44     94      98  115.164104   17.164104
8539          44     95      97  119.634313   22.634313
8540          44     96      96  114.644458   18.644458
8541          44     97      95  115.636850   20.636850
8542          44     98      94  102.001216    8.001216
8543          44     99      93  112.164079   19.164079
8544          44    100      92  112.142044   20.142044
8545          44    101      91  114.616841   23.616841
8546          44    102      90  107.781015   17.781015
8547          44    103      89  113.789671   24.789671
8548          44    104      88  102.579690   14.579690
8549          44    105      87  108.857507   21.857507
8550          44    106      86  101.189958   15.189958
8551          44    107      85  102.451602   17.451602
8552          44    108      84   99.036523   15.036523
8553          44    109      83   99.390231   16.390231
8554          44    110      82  108.693726   26.693726
8555          44    111      81  100.905191   19.905191
8556          44    112      80  107.355093   27.355093
8557          44    113      79   97.603978   18.603978
8558          44    114      78   97.961655   19.961655
8559          44    115      77  102.617209   25.617209
8560          44    116      76  100.492878   24.492878
8561          44    117      75   97.662336   22.662336
8562          44    118      74   95.035771   21.035771
8563          44    119      73   97.398594   24.398594
8564          44    120      72   94.966043   22.966043
8565          44    121      71   96.699641   25.699641
8566          44    122      70   99.980088   29.980088
8567          44    123      69  100.172698   31.172698
8568          44    124      68   93.065764   25.065764
8569          44    125      67   91.240433   24.240433
8570          44    126      66  100.672201   34.672201
8571          44    127      65   91.904510   26.904510
8572          44    128      64   88.188535   24.188535
8573          44    129      63   89.353665   26.353665
8574          44    130      62   86.304133   24.304133
8575          44    131      61   84.364275   23.364275
8576          44    132      60   83.782628   23.782628
8577          44    133      59   80.984797   21.984797
8578          44    134      58   82.578957   24.578957
8579          44    135      57   73.339717   16.339717
8580          44    136      56   75.713703   19.713703
8581          44    137      55   68.473359   13.473359
8582          44    138      54   74.253184   20.253184
8583          44    139      53   64.704668   11.704668
8584          44    140      52   62.406382   10.406382
8585          44    141      51   65.318995   14.318995
8586          44    142      50   61.543045   11.543045
8587          44    143      49   65.789312   16.789312
8588          44    144      48   60.067616   12.067616
8589          44    145      47   61.361620   14.361620
8590          44    146      46   58.736752   12.736752
8591          44    147      45   69.774007   24.774007
8592          44    148      44   58.134528   14.134528
8593          44    149      43   56.035742   13.035742
8594          44    150      42   54.378575   12.378575
8595          44    151      41   54.450955   13.450955
8596          44    152      40   42.766022    2.766022
8597          44    153      39   46.151604    7.151604
8598          44    154      38   45.797717    7.797717
8599          44    155      37   44.150987    7.150987
8600          44    156      36   45.512196    9.512196
8601          44    157      35   39.898203    4.898203
8602          44    158      34   38.860766    4.860766
8603          44    159      33   30.766754   -2.233246
8604          44    160      32   38.183256    6.183256
8605          44    161      31   35.133159    4.133159
8606          44    162      30   32.707379    2.707379
8607          44    163      29   36.114907    7.114907
8608          44    164      28   36.237961    8.237961
8609          44    165      27   34.654699    7.654699
8610          44    166      26   28.265762    2.265762
8611          44    167      25   20.549799   -4.450201
8612          44    168      24   21.866843   -2.133157
8613          44    169      23   26.291502    3.291502
8614          44    170      22   23.572046    1.572046
8615          44    171      21   16.701427   -4.298573
8616          44    172      20   14.722606   -5.277394
8617          44    173      19    9.073643   -9.926357
8618          44    174      18    7.709831  -10.290169
8619          44    175      17    4.200187  -12.799813
8620          44    176      16    2.960051  -13.039949
8621          44    177      15    1.448225  -13.551775
8622          44    178      14    3.391434  -10.608566
8623          44    179      13    3.645145   -9.354855
8624          44    180      12   -2.204077  -14.204077
8625          44    181      11   -0.633444  -11.633444
8626          44    182      10    1.152830   -8.847170
8627          44    183       9   -3.358020  -12.358020
8628          44    184       8   -2.681622  -10.681622
8629          44    185       7   -6.070930  -13.070930
8630          44    186       6  -13.364122  -19.364122
8631          44    187       5  -10.132282  -15.132282
8632          44    188       4  -12.276489  -16.276489
8633          44    189       3  -15.687948  -18.687948
8634          44    190       2  -13.920064  -15.920064
8635          44    191       1  -13.383540  -14.383540
8636          44    192       0  -12.980744  -12.980744
8637          45      1     157  196.781721   39.781721
8638          45      2     156  203.155884   47.155884
8639          45      3     155  194.244387   39.244387
8640          45      4     154  188.924092   34.924092
8641          45      5     153  192.424514   39.424514
8642          45      6     152  200.341625   48.341625
8643          45      7     151  180.767943   29.767943
8644          45      8     150  197.644216   47.644216
8645          45      9     149  183.420076   34.420076
8646          45     10     148  177.106471   29.106471
8647          45     11     147  183.975774   36.975774
8648          45     12     146  180.862414   34.862414
8649          45     13     145  181.650910   36.650910
8650          45     14     144  183.276265   39.276265
8651          45     15     143  175.116398   32.116398
8652          45     16     142  183.125027   41.125027
8653          45     17     141  179.479113   38.479113
8654          45     18     140  170.938056   30.938056
8655          45     19     139  184.819551   45.819551
8656          45     20     138  171.602635   33.602635
8657          45     21     137  178.175287   41.175287
8658          45     22     136  174.768897   38.768897
8659          45     23     135  170.275600   35.275600
8660          45     24     134  166.272617   32.272617
8661          45     25     133  173.105254   40.105254
8662          45     26     132  168.729486   36.729486
8663          45     27     131  170.934108   39.934108
8664          45     28     130  185.367569   55.367569
8665          45     29     129  170.799598   41.799598
8666          45     30     128  175.692975   47.692975
8667          45     31     127  175.353438   48.353438
8668          45     32     126  171.305696   45.305696
8669          45     33     125  173.609768   48.609768
8670          45     34     124  171.492300   47.492300
8671          45     35     123  167.328108   44.328108
8672          45     36     122  173.969921   51.969921
8673          45     37     121  167.026661   46.026661
8674          45     38     120  173.022889   53.022889
8675          45     39     119  169.795727   50.795727
8676          45     40     118  171.157888   53.157888
8677          45     41     117  166.108914   49.108914
8678          45     42     116  171.054039   55.054039
8679          45     43     115  170.892225   55.892225
8680          45     44     114  168.593730   54.593730
8681          45     45     113  156.080725   43.080725
8682          45     46     112  154.968159   42.968159
8683          45     47     111  158.947908   47.947908
8684          45     48     110  158.819677   48.819677
8685          45     49     109  159.812710   50.812710
8686          45     50     108  145.817649   37.817649
8687          45     51     107  157.436684   50.436684
8688          45     52     106  154.767057   48.767057
8689          45     53     105  135.049919   30.049919
8690          45     54     104  148.368876   44.368876
8691          45     55     103  147.817525   44.817525
8692          45     56     102  148.446713   46.446713
8693          45     57     101  142.021263   41.021263
8694          45     58     100  147.963326   47.963326
8695          45     59      99  144.869966   45.869966
8696          45     60      98  139.945431   41.945431
8697          45     61      97  141.584335   44.584335
8698          45     62      96  134.594066   38.594066
8699          45     63      95  150.247002   55.247002
8700          45     64      94  139.892193   45.892193
8701          45     65      93  131.468053   38.468053
8702          45     66      92  124.770243   32.770243
8703          45     67      91  140.667944   49.667944
8704          45     68      90  140.117899   50.117899
8705          45     69      89  133.072269   44.072269
8706          45     70      88  129.653862   41.653862
8707          45     71      87  133.903686   46.903686
8708          45     72      86  126.307409   40.307409
8709          45     73      85  139.522938   54.522938
8710          45     74      84  136.597091   52.597091
8711          45     75      83  128.552350   45.552350
8712          45     76      82  133.153722   51.153722
8713          45     77      81  119.923294   38.923294
8714          45     78      80  132.143123   52.143123
8715          45     79      79  127.140002   48.140002
8716          45     80      78  128.056247   50.056247
8717          45     81      77  132.990241   55.990241
8718          45     82      76  120.037449   44.037449
8719          45     83      75  121.394786   46.394786
8720          45     84      74  118.463924   44.463924
8721          45     85      73  124.384693   51.384693
8722          45     86      72  115.524646   43.524646
8723          45     87      71  122.084328   51.084328
8724          45     88      70  110.130191   40.130191
8725          45     89      69  122.232622   53.232622
8726          45     90      68  112.669881   44.669881
8727          45     91      67  101.804225   34.804225
8728          45     92      66  115.567619   49.567619
8729          45     93      65  108.957308   43.957308
8730          45     94      64  110.657277   46.657277
8731          45     95      63  109.672450   46.672450
8732          45     96      62  116.640833   54.640833
8733          45     97      61  100.639067   39.639067
8734          45     98      60   96.897474   36.897474
8735          45     99      59   98.460735   39.460735
8736          45    100      58   86.920335   28.920335
8737          45    101      57   88.308532   31.308532
8738          45    102      56   95.050437   39.050437
8739          45    103      55   97.918095   42.918095
8740          45    104      54   88.748323   34.748323
8741          45    105      53   86.723501   33.723501
8742          45    106      52   73.718279   21.718279
8743          45    107      51   85.311450   34.311450
8744          45    108      50   78.753277   28.753277
8745          45    109      49   79.962031   30.962031
8746          45    110      48   81.493128   33.493128
8747          45    111      47   82.435067   35.435067
8748          45    112      46   84.941137   38.941137
8749          45    113      45   78.611689   33.611689
8750          45    114      44   69.215589   25.215589
8751          45    115      43   68.957691   25.957691
8752          45    116      42   74.376519   32.376519
8753          45    117      41   71.263350   30.263350
8754          45    118      40   56.708089   16.708089
8755          45    119      39   61.404420   22.404420
8756          45    120      38   59.872884   21.872884
8757          45    121      37   60.051876   23.051876
8758          45    122      36   56.042745   20.042745
8759          45    123      35   47.606462   12.606462
8760          45    124      34   52.612352   18.612352
8761          45    125      33   47.411347   14.411347
8762          45    126      32   48.764881   16.764881
8763          45    127      31   44.678899   13.678899
8764          45    128      30   43.647828   13.647828
8765          45    129      29   36.310667    7.310667
8766          45    130      28   33.931102    5.931102
8767          45    131      27   31.163841    4.163841
8768          45    132      26   33.411523    7.411523
8769          45    133      25   30.950007    5.950007
8770          45    134      24   27.413181    3.413181
8771          45    135      23   24.463436    1.463436
8772          45    136      22   20.136183   -1.863817
8773          45    137      21   17.284757   -3.715243
8774          45    138      20   13.028543   -6.971457
8775          45    139      19    7.749354  -11.250646
8776          45    140      18    5.489577  -12.510423
8777          45    141      17    9.555634   -7.444366
8778          45    142      16    1.355288  -14.644712
8779          45    143      15    2.428518  -12.571482
8780          45    144      14   -3.179890  -17.179890
8781          45    145      13   -3.480930  -16.480930
8782          45    146      12   -6.944649  -18.944649
8783          45    147      11   -8.948050  -19.948050
8784          45    148      10  -10.457309  -20.457309
8785          45    149       9   -3.525422  -12.525422
8786          45    150       8  -13.249888  -21.249888
8787          45    151       7  -15.647585  -22.647585
8788          45    152       6   -8.552200  -14.552200
8789          45    153       5  -15.450313  -20.450313
8790          45    154       4  -16.816285  -20.816285
8791          45    155       3  -17.019204  -20.019204
8792          45    156       2  -18.991890  -20.991890
8793          45    157       1  -15.526002  -16.526002
8794          45    158       0  -14.795247  -14.795247
8795          46      1     255  218.733144  -36.266856
8796          46      2     254  232.441722  -21.558278
8797          46      3     253  242.474628  -10.525372
8798          46      4     252  224.062360  -27.937640
8799          46      5     251  228.086439  -22.913561
8800          46      6     250  220.030107  -29.969893
8801          46      7     249  217.612652  -31.387348
8802          46      8     248  205.977915  -42.022085
8803          46      9     247  212.764011  -34.235989
8804          46     10     246  215.492423  -30.507577
8805          46     11     245  207.876720  -37.123280
8806          46     12     244  204.178283  -39.821717
8807          46     13     243  218.022079  -24.977921
8808          46     14     242  205.459657  -36.540343
8809          46     15     241  195.883514  -45.116486
8810          46     16     240  205.403665  -34.596335
8811          46     17     239  204.700453  -34.299547
8812          46     18     238  193.340190  -44.659810
8813          46     19     237  195.849373  -41.150627
8814          46     20     236  203.008878  -32.991122
8815          46     21     235  198.776037  -36.223963
8816          46     22     234  209.646556  -24.353444
8817          46     23     233  203.993401  -29.006599
8818          46     24     232  183.740402  -48.259598
8819          46     25     231  189.096631  -41.903369
8820          46     26     230  194.538284  -35.461716
8821          46     27     229  195.601876  -33.398124
8822          46     28     228  203.140091  -24.859909
8823          46     29     227  194.386641  -32.613359
8824          46     30     226  195.785576  -30.214424
8825          46     31     225  198.188335  -26.811665
8826          46     32     224  189.668320  -34.331680
8827          46     33     223  190.281985  -32.718015
8828          46     34     222  196.692101  -25.307899
8829          46     35     221  195.607429  -25.392571
8830          46     36     220  190.722827  -29.277173
8831          46     37     219  190.942728  -28.057272
8832          46     38     218  186.897119  -31.102881
8833          46     39     217  182.378922  -34.621078
8834          46     40     216  192.838878  -23.161122
8835          46     41     215  183.735833  -31.264167
8836          46     42     214  187.011272  -26.988728
8837          46     43     213  187.417495  -25.582505
8838          46     44     212  176.628100  -35.371900
8839          46     45     211  181.481292  -29.518708
8840          46     46     210  171.635915  -38.364085
8841          46     47     209  178.352223  -30.647777
8842          46     48     208  179.003925  -28.996075
8843          46     49     207  176.363408  -30.636592
8844          46     50     206  169.051044  -36.948956
8845          46     51     205  176.946927  -28.053073
8846          46     52     204  173.618889  -30.381111
8847          46     53     203  175.500527  -27.499473
8848          46     54     202  153.447548  -48.552452
8849          46     55     201  170.546616  -30.453384
8850          46     56     200  164.940887  -35.059113
8851          46     57     199  172.698747  -26.301253
8852          46     58     198  176.644023  -21.355977
8853          46     59     197  167.447223  -29.552777
8854          46     60     196  160.987103  -35.012897
8855          46     61     195  158.702334  -36.297666
8856          46     62     194  156.926810  -37.073190
8857          46     63     193  169.710719  -23.289281
8858          46     64     192  178.263677  -13.736323
8859          46     65     191  168.468804  -22.531196
8860          46     66     190  159.296517  -30.703483
8861          46     67     189  156.711350  -32.288650
8862          46     68     188  163.946505  -24.053495
8863          46     69     187  157.881465  -29.118535
8864          46     70     186  174.013734  -11.986266
8865          46     71     185  158.988566  -26.011434
8866          46     72     184  157.839224  -26.160776
8867          46     73     183  153.340592  -29.659408
8868          46     74     182  148.357091  -33.642909
8869          46     75     181  156.227302  -24.772698
8870          46     76     180  165.528977  -14.471023
8871          46     77     179  156.522472  -22.477528
8872          46     78     178  157.765737  -20.234263
8873          46     79     177  153.155485  -23.844515
8874          46     80     176  153.220348  -22.779652
8875          46     81     175  154.695417  -20.304583
8876          46     82     174  151.881251  -22.118749
8877          46     83     173  145.052298  -27.947702
8878          46     84     172  141.383531  -30.616469
8879          46     85     171  154.214931  -16.785069
8880          46     86     170  144.260787  -25.739213
8881          46     87     169  144.686561  -24.313439
8882          46     88     168  150.046439  -17.953561
8883          46     89     167  146.118891  -20.881109
8884          46     90     166  149.704700  -16.295300
8885          46     91     165  140.479645  -24.520355
8886          46     92     164  136.668399  -27.331601
8887          46     93     163  143.126142  -19.873858
8888          46     94     162  138.273889  -23.726111
8889          46     95     161  153.317887   -7.682113
8890          46     96     160  145.344961  -14.655039
8891          46     97     159  148.143738  -10.856262
8892          46     98     158  142.573577  -15.426423
8893          46     99     157  147.464141   -9.535859
8894          46    100     156  141.485303  -14.514697
8895          46    101     155  139.360282  -15.639718
8896          46    102     154  150.450107   -3.549893
8897          46    103     153  139.577084  -13.422916
8898          46    104     152  136.112436  -15.887564
8899          46    105     151  134.810526  -16.189474
8900          46    106     150  132.564958  -17.435042
8901          46    107     149  135.121980  -13.878020
8902          46    108     148  135.961161  -12.038839
8903          46    109     147  128.953792  -18.046208
8904          46    110     146  125.200297  -20.799703
8905          46    111     145  131.967230  -13.032770
8906          46    112     144  122.419861  -21.580139
8907          46    113     143  129.057442  -13.942558
8908          46    114     142  129.183481  -12.816519
8909          46    115     141  119.721635  -21.278365
8910          46    116     140  124.401985  -15.598015
8911          46    117     139  121.005458  -17.994542
8912          46    118     138  114.290203  -23.709797
8913          46    119     137  113.435097  -23.564903
8914          46    120     136  124.050484  -11.949516
8915          46    121     135  121.482506  -13.517494
8916          46    122     134  120.705593  -13.294407
8917          46    123     133  118.197789  -14.802211
8918          46    124     132  125.182158   -6.817842
8919          46    125     131  120.867895  -10.132105
8920          46    126     130  113.797048  -16.202952
8921          46    127     129  123.410272   -5.589728
8922          46    128     128  124.518448   -3.481552
8923          46    129     127  116.200772  -10.799228
8924          46    130     126  116.292346   -9.707654
8925          46    131     125  120.016252   -4.983748
8926          46    132     124  123.316111   -0.683889
8927          46    133     123  123.202415    0.202415
8928          46    134     122  122.750758    0.750758
8929          46    135     121  119.197122   -1.802878
8930          46    136     120  120.846848    0.846848
8931          46    137     119  121.149038    2.149038
8932          46    138     118  123.582418    5.582418
8933          46    139     117  127.228181   10.228181
8934          46    140     116  123.697192    7.697192
8935          46    141     115  124.323017    9.323017
8936          46    142     114  123.653427    9.653427
8937          46    143     113  122.392481    9.392481
8938          46    144     112  124.579520   12.579520
8939          46    145     111  114.821562    3.821562
8940          46    146     110  118.224116    8.224116
8941          46    147     109  109.840732    0.840732
8942          46    148     108  115.745864    7.745864
8943          46    149     107  110.052842    3.052842
8944          46    150     106  114.588489    8.588489
8945          46    151     105  108.443053    3.443053
8946          46    152     104   99.849807   -4.150193
8947          46    153     103  105.281124    2.281124
8948          46    154     102  111.054431    9.054431
8949          46    155     101   97.967995   -3.032005
8950          46    156     100  108.337348    8.337348
8951          46    157      99  107.166397    8.166397
8952          46    158      98   99.149492    1.149492
8953          46    159      97  103.516117    6.516117
8954          46    160      96  101.379556    5.379556
8955          46    161      95  104.882257    9.882257
8956          46    162      94   97.388368    3.388368
8957          46    163      93  103.261203   10.261203
8958          46    164      92  100.373624    8.373624
8959          46    165      91   97.954658    6.954658
8960          46    166      90   99.845149    9.845149
8961          46    167      89  104.762157   15.762157
8962          46    168      88  110.442509   22.442509
8963          46    169      87   86.611452   -0.388548
8964          46    170      86  106.111052   20.111052
8965          46    171      85  112.240574   27.240574
8966          46    172      84   93.763051    9.763051
8967          46    173      83   93.644268   10.644268
8968          46    174      82   80.290679   -1.709321
8969          46    175      81   92.845562   11.845562
8970          46    176      80   91.114930   11.114930
8971          46    177      79   92.341838   13.341838
8972          46    178      78   85.971391    7.971391
8973          46    179      77   83.502033    6.502033
8974          46    180      76   79.204944    3.204944
8975          46    181      75   84.723810    9.723810
8976          46    182      74   78.945577    4.945577
8977          46    183      73   75.580907    2.580907
8978          46    184      72   74.081570    2.081570
8979          46    185      71   76.518183    5.518183
8980          46    186      70   79.027394    9.027394
8981          46    187      69   67.290741   -1.709259
8982          46    188      68   71.321339    3.321339
8983          46    189      67   60.496982   -6.503018
8984          46    190      66   78.729033   12.729033
8985          46    191      65   72.220495    7.220495
8986          46    192      64   66.332382    2.332382
8987          46    193      63   71.034417    8.034417
8988          46    194      62   74.792052   12.792052
8989          46    195      61   61.929631    0.929631
8990          46    196      60   68.228433    8.228433
8991          46    197      59   69.246268   10.246268
8992          46    198      58   64.390293    6.390293
8993          46    199      57   61.652858    4.652858
8994          46    200      56   53.746560   -2.253440
8995          46    201      55   57.899143    2.899143
8996          46    202      54   58.506060    4.506060
8997          46    203      53   43.008796   -9.991204
8998          46    204      52   56.045654    4.045654
8999          46    205      51   52.068969    1.068969
9000          46    206      50   56.227566    6.227566
9001          46    207      49   49.248961    0.248961
9002          46    208      48   53.730288    5.730288
9003          46    209      47   49.506488    2.506488
9004          46    210      46   43.467701   -2.532299
9005          46    211      45   49.572933    4.572933
9006          46    212      44   49.218761    5.218761
9007          46    213      43   41.130729   -1.869271
9008          46    214      42   46.808049    4.808049
9009          46    215      41   39.757090   -1.242910
9010          46    216      40   36.053363   -3.946637
9011          46    217      39   30.986034   -8.013966
9012          46    218      38   25.082066  -12.917934
9013          46    219      37   23.751149  -13.248851
9014          46    220      36   26.379191   -9.620809
9015          46    221      35   25.969837   -9.030163
9016          46    222      34   28.386669   -5.613331
9017          46    223      33   23.789107   -9.210893
9018          46    224      32   18.904019  -13.095981
9019          46    225      31   14.916047  -16.083953
9020          46    226      30   23.419639   -6.580361
9021          46    227      29   15.112271  -13.887729
9022          46    228      28   20.491188   -7.508812
9023          46    229      27   26.104569   -0.895431
9024          46    230      26   15.166756  -10.833244
9025          46    231      25   14.575680  -10.424320
9026          46    232      24   15.227493   -8.772507
9027          46    233      23    7.683304  -15.316696
9028          46    234      22    9.166903  -12.833097
9029          46    235      21    8.191910  -12.808090
9030          46    236      20    3.333504  -16.666496
9031          46    237      19    7.925352  -11.074648
9032          46    238      18   -0.080084  -18.080084
9033          46    239      17   -1.020379  -18.020379
9034          46    240      16    1.518238  -14.481762
9035          46    241      15    2.544633  -12.455367
9036          46    242      14   -4.592655  -18.592655
9037          46    243      13   -1.198801  -14.198801
9038          46    244      12    0.293998  -11.706002
9039          46    245      11   -0.694620  -11.694620
9040          46    246      10   -5.399585  -15.399585
9041          46    247       9   -8.161507  -17.161507
9042          46    248       8   -3.040422  -11.040422
9043          46    249       7   -9.624168  -16.624168
9044          46    250       6  -10.374020  -16.374020
9045          46    251       5   -9.866054  -14.866054
9046          46    252       4   -5.939019   -9.939019
9047          46    253       3    5.391206    2.391206
9048          46    254       2  -12.226298  -14.226298
9049          46    255       1  -10.493355  -11.493355
9050          46    256       0   -5.547691   -5.547691
9051          47      1     213  201.643665  -11.356335
9052          47      2     212  201.887297  -10.112703
9053          47      3     211  215.810270    4.810270
9054          47      4     210  214.187888    4.187888
9055          47      5     209  204.402889   -4.597111
9056          47      6     208  214.185627    6.185627
9057          47      7     207  205.269417   -1.730583
9058          47      8     206  215.969807    9.969807
9059          47      9     205  216.143922   11.143922
9060          47     10     204  205.278980    1.278980
9061          47     11     203  211.510412    8.510412
9062          47     12     202  204.210889    2.210889
9063          47     13     201  206.260952    5.260952
9064          47     14     200  203.900948    3.900948
9065          47     15     199  201.457316    2.457316
9066          47     16     198  198.319269    0.319269
9067          47     17     197  204.908196    7.908196
9068          47     18     196  192.943359   -3.056641
9069          47     19     195  187.679864   -7.320136
9070          47     20     194  190.909654   -3.090346
9071          47     21     193  187.593675   -5.406325
9072          47     22     192  185.741687   -6.258313
9073          47     23     191  177.011157  -13.988843
9074          47     24     190  185.304200   -4.695800
9075          47     25     189  191.180485    2.180485
9076          47     26     188  179.809131   -8.190869
9077          47     27     187  182.049565   -4.950435
9078          47     28     186  179.519620   -6.480380
9079          47     29     185  179.938804   -5.061196
9080          47     30     184  185.940383    1.940383
9081          47     31     183  181.818662   -1.181338
9082          47     32     182  175.846554   -6.153446
9083          47     33     181  179.418681   -1.581319
9084          47     34     180  180.201915    0.201915
9085          47     35     179  175.463129   -3.536871
9086          47     36     178  180.615860    2.615860
9087          47     37     177  174.831268   -2.168732
9088          47     38     176  176.652959    0.652959
9089          47     39     175  162.133505  -12.866495
9090          47     40     174  172.907158   -1.092842
9091          47     41     173  171.892155   -1.107845
9092          47     42     172  168.708809   -3.291191
9093          47     43     171  167.946633   -3.053367
9094          47     44     170  176.383456    6.383456
9095          47     45     169  170.055419    1.055419
9096          47     46     168  165.231242   -2.768758
9097          47     47     167  170.163028    3.163028
9098          47     48     166  167.846988    1.846988
9099          47     49     165  164.637548   -0.362452
9100          47     50     164  158.226597   -5.773403
9101          47     51     163  158.997692   -4.002308
9102          47     52     162  157.525818   -4.474182
9103          47     53     161  159.703480   -1.296520
9104          47     54     160  153.065671   -6.934329
9105          47     55     159  155.938984   -3.061016
9106          47     56     158  165.554939    7.554939
9107          47     57     157  156.235484   -0.764516
9108          47     58     156  148.662173   -7.337827
9109          47     59     155  160.957058    5.957058
9110          47     60     154  159.370937    5.370937
9111          47     61     153  147.785162   -5.214838
9112          47     62     152  151.165284   -0.834716
9113          47     63     151  144.996061   -6.003939
9114          47     64     150  154.448605    4.448605
9115          47     65     149  145.993853   -3.006147
9116          47     66     148  156.664607    8.664607
9117          47     67     147  152.683848    5.683848
9118          47     68     146  157.115462   11.115462
9119          47     69     145  149.394356    4.394356
9120          47     70     144  145.718563    1.718563
9121          47     71     143  156.398777   13.398777
9122          47     72     142  142.934599    0.934599
9123          47     73     141  148.625133    7.625133
9124          47     74     140  153.775686   13.775686
9125          47     75     139  148.060415    9.060415
9126          47     76     138  149.927922   11.927922
9127          47     77     137  147.506812   10.506812
9128          47     78     136  140.345523    4.345523
9129          47     79     135  135.971662    0.971662
9130          47     80     134  146.201466   12.201466
9131          47     81     133  146.913881   13.913881
9132          47     82     132  137.221189    5.221189
9133          47     83     131  139.286603    8.286603
9134          47     84     130  128.607539   -1.392461
9135          47     85     129  134.146208    5.146208
9136          47     86     128  144.345460   16.345460
9137          47     87     127  134.784445    7.784445
9138          47     88     126  139.731418   13.731418
9139          47     89     125  139.339550   14.339550
9140          47     90     124  132.025554    8.025554
9141          47     91     123  128.781915    5.781915
9142          47     92     122  126.552246    4.552246
9143          47     93     121  129.746048    8.746048
9144          47     94     120  128.781454    8.781454
9145          47     95     119  123.957543    4.957543
9146          47     96     118  127.157201    9.157201
9147          47     97     117  125.674412    8.674412
9148          47     98     116  124.311509    8.311509
9149          47     99     115  119.916502    4.916502
9150          47    100     114  120.575133    6.575133
9151          47    101     113  121.835980    8.835980
9152          47    102     112  120.407548    8.407548
9153          47    103     111  115.260372    4.260372
9154          47    104     110  119.673805    9.673805
9155          47    105     109  109.630664    0.630664
9156          47    106     108  117.160985    9.160985
9157          47    107     107  120.335106   13.335106
9158          47    108     106  118.833762   12.833762
9159          47    109     105  111.661710    6.661710
9160          47    110     104  119.364532   15.364532
9161          47    111     103  105.433969    2.433969
9162          47    112     102  113.163174   11.163174
9163          47    113     101  106.238190    5.238190
9164          47    114     100  107.863683    7.863683
9165          47    115      99  111.806728   12.806728
9166          47    116      98  116.375674   18.375674
9167          47    117      97  103.022518    6.022518
9168          47    118      96  106.472350   10.472350
9169          47    119      95  103.507321    8.507321
9170          47    120      94   89.767151   -4.232849
9171          47    121      93  109.792621   16.792621
9172          47    122      92  105.882548   13.882548
9173          47    123      91  107.746181   16.746181
9174          47    124      90   99.144725    9.144725
9175          47    125      89   88.036134   -0.963866
9176          47    126      88   94.800834    6.800834
9177          47    127      87  103.912988   16.912988
9178          47    128      86   89.650089    3.650089
9179          47    129      85   84.328656   -0.671344
9180          47    130      84   93.481544    9.481544
9181          47    131      83   85.502466    2.502466
9182          47    132      82   84.190500    2.190500
9183          47    133      81   91.181650   10.181650
9184          47    134      80   94.759101   14.759101
9185          47    135      79   80.217894    1.217894
9186          47    136      78   85.080266    7.080266
9187          47    137      77   77.416777    0.416777
9188          47    138      76   84.421342    8.421342
9189          47    139      75   85.510944   10.510944
9190          47    140      74   85.341474   11.341474
9191          47    141      73   86.227289   13.227289
9192          47    142      72   83.526212   11.526212
9193          47    143      71   83.326846   12.326846
9194          47    144      70   74.752318    4.752318
9195          47    145      69   80.603824   11.603824
9196          47    146      68   80.218138   12.218138
9197          47    147      67   74.762394    7.762394
9198          47    148      66   80.695176   14.695176
9199          47    149      65   81.797799   16.797799
9200          47    150      64   81.925594   17.925594
9201          47    151      63   75.072588   12.072588
9202          47    152      62   79.369829   17.369829
9203          47    153      61   66.962630    5.962630
9204          47    154      60   59.591573   -0.408427
9205          47    155      59   68.973546    9.973546
9206          47    156      58   64.875955    6.875955
9207          47    157      57   66.028069    9.028069
9208          47    158      56   51.998525   -4.001475
9209          47    159      55   58.974361    3.974361
9210          47    160      54   65.148128   11.148128
9211          47    161      53   63.094965   10.094965
9212          47    162      52   49.710240   -2.289760
9213          47    163      51   53.393765    2.393765
9214          47    164      50   46.325031   -3.674969
9215          47    165      49   49.589588    0.589588
9216          47    166      48   48.742472    0.742472
9217          47    167      47   48.641982    1.641982
9218          47    168      46   49.752069    3.752069
9219          47    169      45   45.864085    0.864085
9220          47    170      44   43.691995   -0.308005
9221          47    171      43   39.285136   -3.714864
9222          47    172      42   42.745673    0.745673
9223          47    173      41   38.246572   -2.753428
9224          47    174      40   35.088525   -4.911475
9225          47    175      39   40.518792    1.518792
9226          47    176      38   33.506774   -4.493226
9227          47    177      37   38.239569    1.239569
9228          47    178      36   33.473634   -2.526366
9229          47    179      35   28.769767   -6.230233
9230          47    180      34   29.116586   -4.883414
9231          47    181      33   30.231960   -2.768040
9232          47    182      32   27.485090   -4.514910
9233          47    183      31   24.348082   -6.651918
9234          47    184      30   27.977129   -2.022871
9235          47    185      29   23.816989   -5.183011
9236          47    186      28   24.534680   -3.465320
9237          47    187      27   21.645240   -5.354760
9238          47    188      26   16.102445   -9.897555
9239          47    189      25   15.190009   -9.809991
9240          47    190      24   14.940266   -9.059734
9241          47    191      23   17.202229   -5.797771
9242          47    192      22   13.134788   -8.865212
9243          47    193      21   14.699603   -6.300397
9244          47    194      20    8.082973  -11.917027
9245          47    195      19    9.227781   -9.772219
9246          47    196      18    7.152357  -10.847643
9247          47    197      17    3.785517  -13.214483
9248          47    198      16   -4.362414  -20.362414
9249          47    199      15   -2.301113  -17.301113
9250          47    200      14   -3.618821  -17.618821
9251          47    201      13   -8.201102  -21.201102
9252          47    202      12   -6.677481  -18.677481
9253          47    203      11  -10.603944  -21.603944
9254          47    204      10   -3.943945  -13.943945
9255          47    205       9   -9.552093  -18.552093
9256          47    206       8  -15.387076  -23.387076
9257          47    207       7   -4.718243  -11.718243
9258          47    208       6   -9.751013  -15.751013
9259          47    209       5  -16.291606  -21.291606
9260          47    210       4  -15.395366  -19.395366
9261          47    211       3  -19.795809  -22.795809
9262          47    212       2  -27.913366  -29.913366
9263          47    213       1  -16.973339  -17.973339
9264          47    214       0  -18.480364  -18.480364
9265          48      1     230  208.501948  -21.498052
9266          48      2     229  192.891696  -36.108304
9267          48      3     228  201.974857  -26.025143
9268          48      4     227  199.852153  -27.147847
9269          48      5     226  196.357478  -29.642522
9270          48      6     225  192.875673  -32.124327
9271          48      7     224  196.873164  -27.126836
9272          48      8     223  203.493970  -19.506030
9273          48      9     222  199.229510  -22.770490
9274          48     10     221  204.518666  -16.481334
9275          48     11     220  186.473151  -33.526849
9276          48     12     219  200.947125  -18.052875
9277          48     13     218  196.682613  -21.317387
9278          48     14     217  198.038446  -18.961554
9279          48     15     216  186.972882  -29.027118
9280          48     16     215  196.428540  -18.571460
9281          48     17     214  191.261661  -22.738339
9282          48     18     213  192.659016  -20.340984
9283          48     19     212  192.427045  -19.572955
9284          48     20     211  187.187479  -23.812521
9285          48     21     210  191.620743  -18.379257
9286          48     22     209  182.216196  -26.783804
9287          48     23     208  184.940161  -23.059839
9288          48     24     207  189.863697  -17.136303
9289          48     25     206  194.431186  -11.568814
9290          48     26     205  190.211564  -14.788436
9291          48     27     204  178.775859  -25.224141
9292          48     28     203  176.348820  -26.651180
9293          48     29     202  186.073122  -15.926878
9294          48     30     201  191.051136   -9.948864
9295          48     31     200  173.754974  -26.245026
9296          48     32     199  172.501683  -26.498317
9297          48     33     198  184.063091  -13.936909
9298          48     34     197  171.364330  -25.635670
9299          48     35     196  173.699796  -22.300204
9300          48     36     195  168.795697  -26.204303
9301          48     37     194  171.006921  -22.993079
9302          48     38     193  163.011243  -29.988757
9303          48     39     192  155.605304  -36.394696
9304          48     40     191  172.077850  -18.922150
9305          48     41     190  156.411407  -33.588593
9306          48     42     189  170.312204  -18.687796
9307          48     43     188  164.121725  -23.878275
9308          48     44     187  170.261323  -16.738677
9309          48     45     186  165.108255  -20.891745
9310          48     46     185  161.054150  -23.945850
9311          48     47     184  157.269720  -26.730280
9312          48     48     183  157.199074  -25.800926
9313          48     49     182  158.511694  -23.488306
9314          48     50     181  162.430915  -18.569085
9315          48     51     180  153.241717  -26.758283
9316          48     52     179  153.734638  -25.265362
9317          48     53     178  144.039686  -33.960314
9318          48     54     177  150.678622  -26.321378
9319          48     55     176  154.284405  -21.715595
9320          48     56     175  159.396879  -15.603121
9321          48     57     174  150.999129  -23.000871
9322          48     58     173  148.554743  -24.445257
9323          48     59     172  142.396607  -29.603393
9324          48     60     171  149.375198  -21.624802
9325          48     61     170  144.957991  -25.042009
9326          48     62     169  157.634683  -11.365317
9327          48     63     168  144.573868  -23.426132
9328          48     64     167  146.947146  -20.052854
9329          48     65     166  148.260895  -17.739105
9330          48     66     165  151.530699  -13.469301
9331          48     67     164  148.003440  -15.996560
9332          48     68     163  149.176715  -13.823285
9333          48     69     162  148.489396  -13.510604
9334          48     70     161  147.508480  -13.491520
9335          48     71     160  144.088515  -15.911485
9336          48     72     159  145.681126  -13.318874
9337          48     73     158  147.382714  -10.617286
9338          48     74     157  137.150650  -19.849350
9339          48     75     156  143.800053  -12.199947
9340          48     76     155  143.954293  -11.045707
9341          48     77     154  137.707816  -16.292184
9342          48     78     153  138.745371  -14.254629
9343          48     79     152  133.369937  -18.630063
9344          48     80     151  144.479125   -6.520875
9345          48     81     150  148.055091   -1.944909
9346          48     82     149  137.766237  -11.233763
9347          48     83     148  139.623560   -8.376440
9348          48     84     147  137.173954   -9.826046
9349          48     85     146  141.900193   -4.099807
9350          48     86     145  137.094020   -7.905980
9351          48     87     144  143.382863   -0.617137
9352          48     88     143  134.217356   -8.782644
9353          48     89     142  139.422675   -2.577325
9354          48     90     141  138.706702   -2.293298
9355          48     91     140  124.045506  -15.954494
9356          48     92     139  134.044612   -4.955388
9357          48     93     138  129.541986   -8.458014
9358          48     94     137  118.733970  -18.266030
9359          48     95     136  126.181564   -9.818436
9360          48     96     135  124.633546  -10.366454
9361          48     97     134  121.516340  -12.483660
9362          48     98     133  121.695300  -11.304700
9363          48     99     132  113.607744  -18.392256
9364          48    100     131  123.878824   -7.121176
9365          48    101     130  112.478677  -17.521323
9366          48    102     129  125.190239   -3.809761
9367          48    103     128  120.245062   -7.754938
9368          48    104     127  119.974656   -7.025344
9369          48    105     126  119.248671   -6.751329
9370          48    106     125  115.960072   -9.039928
9371          48    107     124  126.337570    2.337570
9372          48    108     123  107.351476  -15.648524
9373          48    109     122  120.528290   -1.471710
9374          48    110     121  111.009489   -9.990511
9375          48    111     120  119.452484   -0.547516
9376          48    112     119  111.469757   -7.530243
9377          48    113     118  114.665594   -3.334406
9378          48    114     117  114.617529   -2.382471
9379          48    115     116  112.038567   -3.961433
9380          48    116     115  110.392656   -4.607344
9381          48    117     114  110.480660   -3.519340
9382          48    118     113  108.343547   -4.656453
9383          48    119     112  118.341027    6.341027
9384          48    120     111  113.886666    2.886666
9385          48    121     110  114.892467    4.892467
9386          48    122     109  114.218770    5.218770
9387          48    123     108  117.542305    9.542305
9388          48    124     107  115.901755    8.901755
9389          48    125     106  115.723378    9.723378
9390          48    126     105  115.168681   10.168681
9391          48    127     104  112.610702    8.610702
9392          48    128     103  111.193345    8.193345
9393          48    129     102  112.091726   10.091726
9394          48    130     101  121.858431   20.858431
9395          48    131     100  108.959942    8.959942
9396          48    132      99  107.402992    8.402992
9397          48    133      98  111.012114   13.012114
9398          48    134      97  105.280122    8.280122
9399          48    135      96  101.475891    5.475891
9400          48    136      95  102.802405    7.802405
9401          48    137      94  106.712139   12.712139
9402          48    138      93   99.331629    6.331629
9403          48    139      92  100.793324    8.793324
9404          48    140      91  102.437837   11.437837
9405          48    141      90   96.536545    6.536545
9406          48    142      89  100.439955   11.439955
9407          48    143      88  101.879779   13.879779
9408          48    144      87  105.102717   18.102717
9409          48    145      86  101.954316   15.954316
9410          48    146      85   96.817697   11.817697
9411          48    147      84   95.603214   11.603214
9412          48    148      83  101.523950   18.523950
9413          48    149      82  100.876040   18.876040
9414          48    150      81   93.638210   12.638210
9415          48    151      80   91.015051   11.015051
9416          48    152      79   88.238074    9.238074
9417          48    153      78   93.144891   15.144891
9418          48    154      77   84.693149    7.693149
9419          48    155      76   88.002809   12.002809
9420          48    156      75   81.852505    6.852505
9421          48    157      74   83.879880    9.879880
9422          48    158      73   80.207752    7.207752
9423          48    159      72   79.721249    7.721249
9424          48    160      71   76.521484    5.521484
9425          48    161      70   78.569157    8.569157
9426          48    162      69   72.915076    3.915076
9427          48    163      68   72.214702    4.214702
9428          48    164      67   66.460062   -0.539938
9429          48    165      66   68.887222    2.887222
9430          48    166      65   66.889443    1.889443
9431          48    167      64   69.266591    5.266591
9432          48    168      63   76.054801   13.054801
9433          48    169      62   71.237966    9.237966
9434          48    170      61   68.955735    7.955735
9435          48    171      60   67.485193    7.485193
9436          48    172      59   60.137992    1.137992
9437          48    173      58   72.264388   14.264388
9438          48    174      57   72.258878   15.258878
9439          48    175      56   70.140995   14.140995
9440          48    176      55   70.514763   15.514763
9441          48    177      54   67.824456   13.824456
9442          48    178      53   59.101293    6.101293
9443          48    179      52   67.039993   15.039993
9444          48    180      51   61.891417   10.891417
9445          48    181      50   65.924765   15.924765
9446          48    182      49   67.198885   18.198885
9447          48    183      48   61.913296   13.913296
9448          48    184      47   55.594290    8.594290
9449          48    185      46   59.816564   13.816564
9450          48    186      45   56.106666   11.106666
9451          48    187      44   58.855405   14.855405
9452          48    188      43   55.218716   12.218716
9453          48    189      42   56.994362   14.994362
9454          48    190      41   56.419806   15.419806
9455          48    191      40   54.256046   14.256046
9456          48    192      39   53.894192   14.894192
9457          48    193      38   45.917213    7.917213
9458          48    194      37   45.800108    8.800108
9459          48    195      36   41.313406    5.313406
9460          48    196      35   42.168757    7.168757
9461          48    197      34   37.882851    3.882851
9462          48    198      33   28.412659   -4.587341
9463          48    199      32   35.374202    3.374202
9464          48    200      31   29.323835   -1.676165
9465          48    201      30   22.742364   -7.257636
9466          48    202      29   28.825460   -0.174540
9467          48    203      28   35.777050    7.777050
9468          48    204      27   32.937089    5.937089
9469          48    205      26   31.256679    5.256679
9470          48    206      25   31.926491    6.926491
9471          48    207      24   32.044495    8.044495
9472          48    208      23   26.632150    3.632150
9473          48    209      22   34.697838   12.697838
9474          48    210      21   23.215832    2.215832
9475          48    211      20   29.497013    9.497013
9476          48    212      19   20.937149    1.937149
9477          48    213      18   11.820357   -6.179643
9478          48    214      17   20.791339    3.791339
9479          48    215      16   23.695301    7.695301
9480          48    216      15   16.134319    1.134319
9481          48    217      14   12.917877   -1.082123
9482          48    218      13    4.447274   -8.552726
9483          48    219      12   22.310298   10.310298
9484          48    220      11   11.997605    0.997605
9485          48    221      10   24.141245   14.141245
9486          48    222       9   12.887684    3.887684
9487          48    223       8   19.834578   11.834578
9488          48    224       7   18.894510   11.894510
9489          48    225       6   17.411639   11.411639
9490          48    226       5   21.494293   16.494293
9491          48    227       4   21.501131   17.501131
9492          48    228       3   12.646940    9.646940
9493          48    229       2   15.027421   13.027421
9494          48    230       1   28.295221   27.295221
9495          48    231       0   34.163837   34.163837
9496          49      1     214  214.917009    0.917009
9497          49      2     213  168.401521  -44.598479
9498          49      3     212  196.707816  -15.292184
9499          49      4     211  195.823015  -15.176985
9500          49      5     210  191.036177  -18.963823
9501          49      6     209  199.185178   -9.814822
9502          49      7     208  190.181732  -17.818268
9503          49      8     207  183.025214  -23.974786
9504          49      9     206  170.832590  -35.167410
9505          49     10     205  187.581823  -17.418177
9506          49     11     204  195.278011   -8.721989
9507          49     12     203  195.916015   -7.083985
9508          49     13     202  184.830795  -17.169205
9509          49     14     201  180.934766  -20.065234
9510          49     15     200  163.243664  -36.756336
9511          49     16     199  183.107874  -15.892126
9512          49     17     198  174.002118  -23.997882
9513          49     18     197  160.763826  -36.236174
9514          49     19     196  181.339585  -14.660415
9515          49     20     195  164.355939  -30.644061
9516          49     21     194  181.773913  -12.226087
9517          49     22     193  161.909692  -31.090308
9518          49     23     192  172.966134  -19.033866
9519          49     24     191  155.676615  -35.323385
9520          49     25     190  165.108812  -24.891188
9521          49     26     189  170.632505  -18.367495
9522          49     27     188  160.657903  -27.342097
9523          49     28     187  171.721750  -15.278250
9524          49     29     186  154.381955  -31.618045
9525          49     30     185  164.665384  -20.334616
9526          49     31     184  162.427532  -21.572468
9527          49     32     183  142.086010  -40.913990
9528          49     33     182  150.595735  -31.404265
9529          49     34     181  166.544222  -14.455778
9530          49     35     180  155.676985  -24.323015
9531          49     36     179  163.788720  -15.211280
9532          49     37     178  152.211553  -25.788447
9533          49     38     177  147.790500  -29.209500
9534          49     39     176  154.280662  -21.719338
9535          49     40     175  154.197556  -20.802444
9536          49     41     174  153.887224  -20.112776
9537          49     42     173  152.759866  -20.240134
9538          49     43     172  152.980232  -19.019768
9539          49     44     171  149.953729  -21.046271
9540          49     45     170  142.829189  -27.170811
9541          49     46     169  139.631570  -29.368430
9542          49     47     168  136.913451  -31.086549
9543          49     48     167  144.706806  -22.293194
9544          49     49     166  143.822158  -22.177842
9545          49     50     165  149.003442  -15.996558
9546          49     51     164  148.945713  -15.054287
9547          49     52     163  146.481829  -16.518171
9548          49     53     162  142.565257  -19.434743
9549          49     54     161  138.876457  -22.123543
9550          49     55     160  135.279515  -24.720485
9551          49     56     159  133.906894  -25.093106
9552          49     57     158  136.708498  -21.291502
9553          49     58     157  133.460731  -23.539269
9554          49     59     156  137.714143  -18.285857
9555          49     60     155  133.489155  -21.510845
9556          49     61     154  122.910440  -31.089560
9557          49     62     153  119.288579  -33.711421
9558          49     63     152  120.697222  -31.302778
9559          49     64     151  133.474126  -17.525874
9560          49     65     150  127.980834  -22.019166
9561          49     66     149  121.898033  -27.101967
9562          49     67     148  136.378696  -11.621304
9563          49     68     147  123.205167  -23.794833
9564          49     69     146  127.309560  -18.690440
9565          49     70     145  119.236182  -25.763818
9566          49     71     144  114.224363  -29.775637
9567          49     72     143  128.720992  -14.279008
9568          49     73     142  132.879683   -9.120317
9569          49     74     141  115.525838  -25.474162
9570          49     75     140  120.438993  -19.561007
9571          49     76     139  119.837939  -19.162061
9572          49     77     138  126.209344  -11.790656
9573          49     78     137  116.618778  -20.381222
9574          49     79     136  113.207869  -22.792131
9575          49     80     135  119.736698  -15.263302
9576          49     81     134  110.676153  -23.323847
9577          49     82     133  111.448341  -21.551659
9578          49     83     132   96.772327  -35.227673
9579          49     84     131  119.857516  -11.142484
9580          49     85     130  111.122190  -18.877810
9581          49     86     129  109.739507  -19.260493
9582          49     87     128  110.133061  -17.866939
9583          49     88     127  103.002853  -23.997147
9584          49     89     126  119.516341   -6.483659
9585          49     90     125  115.983562   -9.016438
9586          49     91     124  113.527734  -10.472266
9587          49     92     123  118.227095   -4.772905
9588          49     93     122  113.706316   -8.293684
9589          49     94     121  103.814075  -17.185925
9590          49     95     120  116.714718   -3.285282
9591          49     96     119  110.297894   -8.702106
9592          49     97     118   96.804968  -21.195032
9593          49     98     117   93.598820  -23.401180
9594          49     99     116  101.076387  -14.923613
9595          49    100     115  102.027315  -12.972685
9596          49    101     114  102.654683  -11.345317
9597          49    102     113  102.491675  -10.508325
9598          49    103     112   91.072938  -20.927062
9599          49    104     111  102.291871   -8.708129
9600          49    105     110   97.077625  -12.922375
9601          49    106     109   97.142826  -11.857174
9602          49    107     108   94.183738  -13.816262
9603          49    108     107   90.619738  -16.380262
9604          49    109     106   96.365421   -9.634579
9605          49    110     105   89.255327  -15.744673
9606          49    111     104   94.391638   -9.608362
9607          49    112     103  100.484018   -2.515982
9608          49    113     102   85.136010  -16.863990
9609          49    114     101   83.449156  -17.550844
9610          49    115     100   89.728861  -10.271139
9611          49    116      99   85.944349  -13.055651
9612          49    117      98   84.611105  -13.388895
9613          49    118      97   82.211309  -14.788691
9614          49    119      96   85.426907  -10.573093
9615          49    120      95   87.961689   -7.038311
9616          49    121      94   83.272401  -10.727599
9617          49    122      93   84.469205   -8.530795
9618          49    123      92   80.159685  -11.840315
9619          49    124      91   85.914040   -5.085960
9620          49    125      90   78.922059  -11.077941
9621          49    126      89   83.522610   -5.477390
9622          49    127      88   94.486502    6.486502
9623          49    128      87   85.581305   -1.418695
9624          49    129      86   90.018040    4.018040
9625          49    130      85   86.331604    1.331604
9626          49    131      84   75.986355   -8.013645
9627          49    132      83   74.069997   -8.930003
9628          49    133      82   85.969186    3.969186
9629          49    134      81   77.850479   -3.149521
9630          49    135      80   67.981730  -12.018270
9631          49    136      79   71.497026   -7.502974
9632          49    137      78   78.308268    0.308268
9633          49    138      77   76.626747   -0.373253
9634          49    139      76   65.995590  -10.004410
9635          49    140      75   71.828643   -3.171357
9636          49    141      74   68.431043   -5.568957
9637          49    142      73   67.997898   -5.002102
9638          49    143      72   72.399249    0.399249
9639          49    144      71   69.051017   -1.948983
9640          49    145      70   62.291735   -7.708265
9641          49    146      69   62.566620   -6.433380
9642          49    147      68   65.487796   -2.512204
9643          49    148      67   55.329859  -11.670141
9644          49    149      66   58.563620   -7.436380
9645          49    150      65   64.363136   -0.636864
9646          49    151      64   60.156261   -3.843739
9647          49    152      63   58.433800   -4.566200
9648          49    153      62   58.055857   -3.944143
9649          49    154      61   61.689156    0.689156
9650          49    155      60   54.282679   -5.717321
9651          49    156      59   62.431979    3.431979
9652          49    157      58   50.558465   -7.441535
9653          49    158      57   54.897250   -2.102750
9654          49    159      56   52.082699   -3.917301
9655          49    160      55   56.379972    1.379972
9656          49    161      54   56.773537    2.773537
9657          49    162      53   51.537320   -1.462680
9658          49    163      52   45.815630   -6.184370
9659          49    164      51   46.954132   -4.045868
9660          49    165      50   53.054465    3.054465
9661          49    166      49   45.586115   -3.413885
9662          49    167      48   45.685281   -2.314719
9663          49    168      47   43.175634   -3.824366
9664          49    169      46   42.282267   -3.717733
9665          49    170      45   49.563536    4.563536
9666          49    171      44   45.389632    1.389632
9667          49    172      43   45.930674    2.930674
9668          49    173      42   45.671352    3.671352
9669          49    174      41   42.820268    1.820268
9670          49    175      40   41.307143    1.307143
9671          49    176      39   38.064855   -0.935145
9672          49    177      38   38.528966    0.528966
9673          49    178      37   38.312453    1.312453
9674          49    179      36   34.698639   -1.301361
9675          49    180      35   37.135147    2.135147
9676          49    181      34   37.961846    3.961846
9677          49    182      33   31.849961   -1.150039
9678          49    183      32   30.517875   -1.482125
9679          49    184      31   31.246501    0.246501
9680          49    185      30   32.840189    2.840189
9681          49    186      29   35.746361    6.746361
9682          49    187      28   34.276036    6.276036
9683          49    188      27   30.567632    3.567632
9684          49    189      26   30.845535    4.845535
9685          49    190      25   30.317853    5.317853
9686          49    191      24   25.321368    1.321368
9687          49    192      23   31.908956    8.908956
9688          49    193      22   27.696717    5.696717
9689          49    194      21   27.981001    6.981001
9690          49    195      20   32.193189   12.193189
9691          49    196      19   24.760842    5.760842
9692          49    197      18   28.456854   10.456854
9693          49    198      17   21.258215    4.258215
9694          49    199      16   17.580770    1.580770
9695          49    200      15   20.557281    5.557281
9696          49    201      14   16.285690    2.285690
9697          49    202      13   17.333602    4.333602
9698          49    203      12   16.935251    4.935251
9699          49    204      11   15.800872    4.800872
9700          49    205      10   13.363872    3.363872
9701          49    206       9   19.565914   10.565914
9702          49    207       8   25.105697   17.105697
9703          49    208       7   13.126958    6.126958
9704          49    209       6   16.649284   10.649284
9705          49    210       5   13.115735    8.115735
9706          49    211       4   18.120827   14.120827
9707          49    212       3   11.034148    8.034148
9708          49    213       2   17.498275   15.498275
9709          49    214       1   17.441603   16.441603
9710          49    215       0   20.773333   20.773333
9711          50      1     197  221.193740   24.193740
9712          50      2     196  200.991189    4.991189
9713          50      3     195  193.918198   -1.081802
9714          50      4     194  193.272521   -0.727479
9715          50      5     193  193.919865    0.919865
9716          50      6     192  188.059249   -3.940751
9717          50      7     191  188.854381   -2.145619
9718          50      8     190  190.067156    0.067156
9719          50      9     189  191.285672    2.285672
9720          50     10     188  184.779894   -3.220106
9721          50     11     187  183.818214   -3.181786
9722          50     12     186  187.781318    1.781318
9723          50     13     185  181.330980   -3.669020
9724          50     14     184  182.574560   -1.425440
9725          50     15     183  197.412721   14.412721
9726          50     16     182  187.976211    5.976211
9727          50     17     181  175.638064   -5.361936
9728          50     18     180  190.797865   10.797865
9729          50     19     179  180.252513    1.252513
9730          50     20     178  179.971069    1.971069
9731          50     21     177  172.503427   -4.496573
9732          50     22     176  167.787261   -8.212739
9733          50     23     175  174.668693   -0.331307
9734          50     24     174  179.427457    5.427457
9735          50     25     173  168.826489   -4.173511
9736          50     26     172  166.606998   -5.393002
9737          50     27     171  161.846449   -9.153551
9738          50     28     170  159.140240  -10.859760
9739          50     29     169  161.266793   -7.733207
9740          50     30     168  159.622890   -8.377110
9741          50     31     167  158.818581   -8.181419
9742          50     32     166  157.481715   -8.518285
9743          50     33     165  154.031284  -10.968716
9744          50     34     164  157.116784   -6.883216
9745          50     35     163  152.240829  -10.759171
9746          50     36     162  163.772383    1.772383
9747          50     37     161  145.995001  -15.004999
9748          50     38     160  159.880587   -0.119413
9749          50     39     159  158.300452   -0.699548
9750          50     40     158  160.734225    2.734225
9751          50     41     157  147.556140   -9.443860
9752          50     42     156  163.273432    7.273432
9753          50     43     155  147.446033   -7.553967
9754          50     44     154  150.271469   -3.728531
9755          50     45     153  167.830572   14.830572
9756          50     46     152  148.751833   -3.248167
9757          50     47     151  148.658944   -2.341056
9758          50     48     150  153.404101    3.404101
9759          50     49     149  142.641358   -6.358642
9760          50     50     148  141.751738   -6.248262
9761          50     51     147  148.696026    1.696026
9762          50     52     146  150.215033    4.215033
9763          50     53     145  136.612667   -8.387333
9764          50     54     144  142.430346   -1.569654
9765          50     55     143  134.952266   -8.047734
9766          50     56     142  136.197305   -5.802695
9767          50     57     141  140.734288   -0.265712
9768          50     58     140  142.615079    2.615079
9769          50     59     139  140.847589    1.847589
9770          50     60     138  127.344782  -10.655218
9771          50     61     137  138.553312    1.553312
9772          50     62     136  126.897100   -9.102900
9773          50     63     135  122.745194  -12.254806
9774          50     64     134  130.859957   -3.140043
9775          50     65     133  133.750393    0.750393
9776          50     66     132  125.471036   -6.528964
9777          50     67     131  117.354372  -13.645628
9778          50     68     130  121.190077   -8.809923
9779          50     69     129  127.439009   -1.560991
9780          50     70     128  122.627040   -5.372960
9781          50     71     127  120.138740   -6.861260
9782          50     72     126  125.691285   -0.308715
9783          50     73     125  119.205506   -5.794494
9784          50     74     124  119.055793   -4.944207
9785          50     75     123  120.220708   -2.779292
9786          50     76     122  109.596358  -12.403642
9787          50     77     121  116.107531   -4.892469
9788          50     78     120  117.734249   -2.265751
9789          50     79     119  115.539778   -3.460222
9790          50     80     118  111.414337   -6.585663
9791          50     81     117  108.251584   -8.748416
9792          50     82     116  115.123690   -0.876310
9793          50     83     115   97.825206  -17.174794
9794          50     84     114  103.295858  -10.704142
9795          50     85     113   99.462212  -13.537788
9796          50     86     112  101.737047  -10.262953
9797          50     87     111   97.910946  -13.089054
9798          50     88     110   97.136849  -12.863151
9799          50     89     109   95.452119  -13.547881
9800          50     90     108   86.765728  -21.234272
9801          50     91     107   91.109044  -15.890956
9802          50     92     106   88.096311  -17.903689
9803          50     93     105   86.444959  -18.555041
9804          50     94     104   92.777628  -11.222372
9805          50     95     103   87.862579  -15.137421
9806          50     96     102   78.750766  -23.249234
9807          50     97     101   86.489651  -14.510349
9808          50     98     100   85.168767  -14.831233
9809          50     99      99   90.875374   -8.124626
9810          50    100      98   87.049097  -10.950903
9811          50    101      97   90.924327   -6.075673
9812          50    102      96   87.224442   -8.775558
9813          50    103      95   86.953560   -8.046440
9814          50    104      94   91.165742   -2.834258
9815          50    105      93   93.431650    0.431650
9816          50    106      92   86.941652   -5.058348
9817          50    107      91   79.924010  -11.075990
9818          50    108      90  103.579118   13.579118
9819          50    109      89   82.885416   -6.114584
9820          50    110      88   87.985634   -0.014366
9821          50    111      87   82.920669   -4.079331
9822          50    112      86   85.527121   -0.472879
9823          50    113      85   85.921744    0.921744
9824          50    114      84   82.962385   -1.037615
9825          50    115      83   83.985390    0.985390
9826          50    116      82   85.950913    3.950913
9827          50    117      81   79.514971   -1.485029
9828          50    118      80   92.000720   12.000720
9829          50    119      79   83.511008    4.511008
9830          50    120      78   86.187352    8.187352
9831          50    121      77   82.966960    5.966960
9832          50    122      76   83.337199    7.337199
9833          50    123      75   87.582215   12.582215
9834          50    124      74   75.877493    1.877493
9835          50    125      73   79.615658    6.615658
9836          50    126      72   86.103327   14.103327
9837          50    127      71   77.925015    6.925015
9838          50    128      70   69.441515   -0.558485
9839          50    129      69   70.180565    1.180565
9840          50    130      68   63.718886   -4.281114
9841          50    131      67   65.521325   -1.478675
9842          50    132      66   62.932558   -3.067442
9843          50    133      65   65.641679    0.641679
9844          50    134      64   69.488700    5.488700
9845          50    135      63   63.941474    0.941474
9846          50    136      62   56.209847   -5.790153
9847          50    137      61   54.729110   -6.270890
9848          50    138      60   49.916045  -10.083955
9849          50    139      59   50.510334   -8.489666
9850          50    140      58   59.028412    1.028412
9851          50    141      57   55.858402   -1.141598
9852          50    142      56   52.990823   -3.009177
9853          50    143      55   51.035225   -3.964775
9854          50    144      54   49.987654   -4.012346
9855          50    145      53   56.859356    3.859356
9856          50    146      52   58.133606    6.133606
9857          50    147      51   51.183474    0.183474
9858          50    148      50   54.432859    4.432859
9859          50    149      49   55.518452    6.518452
9860          50    150      48   53.074178    5.074178
9861          50    151      47   48.677007    1.677007
9862          50    152      46   50.534893    4.534893
9863          50    153      45   48.866137    3.866137
9864          50    154      44   50.874547    6.874547
9865          50    155      43   52.282768    9.282768
9866          50    156      42   49.262092    7.262092
9867          50    157      41   49.426003    8.426003
9868          50    158      40   43.277363    3.277363
9869          50    159      39   41.987192    2.987192
9870          50    160      38   41.292697    3.292697
9871          50    161      37   40.092835    3.092835
9872          50    162      36   39.083969    3.083969
9873          50    163      35   38.955603    3.955603
9874          50    164      34   34.110112    0.110112
9875          50    165      33   35.225590    2.225590
9876          50    166      32   37.529284    5.529284
9877          50    167      31   33.458224    2.458224
9878          50    168      30   33.317306    3.317306
9879          50    169      29   28.446796   -0.553204
9880          50    170      28   28.318896    0.318896
9881          50    171      27   24.896114   -2.103886
9882          50    172      26   27.751971    1.751971
9883          50    173      25   23.413774   -1.586226
9884          50    174      24   20.728927   -3.271073
9885          50    175      23   17.588066   -5.411934
9886          50    176      22   21.838731   -0.161269
9887          50    177      21   19.267462   -1.732538
9888          50    178      20   15.635229   -4.364771
9889          50    179      19   21.021540    2.021540
9890          50    180      18   18.417869    0.417869
9891          50    181      17   11.955216   -5.044784
9892          50    182      16    5.286379  -10.713621
9893          50    183      15    3.385240  -11.614760
9894          50    184      14    6.640063   -7.359937
9895          50    185      13    3.740622   -9.259378
9896          50    186      12    2.666150   -9.333850
9897          50    187      11    1.258127   -9.741873
9898          50    188      10   -5.600672  -15.600672
9899          50    189       9    3.715780   -5.284220
9900          50    190       8    3.333307   -4.666693
9901          50    191       7   -1.331508   -8.331508
9902          50    192       6   -8.994013  -14.994013
9903          50    193       5   -1.133214   -6.133214
9904          50    194       4   -2.946574   -6.946574
9905          50    195       3    4.418411    1.418411
9906          50    196       2   -7.887446   -9.887446
9907          50    197       1   -8.480854   -9.480854
9908          50    198       0  -14.217536  -14.217536
9909          51      1     212  215.797406    3.797406
9910          51      2     211  165.952170  -45.047830
9911          51      3     210  196.315586  -13.684414
9912          51      4     209  195.124206  -13.875794
9913          51      5     208  198.624322   -9.375678
9914          51      6     207  197.843951   -9.156049
9915          51      7     206  197.226069   -8.773931
9916          51      8     205  196.650811   -8.349189
9917          51      9     204  197.821601   -6.178399
9918          51     10     203  196.907856   -6.092144
9919          51     11     202  188.902260  -13.097740
9920          51     12     201  202.435387    1.435387
9921          51     13     200  201.416659    1.416659
9922          51     14     199  201.293277    2.293277
9923          51     15     198  191.130032   -6.869968
9924          51     16     197  194.778986   -2.221014
9925          51     17     196  194.751297   -1.248703
9926          51     18     195  197.276021    2.276021
9927          51     19     194  199.528356    5.528356
9928          51     20     193  179.681036  -13.318964
9929          51     21     192  185.206692   -6.793308
9930          51     22     191  191.283175    0.283175
9931          51     23     190  185.678130   -4.321870
9932          51     24     189  178.336977  -10.663023
9933          51     25     188  192.439176    4.439176
9934          51     26     187  176.859612  -10.140388
9935          51     27     186  175.227102  -10.772898
9936          51     28     185  181.379974   -3.620026
9937          51     29     184  178.511495   -5.488505
9938          51     30     183  182.515079   -0.484921
9939          51     31     182  171.258544  -10.741456
9940          51     32     181  174.671542   -6.328458
9941          51     33     180  174.577235   -5.422765
9942          51     34     179  174.031399   -4.968601
9943          51     35     178  171.554419   -6.445581
9944          51     36     177  168.971160   -8.028840
9945          51     37     176  171.354388   -4.645612
9946          51     38     175  180.624988    5.624988
9947          51     39     174  178.748516    4.748516
9948          51     40     173  171.573475   -1.426525
9949          51     41     172  156.934549  -15.065451
9950          51     42     171  172.767442    1.767442
9951          51     43     170  186.071199   16.071199
9952          51     44     169  163.419609   -5.580391
9953          51     45     168  165.522292   -2.477708
9954          51     46     167  164.299759   -2.700241
9955          51     47     166  173.978377    7.978377
9956          51     48     165  157.745817   -7.254183
9957          51     49     164  163.163823   -0.836177
9958          51     50     163  159.635822   -3.364178
9959          51     51     162  161.129149   -0.870851
9960          51     52     161  172.012084   11.012084
9961          51     53     160  156.724339   -3.275661
9962          51     54     159  164.530893    5.530893
9963          51     55     158  162.838986    4.838986
9964          51     56     157  168.001821   11.001821
9965          51     57     156  163.562450    7.562450
9966          51     58     155  160.743928    5.743928
9967          51     59     154  159.883339    5.883339
9968          51     60     153  162.332401    9.332401
9969          51     61     152  152.576847    0.576847
9970          51     62     151  149.762459   -1.237541
9971          51     63     150  156.580114    6.580114
9972          51     64     149  152.347038    3.347038
9973          51     65     148  161.612266   13.612266
9974          51     66     147  151.842717    4.842717
9975          51     67     146  147.276239    1.276239
9976          51     68     145  145.996498    0.996498
9977          51     69     144  143.528848   -0.471152
9978          51     70     143  141.173655   -1.826345
9979          51     71     142  148.331665    6.331665
9980          51     72     141  147.506292    6.506292
9981          51     73     140  139.446841   -0.553159
9982          51     74     139  147.430633    8.430633
9983          51     75     138  141.023412    3.023412
9984          51     76     137  148.155961   11.155961
9985          51     77     136  137.549652    1.549652
9986          51     78     135  146.403308   11.403308
9987          51     79     134  138.369233    4.369233
9988          51     80     133  136.283943    3.283943
9989          51     81     132  133.067011    1.067011
9990          51     82     131  137.042019    6.042019
9991          51     83     130  135.012516    5.012516
9992          51     84     129  128.894700   -0.105300
9993          51     85     128  132.553014    4.553014
9994          51     86     127  132.454383    5.454383
9995          51     87     126  129.179591    3.179591
9996          51     88     125  124.523296   -0.476704
9997          51     89     124  126.309144    2.309144
9998          51     90     123  114.848314   -8.151686
9999          51     91     122  124.813551    2.813551
10000         51     92     121  117.839230   -3.160770
10001         51     93     120  126.490569    6.490569
10002         51     94     119  122.462228    3.462228
10003         51     95     118  128.924270   10.924270
10004         51     96     117  123.062280    6.062280
10005         51     97     116  120.186818    4.186818
10006         51     98     115  120.346286    5.346286
10007         51     99     114  112.152161   -1.847839
10008         51    100     113  131.763342   18.763342
10009         51    101     112  122.246944   10.246944
10010         51    102     111  122.193870   11.193870
10011         51    103     110  120.757100   10.757100
10012         51    104     109  116.055636    7.055636
10013         51    105     108  118.084431   10.084431
10014         51    106     107  114.994669    7.994669
10015         51    107     106  116.003966   10.003966
10016         51    108     105  117.568020   12.568020
10017         51    109     104  115.195520   11.195520
10018         51    110     103  116.327574   13.327574
10019         51    111     102  117.105171   15.105171
10020         51    112     101  113.087855   12.087855
10021         51    113     100  107.031477    7.031477
10022         51    114      99  112.899590   13.899590
10023         51    115      98  113.593215   15.593215
10024         51    116      97  110.071889   13.071889
10025         51    117      96  115.818913   19.818913
10026         51    118      95  112.515299   17.515299
10027         51    119      94  118.303242   24.303242
10028         51    120      93  114.161898   21.161898
10029         51    121      92  113.913197   21.913197
10030         51    122      91  106.174206   15.174206
10031         51    123      90  103.269879   13.269879
10032         51    124      89  101.464202   12.464202
10033         51    125      88  105.059912   17.059912
10034         51    126      87  105.613488   18.613488
10035         51    127      86  110.694268   24.694268
10036         51    128      85  106.349951   21.349951
10037         51    129      84   94.344100   10.344100
10038         51    130      83   99.862196   16.862196
10039         51    131      82  101.856583   19.856583
10040         51    132      81   91.590397   10.590397
10041         51    133      80  103.566567   23.566567
10042         51    134      79   99.762789   20.762789
10043         51    135      78   92.752652   14.752652
10044         51    136      77   93.287651   16.287651
10045         51    137      76   92.915954   16.915954
10046         51    138      75   87.796898   12.796898
10047         51    139      74   89.777774   15.777774
10048         51    140      73   91.911769   18.911769
10049         51    141      72   96.548085   24.548085
10050         51    142      71   90.158246   19.158246
10051         51    143      70   85.134716   15.134716
10052         51    144      69   81.149961   12.149961
10053         51    145      68   86.362360   18.362360
10054         51    146      67   85.647762   18.647762
10055         51    147      66   76.363589   10.363589
10056         51    148      65   83.718843   18.718843
10057         51    149      64   77.925181   13.925181
10058         51    150      63   79.691225   16.691225
10059         51    151      62   78.788972   16.788972
10060         51    152      61   74.667380   13.667380
10061         51    153      60   73.503247   13.503247
10062         51    154      59   73.024202   14.024202
10063         51    155      58   67.675609    9.675609
10064         51    156      57   70.647528   13.647528
10065         51    157      56   63.186741    7.186741
10066         51    158      55   67.333784   12.333784
10067         51    159      54   62.153672    8.153672
10068         51    160      53   63.609008   10.609008
10069         51    161      52   64.561569   12.561569
10070         51    162      51   63.680026   12.680026
10071         51    163      50   56.644086    6.644086
10072         51    164      49   54.813301    5.813301
10073         51    165      48   57.510455    9.510455
10074         51    166      47   50.904827    3.904827
10075         51    167      46   57.857016   11.857016
10076         51    168      45   57.209189   12.209189
10077         51    169      44   49.698949    5.698949
10078         51    170      43   52.410688    9.410688
10079         51    171      42   50.438316    8.438316
10080         51    172      41   50.250059    9.250059
10081         51    173      40   43.683016    3.683016
10082         51    174      39   39.934652    0.934652
10083         51    175      38   33.963402   -4.036598
10084         51    176      37   36.971169   -0.028831
10085         51    177      36   35.234403   -0.765597
10086         51    178      35   29.125952   -5.874048
10087         51    179      34   35.255099    1.255099
10088         51    180      33   31.807087   -1.192913
10089         51    181      32   32.972582    0.972582
10090         51    182      31   32.701666    1.701666
10091         51    183      30   35.929871    5.929871
10092         51    184      29   37.869321    8.869321
10093         51    185      28   34.021931    6.021931
10094         51    186      27   32.608106    5.608106
10095         51    187      26   25.702146   -0.297854
10096         51    188      25   26.388522    1.388522
10097         51    189      24   22.090502   -1.909498
10098         51    190      23   17.507622   -5.492378
10099         51    191      22   16.872830   -5.127170
10100         51    192      21   12.025656   -8.974344
10101         51    193      20   11.102625   -8.897375
10102         51    194      19   12.095019   -6.904981
10103         51    195      18   17.611403   -0.388597
10104         51    196      17    2.877139  -14.122861
10105         51    197      16    7.860898   -8.139102
10106         51    198      15    6.862992   -8.137008
10107         51    199      14   -4.875853  -18.875853
10108         51    200      13    3.820340   -9.179660
10109         51    201      12    7.016739   -4.983261
10110         51    202      11    8.574353   -2.425647
10111         51    203      10    8.041795   -1.958205
10112         51    204       9    8.522653   -0.477347
10113         51    205       8    6.215549   -1.784451
10114         51    206       7   18.522533   11.522533
10115         51    207       6   10.857529    4.857529
10116         51    208       5   12.009775    7.009775
10117         51    209       4    6.507431    2.507431
10118         51    210       3   20.337173   17.337173
10119         51    211       2   32.659554   30.659554
10120         51    212       1   21.570142   20.570142
10121         51    213       0   33.740487   33.740487
10122         52      1     212  201.554229  -10.445771
10123         52      2     211  193.574257  -17.425743
10124         52      3     210  184.286023  -25.713977
10125         52      4     209  193.585154  -15.414846
10126         52      5     208  202.347119   -5.652881
10127         52      6     207  190.458260  -16.541740
10128         52      7     206  180.863498  -25.136502
10129         52      8     205  174.157428  -30.842572
10130         52      9     204  170.914613  -33.085387
10131         52     10     203  171.953605  -31.046395
10132         52     11     202  179.117711  -22.882289
10133         52     12     201  177.536807  -23.463193
10134         52     13     200  183.024108  -16.975892
10135         52     14     199  169.719949  -29.280051
10136         52     15     198  183.229764  -14.770236
10137         52     16     197  177.285416  -19.714584
10138         52     17     196  171.431960  -24.568040
10139         52     18     195  165.881056  -29.118944
10140         52     19     194  166.228224  -27.771776
10141         52     20     193  169.174825  -23.825175
10142         52     21     192  169.112114  -22.887886
10143         52     22     191  175.140731  -15.859269
10144         52     23     190  166.597354  -23.402646
10145         52     24     189  177.453881  -11.546119
10146         52     25     188  175.762789  -12.237211
10147         52     26     187  166.169815  -20.830185
10148         52     27     186  148.728670  -37.271330
10149         52     28     185  178.947676   -6.052324
10150         52     29     184  165.009304  -18.990696
10151         52     30     183  163.300350  -19.699650
10152         52     31     182  165.920171  -16.079829
10153         52     32     181  161.649979  -19.350021
10154         52     33     180  173.349736   -6.650264
10155         52     34     179  165.198448  -13.801552
10156         52     35     178  159.729968  -18.270032
10157         52     36     177  151.655931  -25.344069
10158         52     37     176  159.938592  -16.061408
10159         52     38     175  143.721876  -31.278124
10160         52     39     174  158.401027  -15.598973
10161         52     40     173  155.878134  -17.121866
10162         52     41     172  139.822993  -32.177007
10163         52     42     171  150.281493  -20.718507
10164         52     43     170  153.794994  -16.205006
10165         52     44     169  153.219457  -15.780543
10166         52     45     168  146.817680  -21.182320
10167         52     46     167  150.572298  -16.427702
10168         52     47     166  138.709311  -27.290689
10169         52     48     165  147.514814  -17.485186
10170         52     49     164  140.365098  -23.634902
10171         52     50     163  148.419598  -14.580402
10172         52     51     162  138.400046  -23.599954
10173         52     52     161  138.545353  -22.454647
10174         52     53     160  138.396538  -21.603462
10175         52     54     159  145.118143  -13.881857
10176         52     55     158  139.834604  -18.165396
10177         52     56     157  142.564916  -14.435084
10178         52     57     156  137.294397  -18.705603
10179         52     58     155  136.276033  -18.723967
10180         52     59     154  132.802246  -21.197754
10181         52     60     153  139.156234  -13.843766
10182         52     61     152  133.982943  -18.017057
10183         52     62     151  137.427261  -13.572739
10184         52     63     150  135.684225  -14.315775
10185         52     64     149  132.551969  -16.448031
10186         52     65     148  139.095944   -8.904056
10187         52     66     147  124.559262  -22.440738
10188         52     67     146  122.241417  -23.758583
10189         52     68     145  129.471743  -15.528257
10190         52     69     144  124.080290  -19.919710
10191         52     70     143  138.126723   -4.873277
10192         52     71     142  124.020944  -17.979056
10193         52     72     141  127.841884  -13.158116
10194         52     73     140  123.766388  -16.233612
10195         52     74     139  127.190838  -11.809162
10196         52     75     138  128.766390   -9.233610
10197         52     76     137  129.784798   -7.215202
10198         52     77     136  121.212734  -14.787266
10199         52     78     135  127.479586   -7.520414
10200         52     79     134  132.272581   -1.727419
10201         52     80     133  137.141845    4.141845
10202         52     81     132  128.246736   -3.753264
10203         52     82     131  115.992546  -15.007454
10204         52     83     130  125.249223   -4.750777
10205         52     84     129  116.416162  -12.583838
10206         52     85     128  116.093656  -11.906344
10207         52     86     127  112.043005  -14.956995
10208         52     87     126  111.630791  -14.369209
10209         52     88     125  115.435289   -9.564711
10210         52     89     124  109.454239  -14.545761
10211         52     90     123  114.885942   -8.114058
10212         52     91     122  104.824555  -17.175445
10213         52     92     121  104.345804  -16.654196
10214         52     93     120  101.436384  -18.563616
10215         52     94     119   98.963174  -20.036826
10216         52     95     118   90.957212  -27.042788
10217         52     96     117  102.338538  -14.661462
10218         52     97     116   93.986906  -22.013094
10219         52     98     115   94.853527  -20.146473
10220         52     99     114  101.473235  -12.526765
10221         52    100     113   94.715117  -18.284883
10222         52    101     112   91.168140  -20.831860
10223         52    102     111  100.377754  -10.622246
10224         52    103     110   95.275321  -14.724679
10225         52    104     109   84.258346  -24.741654
10226         52    105     108  101.805075   -6.194925
10227         52    106     107   91.191365  -15.808635
10228         52    107     106   88.534837  -17.465163
10229         52    108     105   95.685357   -9.314643
10230         52    109     104   77.517543  -26.482457
10231         52    110     103   90.671603  -12.328397
10232         52    111     102   86.427154  -15.572846
10233         52    112     101   84.827234  -16.172766
10234         52    113     100   95.743702   -4.256298
10235         52    114      99   84.556133  -14.443867
10236         52    115      98   94.407909   -3.592091
10237         52    116      97   86.062223  -10.937777
10238         52    117      96   76.377316  -19.622684
10239         52    118      95   72.809601  -22.190399
10240         52    119      94   78.817403  -15.182597
10241         52    120      93   84.817682   -8.182318
10242         52    121      92   75.020891  -16.979109
10243         52    122      91   80.120699  -10.879301
10244         52    123      90   77.763044  -12.236956
10245         52    124      89   73.484875  -15.515125
10246         52    125      88   76.330103  -11.669897
10247         52    126      87   71.173641  -15.826359
10248         52    127      86   71.030484  -14.969516
10249         52    128      85   75.953906   -9.046094
10250         52    129      84   84.309767    0.309767
10251         52    130      83   66.570111  -16.429889
10252         52    131      82   71.774516  -10.225484
10253         52    132      81   72.584756   -8.415244
10254         52    133      80   79.962081   -0.037919
10255         52    134      79   75.377819   -3.622181
10256         52    135      78   71.620232   -6.379768
10257         52    136      77   66.485166  -10.514834
10258         52    137      76   78.423846    2.423846
10259         52    138      75   75.359576    0.359576
10260         52    139      74   69.752779   -4.247221
10261         52    140      73   70.294832   -2.705168
10262         52    141      72   71.441938   -0.558062
10263         52    142      71   80.039341    9.039341
10264         52    143      70   71.747206    1.747206
10265         52    144      69   66.460240   -2.539760
10266         52    145      68   66.378734   -1.621266
10267         52    146      67   70.589596    3.589596
10268         52    147      66   69.493660    3.493660
10269         52    148      65   73.023478    8.023478
10270         52    149      64   62.255573   -1.744427
10271         52    150      63   60.191132   -2.808868
10272         52    151      62   55.775330   -6.224670
10273         52    152      61   60.919338   -0.080662
10274         52    153      60   56.659457   -3.340543
10275         52    154      59   58.082818   -0.917182
10276         52    155      58   52.949629   -5.050371
10277         52    156      57   50.927585   -6.072415
10278         52    157      56   46.104436   -9.895564
10279         52    158      55   51.151443   -3.848557
10280         52    159      54   52.579489   -1.420511
10281         52    160      53   49.409363   -3.590637
10282         52    161      52   46.854819   -5.145181
10283         52    162      51   42.149341   -8.850659
10284         52    163      50   50.950042    0.950042
10285         52    164      49   45.841956   -3.158044
10286         52    165      48   47.306767   -0.693233
10287         52    166      47   50.876521    3.876521
10288         52    167      46   49.462895    3.462895
10289         52    168      45   42.006105   -2.993895
10290         52    169      44   42.443301   -1.556699
10291         52    170      43   35.497725   -7.502275
10292         52    171      42   37.248626   -4.751374
10293         52    172      41   38.597410   -2.402590
10294         52    173      40   35.646301   -4.353699
10295         52    174      39   35.142271   -3.857729
10296         52    175      38   35.246316   -2.753684
10297         52    176      37   26.681814  -10.318186
10298         52    177      36   24.150076  -11.849924
10299         52    178      35   21.169618  -13.830382
10300         52    179      34   23.662779  -10.337221
10301         52    180      33   18.570853  -14.429147
10302         52    181      32   17.473928  -14.526072
10303         52    182      31   14.906771  -16.093229
10304         52    183      30   14.612972  -15.387028
10305         52    184      29   14.994235  -14.005765
10306         52    185      28   14.237855  -13.762145
10307         52    186      27   17.579310   -9.420690
10308         52    187      26   13.378793  -12.621207
10309         52    188      25   16.891977   -8.108023
10310         52    189      24   12.922262  -11.077738
10311         52    190      23   10.724249  -12.275751
10312         52    191      22   10.647220  -11.352780
10313         52    192      21   10.238352  -10.761648
10314         52    193      20   13.143588   -6.856412
10315         52    194      19    6.904491  -12.095509
10316         52    195      18    8.154511   -9.845489
10317         52    196      17    7.979735   -9.020265
10318         52    197      16    6.891603   -9.108397
10319         52    198      15    7.362461   -7.637539
10320         52    199      14   11.061689   -2.938311
10321         52    200      13    7.153313   -5.846687
10322         52    201      12    7.061034   -4.938966
10323         52    202      11    4.965166   -6.034834
10324         52    203      10   10.275635    0.275635
10325         52    204       9    5.299072   -3.700928
10326         52    205       8    7.863741   -0.136259
10327         52    206       7   11.173768    4.173768
10328         52    207       6    1.764754   -4.235246
10329         52    208       5   -1.805530   -6.805530
10330         52    209       4    8.913791    4.913791
10331         52    210       3    5.310345    2.310345
10332         52    211       2    8.920957    6.920957
10333         52    212       1    4.550049    3.550049
10334         52    213       0   10.079665   10.079665
10335         53      1     194  188.304179   -5.695821
10336         53      2     193  167.803277  -25.196723
10337         53      3     192  191.153551   -0.846449
10338         53      4     191  190.360264   -0.639736
10339         53      5     190  193.364808    3.364808
10340         53      6     189  192.097973    3.097973
10341         53      7     188  183.141155   -4.858845
10342         53      8     187  185.809836   -1.190164
10343         53      9     186  189.234885    3.234885
10344         53     10     185  180.380359   -4.619641
10345         53     11     184  187.506928    3.506928
10346         53     12     183  185.472230    2.472230
10347         53     13     182  181.077666   -0.922334
10348         53     14     181  180.596041   -0.403959
10349         53     15     180  187.134654    7.134654
10350         53     16     179  181.324622    2.324622
10351         53     17     178  174.318986   -3.681014
10352         53     18     177  173.826112   -3.173888
10353         53     19     176  171.839084   -4.160916
10354         53     20     175  172.729446   -2.270554
10355         53     21     174  177.539177    3.539177
10356         53     22     173  170.484588   -2.515412
10357         53     23     172  173.024823    1.024823
10358         53     24     171  160.562321  -10.437679
10359         53     25     170  158.796638  -11.203362
10360         53     26     169  166.448756   -2.551244
10361         53     27     168  162.169805   -5.830195
10362         53     28     167  161.613124   -5.386876
10363         53     29     166  162.825300   -3.174700
10364         53     30     165  161.212638   -3.787362
10365         53     31     164  166.622287    2.622287
10366         53     32     163  154.111439   -8.888561
10367         53     33     162  160.896286   -1.103714
10368         53     34     161  151.511009   -9.488991
10369         53     35     160  161.694665    1.694665
10370         53     36     159  169.498996   10.498996
10371         53     37     158  150.929317   -7.070683
10372         53     38     157  165.242258    8.242258
10373         53     39     156  149.543145   -6.456855
10374         53     40     155  152.899432   -2.100568
10375         53     41     154  162.319928    8.319928
10376         53     42     153  153.240189    0.240189
10377         53     43     152  152.139243    0.139243
10378         53     44     151  148.047393   -2.952607
10379         53     45     150  164.634241   14.634241
10380         53     46     149  150.124642    1.124642
10381         53     47     148  156.950446    8.950446
10382         53     48     147  157.732270   10.732270
10383         53     49     146  147.997815    1.997815
10384         53     50     145  155.797059   10.797059
10385         53     51     144  156.020863   12.020863
10386         53     52     143  142.386637   -0.613363
10387         53     53     142  145.128855    3.128855
10388         53     54     141  155.749185   14.749185
10389         53     55     140  137.264710   -2.735290
10390         53     56     139  141.008925    2.008925
10391         53     57     138  139.526999    1.526999
10392         53     58     137  136.136290   -0.863710
10393         53     59     136  142.526046    6.526046
10394         53     60     135  140.145570    5.145570
10395         53     61     134  142.102478    8.102478
10396         53     62     133  134.180095    1.180095
10397         53     63     132  133.837616    1.837616
10398         53     64     131  132.515682    1.515682
10399         53     65     130  142.791015   12.791015
10400         53     66     129  139.317984   10.317984
10401         53     67     128  133.103456    5.103456
10402         53     68     127  140.722038   13.722038
10403         53     69     126  131.770755    5.770755
10404         53     70     125  127.996871    2.996871
10405         53     71     124  127.144810    3.144810
10406         53     72     123  128.412560    5.412560
10407         53     73     122  116.523758   -5.476242
10408         53     74     121  118.492041   -2.507959
10409         53     75     120  124.703139    4.703139
10410         53     76     119  110.316250   -8.683750
10411         53     77     118  111.084299   -6.915701
10412         53     78     117  114.338750   -2.661250
10413         53     79     116  123.646483    7.646483
10414         53     80     115  109.886839   -5.113161
10415         53     81     114  109.516941   -4.483059
10416         53     82     113  112.305398   -0.694602
10417         53     83     112  109.431298   -2.568702
10418         53     84     111  107.828077   -3.171923
10419         53     85     110  107.712061   -2.287939
10420         53     86     109  104.081648   -4.918352
10421         53     87     108  105.218064   -2.781936
10422         53     88     107   97.042123   -9.957877
10423         53     89     106  104.452888   -1.547112
10424         53     90     105   93.749909  -11.250091
10425         53     91     104  104.768094    0.768094
10426         53     92     103   95.211305   -7.788695
10427         53     93     102   98.941382   -3.058618
10428         53     94     101   98.565749   -2.434251
10429         53     95     100   92.222807   -7.777193
10430         53     96      99   92.049649   -6.950351
10431         53     97      98  107.242207    9.242207
10432         53     98      97   96.278352   -0.721648
10433         53     99      96   90.247323   -5.752677
10434         53    100      95   97.346368    2.346368
10435         53    101      94   95.328847    1.328847
10436         53    102      93  100.292808    7.292808
10437         53    103      92   99.251060    7.251060
10438         53    104      91   96.062119    5.062119
10439         53    105      90   95.933909    5.933909
10440         53    106      89   92.558104    3.558104
10441         53    107      88   91.604830    3.604830
10442         53    108      87   88.709421    1.709421
10443         53    109      86   94.595097    8.595097
10444         53    110      85   96.745225   11.745225
10445         53    111      84   99.437431   15.437431
10446         53    112      83   90.092071    7.092071
10447         53    113      82   89.885084    7.885084
10448         53    114      81   78.138885   -2.861115
10449         53    115      80   88.698873    8.698873
10450         53    116      79   89.494059   10.494059
10451         53    117      78   83.534950    5.534950
10452         53    118      77   88.526641   11.526641
10453         53    119      76   84.697453    8.697453
10454         53    120      75   88.068658   13.068658
10455         53    121      74   76.103642    2.103642
10456         53    122      73   84.852987   11.852987
10457         53    123      72   74.307787    2.307787
10458         53    124      71   75.819564    4.819564
10459         53    125      70   76.300941    6.300941
10460         53    126      69   74.389396    5.389396
10461         53    127      68   73.500696    5.500696
10462         53    128      67   71.323964    4.323964
10463         53    129      66   69.813650    3.813650
10464         53    130      65   74.373520    9.373520
10465         53    131      64   71.520634    7.520634
10466         53    132      63   64.879595    1.879595
10467         53    133      62   73.764841   11.764841
10468         53    134      61   71.029662   10.029662
10469         53    135      60   72.784225   12.784225
10470         53    136      59   60.947826    1.947826
10471         53    137      58   62.769396    4.769396
10472         53    138      57   63.935473    6.935473
10473         53    139      56   65.636002    9.636002
10474         53    140      55   64.577911    9.577911
10475         53    141      54   61.918654    7.918654
10476         53    142      53   51.926219   -1.073781
10477         53    143      52   53.125820    1.125820
10478         53    144      51   59.266796    8.266796
10479         53    145      50   55.805140    5.805140
10480         53    146      49   57.017510    8.017510
10481         53    147      48   61.784112   13.784112
10482         53    148      47   47.609330    0.609330
10483         53    149      46   51.201986    5.201986
10484         53    150      45   51.766348    6.766348
10485         53    151      44   44.321443    0.321443
10486         53    152      43   48.003237    5.003237
10487         53    153      42   49.227790    7.227790
10488         53    154      41   45.030878    4.030878
10489         53    155      40   42.976414    2.976414
10490         53    156      39   39.173495    0.173495
10491         53    157      38   40.647973    2.647973
10492         53    158      37   36.655357   -0.344643
10493         53    159      36   40.551602    4.551602
10494         53    160      35   35.303541    0.303541
10495         53    161      34   37.801602    3.801602
10496         53    162      33   32.328525   -0.671475
10497         53    163      32   33.198449    1.198449
10498         53    164      31   29.576485   -1.423515
10499         53    165      30   32.981146    2.981146
10500         53    166      29   32.425474    3.425474
10501         53    167      28   31.218936    3.218936
10502         53    168      27   27.829885    0.829885
10503         53    169      26   25.316329   -0.683671
10504         53    170      25   18.531881   -6.468119
10505         53    171      24   16.542451   -7.457549
10506         53    172      23   13.879025   -9.120975
10507         53    173      22   14.519223   -7.480777
10508         53    174      21   15.256706   -5.743294
10509         53    175      20    8.306277  -11.693723
10510         53    176      19    2.915604  -16.084396
10511         53    177      18    6.336636  -11.663364
10512         53    178      17    6.804027  -10.195973
10513         53    179      16    5.969211  -10.030789
10514         53    180      15    8.480377   -6.519623
10515         53    181      14    9.153348   -4.846652
10516         53    182      13    2.843888  -10.156112
10517         53    183      12    7.230076   -4.769924
10518         53    184      11    7.728306   -3.271694
10519         53    185      10    3.207531   -6.792469
10520         53    186       9    7.874398   -1.125602
10521         53    187       8    2.811414   -5.188586
10522         53    188       7    0.479897   -6.520103
10523         53    189       6    8.830814    2.830814
10524         53    190       5   -0.206330   -5.206330
10525         53    191       4    2.637468   -1.362532
10526         53    192       3   10.723241    7.723241
10527         53    193       2    4.347299    2.347299
10528         53    194       1    3.621405    2.621405
10529         53    195       0   14.236334   14.236334
10530         54      1     256  214.010161  -41.989839
10531         54      2     255  204.329544  -50.670456
10532         54      3     254  175.895991  -78.104009
10533         54      4     253  190.621356  -62.378644
10534         54      5     252  184.795275  -67.204725
10535         54      6     251  192.367161  -58.632839
10536         54      7     250  192.827238  -57.172762
10537         54      8     249  203.174923  -45.825077
10538         54      9     248  189.231597  -58.768403
10539         54     10     247  192.370816  -54.629184
10540         54     11     246  202.660440  -43.339560
10541         54     12     245  190.289140  -54.710860
10542         54     13     244  197.478549  -46.521451
10543         54     14     243  194.102716  -48.897284
10544         54     15     242  190.690331  -51.309669
10545         54     16     241  193.451056  -47.548944
10546         54     17     240  190.868936  -49.131064
10547         54     18     239  190.025300  -48.974700
10548         54     19     238  189.118374  -48.881626
10549         54     20     237  183.963230  -53.036770
10550         54     21     236  183.898616  -52.101384
10551         54     22     235  195.784038  -39.215962
10552         54     23     234  185.041065  -48.958935
10553         54     24     233  185.567571  -47.432429
10554         54     25     232  187.420048  -44.579952
10555         54     26     231  185.660144  -45.339856
10556         54     27     230  189.782696  -40.217304
10557         54     28     229  182.669958  -46.330042
10558         54     29     228  160.567006  -67.432994
10559         54     30     227  172.997302  -54.002698
10560         54     31     226  170.914488  -55.085512
10561         54     32     225  182.195460  -42.804540
10562         54     33     224  179.246065  -44.753935
10563         54     34     223  181.255985  -41.744015
10564         54     35     222  181.510569  -40.489431
10565         54     36     221  171.963662  -49.036338
10566         54     37     220  181.064120  -38.935880
10567         54     38     219  169.514790  -49.485210
10568         54     39     218  165.381592  -52.618408
10569         54     40     217  177.944931  -39.055069
10570         54     41     216  177.076593  -38.923407
10571         54     42     215  179.377645  -35.622355
10572         54     43     214  171.372212  -42.627788
10573         54     44     213  167.429430  -45.570570
10574         54     45     212  179.505542  -32.494458
10575         54     46     211  164.707055  -46.292945
10576         54     47     210  184.130709  -25.869291
10577         54     48     209  168.959864  -40.040136
10578         54     49     208  163.145283  -44.854717
10579         54     50     207  166.522964  -40.477036
10580         54     51     206  168.923145  -37.076855
10581         54     52     205  166.399068  -38.600932
10582         54     53     204  164.208885  -39.791115
10583         54     54     203  154.898745  -48.101255
10584         54     55     202  158.450750  -43.549250
10585         54     56     201  171.721634  -29.278366
10586         54     57     200  171.372908  -28.627092
10587         54     58     199  160.397086  -38.602914
10588         54     59     198  155.494137  -42.505863
10589         54     60     197  161.549261  -35.450739
10590         54     61     196  150.655089  -45.344911
10591         54     62     195  154.164789  -40.835211
10592         54     63     194  162.087145  -31.912855
10593         54     64     193  156.463153  -36.536847
10594         54     65     192  160.906162  -31.093838
10595         54     66     191  156.879050  -34.120950
10596         54     67     190  149.502185  -40.497815
10597         54     68     189  149.838043  -39.161957
10598         54     69     188  159.418104  -28.581896
10599         54     70     187  145.666976  -41.333024
10600         54     71     186  157.988979  -28.011021
10601         54     72     185  155.029596  -29.970404
10602         54     73     184  142.129577  -41.870423
10603         54     74     183  150.048463  -32.951537
10604         54     75     182  145.064372  -36.935628
10605         54     76     181  143.081566  -37.918434
10606         54     77     180  150.245665  -29.754335
10607         54     78     179  141.340063  -37.659937
10608         54     79     178  145.022059  -32.977941
10609         54     80     177  140.763687  -36.236313
10610         54     81     176  158.190433  -17.809567
10611         54     82     175  151.887567  -23.112433
10612         54     83     174  150.420909  -23.579091
10613         54     84     173  149.828152  -23.171848
10614         54     85     172  147.295485  -24.704515
10615         54     86     171  148.574898  -22.425102
10616         54     87     170  153.773245  -16.226755
10617         54     88     169  141.076421  -27.923579
10618         54     89     168  147.502102  -20.497898
10619         54     90     167  150.217921  -16.782079
10620         54     91     166  140.250538  -25.749462
10621         54     92     165  149.506236  -15.493764
10622         54     93     164  131.299896  -32.700104
10623         54     94     163  139.513437  -23.486563
10624         54     95     162  150.580936  -11.419064
10625         54     96     161  133.934075  -27.065925
10626         54     97     160  132.157981  -27.842019
10627         54     98     159  129.521305  -29.478695
10628         54     99     158  129.033934  -28.966066
10629         54    100     157  130.576360  -26.423640
10630         54    101     156  122.519903  -33.480097
10631         54    102     155  125.803050  -29.196950
10632         54    103     154  120.875967  -33.124033
10633         54    104     153  127.922383  -25.077617
10634         54    105     152  128.212739  -23.787261
10635         54    106     151  126.914200  -24.085800
10636         54    107     150  124.487728  -25.512272
10637         54    108     149  118.310423  -30.689577
10638         54    109     148  133.626119  -14.373881
10639         54    110     147  129.279424  -17.720576
10640         54    111     146  120.037326  -25.962674
10641         54    112     145  117.210704  -27.789296
10642         54    113     144  131.393805  -12.606195
10643         54    114     143  122.393054  -20.606946
10644         54    115     142  132.684388   -9.315612
10645         54    116     141  118.623992  -22.376008
10646         54    117     140  126.780912  -13.219088
10647         54    118     139  120.091763  -18.908237
10648         54    119     138  118.236135  -19.763865
10649         54    120     137  125.729143  -11.270857
10650         54    121     136  125.081337  -10.918663
10651         54    122     135  126.383479   -8.616521
10652         54    123     134  128.794128   -5.205872
10653         54    124     133  121.029553  -11.970447
10654         54    125     132  120.723002  -11.276998
10655         54    126     131  125.412398   -5.587602
10656         54    127     130  111.842550  -18.157450
10657         54    128     129  124.724399   -4.275601
10658         54    129     128  120.680867   -7.319133
10659         54    130     127  123.679435   -3.320565
10660         54    131     126  109.037662  -16.962338
10661         54    132     125  122.184296   -2.815704
10662         54    133     124  107.480811  -16.519189
10663         54    134     123  111.986091  -11.013909
10664         54    135     122  113.122048   -8.877952
10665         54    136     121  109.548729  -11.451271
10666         54    137     120  102.927257  -17.072743
10667         54    138     119   99.839994  -19.160006
10668         54    139     118  106.547142  -11.452858
10669         54    140     117  106.424327  -10.575673
10670         54    141     116  107.702960   -8.297040
10671         54    142     115  108.478182   -6.521818
10672         54    143     114  103.374215  -10.625785
10673         54    144     113  103.708902   -9.291098
10674         54    145     112   97.973752  -14.026248
10675         54    146     111   96.295510  -14.704490
10676         54    147     110  109.195099   -0.804901
10677         54    148     109  107.104891   -1.895109
10678         54    149     108  109.932453    1.932453
10679         54    150     107  107.570653    0.570653
10680         54    151     106  104.870076   -1.129924
10681         54    152     105  102.941032   -2.058968
10682         54    153     104  103.171039   -0.828961
10683         54    154     103  113.439047   10.439047
10684         54    155     102  100.312968   -1.687032
10685         54    156     101  107.310035    6.310035
10686         54    157     100   97.988005   -2.011995
10687         54    158      99   98.938752   -0.061248
10688         54    159      98  101.949899    3.949899
10689         54    160      97   90.955576   -6.044424
10690         54    161      96   97.397795    1.397795
10691         54    162      95  100.941689    5.941689
10692         54    163      94   91.199528   -2.800472
10693         54    164      93   91.901863   -1.098137
10694         54    165      92   93.431683    1.431683
10695         54    166      91   95.725960    4.725960
10696         54    167      90   96.614393    6.614393
10697         54    168      89   90.158483    1.158483
10698         54    169      88   89.535174    1.535174
10699         54    170      87   81.084432   -5.915568
10700         54    171      86   89.061870    3.061870
10701         54    172      85   90.722982    5.722982
10702         54    173      84   80.195569   -3.804431
10703         54    174      83   89.752077    6.752077
10704         54    175      82   74.662207   -7.337793
10705         54    176      81   85.258388    4.258388
10706         54    177      80   84.021909    4.021909
10707         54    178      79   79.821484    0.821484
10708         54    179      78   86.500438    8.500438
10709         54    180      77   78.176206    1.176206
10710         54    181      76   74.929992   -1.070008
10711         54    182      75   78.099133    3.099133
10712         54    183      74   73.347811   -0.652189
10713         54    184      73   78.176553    5.176553
10714         54    185      72   82.742552   10.742552
10715         54    186      71   69.577932   -1.422068
10716         54    187      70   67.658151   -2.341849
10717         54    188      69   78.880283    9.880283
10718         54    189      68   82.380436   14.380436
10719         54    190      67   65.207249   -1.792751
10720         54    191      66   67.932097    1.932097
10721         54    192      65   68.060114    3.060114
10722         54    193      64   71.176788    7.176788
10723         54    194      63   69.854084    6.854084
10724         54    195      62   66.323021    4.323021
10725         54    196      61   68.060505    7.060505
10726         54    197      60   64.469692    4.469692
10727         54    198      59   63.675546    4.675546
10728         54    199      58   62.730474    4.730474
10729         54    200      57   55.531350   -1.468650
10730         54    201      56   53.796280   -2.203720
10731         54    202      55   57.761444    2.761444
10732         54    203      54   59.540027    5.540027
10733         54    204      53   53.234525    0.234525
10734         54    205      52   53.717377    1.717377
10735         54    206      51   51.966548    0.966548
10736         54    207      50   54.278899    4.278899
10737         54    208      49   53.385930    4.385930
10738         54    209      48   49.650192    1.650192
10739         54    210      47   49.616582    2.616582
10740         54    211      46   47.196202    1.196202
10741         54    212      45   42.036286   -2.963714
10742         54    213      44   38.287276   -5.712724
10743         54    214      43   37.449869   -5.550131
10744         54    215      42   37.092185   -4.907815
10745         54    216      41   34.091192   -6.908808
10746         54    217      40   31.080645   -8.919355
10747         54    218      39   31.423476   -7.576524
10748         54    219      38   34.203046   -3.796954
10749         54    220      37   32.693257   -4.306743
10750         54    221      36   30.573252   -5.426748
10751         54    222      35   26.413480   -8.586520
10752         54    223      34   29.052332   -4.947668
10753         54    224      33   28.307945   -4.692055
10754         54    225      32   29.903957   -2.096043
10755         54    226      31   27.875558   -3.124442
10756         54    227      30   25.902501   -4.097499
10757         54    228      29   24.874015   -4.125985
10758         54    229      28   24.981093   -3.018907
10759         54    230      27   22.018141   -4.981859
10760         54    231      26   24.722864   -1.277136
10761         54    232      25   23.599299   -1.400701
10762         54    233      24   15.091333   -8.908667
10763         54    234      23   20.388794   -2.611206
10764         54    235      22   15.400391   -6.599609
10765         54    236      21    9.510183  -11.489817
10766         54    237      20   11.249523   -8.750477
10767         54    238      19    9.949729   -9.050271
10768         54    239      18    6.605371  -11.394629
10769         54    240      17    3.693448  -13.306552
10770         54    241      16   -0.167834  -16.167834
10771         54    242      15    1.637280  -13.362720
10772         54    243      14    2.875317  -11.124683
10773         54    244      13   12.365395   -0.634605
10774         54    245      12    3.121841   -8.878159
10775         54    246      11   -3.377968  -14.377968
10776         54    247      10   -1.147862  -11.147862
10777         54    248       9   -0.235284   -9.235284
10778         54    249       8    9.045302    1.045302
10779         54    250       7   -7.575165  -14.575165
10780         54    251       6   -5.578388  -11.578388
10781         54    252       5   -1.813539   -6.813539
10782         54    253       4  -13.011106  -17.011106
10783         54    254       3   -1.259971   -4.259971
10784         54    255       2   -8.693241  -10.693241
10785         54    256       1   -5.005590   -6.005590
10786         54    257       0    9.543492    9.543492
10787         55      1     192  206.561750   14.561750
10788         55      2     191  200.635664    9.635664
10789         55      3     190  191.017269    1.017269
10790         55      4     189  183.750499   -5.249501
10791         55      5     188  194.169307    6.169307
10792         55      6     187  180.496383   -6.503617
10793         55      7     186  204.108085   18.108085
10794         55      8     185  194.419127    9.419127
10795         55      9     184  183.280480   -0.719520
10796         55     10     183  186.694027    3.694027
10797         55     11     182  187.224417    5.224417
10798         55     12     181  191.104738   10.104738
10799         55     13     180  188.302156    8.302156
10800         55     14     179  185.607991    6.607991
10801         55     15     178  180.039524    2.039524
10802         55     16     177  169.609940   -7.390060
10803         55     17     176  182.420933    6.420933
10804         55     18     175  183.791938    8.791938
10805         55     19     174  174.479518    0.479518
10806         55     20     173  171.538192   -1.461808
10807         55     21     172  178.562935    6.562935
10808         55     22     171  162.388055   -8.611945
10809         55     23     170  167.809467   -2.190533
10810         55     24     169  174.617571    5.617571
10811         55     25     168  168.171612    0.171612
10812         55     26     167  171.659775    4.659775
10813         55     27     166  167.679010    1.679010
10814         55     28     165  156.814710   -8.185290
10815         55     29     164  158.266140   -5.733860
10816         55     30     163  169.236872    6.236872
10817         55     31     162  166.616928    4.616928
10818         55     32     161  178.122988   17.122988
10819         55     33     160  161.290909    1.290909
10820         55     34     159  156.109127   -2.890873
10821         55     35     158  163.893197    5.893197
10822         55     36     157  158.000903    1.000903
10823         55     37     156  162.067765    6.067765
10824         55     38     155  147.126435   -7.873565
10825         55     39     154  160.495140    6.495140
10826         55     40     153  168.760047   15.760047
10827         55     41     152  133.961480  -18.038520
10828         55     42     151  147.955575   -3.044425
10829         55     43     150  148.839963   -1.160037
10830         55     44     149  155.616554    6.616554
10831         55     45     148  144.605032   -3.394968
10832         55     46     147  150.018833    3.018833
10833         55     47     146  146.716456    0.716456
10834         55     48     145  146.464764    1.464764
10835         55     49     144  144.544359    0.544359
10836         55     50     143  128.617166  -14.382834
10837         55     51     142  140.901448   -1.098552
10838         55     52     141  145.129636    4.129636
10839         55     53     140  135.281740   -4.718260
10840         55     54     139  135.128323   -3.871677
10841         55     55     138  132.931232   -5.068768
10842         55     56     137  127.764638   -9.235362
10843         55     57     136  135.964609   -0.035391
10844         55     58     135  128.026703   -6.973297
10845         55     59     134  132.539711   -1.460289
10846         55     60     133  130.419439   -2.580561
10847         55     61     132  129.474251   -2.525749
10848         55     62     131  124.181826   -6.818174
10849         55     63     130  118.040005  -11.959995
10850         55     64     129  128.873625   -0.126375
10851         55     65     128  124.610214   -3.389786
10852         55     66     127  138.270704   11.270704
10853         55     67     126  144.134377   18.134377
10854         55     68     125  137.753190   12.753190
10855         55     69     124  119.850217   -4.149783
10856         55     70     123  136.976090   13.976090
10857         55     71     122  115.564474   -6.435526
10858         55     72     121  129.849234    8.849234
10859         55     73     120  131.168023   11.168023
10860         55     74     119  116.860663   -2.139337
10861         55     75     118  116.659443   -1.340557
10862         55     76     117  125.232619    8.232619
10863         55     77     116  124.807818    8.807818
10864         55     78     115  128.597930   13.597930
10865         55     79     114  134.628986   20.628986
10866         55     80     113  119.166025    6.166025
10867         55     81     112  128.642357   16.642357
10868         55     82     111  124.241714   13.241714
10869         55     83     110  112.678379    2.678379
10870         55     84     109  113.485035    4.485035
10871         55     85     108  136.405586   28.405586
10872         55     86     107  117.336357   10.336357
10873         55     87     106  122.100024   16.100024
10874         55     88     105  121.950818   16.950818
10875         55     89     104  122.832732   18.832732
10876         55     90     103  109.465440    6.465440
10877         55     91     102  123.164475   21.164475
10878         55     92     101  119.170996   18.170996
10879         55     93     100  120.973144   20.973144
10880         55     94      99  117.699287   18.699287
10881         55     95      98  118.209719   20.209719
10882         55     96      97  116.903619   19.903619
10883         55     97      96  111.402701   15.402701
10884         55     98      95  104.560164    9.560164
10885         55     99      94  109.182129   15.182129
10886         55    100      93  114.458459   21.458459
10887         55    101      92  110.845319   18.845319
10888         55    102      91  111.184719   20.184719
10889         55    103      90  119.682846   29.682846
10890         55    104      89  110.637984   21.637984
10891         55    105      88  108.145815   20.145815
10892         55    106      87   96.851362    9.851362
10893         55    107      86  113.921272   27.921272
10894         55    108      85  105.515388   20.515388
10895         55    109      84  110.659471   26.659471
10896         55    110      83  109.178313   26.178313
10897         55    111      82  109.765490   27.765490
10898         55    112      81  106.334759   25.334759
10899         55    113      80  103.688957   23.688957
10900         55    114      79  107.124405   28.124405
10901         55    115      78  105.277954   27.277954
10902         55    116      77  101.424837   24.424837
10903         55    117      76  110.951705   34.951705
10904         55    118      75  102.395751   27.395751
10905         55    119      74  100.068609   26.068609
10906         55    120      73   99.617163   26.617163
10907         55    121      72   92.992363   20.992363
10908         55    122      71   95.906084   24.906084
10909         55    123      70  107.282782   37.282782
10910         55    124      69  104.031947   35.031947
10911         55    125      68   98.981638   30.981638
10912         55    126      67   98.936917   31.936917
10913         55    127      66   87.379577   21.379577
10914         55    128      65   98.262931   33.262931
10915         55    129      64   86.895703   22.895703
10916         55    130      63   80.422532   17.422532
10917         55    131      62   84.962387   22.962387
10918         55    132      61   80.655195   19.655195
10919         55    133      60   80.599539   20.599539
10920         55    134      59   86.146168   27.146168
10921         55    135      58   78.773618   20.773618
10922         55    136      57   71.499970   14.499970
10923         55    137      56   73.711907   17.711907
10924         55    138      55   70.107371   15.107371
10925         55    139      54   71.562883   17.562883
10926         55    140      53   68.330230   15.330230
10927         55    141      52   69.634762   17.634762
10928         55    142      51   70.664662   19.664662
10929         55    143      50   65.051505   15.051505
10930         55    144      49   66.939811   17.939811
10931         55    145      48   67.555624   19.555624
10932         55    146      47   60.087118   13.087118
10933         55    147      46   66.635683   20.635683
10934         55    148      45   63.814783   18.814783
10935         55    149      44   58.121102   14.121102
10936         55    150      43   60.397861   17.397861
10937         55    151      42   61.799053   19.799053
10938         55    152      41   53.564266   12.564266
10939         55    153      40   47.709037    7.709037
10940         55    154      39   53.636919   14.636919
10941         55    155      38   50.872460   12.872460
10942         55    156      37   48.288048   11.288048
10943         55    157      36   47.784184   11.784184
10944         55    158      35   48.702574   13.702574
10945         55    159      34   41.450253    7.450253
10946         55    160      33   45.261300   12.261300
10947         55    161      32   41.783516    9.783516
10948         55    162      31   37.908353    6.908353
10949         55    163      30   38.067770    8.067770
10950         55    164      29   37.444810    8.444810
10951         55    165      28   34.160595    6.160595
10952         55    166      27   31.082299    4.082299
10953         55    167      26   27.622204    1.622204
10954         55    168      25   25.688272    0.688272
10955         55    169      24   23.524254   -0.475746
10956         55    170      23   23.712706    0.712706
10957         55    171      22   19.470648   -2.529352
10958         55    172      21   18.610347   -2.389653
10959         55    173      20   15.083617   -4.916383
10960         55    174      19   15.455821   -3.544179
10961         55    175      18   13.303330   -4.696670
10962         55    176      17   12.271425   -4.728575
10963         55    177      16   13.726468   -2.273532
10964         55    178      15   12.132436   -2.867564
10965         55    179      14   14.938203    0.938203
10966         55    180      13   15.568864    2.568864
10967         55    181      12   15.345835    3.345835
10968         55    182      11    4.686831   -6.313169
10969         55    183      10   11.552931    1.552931
10970         55    184       9    9.560933    0.560933
10971         55    185       8   -1.689888   -9.689888
10972         55    186       7    1.545622   -5.454378
10973         55    187       6    3.727043   -2.272957
10974         55    188       5   10.024335    5.024335
10975         55    189       4    8.516156    4.516156
10976         55    190       3   18.854788   15.854788
10977         55    191       2   -3.700228   -5.700228
10978         55    192       1   16.584135   15.584135
10979         55    193       0   13.360040   13.360040
10980         56      1     274  204.798133  -69.201867
10981         56      2     273  226.621881  -46.378119
10982         56      3     272  202.070899  -69.929101
10983         56      4     271  194.653234  -76.346766
10984         56      5     270  181.268021  -88.731979
10985         56      6     269  173.844657  -95.155343
10986         56      7     268  157.979665 -110.020335
10987         56      8     267  161.836372 -105.163628
10988         56      9     266  160.161421 -105.838579
10989         56     10     265  158.619007 -106.380993
10990         56     11     264  154.458001 -109.541999
10991         56     12     263  158.169137 -104.830863
10992         56     13     262  163.838533  -98.161467
10993         56     14     261  164.226929  -96.773071
10994         56     15     260  161.153710  -98.846290
10995         56     16     259  154.914081 -104.085919
10996         56     17     258  159.205566  -98.794434
10997         56     18     257  152.172872 -104.827128
10998         56     19     256  164.510795  -91.489205
10999         56     20     255  163.465422  -91.534578
11000         56     21     254  158.305801  -95.694199
11001         56     22     253  169.556954  -83.443046
11002         56     23     252  153.165327  -98.834673
11003         56     24     251  159.234069  -91.765931
11004         56     25     250  161.127531  -88.872469
11005         56     26     249  148.397497 -100.602503
11006         56     27     248  148.434586  -99.565414
11007         56     28     247  154.695331  -92.304669
11008         56     29     246  164.035906  -81.964094
11009         56     30     245  158.955257  -86.044743
11010         56     31     244  138.602001 -105.397999
11011         56     32     243  152.284915  -90.715085
11012         56     33     242  140.127828 -101.872172
11013         56     34     241  152.155968  -88.844032
11014         56     35     240  161.149581  -78.850419
11015         56     36     239  159.254763  -79.745237
11016         56     37     238  153.190329  -84.809671
11017         56     38     237  148.455352  -88.544648
11018         56     39     236  156.970498  -79.029502
11019         56     40     235  155.580797  -79.419203
11020         56     41     234  172.167157  -61.832843
11021         56     42     233  163.505768  -69.494232
11022         56     43     232  162.755224  -69.244776
11023         56     44     231  163.513824  -67.486176
11024         56     45     230  156.281521  -73.718479
11025         56     46     229  155.299528  -73.700472
11026         56     47     228  153.943941  -74.056059
11027         56     48     227  155.022992  -71.977008
11028         56     49     226  138.110654  -87.889346
11029         56     50     225  138.107936  -86.892064
11030         56     51     224  143.565052  -80.434948
11031         56     52     223  143.145665  -79.854335
11032         56     53     222  154.251725  -67.748275
11033         56     54     221  141.337631  -79.662369
11034         56     55     220  133.960686  -86.039314
11035         56     56     219  136.711407  -82.288593
11036         56     57     218  143.895705  -74.104295
11037         56     58     217  129.485279  -87.514721
11038         56     59     216  140.817130  -75.182870
11039         56     60     215  142.267129  -72.732871
11040         56     61     214  134.820255  -79.179745
11041         56     62     213  139.007427  -73.992573
11042         56     63     212  132.502932  -79.497068
11043         56     64     211  133.581433  -77.418567
11044         56     65     210  132.874982  -77.125018
11045         56     66     209  130.467196  -78.532804
11046         56     67     208  130.570565  -77.429435
11047         56     68     207  135.707638  -71.292362
11048         56     69     206  137.697784  -68.302216
11049         56     70     205  136.292467  -68.707533
11050         56     71     204  130.564112  -73.435888
11051         56     72     203  122.461095  -80.538905
11052         56     73     202  129.144322  -72.855678
11053         56     74     201  122.032912  -78.967088
11054         56     75     200  128.114299  -71.885701
11055         56     76     199  131.881672  -67.118328
11056         56     77     198  125.650348  -72.349652
11057         56     78     197  131.375675  -65.624325
11058         56     79     196  114.805412  -81.194588
11059         56     80     195  117.480097  -77.519903
11060         56     81     194  118.692387  -75.307613
11061         56     82     193  114.008330  -78.991670
11062         56     83     192  106.646130  -85.353870
11063         56     84     191  121.081091  -69.918909
11064         56     85     190  116.648639  -73.351361
11065         56     86     189  118.907276  -70.092724
11066         56     87     188  118.539221  -69.460779
11067         56     88     187  111.919765  -75.080235
11068         56     89     186  118.835616  -67.164384
11069         56     90     185  111.213355  -73.786645
11070         56     91     184  112.067422  -71.932578
11071         56     92     183  116.695412  -66.304588
11072         56     93     182  119.244419  -62.755581
11073         56     94     181  111.752413  -69.247587
11074         56     95     180  111.903678  -68.096322
11075         56     96     179  109.065278  -69.934722
11076         56     97     178  111.574246  -66.425754
11077         56     98     177  118.362688  -58.637312
11078         56     99     176  113.775001  -62.224999
11079         56    100     175  108.421974  -66.578026
11080         56    101     174  113.276467  -60.723533
11081         56    102     173  107.298109  -65.701891
11082         56    103     172  108.500466  -63.499534
11083         56    104     171   95.610567  -75.389433
11084         56    105     170  100.845063  -69.154937
11085         56    106     169  104.608843  -64.391157
11086         56    107     168  102.324171  -65.675829
11087         56    108     167  104.136160  -62.863840
11088         56    109     166   96.983874  -69.016126
11089         56    110     165   98.521955  -66.478045
11090         56    111     164   99.978609  -64.021391
11091         56    112     163  102.532384  -60.467616
11092         56    113     162  104.329418  -57.670582
11093         56    114     161  112.978476  -48.021524
11094         56    115     160   97.963327  -62.036673
11095         56    116     159  100.018696  -58.981304
11096         56    117     158   95.569219  -62.430781
11097         56    118     157  100.836786  -56.163214
11098         56    119     156  101.607915  -54.392085
11099         56    120     155   95.067309  -59.932691
11100         56    121     154   97.212665  -56.787335
11101         56    122     153   97.161940  -55.838060
11102         56    123     152   92.674212  -59.325788
11103         56    124     151  102.192418  -48.807582
11104         56    125     150   94.829754  -55.170246
11105         56    126     149   89.913846  -59.086154
11106         56    127     148  102.217920  -45.782080
11107         56    128     147  112.649971  -34.350029
11108         56    129     146   90.271391  -55.728609
11109         56    130     145  102.593820  -42.406180
11110         56    131     144   98.615270  -45.384730
11111         56    132     143  107.708419  -35.291581
11112         56    133     142   97.571404  -44.428596
11113         56    134     141  100.500486  -40.499514
11114         56    135     140   98.218147  -41.781853
11115         56    136     139  111.412905  -27.587095
11116         56    137     138  103.311249  -34.688751
11117         56    138     137   90.333343  -46.666657
11118         56    139     136  106.322223  -29.677777
11119         56    140     135   94.803777  -40.196223
11120         56    141     134  100.315482  -33.684518
11121         56    142     133   95.768799  -37.231201
11122         56    143     132   95.604138  -36.395862
11123         56    144     131   99.832462  -31.167538
11124         56    145     130  108.123191  -21.876809
11125         56    146     129   92.328974  -36.671026
11126         56    147     128  101.720739  -26.279261
11127         56    148     127   97.407586  -29.592414
11128         56    149     126   93.033531  -32.966469
11129         56    150     125   99.665010  -25.334990
11130         56    151     124   93.927180  -30.072820
11131         56    152     123  102.660270  -20.339730
11132         56    153     122   97.475417  -24.524583
11133         56    154     121   96.972285  -24.027715
11134         56    155     120   86.398685  -33.601315
11135         56    156     119   94.035095  -24.964905
11136         56    157     118   88.946994  -29.053006
11137         56    158     117   84.354503  -32.645497
11138         56    159     116   92.309901  -23.690099
11139         56    160     115   89.752660  -25.247340
11140         56    161     114   84.631564  -29.368436
11141         56    162     113   83.478807  -29.521193
11142         56    163     112   90.904622  -21.095378
11143         56    164     111   93.967238  -17.032762
11144         56    165     110   96.962857  -13.037143
11145         56    166     109   87.505867  -21.494133
11146         56    167     108   93.163867  -14.836133
11147         56    168     107   90.023488  -16.976512
11148         56    169     106   87.322406  -18.677594
11149         56    170     105   95.195002   -9.804998
11150         56    171     104   87.935489  -16.064511
11151         56    172     103   86.576740  -16.423260
11152         56    173     102   85.980577  -16.019423
11153         56    174     101   83.696319  -17.303681
11154         56    175     100   82.151636  -17.848364
11155         56    176      99   84.797949  -14.202051
11156         56    177      98   83.077034  -14.922966
11157         56    178      97   79.029834  -17.970166
11158         56    179      96   87.572966   -8.427034
11159         56    180      95   82.644562  -12.355438
11160         56    181      94   89.440634   -4.559366
11161         56    182      93   84.811804   -8.188196
11162         56    183      92   83.517831   -8.482169
11163         56    184      91   81.480426   -9.519574
11164         56    185      90   86.866543   -3.133457
11165         56    186      89   87.715277   -1.284723
11166         56    187      88   85.827088   -2.172912
11167         56    188      87   91.152457    4.152457
11168         56    189      86   81.228220   -4.771780
11169         56    190      85   82.483180   -2.516820
11170         56    191      84   80.761740   -3.238260
11171         56    192      83   74.322727   -8.677273
11172         56    193      82   78.906512   -3.093488
11173         56    194      81   76.522450   -4.477550
11174         56    195      80   76.545939   -3.454061
11175         56    196      79   81.671867    2.671867
11176         56    197      78   74.775345   -3.224655
11177         56    198      77   69.664078   -7.335922
11178         56    199      76   76.151924    0.151924
11179         56    200      75   79.659796    4.659796
11180         56    201      74   74.527600    0.527600
11181         56    202      73   77.083867    4.083867
11182         56    203      72   79.374729    7.374729
11183         56    204      71   74.460811    3.460811
11184         56    205      70   74.534922    4.534922
11185         56    206      69   72.282317    3.282317
11186         56    207      68   73.942758    5.942758
11187         56    208      67   81.657800   14.657800
11188         56    209      66   76.807559   10.807559
11189         56    210      65   80.118012   15.118012
11190         56    211      64   70.006216    6.006216
11191         56    212      63   70.900152    7.900152
11192         56    213      62   70.241911    8.241911
11193         56    214      61   71.735148   10.735148
11194         56    215      60   70.873936   10.873936
11195         56    216      59   67.921333    8.921333
11196         56    217      58   70.312315   12.312315
11197         56    218      57   70.263380   13.263380
11198         56    219      56   65.436079    9.436079
11199         56    220      55   68.169092   13.169092
11200         56    221      54   63.323755    9.323755
11201         56    222      53   63.047411   10.047411
11202         56    223      52   59.637956    7.637956
11203         56    224      51   64.248437   13.248437
11204         56    225      50   63.139653   13.139653
11205         56    226      49   61.012424   12.012424
11206         56    227      48   62.516571   14.516571
11207         56    228      47   58.355191   11.355191
11208         56    229      46   60.691143   14.691143
11209         56    230      45   59.135970   14.135970
11210         56    231      44   57.636463   13.636463
11211         56    232      43   53.793239   10.793239
11212         56    233      42   51.942389    9.942389
11213         56    234      41   49.709544    8.709544
11214         56    235      40   49.023335    9.023335
11215         56    236      39   46.869114    7.869114
11216         56    237      38   49.412678   11.412678
11217         56    238      37   48.015238   11.015238
11218         56    239      36   45.664289    9.664289
11219         56    240      35   57.725426   22.725426
11220         56    241      34   52.277039   18.277039
11221         56    242      33   52.510333   19.510333
11222         56    243      32   47.313599   15.313599
11223         56    244      31   49.040410   18.040410
11224         56    245      30   48.164527   18.164527
11225         56    246      29   43.162495   14.162495
11226         56    247      28   47.495692   19.495692
11227         56    248      27   44.708652   17.708652
11228         56    249      26   45.841966   19.841966
11229         56    250      25   47.164165   22.164165
11230         56    251      24   50.327484   26.327484
11231         56    252      23   44.098411   21.098411
11232         56    253      22   42.656083   20.656083
11233         56    254      21   46.676704   25.676704
11234         56    255      20   49.090713   29.090713
11235         56    256      19   50.686294   31.686294
11236         56    257      18   49.514636   31.514636
11237         56    258      17   42.173823   25.173823
11238         56    259      16   40.207417   24.207417
11239         56    260      15   41.588373   26.588373
11240         56    261      14   51.709969   37.709969
11241         56    262      13   41.765590   28.765590
11242         56    263      12   48.553593   36.553593
11243         56    264      11   37.057369   26.057369
11244         56    265      10   33.533796   23.533796
11245         56    266       9   43.759773   34.759773
11246         56    267       8   48.323776   40.323776
11247         56    268       7   41.846401   34.846401
11248         56    269       6   44.360048   38.360048
11249         56    270       5   40.676579   35.676579
11250         56    271       4   46.517048   42.517048
11251         56    272       3   42.457247   39.457247
11252         56    273       2   49.869532   47.869532
11253         56    274       1   31.738834   30.738834
11254         56    275       0   43.751488   43.751488
11255         57      1     136  204.661053   68.661053
11256         57      2     135  215.629946   80.629946
11257         57      3     134  210.217954   76.217954
11258         57      4     133  211.396129   78.396129
11259         57      5     132  179.909108   47.909108
11260         57      6     131  192.056230   61.056230
11261         57      7     130  190.293083   60.293083
11262         57      8     129  195.147537   66.147537
11263         57      9     128  187.767978   59.767978
11264         57     10     127  188.727462   61.727462
11265         57     11     126  186.361855   60.361855
11266         57     12     125  182.599997   57.599997
11267         57     13     124  190.170994   66.170994
11268         57     14     123  183.918531   60.918531
11269         57     15     122  184.825229   62.825229
11270         57     16     121  201.718687   80.718687
11271         57     17     120  186.436659   66.436659
11272         57     18     119  183.457887   64.457887
11273         57     19     118  170.666917   52.666917
11274         57     20     117  185.983383   68.983383
11275         57     21     116  184.822578   68.822578
11276         57     22     115  182.241251   67.241251
11277         57     23     114  177.001025   63.001025
11278         57     24     113  176.266510   63.266510
11279         57     25     112  156.811604   44.811604
11280         57     26     111  179.006743   68.006743
11281         57     27     110  182.067124   72.067124
11282         57     28     109  169.890698   60.890698
11283         57     29     108  176.136984   68.136984
11284         57     30     107  172.555967   65.555967
11285         57     31     106  156.926539   50.926539
11286         57     32     105  156.220701   51.220701
11287         57     33     104  173.899663   69.899663
11288         57     34     103  155.595798   52.595798
11289         57     35     102  173.991695   71.991695
11290         57     36     101  154.278067   53.278067
11291         57     37     100  164.093474   64.093474
11292         57     38      99  168.422333   69.422333
11293         57     39      98  157.626196   59.626196
11294         57     40      97  158.587148   61.587148
11295         57     41      96  161.881861   65.881861
11296         57     42      95  173.243362   78.243362
11297         57     43      94  154.396910   60.396910
11298         57     44      93  169.153838   76.153838
11299         57     45      92  155.463699   63.463699
11300         57     46      91  159.356722   68.356722
11301         57     47      90  151.192046   61.192046
11302         57     48      89  147.320885   58.320885
11303         57     49      88  150.939549   62.939549
11304         57     50      87  147.872473   60.872473
11305         57     51      86  159.267419   73.267419
11306         57     52      85  152.279310   67.279310
11307         57     53      84  139.169692   55.169692
11308         57     54      83  146.032260   63.032260
11309         57     55      82  150.585773   68.585773
11310         57     56      81  142.697883   61.697883
11311         57     57      80  142.848161   62.848161
11312         57     58      79  137.681624   58.681624
11313         57     59      78  128.215462   50.215462
11314         57     60      77  141.344815   64.344815
11315         57     61      76  127.421643   51.421643
11316         57     62      75  131.453237   56.453237
11317         57     63      74  135.053046   61.053046
11318         57     64      73  135.256107   62.256107
11319         57     65      72  119.377791   47.377791
11320         57     66      71  135.765731   64.765731
11321         57     67      70  121.825034   51.825034
11322         57     68      69  126.260891   57.260891
11323         57     69      68  135.716579   67.716579
11324         57     70      67  129.759365   62.759365
11325         57     71      66  122.700079   56.700079
11326         57     72      65  131.662631   66.662631
11327         57     73      64  107.246823   43.246823
11328         57     74      63  118.755183   55.755183
11329         57     75      62  116.968774   54.968774
11330         57     76      61  100.972572   39.972572
11331         57     77      60  117.474898   57.474898
11332         57     78      59  108.856914   49.856914
11333         57     79      58  108.485927   50.485927
11334         57     80      57  109.772984   52.772984
11335         57     81      56  101.828191   45.828191
11336         57     82      55  105.880658   50.880658
11337         57     83      54  110.386866   56.386866
11338         57     84      53  108.698124   55.698124
11339         57     85      52  101.880908   49.880908
11340         57     86      51  110.686600   59.686600
11341         57     87      50  104.442468   54.442468
11342         57     88      49   95.893739   46.893739
11343         57     89      48   98.303776   50.303776
11344         57     90      47  101.722817   54.722817
11345         57     91      46   91.278438   45.278438
11346         57     92      45   89.966586   44.966586
11347         57     93      44   86.570216   42.570216
11348         57     94      43   87.633568   44.633568
11349         57     95      42  104.041180   62.041180
11350         57     96      41   85.738944   44.738944
11351         57     97      40   72.647845   32.647845
11352         57     98      39   81.940487   42.940487
11353         57     99      38   88.473872   50.473872
11354         57    100      37   71.642393   34.642393
11355         57    101      36   73.642954   37.642954
11356         57    102      35   63.964524   28.964524
11357         57    103      34   69.848251   35.848251
11358         57    104      33   67.605352   34.605352
11359         57    105      32   61.576131   29.576131
11360         57    106      31   58.257677   27.257677
11361         57    107      30   51.422316   21.422316
11362         57    108      29   50.728361   21.728361
11363         57    109      28   40.914748   12.914748
11364         57    110      27   46.373212   19.373212
11365         57    111      26   41.858523   15.858523
11366         57    112      25   40.406258   15.406258
11367         57    113      24   36.059538   12.059538
11368         57    114      23   34.296449   11.296449
11369         57    115      22   37.594926   15.594926
11370         57    116      21   31.508505   10.508505
11371         57    117      20   32.622276   12.622276
11372         57    118      19   30.110624   11.110624
11373         57    119      18   27.430215    9.430215
11374         57    120      17   20.613615    3.613615
11375         57    121      16   17.234935    1.234935
11376         57    122      15   17.266235    2.266235
11377         57    123      14   15.861651    1.861651
11378         57    124      13    9.380318   -3.619682
11379         57    125      12    5.921446   -6.078554
11380         57    126      11    1.885697   -9.114303
11381         57    127      10   -3.531092  -13.531092
11382         57    128       9   -4.278851  -13.278851
11383         57    129       8   -4.685513  -12.685513
11384         57    130       7   -5.240361  -12.240361
11385         57    131       6    2.237644   -3.762356
11386         57    132       5    2.656753   -2.343247
11387         57    133       4   -3.977415   -7.977415
11388         57    134       3    4.557921    1.557921
11389         57    135       2   -1.499846   -3.499846
11390         57    136       1    8.970635    7.970635
11391         57    137       0   -2.148858   -2.148858
11392         58      1     146  196.826666   50.826666
11393         58      2     145  174.891491   29.891491
11394         58      3     144  181.612947   37.612947
11395         58      4     143  181.577991   38.577991
11396         58      5     142  180.929165   38.929165
11397         58      6     141  195.037158   54.037158
11398         58      7     140  178.900730   38.900730
11399         58      8     139  191.465228   52.465228
11400         58      9     138  193.331301   55.331301
11401         58     10     137  188.807872   51.807872
11402         58     11     136  190.559491   54.559491
11403         58     12     135  186.158945   51.158945
11404         58     13     134  180.577013   46.577013
11405         58     14     133  192.688446   59.688446
11406         58     15     132  185.254118   53.254118
11407         58     16     131  182.525135   51.525135
11408         58     17     130  186.107863   56.107863
11409         58     18     129  187.300045   58.300045
11410         58     19     128  201.994211   73.994211
11411         58     20     127  187.910205   60.910205
11412         58     21     126  183.704617   57.704617
11413         58     22     125  173.452788   48.452788
11414         58     23     124  185.535110   61.535110
11415         58     24     123  170.994683   47.994683
11416         58     25     122  171.473067   49.473067
11417         58     26     121  170.163011   49.163011
11418         58     27     120  181.035332   61.035332
11419         58     28     119  173.199082   54.199082
11420         58     29     118  161.682410   43.682410
11421         58     30     117  165.328936   48.328936
11422         58     31     116  163.833799   47.833799
11423         58     32     115  170.472286   55.472286
11424         58     33     114  167.058439   53.058439
11425         58     34     113  172.687814   59.687814
11426         58     35     112  167.725044   55.725044
11427         58     36     111  163.634788   52.634788
11428         58     37     110  159.737320   49.737320
11429         58     38     109  158.218806   49.218806
11430         58     39     108  163.563642   55.563642
11431         58     40     107  151.524510   44.524510
11432         58     41     106  152.288301   46.288301
11433         58     42     105  149.924680   44.924680
11434         58     43     104  152.988981   48.988981
11435         58     44     103  148.431364   45.431364
11436         58     45     102  150.418505   48.418505
11437         58     46     101  141.828943   40.828943
11438         58     47     100  154.141146   54.141146
11439         58     48      99  150.160511   51.160511
11440         58     49      98  142.126080   44.126080
11441         58     50      97  138.752674   41.752674
11442         58     51      96  147.123870   51.123870
11443         58     52      95  149.969148   54.969148
11444         58     53      94  139.928003   45.928003
11445         58     54      93  146.443080   53.443080
11446         58     55      92  148.060837   56.060837
11447         58     56      91  140.305651   49.305651
11448         58     57      90  149.206356   59.206356
11449         58     58      89  136.011516   47.011516
11450         58     59      88  142.433899   54.433899
11451         58     60      87  137.996973   50.996973
11452         58     61      86  141.763184   55.763184
11453         58     62      85  140.304903   55.304903
11454         58     63      84  128.748416   44.748416
11455         58     64      83  140.933531   57.933531
11456         58     65      82  127.429518   45.429518
11457         58     66      81  134.637575   53.637575
11458         58     67      80  127.814912   47.814912
11459         58     68      79  123.465723   44.465723
11460         58     69      78  130.663428   52.663428
11461         58     70      77  122.113586   45.113586
11462         58     71      76  124.331101   48.331101
11463         58     72      75  118.080064   43.080064
11464         58     73      74  130.875713   56.875713
11465         58     74      73  116.532630   43.532630
11466         58     75      72  115.256910   43.256910
11467         58     76      71  116.190060   45.190060
11468         58     77      70  114.858000   44.858000
11469         58     78      69  110.791784   41.791784
11470         58     79      68  112.998117   44.998117
11471         58     80      67   96.559929   29.559929
11472         58     81      66  108.726562   42.726562
11473         58     82      65  110.602920   45.602920
11474         58     83      64  109.813651   45.813651
11475         58     84      63  102.265210   39.265210
11476         58     85      62  100.464611   38.464611
11477         58     86      61   97.912115   36.912115
11478         58     87      60   92.748313   32.748313
11479         58     88      59  101.339475   42.339475
11480         58     89      58  106.526615   48.526615
11481         58     90      57   94.118299   37.118299
11482         58     91      56   97.991881   41.991881
11483         58     92      55   83.991217   28.991217
11484         58     93      54   97.729441   43.729441
11485         58     94      53   86.228884   33.228884
11486         58     95      52   87.894864   35.894864
11487         58     96      51   91.289168   40.289168
11488         58     97      50   93.792578   43.792578
11489         58     98      49   87.971959   38.971959
11490         58     99      48   87.536660   39.536660
11491         58    100      47   89.096996   42.096996
11492         58    101      46   82.002700   36.002700
11493         58    102      45   87.932574   42.932574
11494         58    103      44   67.695666   23.695666
11495         58    104      43   80.376967   37.376967
11496         58    105      42   83.511098   41.511098
11497         58    106      41   73.819727   32.819727
11498         58    107      40   66.437217   26.437217
11499         58    108      39   70.938013   31.938013
11500         58    109      38   69.880978   31.880978
11501         58    110      37   62.028603   25.028603
11502         58    111      36   62.692254   26.692254
11503         58    112      35   58.448666   23.448666
11504         58    113      34   61.766876   27.766876
11505         58    114      33   62.434203   29.434203
11506         58    115      32   57.092181   25.092181
11507         58    116      31   55.248214   24.248214
11508         58    117      30   51.959248   21.959248
11509         58    118      29   51.798158   22.798158
11510         58    119      28   49.338805   21.338805
11511         58    120      27   44.433332   17.433332
11512         58    121      26   53.835412   27.835412
11513         58    122      25   49.944480   24.944480
11514         58    123      24   44.892035   20.892035
11515         58    124      23   42.712723   19.712723
11516         58    125      22   41.353765   19.353765
11517         58    126      21   44.591950   23.591950
11518         58    127      20   38.994711   18.994711
11519         58    128      19   33.807433   14.807433
11520         58    129      18   34.024953   16.024953
11521         58    130      17   26.344139    9.344139
11522         58    131      16   21.305876    5.305876
11523         58    132      15   16.453850    1.453850
11524         58    133      14   15.294945    1.294945
11525         58    134      13   15.218125    2.218125
11526         58    135      12   11.407068   -0.592932
11527         58    136      11    8.564805   -2.435195
11528         58    137      10    7.111552   -2.888448
11529         58    138       9    3.672950   -5.327050
11530         58    139       8    3.517040   -4.482960
11531         58    140       7    0.641101   -6.358899
11532         58    141       6   -8.675180  -14.675180
11533         58    142       5   -3.780013   -8.780013
11534         58    143       4  -11.487626  -15.487626
11535         58    144       3    4.880034    1.880034
11536         58    145       2    2.049819    0.049819
11537         58    146       1  -15.658806  -16.658806
11538         58    147       0   -6.345476   -6.345476
11539         59      1     230  233.277168    3.277168
11540         59      2     229  252.244942   23.244942
11541         59      3     228  249.143862   21.143862
11542         59      4     227  230.468429    3.468429
11543         59      5     226  223.567126   -2.432874
11544         59      6     225  225.915443    0.915443
11545         59      7     224  223.105278   -0.894722
11546         59      8     223  206.005798  -16.994202
11547         59      9     222  214.898166   -7.101834
11548         59     10     221  207.949568  -13.050432
11549         59     11     220  204.573014  -15.426986
11550         59     12     219  205.999803  -13.000197
11551         59     13     218  201.869430  -16.130570
11552         59     14     217  212.421652   -4.578348
11553         59     15     216  209.080194   -6.919806
11554         59     16     215  195.105615  -19.894385
11555         59     17     214  193.845184  -20.154816
11556         59     18     213  203.342276   -9.657724
11557         59     19     212  197.812715  -14.187285
11558         59     20     211  203.083025   -7.916975
11559         59     21     210  197.510181  -12.489819
11560         59     22     209  201.331920   -7.668080
11561         59     23     208  195.243971  -12.756029
11562         59     24     207  188.170158  -18.829842
11563         59     25     206  186.485949  -19.514051
11564         59     26     205  185.531418  -19.468582
11565         59     27     204  200.168384   -3.831616
11566         59     28     203  187.152716  -15.847284
11567         59     29     202  171.560533  -30.439467
11568         59     30     201  185.607079  -15.392921
11569         59     31     200  181.608118  -18.391882
11570         59     32     199  198.729690   -0.270310
11571         59     33     198  182.668312  -15.331688
11572         59     34     197  186.512345  -10.487655
11573         59     35     196  177.831630  -18.168370
11574         59     36     195  183.706606  -11.293394
11575         59     37     194  176.994084  -17.005916
11576         59     38     193  185.872362   -7.127638
11577         59     39     192  170.686564  -21.313436
11578         59     40     191  178.849807  -12.150193
11579         59     41     190  186.897029   -3.102971
11580         59     42     189  169.662937  -19.337063
11581         59     43     188  169.376464  -18.623536
11582         59     44     187  165.645364  -21.354636
11583         59     45     186  176.612537   -9.387463
11584         59     46     185  172.478697  -12.521303
11585         59     47     184  161.365782  -22.634218
11586         59     48     183  166.474453  -16.525547
11587         59     49     182  160.790434  -21.209566
11588         59     50     181  168.698945  -12.301055
11589         59     51     180  164.943269  -15.056731
11590         59     52     179  169.208496   -9.791504
11591         59     53     178  161.606785  -16.393215
11592         59     54     177  170.534834   -6.465166
11593         59     55     176  174.197372   -1.802628
11594         59     56     175  172.406478   -2.593522
11595         59     57     174  169.668226   -4.331774
11596         59     58     173  168.900907   -4.099093
11597         59     59     172  169.775330   -2.224670
11598         59     60     171  181.866328   10.866328
11599         59     61     170  162.096106   -7.903894
11600         59     62     169  164.588228   -4.411772
11601         59     63     168  171.795430    3.795430
11602         59     64     167  166.139652   -0.860348
11603         59     65     166  162.136298   -3.863702
11604         59     66     165  168.204517    3.204517
11605         59     67     164  164.515997    0.515997
11606         59     68     163  168.952219    5.952219
11607         59     69     162  149.652501  -12.347499
11608         59     70     161  154.838770   -6.161230
11609         59     71     160  161.369052    1.369052
11610         59     72     159  164.151960    5.151960
11611         59     73     158  148.440473   -9.559527
11612         59     74     157  160.020399    3.020399
11613         59     75     156  149.840058   -6.159942
11614         59     76     155  147.766421   -7.233579
11615         59     77     154  135.464180  -18.535820
11616         59     78     153  145.907186   -7.092814
11617         59     79     152  136.752020  -15.247980
11618         59     80     151  141.945880   -9.054120
11619         59     81     150  137.257820  -12.742180
11620         59     82     149  134.517589  -14.482411
11621         59     83     148  138.902193   -9.097807
11622         59     84     147  137.976161   -9.023839
11623         59     85     146  136.370635   -9.629365
11624         59     86     145  135.746790   -9.253210
11625         59     87     144  134.963301   -9.036699
11626         59     88     143  133.296726   -9.703274
11627         59     89     142  133.865579   -8.134421
11628         59     90     141  135.981706   -5.018294
11629         59     91     140  127.111542  -12.888458
11630         59     92     139  145.047418    6.047418
11631         59     93     138  138.838808    0.838808
11632         59     94     137  131.869812   -5.130188
11633         59     95     136  134.905314   -1.094686
11634         59     96     135  136.842126    1.842126
11635         59     97     134  141.262207    7.262207
11636         59     98     133  132.546356   -0.453644
11637         59     99     132  127.870496   -4.129504
11638         59    100     131  133.002417    2.002417
11639         59    101     130  129.941801   -0.058199
11640         59    102     129  124.292506   -4.707494
11641         59    103     128  129.083936    1.083936
11642         59    104     127  125.257011   -1.742989
11643         59    105     126  132.415858    6.415858
11644         59    106     125  123.402541   -1.597459
11645         59    107     124  122.262891   -1.737109
11646         59    108     123  127.351593    4.351593
11647         59    109     122  140.370857   18.370857
11648         59    110     121  125.755064    4.755064
11649         59    111     120  116.315690   -3.684310
11650         59    112     119  132.635944   13.635944
11651         59    113     118  132.783904   14.783904
11652         59    114     117  121.939458    4.939458
11653         59    115     116  132.085449   16.085449
11654         59    116     115  136.240275   21.240275
11655         59    117     114  135.245026   21.245026
11656         59    118     113  128.754832   15.754832
11657         59    119     112  127.265218   15.265218
11658         59    120     111  130.913801   19.913801
11659         59    121     110  143.034263   33.034263
11660         59    122     109  125.934849   16.934849
11661         59    123     108  126.547180   18.547180
11662         59    124     107  125.957586   18.957586
11663         59    125     106  122.044728   16.044728
11664         59    126     105  113.651323    8.651323
11665         59    127     104  127.599640   23.599640
11666         59    128     103  129.712033   26.712033
11667         59    129     102  111.906026    9.906026
11668         59    130     101  112.198129   11.198129
11669         59    131     100  107.504276    7.504276
11670         59    132      99  119.148121   20.148121
11671         59    133      98  122.095981   24.095981
11672         59    134      97   99.661299    2.661299
11673         59    135      96  115.231499   19.231499
11674         59    136      95  102.530058    7.530058
11675         59    137      94  118.809579   24.809579
11676         59    138      93   99.442630    6.442630
11677         59    139      92  113.425076   21.425076
11678         59    140      91  109.406565   18.406565
11679         59    141      90  104.911728   14.911728
11680         59    142      89   97.702383    8.702383
11681         59    143      88  112.606635   24.606635
11682         59    144      87   96.636505    9.636505
11683         59    145      86   93.567695    7.567695
11684         59    146      85  103.075533   18.075533
11685         59    147      84   98.552823   14.552823
11686         59    148      83  101.443890   18.443890
11687         59    149      82  101.297537   19.297537
11688         59    150      81   89.661436    8.661436
11689         59    151      80   95.929837   15.929837
11690         59    152      79   87.744423    8.744423
11691         59    153      78   93.630128   15.630128
11692         59    154      77   96.037013   19.037013
11693         59    155      76   79.701515    3.701515
11694         59    156      75   85.080909   10.080909
11695         59    157      74   83.649279    9.649279
11696         59    158      73   84.100760   11.100760
11697         59    159      72   75.096145    3.096145
11698         59    160      71   83.897955   12.897955
11699         59    161      70   87.314705   17.314705
11700         59    162      69   97.028970   28.028970
11701         59    163      68   81.719226   13.719226
11702         59    164      67   88.329045   21.329045
11703         59    165      66   81.330368   15.330368
11704         59    166      65   79.088445   14.088445
11705         59    167      64   79.367083   15.367083
11706         59    168      63   83.316805   20.316805
11707         59    169      62   69.722155    7.722155
11708         59    170      61   67.497187    6.497187
11709         59    171      60   65.516534    5.516534
11710         59    172      59   61.642369    2.642369
11711         59    173      58   67.921255    9.921255
11712         59    174      57   60.183825    3.183825
11713         59    175      56   55.712337   -0.287663
11714         59    176      55   54.943166   -0.056834
11715         59    177      54   62.525495    8.525495
11716         59    178      53   52.021967   -0.978033
11717         59    179      52   55.695179    3.695179
11718         59    180      51   51.210068    0.210068
11719         59    181      50   55.318034    5.318034
11720         59    182      49   53.430409    4.430409
11721         59    183      48   51.568891    3.568891
11722         59    184      47   45.634591   -1.365409
11723         59    185      46   50.206923    4.206923
11724         59    186      45   47.497301    2.497301
11725         59    187      44   42.200160   -1.799840
11726         59    188      43   45.312497    2.312497
11727         59    189      42   42.414517    0.414517
11728         59    190      41   38.231509   -2.768491
11729         59    191      40   39.480771   -0.519229
11730         59    192      39   36.128315   -2.871685
11731         59    193      38   32.066536   -5.933464
11732         59    194      37   38.168900    1.168900
11733         59    195      36   27.064609   -8.935391
11734         59    196      35   26.270649   -8.729351
11735         59    197      34   25.564172   -8.435828
11736         59    198      33   28.648833   -4.351167
11737         59    199      32   25.100015   -6.899985
11738         59    200      31   21.758028   -9.241972
11739         59    201      30   20.879032   -9.120968
11740         59    202      29   13.570589  -15.429411
11741         59    203      28   10.244753  -17.755247
11742         59    204      27   14.634429  -12.365571
11743         59    205      26   15.320199  -10.679801
11744         59    206      25   14.628870  -10.371130
11745         59    207      24   11.313699  -12.686301
11746         59    208      23    1.865332  -21.134668
11747         59    209      22   12.788148   -9.211852
11748         59    210      21    2.720430  -18.279570
11749         59    211      20    2.771780  -17.228220
11750         59    212      19    2.097137  -16.902863
11751         59    213      18   -1.480982  -19.480982
11752         59    214      17   -4.717397  -21.717397
11753         59    215      16   -4.449334  -20.449334
11754         59    216      15   -7.486818  -22.486818
11755         59    217      14   -4.669829  -18.669829
11756         59    218      13   -5.903152  -18.903152
11757         59    219      12  -10.009703  -22.009703
11758         59    220      11  -10.304767  -21.304767
11759         59    221      10  -17.684564  -27.684564
11760         59    222       9  -19.025089  -28.025089
11761         59    223       8  -18.856728  -26.856728
11762         59    224       7  -17.656225  -24.656225
11763         59    225       6  -20.463564  -26.463564
11764         59    226       5  -27.956969  -32.956969
11765         59    227       4  -24.668980  -28.668980
11766         59    228       3  -26.467953  -29.467953
11767         59    229       2  -14.661168  -16.661168
11768         59    230       1  -24.357679  -25.357679
11769         59    231       0  -30.219598  -30.219598
11770         60      1     171  207.015763   36.015763
11771         60      2     170  183.080765   13.080765
11772         60      3     169  183.191545   14.191545
11773         60      4     168  186.111261   18.111261
11774         60      5     167  188.631367   21.631367
11775         60      6     166  182.903418   16.903418
11776         60      7     165  190.478668   25.478668
11777         60      8     164  184.581813   20.581813
11778         60      9     163  194.077427   31.077427
11779         60     10     162  176.670301   14.670301
11780         60     11     161  181.985412   20.985412
11781         60     12     160  166.293114    6.293114
11782         60     13     159  175.840398   16.840398
11783         60     14     158  178.675011   20.675011
11784         60     15     157  183.950250   26.950250
11785         60     16     156  168.160637   12.160637
11786         60     17     155  174.128055   19.128055
11787         60     18     154  179.470740   25.470740
11788         60     19     153  185.963575   32.963575
11789         60     20     152  160.917205    8.917205
11790         60     21     151  160.241903    9.241903
11791         60     22     150  161.115685   11.115685
11792         60     23     149  181.486029   32.486029
11793         60     24     148  171.300687   23.300687
11794         60     25     147  157.734939   10.734939
11795         60     26     146  166.643563   20.643563
11796         60     27     145  160.057000   15.057000
11797         60     28     144  157.630402   13.630402
11798         60     29     143  153.239578   10.239578
11799         60     30     142  141.242370   -0.757630
11800         60     31     141  169.242718   28.242718
11801         60     32     140  153.126589   13.126589
11802         60     33     139  164.591639   25.591639
11803         60     34     138  155.003472   17.003472
11804         60     35     137  164.581015   27.581015
11805         60     36     136  151.569201   15.569201
11806         60     37     135  152.427011   17.427011
11807         60     38     134  149.072794   15.072794
11808         60     39     133  150.417464   17.417464
11809         60     40     132  146.833541   14.833541
11810         60     41     131  150.667366   19.667366
11811         60     42     130  143.998980   13.998980
11812         60     43     129  157.656971   28.656971
11813         60     44     128  137.772252    9.772252
11814         60     45     127  151.956059   24.956059
11815         60     46     126  142.648100   16.648100
11816         60     47     125  135.174146   10.174146
11817         60     48     124  129.475462    5.475462
11818         60     49     123  143.211326   20.211326
11819         60     50     122  135.739815   13.739815
11820         60     51     121  135.407182   14.407182
11821         60     52     120  127.914744    7.914744
11822         60     53     119  132.611971   13.611971
11823         60     54     118  144.559606   26.559606
11824         60     55     117  138.632780   21.632780
11825         60     56     116  129.214122   13.214122
11826         60     57     115  136.801858   21.801858
11827         60     58     114  124.238247   10.238247
11828         60     59     113  132.931593   19.931593
11829         60     60     112  127.009584   15.009584
11830         60     61     111  136.400531   25.400531
11831         60     62     110  128.004129   18.004129
11832         60     63     109  135.455636   26.455636
11833         60     64     108  122.672701   14.672701
11834         60     65     107  111.986868    4.986868
11835         60     66     106  119.074880   13.074880
11836         60     67     105  112.166261    7.166261
11837         60     68     104  116.946656   12.946656
11838         60     69     103  121.500282   18.500282
11839         60     70     102  118.579066   16.579066
11840         60     71     101  121.704746   20.704746
11841         60     72     100  111.371279   11.371279
11842         60     73      99  112.658792   13.658792
11843         60     74      98  116.039857   18.039857
11844         60     75      97  108.613612   11.613612
11845         60     76      96  124.884608   28.884608
11846         60     77      95  106.395620   11.395620
11847         60     78      94  114.383276   20.383276
11848         60     79      93  113.570469   20.570469
11849         60     80      92  115.144612   23.144612
11850         60     81      91  102.182137   11.182137
11851         60     82      90  103.312376   13.312376
11852         60     83      89  108.492421   19.492421
11853         60     84      88  112.280741   24.280741
11854         60     85      87  109.415028   22.415028
11855         60     86      86  117.163504   31.163504
11856         60     87      85  105.976095   20.976095
11857         60     88      84  112.009138   28.009138
11858         60     89      83   98.810788   15.810788
11859         60     90      82  107.887223   25.887223
11860         60     91      81  107.236645   26.236645
11861         60     92      80  102.465824   22.465824
11862         60     93      79  109.465285   30.465285
11863         60     94      78  103.998188   25.998188
11864         60     95      77  105.255508   28.255508
11865         60     96      76  105.335609   29.335609
11866         60     97      75   92.823461   17.823461
11867         60     98      74   89.410108   15.410108
11868         60     99      73   96.352515   23.352515
11869         60    100      72   92.836747   20.836747
11870         60    101      71   92.509576   21.509576
11871         60    102      70   94.608814   24.608814
11872         60    103      69   92.334065   23.334065
11873         60    104      68   89.486768   21.486768
11874         60    105      67   92.752799   25.752799
11875         60    106      66   88.779066   22.779066
11876         60    107      65   96.365837   31.365837
11877         60    108      64   89.807097   25.807097
11878         60    109      63   89.872921   26.872921
11879         60    110      62   95.375072   33.375072
11880         60    111      61   98.399951   37.399951
11881         60    112      60   90.006153   30.006153
11882         60    113      59   87.518856   28.518856
11883         60    114      58   83.919633   25.919633
11884         60    115      57   93.143146   36.143146
11885         60    116      56   88.285912   32.285912
11886         60    117      55   82.742908   27.742908
11887         60    118      54   81.445222   27.445222
11888         60    119      53   79.148962   26.148962
11889         60    120      52   73.544416   21.544416
11890         60    121      51   71.083542   20.083542
11891         60    122      50   71.527834   21.527834
11892         60    123      49   70.002687   21.002687
11893         60    124      48   67.885747   19.885747
11894         60    125      47   66.689386   19.689386
11895         60    126      46   64.976705   18.976705
11896         60    127      45   61.187598   16.187598
11897         60    128      44   56.181099   12.181099
11898         60    129      43   54.786740   11.786740
11899         60    130      42   47.899209    5.899209
11900         60    131      41   51.457921   10.457921
11901         60    132      40   49.004385    9.004385
11902         60    133      39   46.860924    7.860924
11903         60    134      38   42.903357    4.903357
11904         60    135      37   43.533390    6.533390
11905         60    136      36   38.151776    2.151776
11906         60    137      35   38.802679    3.802679
11907         60    138      34   39.019590    5.019590
11908         60    139      33   37.774373    4.774373
11909         60    140      32   35.211278    3.211278
11910         60    141      31   36.598104    5.598104
11911         60    142      30   36.086479    6.086479
11912         60    143      29   35.937024    6.937024
11913         60    144      28   34.922611    6.922611
11914         60    145      27   32.466246    5.466246
11915         60    146      26   35.130844    9.130844
11916         60    147      25   30.324734    5.324734
11917         60    148      24   30.681663    6.681663
11918         60    149      23   25.391987    2.391987
11919         60    150      22   23.232764    1.232764
11920         60    151      21   17.004739   -3.995261
11921         60    152      20    7.394756  -12.605244
11922         60    153      19    7.843554  -11.156446
11923         60    154      18    5.404936  -12.595064
11924         60    155      17    7.023698   -9.976302
11925         60    156      16    8.415543   -7.584457
11926         60    157      15   11.886708   -3.113292
11927         60    158      14    3.004040  -10.995960
11928         60    159      13    1.301173  -11.698827
11929         60    160      12    2.827383   -9.172617
11930         60    161      11   -1.327124  -12.327124
11931         60    162      10   -4.406827  -14.406827
11932         60    163       9   -3.805967  -12.805967
11933         60    164       8   -6.142447  -14.142447
11934         60    165       7  -10.023439  -17.023439
11935         60    166       6  -12.546875  -18.546875
11936         60    167       5  -11.450575  -16.450575
11937         60    168       4  -13.398632  -17.398632
11938         60    169       3   -8.000949  -11.000949
11939         60    170       2  -11.522450  -13.522450
11940         60    171       1   -7.950171   -8.950171
11941         60    172       0  -13.833387  -13.833387
11942         61      1     184  228.125193   44.125193
11943         61      2     183  207.479113   24.479113
11944         61      3     182  207.652036   25.652036
11945         61      4     181  210.096819   29.096819
11946         61      5     180  200.528841   20.528841
11947         61      6     179  204.221917   25.221917
11948         61      7     178  206.416178   28.416178
11949         61      8     177  210.320294   33.320294
11950         61      9     176  206.119140   30.119140
11951         61     10     175  209.982629   34.982629
11952         61     11     174  199.904101   25.904101
11953         61     12     173  200.076568   27.076568
11954         61     13     172  190.169440   18.169440
11955         61     14     171  194.285954   23.285954
11956         61     15     170  198.484262   28.484262
11957         61     16     169  197.533508   28.533508
11958         61     17     168  197.368081   29.368081
11959         61     18     167  189.968060   22.968060
11960         61     19     166  206.382139   40.382139
11961         61     20     165  196.591533   31.591533
11962         61     21     164  200.628582   36.628582
11963         61     22     163  194.990426   31.990426
11964         61     23     162  187.713360   25.713360
11965         61     24     161  187.820113   26.820113
11966         61     25     160  196.143175   36.143175
11967         61     26     159  186.026772   27.026772
11968         61     27     158  182.869877   24.869877
11969         61     28     157  191.169159   34.169159
11970         61     29     156  186.178582   30.178582
11971         61     30     155  179.456897   24.456897
11972         61     31     154  182.940379   28.940379
11973         61     32     153  172.695287   19.695287
11974         61     33     152  176.835575   24.835575
11975         61     34     151  179.864119   28.864119
11976         61     35     150  173.548213   23.548213
11977         61     36     149  174.800330   25.800330
11978         61     37     148  167.633626   19.633626
11979         61     38     147  175.771024   28.771024
11980         61     39     146  178.359526   32.359526
11981         61     40     145  171.167869   26.167869
11982         61     41     144  168.084834   24.084834
11983         61     42     143  178.355912   35.355912
11984         61     43     142  171.625992   29.625992
11985         61     44     141  174.238239   33.238239
11986         61     45     140  171.892357   31.892357
11987         61     46     139  175.716840   36.716840
11988         61     47     138  169.168186   31.168186
11989         61     48     137  164.991791   27.991791
11990         61     49     136  168.529396   32.529396
11991         61     50     135  165.976464   30.976464
11992         61     51     134  167.926254   33.926254
11993         61     52     133  152.458274   19.458274
11994         61     53     132  156.537228   24.537228
11995         61     54     131  158.493451   27.493451
11996         61     55     130  164.291519   34.291519
11997         61     56     129  157.288969   28.288969
11998         61     57     128  147.945017   19.945017
11999         61     58     127  156.300588   29.300588
12000         61     59     126  150.130802   24.130802
12001         61     60     125  154.044620   29.044620
12002         61     61     124  152.682652   28.682652
12003         61     62     123  148.828272   25.828272
12004         61     63     122  159.487201   37.487201
12005         61     64     121  150.565816   29.565816
12006         61     65     120  154.353450   34.353450
12007         61     66     119  168.387837   49.387837
12008         61     67     118  149.210432   31.210432
12009         61     68     117  155.250685   38.250685
12010         61     69     116  145.949825   29.949825
12011         61     70     115  148.137594   33.137594
12012         61     71     114  149.016869   35.016869
12013         61     72     113  146.988808   33.988808
12014         61     73     112  143.093822   31.093822
12015         61     74     111  152.704780   41.704780
12016         61     75     110  139.717196   29.717196
12017         61     76     109  136.146218   27.146218
12018         61     77     108  147.531888   39.531888
12019         61     78     107  127.197257   20.197257
12020         61     79     106  144.475085   38.475085
12021         61     80     105  141.338503   36.338503
12022         61     81     104  133.460271   29.460271
12023         61     82     103  135.491951   32.491951
12024         61     83     102  144.656449   42.656449
12025         61     84     101  132.395281   31.395281
12026         61     85     100  139.517892   39.517892
12027         61     86      99  132.816212   33.816212
12028         61     87      98  136.539334   38.539334
12029         61     88      97  134.539820   37.539820
12030         61     89      96  133.323240   37.323240
12031         61     90      95  135.319868   40.319868
12032         61     91      94  135.093699   41.093699
12033         61     92      93  129.122904   36.122904
12034         61     93      92  134.300142   42.300142
12035         61     94      91  131.315479   40.315479
12036         61     95      90  131.004604   41.004604
12037         61     96      89  133.455723   44.455723
12038         61     97      88  131.874368   43.874368
12039         61     98      87  142.566209   55.566209
12040         61     99      86  139.623196   53.623196
12041         61    100      85  144.298334   59.298334
12042         61    101      84  127.808309   43.808309
12043         61    102      83  131.028955   48.028955
12044         61    103      82  135.631810   53.631810
12045         61    104      81  131.638585   50.638585
12046         61    105      80  131.854183   51.854183
12047         61    106      79  130.272781   51.272781
12048         61    107      78  129.594737   51.594737
12049         61    108      77  133.737744   56.737744
12050         61    109      76  128.516838   52.516838
12051         61    110      75  123.069374   48.069374
12052         61    111      74  113.552045   39.552045
12053         61    112      73  129.886466   56.886466
12054         61    113      72  119.090188   47.090188
12055         61    114      71  110.276413   39.276413
12056         61    115      70  108.848682   38.848682
12057         61    116      69  119.868538   50.868538
12058         61    117      68  112.612496   44.612496
12059         61    118      67  104.766725   37.766725
12060         61    119      66  101.763430   35.763430
12061         61    120      65   98.316985   33.316985
12062         61    121      64  104.676640   40.676640
12063         61    122      63   96.566652   33.566652
12064         61    123      62   94.041155   32.041155
12065         61    124      61  107.038579   46.038579
12066         61    125      60   90.202569   30.202569
12067         61    126      59   82.646321   23.646321
12068         61    127      58   89.293165   31.293165
12069         61    128      57   91.229341   34.229341
12070         61    129      56   80.189109   24.189109
12071         61    130      55   88.384017   33.384017
12072         61    131      54   77.778391   23.778391
12073         61    132      53   85.662105   32.662105
12074         61    133      52   91.064231   39.064231
12075         61    134      51   77.161133   26.161133
12076         61    135      50   62.615833   12.615833
12077         61    136      49   71.649971   22.649971
12078         61    137      48   65.740458   17.740458
12079         61    138      47   56.667273    9.667273
12080         61    139      46   62.123086   16.123086
12081         61    140      45   58.682414   13.682414
12082         61    141      44   54.667069   10.667069
12083         61    142      43   61.693228   18.693228
12084         61    143      42   42.207341    0.207341
12085         61    144      41   57.546131   16.546131
12086         61    145      40   43.330990    3.330990
12087         61    146      39   51.821302   12.821302
12088         61    147      38   51.882738   13.882738
12089         61    148      37   40.926229    3.926229
12090         61    149      36   41.279984    5.279984
12091         61    150      35   30.521518   -4.478482
12092         61    151      34   47.641028   13.641028
12093         61    152      33   29.489192   -3.510808
12094         61    153      32   48.229390   16.229390
12095         61    154      31   35.387860    4.387860
12096         61    155      30   32.159534    2.159534
12097         61    156      29   25.086951   -3.913049
12098         61    157      28   20.677468   -7.322532
12099         61    158      27   28.951018    1.951018
12100         61    159      26   18.402074   -7.597926
12101         61    160      25   19.284594   -5.715406
12102         61    161      24   17.696764   -6.303236
12103         61    162      23   20.370367   -2.629633
12104         61    163      22   13.110863   -8.889137
12105         61    164      21    8.331705  -12.668295
12106         61    165      20    3.547312  -16.452688
12107         61    166      19   -1.301466  -20.301466
12108         61    167      18    2.128661  -15.871339
12109         61    168      17    1.067396  -15.932604
12110         61    169      16   -4.911082  -20.911082
12111         61    170      15   -1.277980  -16.277980
12112         61    171      14   -4.570289  -18.570289
12113         61    172      13  -10.272745  -23.272745
12114         61    173      12  -11.106532  -23.106532
12115         61    174      11  -14.491631  -25.491631
12116         61    175      10  -17.581356  -27.581356
12117         61    176       9  -16.354925  -25.354925
12118         61    177       8  -23.525371  -31.525371
12119         61    178       7  -30.643238  -37.643238
12120         61    179       6  -31.708060  -37.708060
12121         61    180       5  -28.651456  -33.651456
12122         61    181       4  -31.338128  -35.338128
12123         61    182       3  -28.033597  -31.033597
12124         61    183       2  -37.638076  -39.638076
12125         61    184       1  -39.799796  -40.799796
12126         61    185       0  -33.497702  -33.497702
12127         62      1     179  172.195539   -6.804461
12128         62      2     178  179.229787    1.229787
12129         62      3     177  173.447204   -3.552796
12130         62      4     176  174.481605   -1.518395
12131         62      5     175  168.450453   -6.549547
12132         62      6     174  170.148766   -3.851234
12133         62      7     173  167.995767   -5.004233
12134         62      8     172  162.603624   -9.396376
12135         62      9     171  166.265301   -4.734699
12136         62     10     170  155.587319  -14.412681
12137         62     11     169  156.241451  -12.758549
12138         62     12     168  162.251752   -5.748248
12139         62     13     167  147.862360  -19.137640
12140         62     14     166  157.912287   -8.087713
12141         62     15     165  155.877000   -9.123000
12142         62     16     164  153.323616  -10.676384
12143         62     17     163  165.520638    2.520638
12144         62     18     162  144.694796  -17.305204
12145         62     19     161  155.924010   -5.075990
12146         62     20     160  145.556472  -14.443528
12147         62     21     159  143.090222  -15.909778
12148         62     22     158  153.557541   -4.442459
12149         62     23     157  158.421265    1.421265
12150         62     24     156  152.341337   -3.658663
12151         62     25     155  149.126322   -5.873678
12152         62     26     154  146.385388   -7.614612
12153         62     27     153  140.099904  -12.900096
12154         62     28     152  154.292467    2.292467
12155         62     29     151  141.494299   -9.505701
12156         62     30     150  141.349220   -8.650780
12157         62     31     149  131.568134  -17.431866
12158         62     32     148  146.744919   -1.255081
12159         62     33     147  145.412323   -1.587677
12160         62     34     146  142.724785   -3.275215
12161         62     35     145  138.902539   -6.097461
12162         62     36     144  146.142319    2.142319
12163         62     37     143  135.418418   -7.581582
12164         62     38     142  132.104837   -9.895163
12165         62     39     141  127.124666  -13.875334
12166         62     40     140  139.711786   -0.288214
12167         62     41     139  139.343098    0.343098
12168         62     42     138  142.829380    4.829380
12169         62     43     137  135.934905   -1.065095
12170         62     44     136  140.906456    4.906456
12171         62     45     135  145.691356   10.691356
12172         62     46     134  122.116898  -11.883102
12173         62     47     133  127.122609   -5.877391
12174         62     48     132  136.727567    4.727567
12175         62     49     131  136.012816    5.012816
12176         62     50     130  141.325695   11.325695
12177         62     51     129  136.677714    7.677714
12178         62     52     128  133.750322    5.750322
12179         62     53     127  135.274784    8.274784
12180         62     54     126  124.348527   -1.651473
12181         62     55     125  114.577048  -10.422952
12182         62     56     124  120.234389   -3.765611
12183         62     57     123  123.934297    0.934297
12184         62     58     122  119.829298   -2.170702
12185         62     59     121  117.263092   -3.736908
12186         62     60     120  126.846190    6.846190
12187         62     61     119  111.905611   -7.094389
12188         62     62     118  123.382467    5.382467
12189         62     63     117  111.963930   -5.036070
12190         62     64     116  111.533065   -4.466935
12191         62     65     115  116.466179    1.466179
12192         62     66     114  117.330529    3.330529
12193         62     67     113  117.251545    4.251545
12194         62     68     112  118.301371    6.301371
12195         62     69     111  113.169615    2.169615
12196         62     70     110  119.929830    9.929830
12197         62     71     109  126.040956   17.040956
12198         62     72     108  107.333428   -0.666572
12199         62     73     107  111.681673    4.681673
12200         62     74     106  111.836092    5.836092
12201         62     75     105  115.506610   10.506610
12202         62     76     104  111.853611    7.853611
12203         62     77     103  118.166607   15.166607
12204         62     78     102  114.170306   12.170306
12205         62     79     101  104.802584    3.802584
12206         62     80     100  104.701478    4.701478
12207         62     81      99  104.595981    5.595981
12208         62     82      98  107.519597    9.519597
12209         62     83      97  112.396241   15.396241
12210         62     84      96  109.585833   13.585833
12211         62     85      95  114.635678   19.635678
12212         62     86      94  102.458694    8.458694
12213         62     87      93   96.651210    3.651210
12214         62     88      92  107.759368   15.759368
12215         62     89      91  103.479851   12.479851
12216         62     90      90   94.573144    4.573144
12217         62     91      89   98.178715    9.178715
12218         62     92      88   99.613271   11.613271
12219         62     93      87   93.129356    6.129356
12220         62     94      86   92.939840    6.939840
12221         62     95      85   91.762341    6.762341
12222         62     96      84   86.310425    2.310425
12223         62     97      83   86.427827    3.427827
12224         62     98      82   90.212415    8.212415
12225         62     99      81   80.259915   -0.740085
12226         62    100      80   83.234960    3.234960
12227         62    101      79   86.115865    7.115865
12228         62    102      78   92.454119   14.454119
12229         62    103      77   79.519766    2.519766
12230         62    104      76   83.842404    7.842404
12231         62    105      75   84.346898    9.346898
12232         62    106      74   83.789724    9.789724
12233         62    107      73   94.487619   21.487619
12234         62    108      72   88.112636   16.112636
12235         62    109      71   84.541334   13.541334
12236         62    110      70   80.402990   10.402990
12237         62    111      69   79.686975   10.686975
12238         62    112      68   73.216194    5.216194
12239         62    113      67   77.508516   10.508516
12240         62    114      66   74.461601    8.461601
12241         62    115      65   81.884664   16.884664
12242         62    116      64   78.548998   14.548998
12243         62    117      63   71.300723    8.300723
12244         62    118      62   70.112119    8.112119
12245         62    119      61   71.819548   10.819548
12246         62    120      60   71.441074   11.441074
12247         62    121      59   72.607052   13.607052
12248         62    122      58   69.501638   11.501638
12249         62    123      57   79.297824   22.297824
12250         62    124      56   67.875565   11.875565
12251         62    125      55   62.333737    7.333737
12252         62    126      54   65.320878   11.320878
12253         62    127      53   61.516353    8.516353
12254         62    128      52   56.389447    4.389447
12255         62    129      51   65.268901   14.268901
12256         62    130      50   65.293915   15.293915
12257         62    131      49   58.170241    9.170241
12258         62    132      48   60.209502   12.209502
12259         62    133      47   61.072550   14.072550
12260         62    134      46   51.681932    5.681932
12261         62    135      45   55.133736   10.133736
12262         62    136      44   55.001557   11.001557
12263         62    137      43   59.006957   16.006957
12264         62    138      42   56.162579   14.162579
12265         62    139      41   56.729173   15.729173
12266         62    140      40   59.385509   19.385509
12267         62    141      39   58.368394   19.368394
12268         62    142      38   54.775501   16.775501
12269         62    143      37   51.909303   14.909303
12270         62    144      36   55.975212   19.975212
12271         62    145      35   48.656861   13.656861
12272         62    146      34   46.438281   12.438281
12273         62    147      33   47.391188   14.391188
12274         62    148      32   43.859793   11.859793
12275         62    149      31   48.605219   17.605219
12276         62    150      30   50.251212   20.251212
12277         62    151      29   43.485649   14.485649
12278         62    152      28   44.098270   16.098270
12279         62    153      27   41.735873   14.735873
12280         62    154      26   39.547869   13.547869
12281         62    155      25   38.697983   13.697983
12282         62    156      24   38.094655   14.094655
12283         62    157      23   36.407126   13.407126
12284         62    158      22   39.908856   17.908856
12285         62    159      21   39.176331   18.176331
12286         62    160      20   35.938252   15.938252
12287         62    161      19   35.221032   16.221032
12288         62    162      18   36.686688   18.686688
12289         62    163      17   35.161241   18.161241
12290         62    164      16   36.734619   20.734619
12291         62    165      15   29.243849   14.243849
12292         62    166      14   29.215357   15.215357
12293         62    167      13   26.691024   13.691024
12294         62    168      12   21.362958    9.362958
12295         62    169      11   23.853559   12.853559
12296         62    170      10   29.331216   19.331216
12297         62    171       9   22.936695   13.936695
12298         62    172       8   20.781540   12.781540
12299         62    173       7   14.279309    7.279309
12300         62    174       6   21.193526   15.193526
12301         62    175       5   27.187896   22.187896
12302         62    176       4   14.100401   10.100401
12303         62    177       3   14.189831   11.189831
12304         62    178       2   14.590724   12.590724
12305         62    179       1   18.410897   17.410897
12306         62    180       0   20.548084   20.548084
12307         63      1     173  208.140506   35.140506
12308         63      2     172  173.016565    1.016565
12309         63      3     171  186.956330   15.956330
12310         63      4     170  198.319348   28.319348
12311         63      5     169  176.927051    7.927051
12312         63      6     168  182.317338   14.317338
12313         63      7     167  185.550953   18.550953
12314         63      8     166  166.366796    0.366796
12315         63      9     165  182.885538   17.885538
12316         63     10     164  174.160650   10.160650
12317         63     11     163  180.701159   17.701159
12318         63     12     162  168.966831    6.966831
12319         63     13     161  180.166029   19.166029
12320         63     14     160  165.527842    5.527842
12321         63     15     159  166.773169    7.773169
12322         63     16     158  165.074378    7.074378
12323         63     17     157  165.723318    8.723318
12324         63     18     156  158.176551    2.176551
12325         63     19     155  171.599621   16.599621
12326         63     20     154  182.263894   28.263894
12327         63     21     153  162.557881    9.557881
12328         63     22     152  166.574243   14.574243
12329         63     23     151  161.638868   10.638868
12330         63     24     150  163.138712   13.138712
12331         63     25     149  168.268946   19.268946
12332         63     26     148  156.835216    8.835216
12333         63     27     147  158.312061   11.312061
12334         63     28     146  161.369258   15.369258
12335         63     29     145  167.642705   22.642705
12336         63     30     144  164.728231   20.728231
12337         63     31     143  160.955075   17.955075
12338         63     32     142  152.876274   10.876274
12339         63     33     141  151.842559   10.842559
12340         63     34     140  149.895729    9.895729
12341         63     35     139  152.973389   13.973389
12342         63     36     138  140.210605    2.210605
12343         63     37     137  160.788493   23.788493
12344         63     38     136  147.213259   11.213259
12345         63     39     135  149.950928   14.950928
12346         63     40     134  151.175200   17.175200
12347         63     41     133  146.971274   13.971274
12348         63     42     132  153.085116   21.085116
12349         63     43     131  154.571193   23.571193
12350         63     44     130  154.069452   24.069452
12351         63     45     129  143.847881   14.847881
12352         63     46     128  142.889361   14.889361
12353         63     47     127  148.934361   21.934361
12354         63     48     126  150.925842   24.925842
12355         63     49     125  155.242392   30.242392
12356         63     50     124  147.678556   23.678556
12357         63     51     123  146.180104   23.180104
12358         63     52     122  153.125418   31.125418
12359         63     53     121  152.272465   31.272465
12360         63     54     120  152.449628   32.449628
12361         63     55     119  154.317390   35.317390
12362         63     56     118  140.408778   22.408778
12363         63     57     117  147.561232   30.561232
12364         63     58     116  139.283336   23.283336
12365         63     59     115  147.941940   32.941940
12366         63     60     114  131.719364   17.719364
12367         63     61     113  138.550476   25.550476
12368         63     62     112  127.621365   15.621365
12369         63     63     111  127.665636   16.665636
12370         63     64     110  125.258670   15.258670
12371         63     65     109  121.733166   12.733166
12372         63     66     108  118.434524   10.434524
12373         63     67     107  127.812675   20.812675
12374         63     68     106  135.903025   29.903025
12375         63     69     105  127.693261   22.693261
12376         63     70     104  118.586101   14.586101
12377         63     71     103  124.903473   21.903473
12378         63     72     102  124.917624   22.917624
12379         63     73     101  127.647780   26.647780
12380         63     74     100  120.493145   20.493145
12381         63     75      99  122.243904   23.243904
12382         63     76      98  118.928629   20.928629
12383         63     77      97  127.081917   30.081917
12384         63     78      96  120.038713   24.038713
12385         63     79      95  118.968630   23.968630
12386         63     80      94  115.057447   21.057447
12387         63     81      93  104.300150   11.300150
12388         63     82      92  101.863362    9.863362
12389         63     83      91  117.477183   26.477183
12390         63     84      90  107.292440   17.292440
12391         63     85      89   99.664699   10.664699
12392         63     86      88  107.733686   19.733686
12393         63     87      87  101.653835   14.653835
12394         63     88      86   97.260555   11.260555
12395         63     89      85   99.974584   14.974584
12396         63     90      84  108.109096   24.109096
12397         63     91      83   94.417405   11.417405
12398         63     92      82  100.142756   18.142756
12399         63     93      81  105.958815   24.958815
12400         63     94      80  108.635648   28.635648
12401         63     95      79  109.457078   30.457078
12402         63     96      78  109.955727   31.955727
12403         63     97      77   93.890080   16.890080
12404         63     98      76   91.230736   15.230736
12405         63     99      75   92.085853   17.085853
12406         63    100      74   85.562075   11.562075
12407         63    101      73  101.606709   28.606709
12408         63    102      72   95.202700   23.202700
12409         63    103      71   90.320248   19.320248
12410         63    104      70   93.494948   23.494948
12411         63    105      69   85.269108   16.269108
12412         63    106      68   84.899896   16.899896
12413         63    107      67   81.223513   14.223513
12414         63    108      66   82.951451   16.951451
12415         63    109      65   82.192834   17.192834
12416         63    110      64   79.125288   15.125288
12417         63    111      63   76.687580   13.687580
12418         63    112      62   73.086498   11.086498
12419         63    113      61   75.822998   14.822998
12420         63    114      60   79.343386   19.343386
12421         63    115      59   68.471921    9.471921
12422         63    116      58   73.695996   15.695996
12423         63    117      57   69.863836   12.863836
12424         63    118      56   75.436616   19.436616
12425         63    119      55   69.401865   14.401865
12426         63    120      54   73.050050   19.050050
12427         63    121      53   66.017165   13.017165
12428         63    122      52   67.358933   15.358933
12429         63    123      51   68.243309   17.243309
12430         63    124      50   63.570708   13.570708
12431         63    125      49   64.554509   15.554509
12432         63    126      48   58.898894   10.898894
12433         63    127      47   60.142248   13.142248
12434         63    128      46   56.768366   10.768366
12435         63    129      45   58.000155   13.000155
12436         63    130      44   55.513736   11.513736
12437         63    131      43   55.976489   12.976489
12438         63    132      42   52.228291   10.228291
12439         63    133      41   55.290242   14.290242
12440         63    134      40   54.105483   14.105483
12441         63    135      39   53.784262   14.784262
12442         63    136      38   54.086464   16.086464
12443         63    137      37   52.431181   15.431181
12444         63    138      36   49.039434   13.039434
12445         63    139      35   47.999124   12.999124
12446         63    140      34   46.174432   12.174432
12447         63    141      33   43.191330   10.191330
12448         63    142      32   42.624198   10.624198
12449         63    143      31   37.504538    6.504538
12450         63    144      30   32.203009    2.203009
12451         63    145      29   33.284674    4.284674
12452         63    146      28   29.268955    1.268955
12453         63    147      27   25.809017   -1.190983
12454         63    148      26   23.169355   -2.830645
12455         63    149      25   20.050551   -4.949449
12456         63    150      24   17.679654   -6.320346
12457         63    151      23   16.835548   -6.164452
12458         63    152      22   14.210191   -7.789809
12459         63    153      21   11.375049   -9.624951
12460         63    154      20   13.322305   -6.677695
12461         63    155      19   10.808607   -8.191393
12462         63    156      18   11.243409   -6.756591
12463         63    157      17    9.582439   -7.417561
12464         63    158      16    5.324233  -10.675767
12465         63    159      15    5.688484   -9.311516
12466         63    160      14    3.159041  -10.840959
12467         63    161      13    1.408636  -11.591364
12468         63    162      12    0.006068  -11.993932
12469         63    163      11    0.455051  -10.544949
12470         63    164      10   -7.403286  -17.403286
12471         63    165       9    3.427239   -5.572761
12472         63    166       8   -0.340481   -8.340481
12473         63    167       7    3.764534   -3.235466
12474         63    168       6   -3.856652   -9.856652
12475         63    169       5   -1.445821   -6.445821
12476         63    170       4    2.587410   -1.412590
12477         63    171       3   -5.094785   -8.094785
12478         63    172       2   -4.837318   -6.837318
12479         63    173       1   -0.708165   -1.708165
12480         63    174       0   -5.844275   -5.844275
12481         64      1     282  198.792294  -83.207706
12482         64      2     281  182.724208  -98.275792
12483         64      3     280  194.050674  -85.949326
12484         64      4     279  199.899789  -79.100211
12485         64      5     278  199.769170  -78.230830
12486         64      6     277  196.923781  -80.076219
12487         64      7     276  196.900121  -79.099879
12488         64      8     275  186.002619  -88.997381
12489         64      9     274  185.079791  -88.920209
12490         64     10     273  184.364330  -88.635670
12491         64     11     272  187.740751  -84.259249
12492         64     12     271  181.828809  -89.171191
12493         64     13     270  173.552513  -96.447487
12494         64     14     269  178.986079  -90.013921
12495         64     15     268  179.369319  -88.630681
12496         64     16     267  186.652745  -80.347255
12497         64     17     266  183.469784  -82.530216
12498         64     18     265  182.641196  -82.358804
12499         64     19     264  183.855061  -80.144939
12500         64     20     263  179.008509  -83.991491
12501         64     21     262  174.961249  -87.038751
12502         64     22     261  163.459581  -97.540419
12503         64     23     260  179.869181  -80.130819
12504         64     24     259  174.434469  -84.565531
12505         64     25     258  174.666679  -83.333321
12506         64     26     257  174.731895  -82.268105
12507         64     27     256  162.434306  -93.565694
12508         64     28     255  167.773419  -87.226581
12509         64     29     254  158.029027  -95.970973
12510         64     30     253  160.411887  -92.588113
12511         64     31     252  164.703267  -87.296733
12512         64     32     251  163.277703  -87.722297
12513         64     33     250  163.730177  -86.269823
12514         64     34     249  167.484343  -81.515657
12515         64     35     248  157.198076  -90.801924
12516         64     36     247  170.788614  -76.211386
12517         64     37     246  170.252494  -75.747506
12518         64     38     245  163.296360  -81.703640
12519         64     39     244  160.985141  -83.014859
12520         64     40     243  165.367028  -77.632972
12521         64     41     242  156.727205  -85.272795
12522         64     42     241  155.976894  -85.023106
12523         64     43     240  161.657712  -78.342288
12524         64     44     239  158.017802  -80.982198
12525         64     45     238  153.109246  -84.890754
12526         64     46     237  172.828673  -64.171327
12527         64     47     236  157.353817  -78.646183
12528         64     48     235  151.108153  -83.891847
12529         64     49     234  148.594047  -85.405953
12530         64     50     233  172.344568  -60.655432
12531         64     51     232  149.650601  -82.349399
12532         64     52     231  151.627071  -79.372929
12533         64     53     230  137.626028  -92.373972
12534         64     54     229  142.049425  -86.950575
12535         64     55     228  161.003293  -66.996707
12536         64     56     227  147.538311  -79.461689
12537         64     57     226  139.146066  -86.853934
12538         64     58     225  131.456081  -93.543919
12539         64     59     224  145.727946  -78.272054
12540         64     60     223  140.385851  -82.614149
12541         64     61     222  142.849540  -79.150460
12542         64     62     221  151.335388  -69.664612
12543         64     63     220  135.655859  -84.344141
12544         64     64     219  141.310513  -77.689487
12545         64     65     218  139.165671  -78.834329
12546         64     66     217  131.355511  -85.644489
12547         64     67     216  143.188801  -72.811199
12548         64     68     215  151.376457  -63.623543
12549         64     69     214  135.896152  -78.103848
12550         64     70     213  127.498749  -85.501251
12551         64     71     212  132.030487  -79.969513
12552         64     72     211  131.932531  -79.067469
12553         64     73     210  134.134963  -75.865037
12554         64     74     209  134.556031  -74.443969
12555         64     75     208  131.272306  -76.727694
12556         64     76     207  128.704375  -78.295625
12557         64     77     206  125.307913  -80.692087
12558         64     78     205  123.214467  -81.785533
12559         64     79     204  137.587406  -66.412594
12560         64     80     203  137.252746  -65.747254
12561         64     81     202  134.473589  -67.526411
12562         64     82     201  130.888001  -70.111999
12563         64     83     200  129.588762  -70.411238
12564         64     84     199  131.500551  -67.499449
12565         64     85     198  127.615737  -70.384263
12566         64     86     197  133.562237  -63.437763
12567         64     87     196  131.953658  -64.046342
12568         64     88     195  134.144894  -60.855106
12569         64     89     194  131.360591  -62.639409
12570         64     90     193  123.865536  -69.134464
12571         64     91     192  125.242625  -66.757375
12572         64     92     191  118.570702  -72.429298
12573         64     93     190  124.154533  -65.845467
12574         64     94     189  123.268666  -65.731334
12575         64     95     188  116.134011  -71.865989
12576         64     96     187  119.244412  -67.755588
12577         64     97     186  125.285354  -60.714646
12578         64     98     185  121.390332  -63.609668
12579         64     99     184  114.672453  -69.327547
12580         64    100     183  119.507827  -63.492173
12581         64    101     182  112.301196  -69.698804
12582         64    102     181  124.976238  -56.023762
12583         64    103     180  124.759392  -55.240608
12584         64    104     179  119.916433  -59.083567
12585         64    105     178  115.909568  -62.090432
12586         64    106     177  109.806834  -67.193166
12587         64    107     176  116.929010  -59.070990
12588         64    108     175  105.198187  -69.801813
12589         64    109     174  102.150570  -71.849430
12590         64    110     173  114.094800  -58.905200
12591         64    111     172  102.529757  -69.470243
12592         64    112     171  114.984384  -56.015616
12593         64    113     170  106.559448  -63.440552
12594         64    114     169  114.312556  -54.687444
12595         64    115     168  125.628931  -42.371069
12596         64    116     167  107.677273  -59.322727
12597         64    117     166  111.370921  -54.629079
12598         64    118     165  106.990814  -58.009186
12599         64    119     164  108.910176  -55.089824
12600         64    120     163  115.647094  -47.352906
12601         64    121     162  119.257910  -42.742090
12602         64    122     161  106.698505  -54.301495
12603         64    123     160  105.284588  -54.715412
12604         64    124     159  105.731127  -53.268873
12605         64    125     158  103.032555  -54.967445
12606         64    126     157   95.540222  -61.459778
12607         64    127     156  101.669002  -54.330998
12608         64    128     155  106.817316  -48.182684
12609         64    129     154  100.500648  -53.499352
12610         64    130     153  101.569683  -51.430317
12611         64    131     152   97.798128  -54.201872
12612         64    132     151   98.660063  -52.339937
12613         64    133     150  107.087621  -42.912379
12614         64    134     149   99.966836  -49.033164
12615         64    135     148  104.362440  -43.637560
12616         64    136     147  106.706958  -40.293042
12617         64    137     146  109.847275  -36.152725
12618         64    138     145  110.932742  -34.067258
12619         64    139     144  100.337258  -43.662742
12620         64    140     143  106.119077  -36.880923
12621         64    141     142  108.209111  -33.790889
12622         64    142     141  106.055781  -34.944219
12623         64    143     140  103.845053  -36.154947
12624         64    144     139   98.171823  -40.828177
12625         64    145     138  103.152189  -34.847811
12626         64    146     137  108.247399  -28.752601
12627         64    147     136  102.158541  -33.841459
12628         64    148     135   96.801169  -38.198831
12629         64    149     134  103.808767  -30.191233
12630         64    150     133  106.109444  -26.890556
12631         64    151     132  102.584394  -29.415606
12632         64    152     131  100.715128  -30.284872
12633         64    153     130   95.468155  -34.531845
12634         64    154     129   92.347294  -36.652706
12635         64    155     128   95.622223  -32.377777
12636         64    156     127   83.949930  -43.050070
12637         64    157     126   95.217175  -30.782825
12638         64    158     125   93.765927  -31.234073
12639         64    159     124   94.776257  -29.223743
12640         64    160     123   93.634103  -29.365897
12641         64    161     122   94.123229  -27.876771
12642         64    162     121   86.845967  -34.154033
12643         64    163     120   89.994465  -30.005535
12644         64    164     119   95.677968  -23.322032
12645         64    165     118   97.843410  -20.156590
12646         64    166     117   96.034149  -20.965851
12647         64    167     116   96.988619  -19.011381
12648         64    168     115   93.753909  -21.246091
12649         64    169     114   90.170042  -23.829958
12650         64    170     113   91.132299  -21.867701
12651         64    171     112   87.321897  -24.678103
12652         64    172     111   98.214102  -12.785898
12653         64    173     110   90.751839  -19.248161
12654         64    174     109   89.838016  -19.161984
12655         64    175     108   88.637081  -19.362919
12656         64    176     107   88.517408  -18.482592
12657         64    177     106   85.042595  -20.957405
12658         64    178     105   91.569134  -13.430866
12659         64    179     104   85.608671  -18.391329
12660         64    180     103   87.381488  -15.618512
12661         64    181     102   82.324221  -19.675779
12662         64    182     101   87.786027  -13.213973
12663         64    183     100   83.940815  -16.059185
12664         64    184      99   88.125093  -10.874907
12665         64    185      98   83.547619  -14.452381
12666         64    186      97   79.025272  -17.974728
12667         64    187      96   85.403446  -10.596554
12668         64    188      95   84.950785  -10.049215
12669         64    189      94   78.333566  -15.666434
12670         64    190      93   83.143884   -9.856116
12671         64    191      92   87.656588   -4.343412
12672         64    192      91   71.446640  -19.553360
12673         64    193      90   79.422838  -10.577162
12674         64    194      89   84.544601   -4.455399
12675         64    195      88   72.540548  -15.459452
12676         64    196      87   81.589324   -5.410676
12677         64    197      86   92.674277    6.674277
12678         64    198      85   74.401855  -10.598145
12679         64    199      84   78.513889   -5.486111
12680         64    200      83   77.418018   -5.581982
12681         64    201      82   72.944255   -9.055745
12682         64    202      81   75.401027   -5.598973
12683         64    203      80   79.346839   -0.653161
12684         64    204      79   75.682045   -3.317955
12685         64    205      78   78.558163    0.558163
12686         64    206      77   77.364837    0.364837
12687         64    207      76   74.892744   -1.107256
12688         64    208      75   71.270352   -3.729648
12689         64    209      74   71.267753   -2.732247
12690         64    210      73   70.880398   -2.119602
12691         64    211      72   66.038859   -5.961141
12692         64    212      71   73.726779    2.726779
12693         64    213      70   69.510897   -0.489103
12694         64    214      69   74.199024    5.199024
12695         64    215      68   65.481396   -2.518604
12696         64    216      67   71.606466    4.606466
12697         64    217      66   66.855785    0.855785
12698         64    218      65   70.121460    5.121460
12699         64    219      64   65.985554    1.985554
12700         64    220      63   64.258223    1.258223
12701         64    221      62   68.971463    6.971463
12702         64    222      61   67.150779    6.150779
12703         64    223      60   67.436738    7.436738
12704         64    224      59   61.768594    2.768594
12705         64    225      58   56.938669   -1.061331
12706         64    226      57   57.412272    0.412272
12707         64    227      56   58.723591    2.723591
12708         64    228      55   57.455775    2.455775
12709         64    229      54   56.789921    2.789921
12710         64    230      53   58.234404    5.234404
12711         64    231      52   54.589764    2.589764
12712         64    232      51   58.384240    7.384240
12713         64    233      50   52.422763    2.422763
12714         64    234      49   51.535699    2.535699
12715         64    235      48   52.747927    4.747927
12716         64    236      47   53.453567    6.453567
12717         64    237      46   52.208716    6.208716
12718         64    238      45   50.212644    5.212644
12719         64    239      44   57.393345   13.393345
12720         64    240      43   50.190096    7.190096
12721         64    241      42   55.069015   13.069015
12722         64    242      41   50.342861    9.342861
12723         64    243      40   56.039025   16.039025
12724         64    244      39   49.870524   10.870524
12725         64    245      38   46.518623    8.518623
12726         64    246      37   47.464999   10.464999
12727         64    247      36   46.898927   10.898927
12728         64    248      35   47.947643   12.947643
12729         64    249      34   45.878342   11.878342
12730         64    250      33   49.618397   16.618397
12731         64    251      32   43.598741   11.598741
12732         64    252      31   42.782122   11.782122
12733         64    253      30   38.797643    8.797643
12734         64    254      29   37.464107    8.464107
12735         64    255      28   33.524244    5.524244
12736         64    256      27   30.478371    3.478371
12737         64    257      26   29.749144    3.749144
12738         64    258      25   26.369681    1.369681
12739         64    259      24   21.275032   -2.724968
12740         64    260      23   22.859556   -0.140444
12741         64    261      22   19.093094   -2.906906
12742         64    262      21   20.415384   -0.584616
12743         64    263      20   16.021784   -3.978216
12744         64    264      19   19.065020    0.065020
12745         64    265      18   22.195968    4.195968
12746         64    266      17   26.139916    9.139916
12747         64    267      16   21.286742    5.286742
12748         64    268      15   21.021486    6.021486
12749         64    269      14   21.488237    7.488237
12750         64    270      13   29.010093   16.010093
12751         64    271      12   24.814570   12.814570
12752         64    272      11   11.725470    0.725470
12753         64    273      10   13.656899    3.656899
12754         64    274       9   16.162084    7.162084
12755         64    275       8    8.727786    0.727786
12756         64    276       7   12.674286    5.674286
12757         64    277       6   15.429627    9.429627
12758         64    278       5   10.760538    5.760538
12759         64    279       4   13.265868    9.265868
12760         64    280       3    5.383068    2.383068
12761         64    281       2    7.026152    5.026152
12762         64    282       1   13.832303   12.832303
12763         64    283       0   19.069549   19.069549
12764         65      1     152  222.602980   70.602980
12765         65      2     151  198.691411   47.691411
12766         65      3     150  213.213216   63.213216
12767         65      4     149  199.206809   50.206809
12768         65      5     148  197.413595   49.413595
12769         65      6     147  206.288910   59.288910
12770         65      7     146  191.163616   45.163616
12771         65      8     145  196.554747   51.554747
12772         65      9     144  183.312651   39.312651
12773         65     10     143  174.920690   31.920690
12774         65     11     142  182.319186   40.319186
12775         65     12     141  181.911437   40.911437
12776         65     13     140  186.734441   46.734441
12777         65     14     139  179.107753   40.107753
12778         65     15     138  183.733476   45.733476
12779         65     16     137  187.920658   50.920658
12780         65     17     136  174.524396   38.524396
12781         65     18     135  182.229061   47.229061
12782         65     19     134  188.520714   54.520714
12783         65     20     133  193.867323   60.867323
12784         65     21     132  179.074131   47.074131
12785         65     22     131  174.909752   43.909752
12786         65     23     130  170.424850   40.424850
12787         65     24     129  182.951509   53.951509
12788         65     25     128  184.135589   56.135589
12789         65     26     127  185.194354   58.194354
12790         65     27     126  180.747931   54.747931
12791         65     28     125  182.757584   57.757584
12792         65     29     124  173.774764   49.774764
12793         65     30     123  175.643490   52.643490
12794         65     31     122  172.681210   50.681210
12795         65     32     121  163.252202   42.252202
12796         65     33     120  177.976940   57.976940
12797         65     34     119  173.635155   54.635155
12798         65     35     118  170.853817   52.853817
12799         65     36     117  163.171715   46.171715
12800         65     37     116  174.637796   58.637796
12801         65     38     115  157.990871   42.990871
12802         65     39     114  176.338037   62.338037
12803         65     40     113  178.898381   65.898381
12804         65     41     112  172.604978   60.604978
12805         65     42     111  163.005988   52.005988
12806         65     43     110  155.682340   45.682340
12807         65     44     109  163.923304   54.923304
12808         65     45     108  169.961033   61.961033
12809         65     46     107  158.229102   51.229102
12810         65     47     106  169.610598   63.610598
12811         65     48     105  161.120809   56.120809
12812         65     49     104  165.033843   61.033843
12813         65     50     103  161.507145   58.507145
12814         65     51     102  160.445457   58.445457
12815         65     52     101  155.475436   54.475436
12816         65     53     100  161.127792   61.127792
12817         65     54      99  153.221648   54.221648
12818         65     55      98  151.476121   53.476121
12819         65     56      97  153.427855   56.427855
12820         65     57      96  144.031194   48.031194
12821         65     58      95  144.579583   49.579583
12822         65     59      94  148.702844   54.702844
12823         65     60      93  144.162106   51.162106
12824         65     61      92  153.500165   61.500165
12825         65     62      91  140.808436   49.808436
12826         65     63      90  149.256561   59.256561
12827         65     64      89  139.733819   50.733819
12828         65     65      88  147.165173   59.165173
12829         65     66      87  137.848161   50.848161
12830         65     67      86  143.139591   57.139591
12831         65     68      85  147.622176   62.622176
12832         65     69      84  142.697704   58.697704
12833         65     70      83  140.564830   57.564830
12834         65     71      82  133.203147   51.203147
12835         65     72      81  142.717890   61.717890
12836         65     73      80  144.808390   64.808390
12837         65     74      79  137.641605   58.641605
12838         65     75      78  133.155303   55.155303
12839         65     76      77  136.359650   59.359650
12840         65     77      76  123.313353   47.313353
12841         65     78      75  137.395873   62.395873
12842         65     79      74  127.655903   53.655903
12843         65     80      73  133.008158   60.008158
12844         65     81      72  132.806293   60.806293
12845         65     82      71  118.197126   47.197126
12846         65     83      70  131.054582   61.054582
12847         65     84      69  124.718471   55.718471
12848         65     85      68  128.497724   60.497724
12849         65     86      67  121.830696   54.830696
12850         65     87      66  123.997290   57.997290
12851         65     88      65  118.516343   53.516343
12852         65     89      64  127.816144   63.816144
12853         65     90      63  128.938964   65.938964
12854         65     91      62  123.994879   61.994879
12855         65     92      61  119.298993   58.298993
12856         65     93      60  126.342301   66.342301
12857         65     94      59  119.840795   60.840795
12858         65     95      58  122.384885   64.384885
12859         65     96      57  120.819315   63.819315
12860         65     97      56  120.303066   64.303066
12861         65     98      55  111.602915   56.602915
12862         65     99      54  102.869173   48.869173
12863         65    100      53  106.170724   53.170724
12864         65    101      52  105.699333   53.699333
12865         65    102      51   91.761823   40.761823
12866         65    103      50   97.533707   47.533707
12867         65    104      49   99.508845   50.508845
12868         65    105      48  103.093655   55.093655
12869         65    106      47   84.498190   37.498190
12870         65    107      46   81.353290   35.353290
12871         65    108      45   78.482890   33.482890
12872         65    109      44   74.178605   30.178605
12873         65    110      43   82.383810   39.383810
12874         65    111      42   80.384167   38.384167
12875         65    112      41   77.850432   36.850432
12876         65    113      40   70.924114   30.924114
12877         65    114      39   72.060666   33.060666
12878         65    115      38   63.347189   25.347189
12879         65    116      37   60.206848   23.206848
12880         65    117      36   64.641684   28.641684
12881         65    118      35   56.372749   21.372749
12882         65    119      34   58.236131   24.236131
12883         65    120      33   59.560701   26.560701
12884         65    121      32   49.480274   17.480274
12885         65    122      31   55.329449   24.329449
12886         65    123      30   40.497219   10.497219
12887         65    124      29   41.207955   12.207955
12888         65    125      28   42.499637   14.499637
12889         65    126      27   40.894221   13.894221
12890         65    127      26   32.374846    6.374846
12891         65    128      25   44.532393   19.532393
12892         65    129      24   37.607995   13.607995
12893         65    130      23   26.277721    3.277721
12894         65    131      22   28.762378    6.762378
12895         65    132      21   21.576341    0.576341
12896         65    133      20   25.599668    5.599668
12897         65    134      19   17.160292   -1.839708
12898         65    135      18   14.585961   -3.414039
12899         65    136      17   14.960165   -2.039835
12900         65    137      16   19.829106    3.829106
12901         65    138      15    4.338101  -10.661899
12902         65    139      14   -1.101259  -15.101259
12903         65    140      13   -3.541346  -16.541346
12904         65    141      12   -4.497818  -16.497818
12905         65    142      11   -7.816196  -18.816196
12906         65    143      10  -12.420269  -22.420269
12907         65    144       9  -13.559330  -22.559330
12908         65    145       8  -14.893069  -22.893069
12909         65    146       7  -12.195444  -19.195444
12910         65    147       6  -15.334211  -21.334211
12911         65    148       5  -17.782349  -22.782349
12912         65    149       4  -13.678547  -17.678547
12913         65    150       3  -21.532083  -24.532083
12914         65    151       2  -16.325435  -18.325435
12915         65    152       1  -23.681180  -24.681180
12916         65    153       0  -22.336980  -22.336980
12917         66      1     201  186.399707  -14.600293
12918         66      2     200  173.740893  -26.259107
12919         66      3     199  155.794273  -43.205727
12920         66      4     198  172.357992  -25.642008
12921         66      5     197  161.843673  -35.156327
12922         66      6     196  152.574407  -43.425593
12923         66      7     195  159.769772  -35.230228
12924         66      8     194  147.731024  -46.268976
12925         66      9     193  158.776606  -34.223394
12926         66     10     192  164.479619  -27.520381
12927         66     11     191  161.700350  -29.299650
12928         66     12     190  152.248726  -37.751274
12929         66     13     189  147.837202  -41.162798
12930         66     14     188  147.568518  -40.431482
12931         66     15     187  143.653333  -43.346667
12932         66     16     186  145.150899  -40.849101
12933         66     17     185  146.911099  -38.088901
12934         66     18     184  153.506668  -30.493332
12935         66     19     183  145.795130  -37.204870
12936         66     20     182  147.919262  -34.080738
12937         66     21     181  143.950926  -37.049074
12938         66     22     180  158.047953  -21.952047
12939         66     23     179  143.877195  -35.122805
12940         66     24     178  158.776676  -19.223324
12941         66     25     177  138.147077  -38.852923
12942         66     26     176  158.743564  -17.256436
12943         66     27     175  141.663129  -33.336871
12944         66     28     174  151.836537  -22.163463
12945         66     29     173  149.613523  -23.386477
12946         66     30     172  148.645158  -23.354842
12947         66     31     171  152.852499  -18.147501
12948         66     32     170  155.397975  -14.602025
12949         66     33     169  162.329936   -6.670064
12950         66     34     168  139.300744  -28.699256
12951         66     35     167  141.628194  -25.371806
12952         66     36     166  152.583365  -13.416635
12953         66     37     165  149.848833  -15.151167
12954         66     38     164  143.994793  -20.005207
12955         66     39     163  143.707188  -19.292812
12956         66     40     162  132.633606  -29.366394
12957         66     41     161  141.751338  -19.248662
12958         66     42     160  144.817018  -15.182982
12959         66     43     159  141.528845  -17.471155
12960         66     44     158  137.675123  -20.324877
12961         66     45     157  125.585939  -31.414061
12962         66     46     156  133.564866  -22.435134
12963         66     47     155  132.848934  -22.151066
12964         66     48     154  131.214302  -22.785698
12965         66     49     153  125.095794  -27.904206
12966         66     50     152  138.722311  -13.277689
12967         66     51     151  134.343159  -16.656841
12968         66     52     150  127.798963  -22.201037
12969         66     53     149  114.456581  -34.543419
12970         66     54     148  120.737754  -27.262246
12971         66     55     147  117.527791  -29.472209
12972         66     56     146  123.708312  -22.291688
12973         66     57     145  119.887055  -25.112945
12974         66     58     144  125.002559  -18.997441
12975         66     59     143  124.577800  -18.422200
12976         66     60     142  125.413759  -16.586241
12977         66     61     141  108.336344  -32.663656
12978         66     62     140  127.048636  -12.951364
12979         66     63     139  114.947421  -24.052579
12980         66     64     138  118.691109  -19.308891
12981         66     65     137  111.967593  -25.032407
12982         66     66     136  119.086538  -16.913462
12983         66     67     135  123.024050  -11.975950
12984         66     68     134  112.504768  -21.495232
12985         66     69     133  102.340496  -30.659504
12986         66     70     132  102.345698  -29.654302
12987         66     71     131  110.619811  -20.380189
12988         66     72     130  112.203400  -17.796600
12989         66     73     129  110.729926  -18.270074
12990         66     74     128  102.814883  -25.185117
12991         66     75     127  107.645973  -19.354027
12992         66     76     126  100.280454  -25.719546
12993         66     77     125  102.170135  -22.829865
12994         66     78     124  106.993216  -17.006784
12995         66     79     123  100.762480  -22.237520
12996         66     80     122  100.175118  -21.824882
12997         66     81     121  104.143584  -16.856416
12998         66     82     120  101.853509  -18.146491
12999         66     83     119   99.961267  -19.038733
13000         66     84     118  101.532018  -16.467982
13001         66     85     117  105.341684  -11.658316
13002         66     86     116   99.168128  -16.831872
13003         66     87     115   98.154402  -16.845598
13004         66     88     114  108.241541   -5.758459
13005         66     89     113   94.069844  -18.930156
13006         66     90     112  100.445508  -11.554492
13007         66     91     111  101.113708   -9.886292
13008         66     92     110   92.811151  -17.188849
13009         66     93     109   92.863805  -16.136195
13010         66     94     108  101.448248   -6.551752
13011         66     95     107   93.147254  -13.852746
13012         66     96     106   88.881682  -17.118318
13013         66     97     105   90.352963  -14.647037
13014         66     98     104   84.936305  -19.063695
13015         66     99     103   81.579534  -21.420466
13016         66    100     102   90.844866  -11.155134
13017         66    101     101   91.793936   -9.206064
13018         66    102     100   86.528206  -13.471794
13019         66    103      99   89.747887   -9.252113
13020         66    104      98   90.588350   -7.411650
13021         66    105      97   87.405445   -9.594555
13022         66    106      96   80.047712  -15.952288
13023         66    107      95   83.363349  -11.636651
13024         66    108      94   80.854598  -13.145402
13025         66    109      93   84.991048   -8.008952
13026         66    110      92   82.282129   -9.717871
13027         66    111      91   84.242774   -6.757226
13028         66    112      90   88.209272   -1.790728
13029         66    113      89   83.310611   -5.689389
13030         66    114      88   87.078043   -0.921957
13031         66    115      87   72.376017  -14.623983
13032         66    116      86   81.274576   -4.725424
13033         66    117      85   87.696656    2.696656
13034         66    118      84   78.671090   -5.328910
13035         66    119      83   73.503114   -9.496886
13036         66    120      82   75.687873   -6.312127
13037         66    121      81   78.984773   -2.015227
13038         66    122      80   86.493248    6.493248
13039         66    123      79   81.222250    2.222250
13040         66    124      78   74.581687   -3.418313
13041         66    125      77   76.922075   -0.077925
13042         66    126      76   74.234485   -1.765515
13043         66    127      75   72.048987   -2.951013
13044         66    128      74   70.511218   -3.488782
13045         66    129      73   78.136788    5.136788
13046         66    130      72   78.743102    6.743102
13047         66    131      71   76.373802    5.373802
13048         66    132      70   71.392338    1.392338
13049         66    133      69   64.040451   -4.959549
13050         66    134      68   67.811698   -0.188302
13051         66    135      67   67.973600    0.973600
13052         66    136      66   72.098772    6.098772
13053         66    137      65   75.330766   10.330766
13054         66    138      64   77.490768   13.490768
13055         66    139      63   74.149424   11.149424
13056         66    140      62   69.490221    7.490221
13057         66    141      61   64.634744    3.634744
13058         66    142      60   67.242873    7.242873
13059         66    143      59   67.504840    8.504840
13060         66    144      58   64.257220    6.257220
13061         66    145      57   73.925771   16.925771
13062         66    146      56   68.406879   12.406879
13063         66    147      55   68.831940   13.831940
13064         66    148      54   66.707242   12.707242
13065         66    149      53   64.992548   11.992548
13066         66    150      52   65.424495   13.424495
13067         66    151      51   63.269446   12.269446
13068         66    152      50   63.682312   13.682312
13069         66    153      49   62.300823   13.300823
13070         66    154      48   64.434654   16.434654
13071         66    155      47   58.869851   11.869851
13072         66    156      46   57.560423   11.560423
13073         66    157      45   59.058134   14.058134
13074         66    158      44   56.029911   12.029911
13075         66    159      43   57.300798   14.300798
13076         66    160      42   56.995665   14.995665
13077         66    161      41   59.507219   18.507219
13078         66    162      40   56.006286   16.006286
13079         66    163      39   55.740469   16.740469
13080         66    164      38   53.676746   15.676746
13081         66    165      37   52.295864   15.295864
13082         66    166      36   50.751907   14.751907
13083         66    167      35   50.931203   15.931203
13084         66    168      34   51.454201   17.454201
13085         66    169      33   50.206067   17.206067
13086         66    170      32   47.370498   15.370498
13087         66    171      31   46.005818   15.005818
13088         66    172      30   41.863859   11.863859
13089         66    173      29   41.708564   12.708564
13090         66    174      28   46.095277   18.095277
13091         66    175      27   43.431455   16.431455
13092         66    176      26   43.190820   17.190820
13093         66    177      25   43.184874   18.184874
13094         66    178      24   40.659125   16.659125
13095         66    179      23   36.096308   13.096308
13096         66    180      22   37.700867   15.700867
13097         66    181      21   36.324217   15.324217
13098         66    182      20   35.496018   15.496018
13099         66    183      19   34.756823   15.756823
13100         66    184      18   33.168364   15.168364
13101         66    185      17   28.824355   11.824355
13102         66    186      16   26.482670   10.482670
13103         66    187      15   28.922142   13.922142
13104         66    188      14   25.397808   11.397808
13105         66    189      13   29.302884   16.302884
13106         66    190      12   25.926339   13.926339
13107         66    191      11   23.368193   12.368193
13108         66    192      10   31.615799   21.615799
13109         66    193       9   23.515145   14.515145
13110         66    194       8   30.491487   22.491487
13111         66    195       7   25.090111   18.090111
13112         66    196       6   25.630174   19.630174
13113         66    197       5   29.127957   24.127957
13114         66    198       4   25.178887   21.178887
13115         66    199       3   25.797849   22.797849
13116         66    200       2   28.141330   26.141330
13117         66    201       1   32.068910   31.068910
13118         66    202       0   32.394437   32.394437
13119         67      1     312  216.247348  -95.752652
13120         67      2     311  225.458336  -85.541664
13121         67      3     310  210.500982  -99.499018
13122         67      4     309  208.120487 -100.879513
13123         67      5     308  199.448545 -108.551455
13124         67      6     307  184.601477 -122.398523
13125         67      7     306  193.311331 -112.688669
13126         67      8     305  201.766047 -103.233953
13127         67      9     304  203.852894 -100.147106
13128         67     10     303  196.681316 -106.318684
13129         67     11     302  205.440047  -96.559953
13130         67     12     301  189.950053 -111.049947
13131         67     13     300  188.790051 -111.209949
13132         67     14     299  176.938822 -122.061178
13133         67     15     298  183.882352 -114.117648
13134         67     16     297  183.134683 -113.865317
13135         67     17     296  188.511677 -107.488323
13136         67     18     295  181.988560 -113.011440
13137         67     19     294  188.858360 -105.141640
13138         67     20     293  167.844813 -125.155187
13139         67     21     292  165.835159 -126.164841
13140         67     22     291  175.891022 -115.108978
13141         67     23     290  162.441678 -127.558322
13142         67     24     289  182.625775 -106.374225
13143         67     25     288  171.702942 -116.297058
13144         67     26     287  171.044907 -115.955093
13145         67     27     286  155.291415 -130.708585
13146         67     28     285  161.694467 -123.305533
13147         67     29     284  169.684583 -114.315417
13148         67     30     283  155.992041 -127.007959
13149         67     31     282  165.308585 -116.691415
13150         67     32     281  155.999884 -125.000116
13151         67     33     280  164.417954 -115.582046
13152         67     34     279  160.170162 -118.829838
13153         67     35     278  148.630748 -129.369252
13154         67     36     277  151.357961 -125.642039
13155         67     37     276  158.866485 -117.133515
13156         67     38     275  156.009115 -118.990885
13157         67     39     274  153.328066 -120.671934
13158         67     40     273  155.648148 -117.351852
13159         67     41     272  161.847152 -110.152848
13160         67     42     271  159.169639 -111.830361
13161         67     43     270  160.989063 -109.010937
13162         67     44     269  159.719360 -109.280640
13163         67     45     268  156.799062 -111.200938
13164         67     46     267  151.048027 -115.951973
13165         67     47     266  155.401498 -110.598502
13166         67     48     265  142.893337 -122.106663
13167         67     49     264  152.914707 -111.085293
13168         67     50     263  146.470187 -116.529813
13169         67     51     262  154.452353 -107.547647
13170         67     52     261  145.649501 -115.350499
13171         67     53     260  131.963506 -128.036494
13172         67     54     259  132.955929 -126.044071
13173         67     55     258  137.997897 -120.002103
13174         67     56     257  136.263527 -120.736473
13175         67     57     256  142.749452 -113.250548
13176         67     58     255  135.584520 -119.415480
13177         67     59     254  137.481920 -116.518080
13178         67     60     253  136.515975 -116.484025
13179         67     61     252  140.862667 -111.137333
13180         67     62     251  136.589168 -114.410832
13181         67     63     250  139.986567 -110.013433
13182         67     64     249  139.215081 -109.784919
13183         67     65     248  137.367288 -110.632712
13184         67     66     247  134.261725 -112.738275
13185         67     67     246  128.771583 -117.228417
13186         67     68     245  138.067681 -106.932319
13187         67     69     244  139.010968 -104.989032
13188         67     70     243  131.504479 -111.495521
13189         67     71     242  132.658290 -109.341710
13190         67     72     241  140.584781 -100.415219
13191         67     73     240  132.078431 -107.921569
13192         67     74     239  119.182077 -119.817923
13193         67     75     238  126.177929 -111.822071
13194         67     76     237  126.325606 -110.674394
13195         67     77     236  129.064365 -106.935635
13196         67     78     235  130.481074 -104.518926
13197         67     79     234  122.083081 -111.916919
13198         67     80     233  119.326292 -113.673708
13199         67     81     232  127.005308 -104.994692
13200         67     82     231  115.695257 -115.304743
13201         67     83     230  122.389550 -107.610450
13202         67     84     229  127.884919 -101.115081
13203         67     85     228  113.212169 -114.787831
13204         67     86     227  134.074471  -92.925529
13205         67     87     226  125.145462 -100.854538
13206         67     88     225  125.619490  -99.380510
13207         67     89     224  122.468387 -101.531613
13208         67     90     223  123.533382  -99.466618
13209         67     91     222  132.801779  -89.198221
13210         67     92     221  119.235888 -101.764112
13211         67     93     220  116.382757 -103.617243
13212         67     94     219  123.811592  -95.188408
13213         67     95     218  121.954642  -96.045358
13214         67     96     217  122.755406  -94.244594
13215         67     97     216  127.532855  -88.467145
13216         67     98     215  128.617634  -86.382366
13217         67     99     214  120.202049  -93.797951
13218         67    100     213  129.494195  -83.505805
13219         67    101     212  121.449162  -90.550838
13220         67    102     211  119.328949  -91.671051
13221         67    103     210  125.836597  -84.163403
13222         67    104     209  128.083143  -80.916857
13223         67    105     208  124.775034  -83.224966
13224         67    106     207  125.730978  -81.269022
13225         67    107     206  114.374892  -91.625108
13226         67    108     205  119.246469  -85.753531
13227         67    109     204  113.991161  -90.008839
13228         67    110     203  117.588199  -85.411801
13229         67    111     202  117.594702  -84.405298
13230         67    112     201  112.197104  -88.802896
13231         67    113     200  112.641041  -87.358959
13232         67    114     199  118.113257  -80.886743
13233         67    115     198  112.871005  -85.128995
13234         67    116     197  112.170821  -84.829179
13235         67    117     196  113.977621  -82.022379
13236         67    118     195  111.904159  -83.095841
13237         67    119     194  111.874321  -82.125679
13238         67    120     193  115.239532  -77.760468
13239         67    121     192  111.872955  -80.127045
13240         67    122     191  109.214301  -81.785699
13241         67    123     190  116.501917  -73.498083
13242         67    124     189  106.989690  -82.010310
13243         67    125     188  110.961754  -77.038246
13244         67    126     187  104.590702  -82.409298
13245         67    127     186  108.051125  -77.948875
13246         67    128     185  107.121547  -77.878453
13247         67    129     184  101.738571  -82.261429
13248         67    130     183  104.030963  -78.969037
13249         67    131     182  108.944258  -73.055742
13250         67    132     181   97.994768  -83.005232
13251         67    133     180   95.106189  -84.893811
13252         67    134     179  105.670941  -73.329059
13253         67    135     178   99.153017  -78.846983
13254         67    136     177  109.043958  -67.956042
13255         67    137     176  113.274510  -62.725490
13256         67    138     175  105.942117  -69.057883
13257         67    139     174  108.164883  -65.835117
13258         67    140     173  110.285195  -62.714805
13259         67    141     172  106.566734  -65.433266
13260         67    142     171  103.988737  -67.011263
13261         67    143     170  116.193668  -53.806332
13262         67    144     169  111.573512  -57.426488
13263         67    145     168  113.306511  -54.693489
13264         67    146     167  102.443795  -64.556205
13265         67    147     166   99.517191  -66.482809
13266         67    148     165  109.040035  -55.959965
13267         67    149     164   96.063526  -67.936474
13268         67    150     163  108.828013  -54.171987
13269         67    151     162  108.153499  -53.846501
13270         67    152     161   99.881404  -61.118596
13271         67    153     160  101.623203  -58.376797
13272         67    154     159  103.535466  -55.464534
13273         67    155     158  105.488778  -52.511222
13274         67    156     157   98.482556  -58.517444
13275         67    157     156  102.977782  -53.022218
13276         67    158     155  101.750410  -53.249590
13277         67    159     154  111.206527  -42.793473
13278         67    160     153  109.522379  -43.477621
13279         67    161     152  107.171389  -44.828611
13280         67    162     151  110.853268  -40.146732
13281         67    163     150  116.441047  -33.558953
13282         67    164     149  108.951446  -40.048554
13283         67    165     148  112.091098  -35.908902
13284         67    166     147   94.754962  -52.245038
13285         67    167     146  103.434050  -42.565950
13286         67    168     145  110.333382  -34.666618
13287         67    169     144  104.295582  -39.704418
13288         67    170     143   97.749358  -45.250642
13289         67    171     142  110.555757  -31.444243
13290         67    172     141  102.265536  -38.734464
13291         67    173     140   98.852802  -41.147198
13292         67    174     139   96.065472  -42.934528
13293         67    175     138  100.283010  -37.716990
13294         67    176     137  100.501134  -36.498866
13295         67    177     136  107.682052  -28.317948
13296         67    178     135   94.468801  -40.531199
13297         67    179     134  104.365143  -29.634857
13298         67    180     133  103.818623  -29.181377
13299         67    181     132   96.033619  -35.966381
13300         67    182     131  100.807644  -30.192356
13301         67    183     130  103.495577  -26.504423
13302         67    184     129  103.237624  -25.762376
13303         67    185     128   90.287778  -37.712222
13304         67    186     127  100.445840  -26.554160
13305         67    187     126   99.141412  -26.858588
13306         67    188     125  100.881201  -24.118799
13307         67    189     124   86.215515  -37.784485
13308         67    190     123   94.819916  -28.180084
13309         67    191     122   93.783373  -28.216627
13310         67    192     121   81.801905  -39.198095
13311         67    193     120   96.264335  -23.735665
13312         67    194     119   90.767735  -28.232265
13313         67    195     118   96.425135  -21.574865
13314         67    196     117  100.695858  -16.304142
13315         67    197     116   84.794716  -31.205284
13316         67    198     115  104.413860  -10.586140
13317         67    199     114   92.410382  -21.589618
13318         67    200     113   95.925027  -17.074973
13319         67    201     112   96.497609  -15.502391
13320         67    202     111   99.028988  -11.971012
13321         67    203     110  103.210369   -6.789631
13322         67    204     109   97.277394  -11.722606
13323         67    205     108   95.982969  -12.017031
13324         67    206     107   88.611727  -18.388273
13325         67    207     106   99.373236   -6.626764
13326         67    208     105   97.721890   -7.278110
13327         67    209     104   89.468101  -14.531899
13328         67    210     103   96.525661   -6.474339
13329         67    211     102   94.909451   -7.090549
13330         67    212     101   93.566958   -7.433042
13331         67    213     100   89.826008  -10.173992
13332         67    214      99   92.233734   -6.766266
13333         67    215      98   86.309817  -11.690183
13334         67    216      97   87.034868   -9.965132
13335         67    217      96   87.828898   -8.171102
13336         67    218      95   87.367846   -7.632154
13337         67    219      94   89.764505   -4.235495
13338         67    220      93   92.331724   -0.668276
13339         67    221      92   83.215724   -8.784276
13340         67    222      91   93.570569    2.570569
13341         67    223      90   85.382710   -4.617290
13342         67    224      89   83.837945   -5.162055
13343         67    225      88   84.315951   -3.684049
13344         67    226      87   89.551320    2.551320
13345         67    227      86   82.524336   -3.475664
13346         67    228      85   76.834705   -8.165295
13347         67    229      84   74.508316   -9.491684
13348         67    230      83   70.222866  -12.777134
13349         67    231      82   83.776850    1.776850
13350         67    232      81   68.245669  -12.754331
13351         67    233      80   73.641306   -6.358694
13352         67    234      79   69.662766   -9.337234
13353         67    235      78   76.924130   -1.075870
13354         67    236      77   68.104245   -8.895755
13355         67    237      76   71.767533   -4.232467
13356         67    238      75   69.551157   -5.448843
13357         67    239      74   72.919602   -1.080398
13358         67    240      73   73.597647    0.597647
13359         67    241      72   68.313389   -3.686611
13360         67    242      71   69.262442   -1.737558
13361         67    243      70   72.147363    2.147363
13362         67    244      69   77.334901    8.334901
13363         67    245      68   67.985839   -0.014161
13364         67    246      67   76.566072    9.566072
13365         67    247      66   66.557670    0.557670
13366         67    248      65   73.021221    8.021221
13367         67    249      64   61.375149   -2.624851
13368         67    250      63   69.659598    6.659598
13369         67    251      62   64.549750    2.549750
13370         67    252      61   75.077082   14.077082
13371         67    253      60   73.800629   13.800629
13372         67    254      59   60.454926    1.454926
13373         67    255      58   68.272468   10.272468
13374         67    256      57   65.940526    8.940526
13375         67    257      56   67.951518   11.951518
13376         67    258      55   62.388529    7.388529
13377         67    259      54   62.941798    8.941798
13378         67    260      53   62.118034    9.118034
13379         67    261      52   63.633516   11.633516
13380         67    262      51   56.472120    5.472120
13381         67    263      50   55.833408    5.833408
13382         67    264      49   53.575401    4.575401
13383         67    265      48   59.101411   11.101411
13384         67    266      47   58.103836   11.103836
13385         67    267      46   49.425857    3.425857
13386         67    268      45   55.944602   10.944602
13387         67    269      44   61.625831   17.625831
13388         67    270      43   53.727211   10.727211
13389         67    271      42   56.668069   14.668069
13390         67    272      41   58.027761   17.027761
13391         67    273      40   50.379004   10.379004
13392         67    274      39   52.036552   13.036552
13393         67    275      38   47.552066    9.552066
13394         67    276      37   44.579471    7.579471
13395         67    277      36   43.783711    7.783711
13396         67    278      35   43.313093    8.313093
13397         67    279      34   41.586006    7.586006
13398         67    280      33   40.404000    7.404000
13399         67    281      32   41.112194    9.112194
13400         67    282      31   38.569177    7.569177
13401         67    283      30   35.525079    5.525079
13402         67    284      29   35.168208    6.168208
13403         67    285      28   34.988559    6.988559
13404         67    286      27   31.792081    4.792081
13405         67    287      26   29.203426    3.203426
13406         67    288      25   29.947777    4.947777
13407         67    289      24   30.212813    6.212813
13408         67    290      23   34.255396   11.255396
13409         67    291      22   29.223496    7.223496
13410         67    292      21   25.514745    4.514745
13411         67    293      20   31.281752   11.281752
13412         67    294      19   36.767603   17.767603
13413         67    295      18   29.561327   11.561327
13414         67    296      17   19.835308    2.835308
13415         67    297      16   38.595304   22.595304
13416         67    298      15   17.896312    2.896312
13417         67    299      14   28.299652   14.299652
13418         67    300      13   25.770690   12.770690
13419         67    301      12   23.992488   11.992488
13420         67    302      11   15.704654    4.704654
13421         67    303      10   16.594735    6.594735
13422         67    304       9   25.645432   16.645432
13423         67    305       8   10.949269    2.949269
13424         67    306       7   16.959416    9.959416
13425         67    307       6   14.528174    8.528174
13426         67    308       5   17.960941   12.960941
13427         67    309       4   21.938079   17.938079
13428         67    310       3   18.658208   15.658208
13429         67    311       2   20.303051   18.303051
13430         67    312       1   20.686376   19.686376
13431         67    313       0   18.874594   18.874594
13432         68      1     198  203.202212    5.202212
13433         68      2     197  200.839120    3.839120
13434         68      3     196  182.000332  -13.999668
13435         68      4     195  188.832435   -6.167565
13436         68      5     194  190.328109   -3.671891
13437         68      6     193  179.170622  -13.829378
13438         68      7     192  180.489214  -11.510786
13439         68      8     191  186.072358   -4.927642
13440         68      9     190  174.709576  -15.290424
13441         68     10     189  175.742556  -13.257444
13442         68     11     188  178.580401   -9.419599
13443         68     12     187  180.413722   -6.586278
13444         68     13     186  180.131335   -5.868665
13445         68     14     185  179.727622   -5.272378
13446         68     15     184  177.044053   -6.955947
13447         68     16     183  172.552875  -10.447125
13448         68     17     182  165.902371  -16.097629
13449         68     18     181  178.264374   -2.735626
13450         68     19     180  165.067731  -14.932269
13451         68     20     179  162.562092  -16.437908
13452         68     21     178  163.044320  -14.955680
13453         68     22     177  167.172259   -9.827741
13454         68     23     176  161.739384  -14.260616
13455         68     24     175  152.130534  -22.869466
13456         68     25     174  152.460568  -21.539432
13457         68     26     173  148.995353  -24.004647
13458         68     27     172  159.202446  -12.797554
13459         68     28     171  155.768963  -15.231037
13460         68     29     170  146.244868  -23.755132
13461         68     30     169  151.131393  -17.868607
13462         68     31     168  152.502925  -15.497075
13463         68     32     167  155.912999  -11.087001
13464         68     33     166  162.856166   -3.143834
13465         68     34     165  146.996279  -18.003721
13466         68     35     164  151.777759  -12.222241
13467         68     36     163  152.323679  -10.676321
13468         68     37     162  154.008967   -7.991033
13469         68     38     161  155.453176   -5.546824
13470         68     39     160  155.565094   -4.434906
13471         68     40     159  142.587938  -16.412062
13472         68     41     158  150.972695   -7.027305
13473         68     42     157  149.166647   -7.833353
13474         68     43     156  157.887550    1.887550
13475         68     44     155  140.504767  -14.495233
13476         68     45     154  143.556915  -10.443085
13477         68     46     153  134.804895  -18.195105
13478         68     47     152  143.819750   -8.180250
13479         68     48     151  149.136036   -1.863964
13480         68     49     150  143.653973   -6.346027
13481         68     50     149  151.344069    2.344069
13482         68     51     148  136.912580  -11.087420
13483         68     52     147  140.715196   -6.284804
13484         68     53     146  139.217642   -6.782358
13485         68     54     145  127.160339  -17.839661
13486         68     55     144  140.753518   -3.246482
13487         68     56     143  141.929004   -1.070996
13488         68     57     142  134.142495   -7.857505
13489         68     58     141  142.327374    1.327374
13490         68     59     140  134.008006   -5.991994
13491         68     60     139  133.671795   -5.328205
13492         68     61     138  139.527550    1.527550
13493         68     62     137  127.448183   -9.551817
13494         68     63     136  120.345719  -15.654281
13495         68     64     135  135.242724    0.242724
13496         68     65     134  128.951606   -5.048394
13497         68     66     133  124.818734   -8.181266
13498         68     67     132  120.494996  -11.505004
13499         68     68     131  115.536403  -15.463597
13500         68     69     130  126.095816   -3.904184
13501         68     70     129  131.609205    2.609205
13502         68     71     128  116.397985  -11.602015
13503         68     72     127  119.285511   -7.714489
13504         68     73     126  111.983062  -14.016938
13505         68     74     125  114.252484  -10.747516
13506         68     75     124  110.632716  -13.367284
13507         68     76     123  113.700028   -9.299972
13508         68     77     122  110.005739  -11.994261
13509         68     78     121  115.186201   -5.813799
13510         68     79     120  117.482721   -2.517279
13511         68     80     119  108.587021  -10.412979
13512         68     81     118  111.009736   -6.990264
13513         68     82     117  110.560717   -6.439283
13514         68     83     116  111.850498   -4.149502
13515         68     84     115  104.293545  -10.706455
13516         68     85     114  110.562995   -3.437005
13517         68     86     113  105.270946   -7.729054
13518         68     87     112  107.290719   -4.709281
13519         68     88     111   99.447848  -11.552152
13520         68     89     110  103.511770   -6.488230
13521         68     90     109  100.262268   -8.737732
13522         68     91     108   98.916168   -9.083832
13523         68     92     107   90.773591  -16.226409
13524         68     93     106  111.076891    5.076891
13525         68     94     105   98.511173   -6.488827
13526         68     95     104  103.879529   -0.120471
13527         68     96     103  103.521334    0.521334
13528         68     97     102  100.465820   -1.534180
13529         68     98     101   98.682362   -2.317638
13530         68     99     100  105.997040    5.997040
13531         68    100      99  104.095096    5.095096
13532         68    101      98  102.328959    4.328959
13533         68    102      97  104.268483    7.268483
13534         68    103      96  104.115533    8.115533
13535         68    104      95   99.357345    4.357345
13536         68    105      94  100.767358    6.767358
13537         68    106      93  106.623177   13.623177
13538         68    107      92   97.164317    5.164317
13539         68    108      91   95.571618    4.571618
13540         68    109      90   96.934444    6.934444
13541         68    110      89   88.115044   -0.884956
13542         68    111      88   86.904445   -1.095555
13543         68    112      87   90.498103    3.498103
13544         68    113      86   88.825170    2.825170
13545         68    114      85   82.715994   -2.284006
13546         68    115      84   82.832257   -1.167743
13547         68    116      83   85.157838    2.157838
13548         68    117      82   95.464016   13.464016
13549         68    118      81   84.069825    3.069825
13550         68    119      80   88.030900    8.030900
13551         68    120      79   79.650563    0.650563
13552         68    121      78   90.404881   12.404881
13553         68    122      77   89.921499   12.921499
13554         68    123      76   90.913820   14.913820
13555         68    124      75   73.269818   -1.730182
13556         68    125      74   83.554360    9.554360
13557         68    126      73   82.397313    9.397313
13558         68    127      72   75.638895    3.638895
13559         68    128      71   78.922742    7.922742
13560         68    129      70   73.398008    3.398008
13561         68    130      69   81.466022   12.466022
13562         68    131      68   78.597884   10.597884
13563         68    132      67   76.884361    9.884361
13564         68    133      66   72.585581    6.585581
13565         68    134      65   73.415712    8.415712
13566         68    135      64   73.178804    9.178804
13567         68    136      63   72.299369    9.299369
13568         68    137      62   71.207455    9.207455
13569         68    138      61   67.693683    6.693683
13570         68    139      60   71.545930   11.545930
13571         68    140      59   74.364517   15.364517
13572         68    141      58   69.814283   11.814283
13573         68    142      57   70.739695   13.739695
13574         68    143      56   61.236262    5.236262
13575         68    144      55   61.974524    6.974524
13576         68    145      54   63.903882    9.903882
13577         68    146      53   60.874332    7.874332
13578         68    147      52   64.772389   12.772389
13579         68    148      51   64.971746   13.971746
13580         68    149      50   67.970128   17.970128
13581         68    150      49   63.865449   14.865449
13582         68    151      48   56.339192    8.339192
13583         68    152      47   55.372880    8.372880
13584         68    153      46   58.709412   12.709412
13585         68    154      45   53.483017    8.483017
13586         68    155      44   54.201692   10.201692
13587         68    156      43   48.213042    5.213042
13588         68    157      42   49.787716    7.787716
13589         68    158      41   48.244089    7.244089
13590         68    159      40   49.222298    9.222298
13591         68    160      39   47.164044    8.164044
13592         68    161      38   45.279142    7.279142
13593         68    162      37   41.220952    4.220952
13594         68    163      36   36.948553    0.948553
13595         68    164      35   34.552877   -0.447123
13596         68    165      34   36.590359    2.590359
13597         68    166      33   35.002309    2.002309
13598         68    167      32   33.888562    1.888562
13599         68    168      31   36.955181    5.955181
13600         68    169      30   32.450513    2.450513
13601         68    170      29   32.673275    3.673275
13602         68    171      28   31.855593    3.855593
13603         68    172      27   32.565561    5.565561
13604         68    173      26   31.697725    5.697725
13605         68    174      25   28.689470    3.689470
13606         68    175      24   27.775611    3.775611
13607         68    176      23   26.047369    3.047369
13608         68    177      22   22.538773    0.538773
13609         68    178      21   25.738020    4.738020
13610         68    179      20   25.752538    5.752538
13611         68    180      19   21.192126    2.192126
13612         68    181      18   21.161308    3.161308
13613         68    182      17   15.019682   -1.980318
13614         68    183      16   17.990812    1.990812
13615         68    184      15   13.689152   -1.310848
13616         68    185      14    9.403981   -4.596019
13617         68    186      13   16.588712    3.588712
13618         68    187      12   12.247910    0.247910
13619         68    188      11   18.870838    7.870838
13620         68    189      10   14.875530    4.875530
13621         68    190       9    8.875645   -0.124355
13622         68    191       8   15.989942    7.989942
13623         68    192       7    7.430095    0.430095
13624         68    193       6    8.123735    2.123735
13625         68    194       5   15.637802   10.637802
13626         68    195       4   15.349135   11.349135
13627         68    196       3   11.100825    8.100825
13628         68    197       2   11.495025    9.495025
13629         68    198       1   20.168249   19.168249
13630         68    199       0   20.951966   20.951966
13631         69      1     361  233.360426 -127.639574
13632         69      2     360  243.099897 -116.900103
13633         69      3     359  228.820111 -130.179889
13634         69      4     358  216.825044 -141.174956
13635         69      5     357  211.298755 -145.701245
13636         69      6     356  213.689157 -142.310843
13637         69      7     355  215.421216 -139.578784
13638         69      8     354  208.708139 -145.291861
13639         69      9     353  201.369083 -151.630917
13640         69     10     352  188.194153 -163.805847
13641         69     11     351  198.483398 -152.516602
13642         69     12     350  194.334503 -155.665497
13643         69     13     349  196.949097 -152.050903
13644         69     14     348  195.543088 -152.456912
13645         69     15     347  193.811232 -153.188768
13646         69     16     346  189.962547 -156.037453
13647         69     17     345  193.025858 -151.974142
13648         69     18     344  184.899484 -159.100516
13649         69     19     343  182.698350 -160.301650
13650         69     20     342  186.072652 -155.927348
13651         69     21     341  177.886811 -163.113189
13652         69     22     340  187.096039 -152.903961
13653         69     23     339  194.285666 -144.714334
13654         69     24     338  180.097860 -157.902140
13655         69     25     337  181.312984 -155.687016
13656         69     26     336  182.283000 -153.717000
13657         69     27     335  183.369121 -151.630879
13658         69     28     334  187.475023 -146.524977
13659         69     29     333  182.860864 -150.139136
13660         69     30     332  175.245444 -156.754556
13661         69     31     331  186.818200 -144.181800
13662         69     32     330  177.605245 -152.394755
13663         69     33     329  184.289497 -144.710503
13664         69     34     328  159.916093 -168.083907
13665         69     35     327  175.160632 -151.839368
13666         69     36     326  180.442015 -145.557985
13667         69     37     325  172.227744 -152.772256
13668         69     38     324  170.181105 -153.818895
13669         69     39     323  162.639495 -160.360505
13670         69     40     322  175.158456 -146.841544
13671         69     41     321  175.935111 -145.064889
13672         69     42     320  162.433236 -157.566764
13673         69     43     319  147.495662 -171.504338
13674         69     44     318  159.888564 -158.111436
13675         69     45     317  142.140414 -174.859586
13676         69     46     316  169.507091 -146.492909
13677         69     47     315  171.898652 -143.101348
13678         69     48     314  164.985341 -149.014659
13679         69     49     313  168.059577 -144.940423
13680         69     50     312  160.386449 -151.613551
13681         69     51     311  146.853747 -164.146253
13682         69     52     310  150.557868 -159.442132
13683         69     53     309  151.211819 -157.788181
13684         69     54     308  155.463427 -152.536573
13685         69     55     307  156.075589 -150.924411
13686         69     56     306  160.184971 -145.815029
13687         69     57     305  137.572453 -167.427547
13688         69     58     304  153.975579 -150.024421
13689         69     59     303  149.413244 -153.586756
13690         69     60     302  139.189241 -162.810759
13691         69     61     301  143.508487 -157.491513
13692         69     62     300  150.859961 -149.140039
13693         69     63     299  148.731351 -150.268649
13694         69     64     298  149.403528 -148.596472
13695         69     65     297  143.224015 -153.775985
13696         69     66     296  146.190714 -149.809286
13697         69     67     295  146.070029 -148.929971
13698         69     68     294  154.389977 -139.610023
13699         69     69     293  150.345309 -142.654691
13700         69     70     292  135.739104 -156.260896
13701         69     71     291  143.753358 -147.246642
13702         69     72     290  154.031002 -135.968998
13703         69     73     289  148.229724 -140.770276
13704         69     74     288  139.825013 -148.174987
13705         69     75     287  150.389649 -136.610351
13706         69     76     286  152.727779 -133.272221
13707         69     77     285  156.638799 -128.361201
13708         69     78     284  150.732413 -133.267587
13709         69     79     283  160.285890 -122.714110
13710         69     80     282  152.772806 -129.227194
13711         69     81     281  151.079602 -129.920398
13712         69     82     280  152.054788 -127.945212
13713         69     83     279  154.231521 -124.768479
13714         69     84     278  144.197310 -133.802690
13715         69     85     277  141.054973 -135.945027
13716         69     86     276  144.226365 -131.773635
13717         69     87     275  140.239305 -134.760695
13718         69     88     274  149.286617 -124.713383
13719         69     89     273  131.769120 -141.230880
13720         69     90     272  140.031203 -131.968797
13721         69     91     271  141.497964 -129.502036
13722         69     92     270  132.823645 -137.176355
13723         69     93     269  131.396342 -137.603658
13724         69     94     268  142.209018 -125.790982
13725         69     95     267  120.957467 -146.042533
13726         69     96     266  133.225920 -132.774080
13727         69     97     265  135.785954 -129.214046
13728         69     98     264  126.989436 -137.010564
13729         69     99     263  141.936388 -121.063612
13730         69    100     262  133.764839 -128.235161
13731         69    101     261  137.894611 -123.105389
13732         69    102     260  125.162197 -134.837803
13733         69    103     259  130.774491 -128.225509
13734         69    104     258  120.422077 -137.577923
13735         69    105     257  133.391348 -123.608652
13736         69    106     256  130.817160 -125.182840
13737         69    107     255  134.171104 -120.828896
13738         69    108     254  128.279642 -125.720358
13739         69    109     253  131.048975 -121.951025
13740         69    110     252  131.518463 -120.481537
13741         69    111     251  128.106015 -122.893985
13742         69    112     250  120.682842 -129.317158
13743         69    113     249  124.443194 -124.556806
13744         69    114     248  123.824114 -124.175886
13745         69    115     247  117.208573 -129.791427
13746         69    116     246  130.181370 -115.818630
13747         69    117     245  130.398444 -114.601556
13748         69    118     244  126.107311 -117.892689
13749         69    119     243  115.130765 -127.869235
13750         69    120     242  122.507544 -119.492456
13751         69    121     241  121.329863 -119.670137
13752         69    122     240  136.453365 -103.546635
13753         69    123     239  126.762010 -112.237990
13754         69    124     238  119.578054 -118.421946
13755         69    125     237  122.803838 -114.196162
13756         69    126     236  119.195691 -116.804309
13757         69    127     235  125.042501 -109.957499
13758         69    128     234  132.032885 -101.967115
13759         69    129     233  113.951311 -119.048689
13760         69    130     232  117.182602 -114.817398
13761         69    131     231  117.815912 -113.184088
13762         69    132     230  129.842617 -100.157383
13763         69    133     229  116.887590 -112.112410
13764         69    134     228  123.469586 -104.530414
13765         69    135     227  130.884556  -96.115444
13766         69    136     226  123.971540 -102.028460
13767         69    137     225  124.125930 -100.874070
13768         69    138     224  130.764065  -93.235935
13769         69    139     223  125.599987  -97.400013
13770         69    140     222  108.863084 -113.136916
13771         69    141     221  114.611303 -106.388697
13772         69    142     220  116.853832 -103.146168
13773         69    143     219  128.316082  -90.683918
13774         69    144     218  114.618854 -103.381146
13775         69    145     217  131.598651  -85.401349
13776         69    146     216  123.059498  -92.940502
13777         69    147     215  116.303649  -98.696351
13778         69    148     214  119.023923  -94.976077
13779         69    149     213  104.911593 -108.088407
13780         69    150     212  108.084520 -103.915480
13781         69    151     211  122.287530  -88.712470
13782         69    152     210  112.291345  -97.708655
13783         69    153     209  112.093993  -96.906007
13784         69    154     208  130.865951  -77.134049
13785         69    155     207  118.489471  -88.510529
13786         69    156     206  110.356958  -95.643042
13787         69    157     205  115.782940  -89.217060
13788         69    158     204  112.061701  -91.938299
13789         69    159     203  106.402206  -96.597794
13790         69    160     202  114.177244  -87.822756
13791         69    161     201  109.927266  -91.072734
13792         69    162     200  113.225352  -86.774648
13793         69    163     199  109.314007  -89.685993
13794         69    164     198  116.132300  -81.867700
13795         69    165     197  107.926115  -89.073885
13796         69    166     196  109.241406  -86.758594
13797         69    167     195  106.092553  -88.907447
13798         69    168     194  109.442249  -84.557751
13799         69    169     193  113.230026  -79.769974
13800         69    170     192  118.453243  -73.546757
13801         69    171     191  106.264241  -84.735759
13802         69    172     190  105.351108  -84.648892
13803         69    173     189  108.405878  -80.594122
13804         69    174     188  114.286674  -73.713326
13805         69    175     187  123.205052  -63.794948
13806         69    176     186  106.199830  -79.800170
13807         69    177     185  110.098572  -74.901428
13808         69    178     184  114.418719  -69.581281
13809         69    179     183  107.808279  -75.191721
13810         69    180     182  105.621758  -76.378242
13811         69    181     181  107.863649  -73.136351
13812         69    182     180  115.350070  -64.649930
13813         69    183     179  117.006077  -61.993923
13814         69    184     178  120.701929  -57.298071
13815         69    185     177  108.129175  -68.870825
13816         69    186     176  116.060042  -59.939958
13817         69    187     175  106.470202  -68.529798
13818         69    188     174  107.852437  -66.147563
13819         69    189     173  110.570816  -62.429184
13820         69    190     172  109.725731  -62.274269
13821         69    191     171  107.307430  -63.692570
13822         69    192     170  104.780726  -65.219274
13823         69    193     169  100.593430  -68.406570
13824         69    194     168  108.795525  -59.204475
13825         69    195     167  111.658198  -55.341802
13826         69    196     166  112.070528  -53.929472
13827         69    197     165  105.165498  -59.834502
13828         69    198     164  100.297386  -63.702614
13829         69    199     163  103.115358  -59.884642
13830         69    200     162  106.562176  -55.437824
13831         69    201     161  114.237350  -46.762650
13832         69    202     160  112.795272  -47.204728
13833         69    203     159  107.592847  -51.407153
13834         69    204     158  107.006166  -50.993834
13835         69    205     157  105.267326  -51.732674
13836         69    206     156  121.842389  -34.157611
13837         69    207     155  106.339525  -48.660475
13838         69    208     154  103.760338  -50.239662
13839         69    209     153  108.733762  -44.266238
13840         69    210     152  105.918829  -46.081171
13841         69    211     151  111.633208  -39.366792
13842         69    212     150  109.834383  -40.165617
13843         69    213     149  114.484046  -34.515954
13844         69    214     148  112.500765  -35.499235
13845         69    215     147  110.455800  -36.544200
13846         69    216     146  112.978911  -33.021089
13847         69    217     145  108.508052  -36.491948
13848         69    218     144  112.535698  -31.464302
13849         69    219     143  113.360848  -29.639152
13850         69    220     142  108.917881  -33.082119
13851         69    221     141  113.399141  -27.600859
13852         69    222     140  115.907253  -24.092747
13853         69    223     139  100.550844  -38.449156
13854         69    224     138  118.881139  -19.118861
13855         69    225     137  115.891600  -21.108400
13856         69    226     136  115.596165  -20.403835
13857         69    227     135  116.550678  -18.449322
13858         69    228     134  122.820939  -11.179061
13859         69    229     133  114.438014  -18.561986
13860         69    230     132  128.596311   -3.403689
13861         69    231     131  100.122396  -30.877604
13862         69    232     130  119.571600  -10.428400
13863         69    233     129  113.993238  -15.006762
13864         69    234     128  113.947234  -14.052766
13865         69    235     127  111.144801  -15.855199
13866         69    236     126  120.621893   -5.378107
13867         69    237     125  114.395926  -10.604074
13868         69    238     124  125.796912    1.796912
13869         69    239     123  109.990716  -13.009284
13870         69    240     122  105.754271  -16.245729
13871         69    241     121  111.764218   -9.235782
13872         69    242     120  110.528891   -9.471109
13873         69    243     119  111.346511   -7.653489
13874         69    244     118  114.519854   -3.480146
13875         69    245     117  116.267248   -0.732752
13876         69    246     116  107.328199   -8.671801
13877         69    247     115  107.084535   -7.915465
13878         69    248     114  109.930497   -4.069503
13879         69    249     113  108.811943   -4.188057
13880         69    250     112  110.053181   -1.946819
13881         69    251     111  112.785559    1.785559
13882         69    252     110   98.207896  -11.792104
13883         69    253     109  101.205744   -7.794256
13884         69    254     108   96.679108  -11.320892
13885         69    255     107  103.474772   -3.525228
13886         69    256     106  104.701230   -1.298770
13887         69    257     105   96.682391   -8.317609
13888         69    258     104  104.881572    0.881572
13889         69    259     103   90.174782  -12.825218
13890         69    260     102  101.987824   -0.012176
13891         69    261     101  106.714376    5.714376
13892         69    262     100  100.961785    0.961785
13893         69    263      99  104.285347    5.285347
13894         69    264      98   96.006503   -1.993497
13895         69    265      97   94.678814   -2.321186
13896         69    266      96  104.488399    8.488399
13897         69    267      95   93.846760   -1.153240
13898         69    268      94   96.959943    2.959943
13899         69    269      93   97.919099    4.919099
13900         69    270      92   82.943386   -9.056614
13901         69    271      91   90.333952   -0.666048
13902         69    272      90   86.488272   -3.511728
13903         69    273      89   97.919413    8.919413
13904         69    274      88   86.353335   -1.646665
13905         69    275      87   82.645551   -4.354449
13906         69    276      86   76.660266   -9.339734
13907         69    277      85   77.184985   -7.815015
13908         69    278      84   88.576281    4.576281
13909         69    279      83   82.021060   -0.978940
13910         69    280      82   88.302700    6.302700
13911         69    281      81   85.211093    4.211093
13912         69    282      80   87.288012    7.288012
13913         69    283      79   89.785653   10.785653
13914         69    284      78   81.721493    3.721493
13915         69    285      77   78.658137    1.658137
13916         69    286      76   81.216408    5.216408
13917         69    287      75   79.019984    4.019984
13918         69    288      74   75.540570    1.540570
13919         69    289      73   94.816890   21.816890
13920         69    290      72   81.521942    9.521942
13921         69    291      71   72.467230    1.467230
13922         69    292      70   76.404276    6.404276
13923         69    293      69   73.735965    4.735965
13924         69    294      68   62.352504   -5.647496
13925         69    295      67   65.948930   -1.051070
13926         69    296      66   69.369834    3.369834
13927         69    297      65   71.910068    6.910068
13928         69    298      64   70.815946    6.815946
13929         69    299      63   65.756625    2.756625
13930         69    300      62   65.768151    3.768151
13931         69    301      61   74.612030   13.612030
13932         69    302      60   61.722206    1.722206
13933         69    303      59   62.682681    3.682681
13934         69    304      58   65.317638    7.317638
13935         69    305      57   74.541334   17.541334
13936         69    306      56   60.856845    4.856845
13937         69    307      55   76.314748   21.314748
13938         69    308      54   64.765089   10.765089
13939         69    309      53   59.857299    6.857299
13940         69    310      52   70.663244   18.663244
13941         69    311      51   63.369629   12.369629
13942         69    312      50   52.670184    2.670184
13943         69    313      49   56.476846    7.476846
13944         69    314      48   55.782581    7.782581
13945         69    315      47   47.652696    0.652696
13946         69    316      46   52.958808    6.958808
13947         69    317      45   63.516072   18.516072
13948         69    318      44   54.159385   10.159385
13949         69    319      43   52.661238    9.661238
13950         69    320      42   53.357027   11.357027
13951         69    321      41   46.977965    5.977965
13952         69    322      40   47.673586    7.673586
13953         69    323      39   44.462619    5.462619
13954         69    324      38   43.611707    5.611707
13955         69    325      37   55.518441   18.518441
13956         69    326      36   48.722617   12.722617
13957         69    327      35   45.796554   10.796554
13958         69    328      34   43.833920    9.833920
13959         69    329      33   44.514155   11.514155
13960         69    330      32   42.237925   10.237925
13961         69    331      31   44.444649   13.444649
13962         69    332      30   39.267964    9.267964
13963         69    333      29   40.610723   11.610723
13964         69    334      28   32.974142    4.974142
13965         69    335      27   41.977303   14.977303
13966         69    336      26   24.770929   -1.229071
13967         69    337      25   30.340016    5.340016
13968         69    338      24   30.966496    6.966496
13969         69    339      23   24.349117    1.349117
13970         69    340      22   28.671823    6.671823
13971         69    341      21   30.838402    9.838402
13972         69    342      20   35.415175   15.415175
13973         69    343      19   20.488081    1.488081
13974         69    344      18   29.351223   11.351223
13975         69    345      17   21.525278    4.525278
13976         69    346      16   19.970367    3.970367
13977         69    347      15   15.243979    0.243979
13978         69    348      14   18.618009    4.618009
13979         69    349      13   18.709174    5.709174
13980         69    350      12   19.357694    7.357694
13981         69    351      11   17.707336    6.707336
13982         69    352      10   13.955108    3.955108
13983         69    353       9   13.923924    4.923924
13984         69    354       8   16.772950    8.772950
13985         69    355       7   18.312891   11.312891
13986         69    356       6   17.509257   11.509257
13987         69    357       5   17.419616   12.419616
13988         69    358       4    7.455349    3.455349
13989         69    359       3    8.257252    5.257252
13990         69    360       2   10.982891    8.982891
13991         69    361       1    3.201611    2.201611
13992         69    362       0    7.508275    7.508275
13993         70      1     136  213.515951   77.515951
13994         70      2     135  191.063762   56.063762
13995         70      3     134  202.455228   68.455228
13996         70      4     133  196.878515   63.878515
13997         70      5     132  206.237801   74.237801
13998         70      6     131  193.184957   62.184957
13999         70      7     130  193.074784   63.074784
14000         70      8     129  187.560445   58.560445
14001         70      9     128  184.689257   56.689257
14002         70     10     127  193.394759   66.394759
14003         70     11     126  177.521203   51.521203
14004         70     12     125  177.286170   52.286170
14005         70     13     124  178.712242   54.712242
14006         70     14     123  190.284297   67.284297
14007         70     15     122  169.847280   47.847280
14008         70     16     121  181.883156   60.883156
14009         70     17     120  167.726860   47.726860
14010         70     18     119  177.361618   58.361618
14011         70     19     118  177.083503   59.083503
14012         70     20     117  191.290039   74.290039
14013         70     21     116  179.225927   63.225927
14014         70     22     115  171.583010   56.583010
14015         70     23     114  167.867622   53.867622
14016         70     24     113  167.488743   54.488743
14017         70     25     112  165.086958   53.086958
14018         70     26     111  171.065758   60.065758
14019         70     27     110  169.218326   59.218326
14020         70     28     109  145.681941   36.681941
14021         70     29     108  176.111453   68.111453
14022         70     30     107  159.615564   52.615564
14023         70     31     106  169.534941   63.534941
14024         70     32     105  161.829166   56.829166
14025         70     33     104  139.974819   35.974819
14026         70     34     103  157.238532   54.238532
14027         70     35     102  151.646088   49.646088
14028         70     36     101  157.445713   56.445713
14029         70     37     100  154.151944   54.151944
14030         70     38      99  155.502218   56.502218
14031         70     39      98  145.664647   47.664647
14032         70     40      97  164.590715   67.590715
14033         70     41      96  152.687599   56.687599
14034         70     42      95  154.887960   59.887960
14035         70     43      94  156.634859   62.634859
14036         70     44      93  152.412591   59.412591
14037         70     45      92  139.673397   47.673397
14038         70     46      91  151.747864   60.747864
14039         70     47      90  129.740069   39.740069
14040         70     48      89  137.586618   48.586618
14041         70     49      88  149.038966   61.038966
14042         70     50      87  147.968198   60.968198
14043         70     51      86  136.596688   50.596688
14044         70     52      85  140.877701   55.877701
14045         70     53      84  137.211968   53.211968
14046         70     54      83  131.455839   48.455839
14047         70     55      82  146.319587   64.319587
14048         70     56      81  130.393356   49.393356
14049         70     57      80  134.332773   54.332773
14050         70     58      79  123.793158   44.793158
14051         70     59      78  140.448319   62.448319
14052         70     60      77  122.041077   45.041077
14053         70     61      76  139.933247   63.933247
14054         70     62      75  126.851974   51.851974
14055         70     63      74  133.004754   59.004754
14056         70     64      73  119.820982   46.820982
14057         70     65      72  132.908902   60.908902
14058         70     66      71  122.022632   51.022632
14059         70     67      70  124.445786   54.445786
14060         70     68      69  116.930314   47.930314
14061         70     69      68  122.005971   54.005971
14062         70     70      67  111.508738   44.508738
14063         70     71      66  115.548790   49.548790
14064         70     72      65  106.456197   41.456197
14065         70     73      64  107.852656   43.852656
14066         70     74      63  109.369619   46.369619
14067         70     75      62  107.172482   45.172482
14068         70     76      61  103.029776   42.029776
14069         70     77      60  102.463335   42.463335
14070         70     78      59  100.479807   41.479807
14071         70     79      58  107.044570   49.044570
14072         70     80      57  102.302629   45.302629
14073         70     81      56  100.706622   44.706622
14074         70     82      55   99.470970   44.470970
14075         70     83      54  103.299544   49.299544
14076         70     84      53   99.154709   46.154709
14077         70     85      52  102.314718   50.314718
14078         70     86      51  105.680533   54.680533
14079         70     87      50   97.091307   47.091307
14080         70     88      49   91.916474   42.916474
14081         70     89      48   97.674860   49.674860
14082         70     90      47   88.843968   41.843968
14083         70     91      46   87.277544   41.277544
14084         70     92      45   85.369638   40.369638
14085         70     93      44   81.506519   37.506519
14086         70     94      43   83.317780   40.317780
14087         70     95      42   77.715159   35.715159
14088         70     96      41   72.363554   31.363554
14089         70     97      40   68.504038   28.504038
14090         70     98      39   67.145908   28.145908
14091         70     99      38   66.007100   28.007100
14092         70    100      37   58.898282   21.898282
14093         70    101      36   60.826067   24.826067
14094         70    102      35   57.512796   22.512796
14095         70    103      34   54.845294   20.845294
14096         70    104      33   57.757672   24.757672
14097         70    105      32   52.825019   20.825019
14098         70    106      31   56.294754   25.294754
14099         70    107      30   49.186026   19.186026
14100         70    108      29   43.301174   14.301174
14101         70    109      28   40.853149   12.853149
14102         70    110      27   42.057309   15.057309
14103         70    111      26   41.953191   15.953191
14104         70    112      25   33.711768    8.711768
14105         70    113      24   35.738168   11.738168
14106         70    114      23   33.276117   10.276117
14107         70    115      22   29.184546    7.184546
14108         70    116      21   30.235025    9.235025
14109         70    117      20   27.143338    7.143338
14110         70    118      19   27.004323    8.004323
14111         70    119      18   25.377987    7.377987
14112         70    120      17   21.889253    4.889253
14113         70    121      16   17.597166    1.597166
14114         70    122      15   17.817047    2.817047
14115         70    123      14   16.729967    2.729967
14116         70    124      13   15.657946    2.657946
14117         70    125      12   12.816980    0.816980
14118         70    126      11    7.911075   -3.088925
14119         70    127      10    6.455817   -3.544183
14120         70    128       9    1.435820   -7.564180
14121         70    129       8   -2.163983  -10.163983
14122         70    130       7   -3.218238  -10.218238
14123         70    131       6  -13.304344  -19.304344
14124         70    132       5   -9.209516  -14.209516
14125         70    133       4  -15.043087  -19.043087
14126         70    134       3   -8.680235  -11.680235
14127         70    135       2  -18.601361  -20.601361
14128         70    136       1  -11.567287  -12.567287
14129         70    137       0  -22.698948  -22.698948
14130         71      1     207  198.073777   -8.926223
14131         71      2     206  190.556736  -15.443264
14132         71      3     205  200.181361   -4.818639
14133         71      4     204  192.095678  -11.904322
14134         71      5     203  206.568992    3.568992
14135         71      6     202  196.945228   -5.054772
14136         71      7     201  219.925188   18.925188
14137         71      8     200  190.154855   -9.845145
14138         71      9     199  213.944238   14.944238
14139         71     10     198  191.716074   -6.283926
14140         71     11     197  192.086487   -4.913513
14141         71     12     196  182.244873  -13.755127
14142         71     13     195  195.859681    0.859681
14143         71     14     194  185.082329   -8.917671
14144         71     15     193  184.673887   -8.326113
14145         71     16     192  196.993910    4.993910
14146         71     17     191  171.801148  -19.198852
14147         71     18     190  173.030725  -16.969275
14148         71     19     189  191.709173    2.709173
14149         71     20     188  183.994598   -4.005402
14150         71     21     187  179.471209   -7.528791
14151         71     22     186  186.565842    0.565842
14152         71     23     185  170.587573  -14.412427
14153         71     24     184  169.102989  -14.897011
14154         71     25     183  169.248085  -13.751915
14155         71     26     182  180.604128   -1.395872
14156         71     27     181  161.703431  -19.296569
14157         71     28     180  155.332905  -24.667095
14158         71     29     179  164.313619  -14.686381
14159         71     30     178  175.948264   -2.051736
14160         71     31     177  156.833954  -20.166046
14161         71     32     176  166.201559   -9.798441
14162         71     33     175  159.406272  -15.593728
14163         71     34     174  163.109430  -10.890570
14164         71     35     173  162.914654  -10.085346
14165         71     36     172  147.927517  -24.072483
14166         71     37     171  152.734857  -18.265143
14167         71     38     170  160.535920   -9.464080
14168         71     39     169  148.026363  -20.973637
14169         71     40     168  153.778306  -14.221694
14170         71     41     167  148.034044  -18.965956
14171         71     42     166  154.535534  -11.464466
14172         71     43     165  148.458772  -16.541228
14173         71     44     164  157.767348   -6.232652
14174         71     45     163  134.539533  -28.460467
14175         71     46     162  140.865106  -21.134894
14176         71     47     161  138.501664  -22.498336
14177         71     48     160  141.911696  -18.088304
14178         71     49     159  145.569074  -13.430926
14179         71     50     158  141.273574  -16.726426
14180         71     51     157  134.350350  -22.649650
14181         71     52     156  124.113170  -31.886830
14182         71     53     155  140.578401  -14.421599
14183         71     54     154  135.394435  -18.605565
14184         71     55     153  133.794511  -19.205489
14185         71     56     152  133.000697  -18.999303
14186         71     57     151  135.387523  -15.612477
14187         71     58     150  143.104487   -6.895513
14188         71     59     149  129.402379  -19.597621
14189         71     60     148  133.689218  -14.310782
14190         71     61     147  138.531652   -8.468348
14191         71     62     146  129.713091  -16.286909
14192         71     63     145  126.101494  -18.898506
14193         71     64     144  131.411572  -12.588428
14194         71     65     143  127.448084  -15.551916
14195         71     66     142  127.097534  -14.902466
14196         71     67     141  138.623208   -2.376792
14197         71     68     140  133.336165   -6.663835
14198         71     69     139  125.164277  -13.835723
14199         71     70     138  142.916164    4.916164
14200         71     71     137  126.009700  -10.990300
14201         71     72     136  114.817454  -21.182546
14202         71     73     135  122.635866  -12.364134
14203         71     74     134  121.379730  -12.620270
14204         71     75     133  113.968440  -19.031560
14205         71     76     132  107.232736  -24.767264
14206         71     77     131  117.299474  -13.700526
14207         71     78     130  118.016097  -11.983903
14208         71     79     129  121.555687   -7.444313
14209         71     80     128  108.343495  -19.656505
14210         71     81     127  100.933028  -26.066972
14211         71     82     126  110.737489  -15.262511
14212         71     83     125  104.116329  -20.883671
14213         71     84     124  107.734377  -16.265623
14214         71     85     123  102.616336  -20.383664
14215         71     86     122  113.751293   -8.248707
14216         71     87     121  111.412139   -9.587861
14217         71     88     120  110.248176   -9.751824
14218         71     89     119  111.559395   -7.440605
14219         71     90     118  113.832743   -4.167257
14220         71     91     117  102.260031  -14.739969
14221         71     92     116  108.249311   -7.750689
14222         71     93     115   96.235090  -18.764910
14223         71     94     114  105.967314   -8.032686
14224         71     95     113  112.957565   -0.042435
14225         71     96     112  102.433008   -9.566992
14226         71     97     111  100.517217  -10.482783
14227         71     98     110  110.238631    0.238631
14228         71     99     109  107.051102   -1.948898
14229         71    100     108  111.481989    3.481989
14230         71    101     107  103.085279   -3.914721
14231         71    102     106  106.986013    0.986013
14232         71    103     105   95.926938   -9.073062
14233         71    104     104  103.381342   -0.618658
14234         71    105     103  103.640091    0.640091
14235         71    106     102  102.887923    0.887923
14236         71    107     101  103.358884    2.358884
14237         71    108     100  109.849017    9.849017
14238         71    109      99  104.034285    5.034285
14239         71    110      98   96.589614   -1.410386
14240         71    111      97  105.472771    8.472771
14241         71    112      96   97.602165    1.602165
14242         71    113      95   99.183564    4.183564
14243         71    114      94   97.762698    3.762698
14244         71    115      93   92.673667   -0.326333
14245         71    116      92   91.931045   -0.068955
14246         71    117      91   95.162024    4.162024
14247         71    118      90   85.084214   -4.915786
14248         71    119      89  100.819673   11.819673
14249         71    120      88  100.928478   12.928478
14250         71    121      87   91.901275    4.901275
14251         71    122      86   88.650839    2.650839
14252         71    123      85   79.620443   -5.379557
14253         71    124      84   88.941410    4.941410
14254         71    125      83   87.143348    4.143348
14255         71    126      82   84.676493    2.676493
14256         71    127      81   78.656332   -2.343668
14257         71    128      80   79.338839   -0.661161
14258         71    129      79   87.537328    8.537328
14259         71    130      78   81.239439    3.239439
14260         71    131      77   88.608282   11.608282
14261         71    132      76   82.350707    6.350707
14262         71    133      75   74.868714   -0.131286
14263         71    134      74   83.617508    9.617508
14264         71    135      73   76.316223    3.316223
14265         71    136      72   77.668332    5.668332
14266         71    137      71   77.749383    6.749383
14267         71    138      70   77.462598    7.462598
14268         71    139      69   76.184741    7.184741
14269         71    140      68   83.283470   15.283470
14270         71    141      67   75.742615    8.742615
14271         71    142      66   77.489822   11.489822
14272         71    143      65   68.694556    3.694556
14273         71    144      64   77.654288   13.654288
14274         71    145      63   76.341049   13.341049
14275         71    146      62   71.205617    9.205617
14276         71    147      61   70.064744    9.064744
14277         71    148      60   68.676201    8.676201
14278         71    149      59   70.932586   11.932586
14279         71    150      58   71.345551   13.345551
14280         71    151      57   67.396328   10.396328
14281         71    152      56   61.969782    5.969782
14282         71    153      55   67.291610   12.291610
14283         71    154      54   63.695721    9.695721
14284         71    155      53   56.134026    3.134026
14285         71    156      52   62.982306   10.982306
14286         71    157      51   62.411277   11.411277
14287         71    158      50   59.611495    9.611495
14288         71    159      49   54.721496    5.721496
14289         71    160      48   52.924417    4.924417
14290         71    161      47   53.399295    6.399295
14291         71    162      46   56.004481   10.004481
14292         71    163      45   53.339916    8.339916
14293         71    164      44   60.808403   16.808403
14294         71    165      43   51.396308    8.396308
14295         71    166      42   49.322612    7.322612
14296         71    167      41   49.100997    8.100997
14297         71    168      40   49.275434    9.275434
14298         71    169      39   48.029882    9.029882
14299         71    170      38   51.411970   13.411970
14300         71    171      37   50.962709   13.962709
14301         71    172      36   44.530037    8.530037
14302         71    173      35   39.934053    4.934053
14303         71    174      34   41.191440    7.191440
14304         71    175      33   37.982854    4.982854
14305         71    176      32   36.931680    4.931680
14306         71    177      31   37.826314    6.826314
14307         71    178      30   32.470675    2.470675
14308         71    179      29   29.146424    0.146424
14309         71    180      28   25.544937   -2.455063
14310         71    181      27   27.323886    0.323886
14311         71    182      26   19.580192   -6.419808
14312         71    183      25   22.059832   -2.940168
14313         71    184      24   16.210073   -7.789927
14314         71    185      23   14.421176   -8.578824
14315         71    186      22   13.265507   -8.734493
14316         71    187      21   11.379761   -9.620239
14317         71    188      20   10.612997   -9.387003
14318         71    189      19    8.348733  -10.651267
14319         71    190      18   11.365277   -6.634723
14320         71    191      17   21.741454    4.741454
14321         71    192      16    9.102317   -6.897683
14322         71    193      15    9.533197   -5.466803
14323         71    194      14    8.456388   -5.543612
14324         71    195      13    5.553467   -7.446533
14325         71    196      12   11.449073   -0.550927
14326         71    197      11    4.027141   -6.972859
14327         71    198      10    1.334827   -8.665173
14328         71    199       9    2.191644   -6.808356
14329         71    200       8    5.978477   -2.021523
14330         71    201       7    9.041417    2.041417
14331         71    202       6    4.302019   -1.697981
14332         71    203       5    1.392845   -3.607155
14333         71    204       4   -0.632594   -4.632594
14334         71    205       3   -3.752997   -6.752997
14335         71    206       2    9.006476    7.006476
14336         71    207       1    4.412714    3.412714
14337         71    208       0    8.902601    8.902601
14338         72      1     212  204.505275   -7.494725
14339         72      2     211  185.994689  -25.005311
14340         72      3     210  185.089699  -24.910301
14341         72      4     209  194.667098  -14.332902
14342         72      5     208  194.406903  -13.593097
14343         72      6     207  194.863246  -12.136754
14344         72      7     206  201.227377   -4.772623
14345         72      8     205  194.612554  -10.387446
14346         72      9     204  208.097560    4.097560
14347         72     10     203  199.520365   -3.479635
14348         72     11     202  200.772692   -1.227308
14349         72     12     201  200.622616   -0.377384
14350         72     13     200  195.661958   -4.338042
14351         72     14     199  208.603747    9.603747
14352         72     15     198  196.705369   -1.294631
14353         72     16     197  194.787355   -2.212645
14354         72     17     196  181.505944  -14.494056
14355         72     18     195  206.645989   11.645989
14356         72     19     194  185.774734   -8.225266
14357         72     20     193  196.059091    3.059091
14358         72     21     192  183.703986   -8.296014
14359         72     22     191  191.848314    0.848314
14360         72     23     190  203.493129   13.493129
14361         72     24     189  184.517135   -4.482865
14362         72     25     188  190.598258    2.598258
14363         72     26     187  184.792269   -2.207731
14364         72     27     186  197.297955   11.297955
14365         72     28     185  190.090417    5.090417
14366         72     29     184  173.030839  -10.969161
14367         72     30     183  180.172867   -2.827133
14368         72     31     182  180.367220   -1.632780
14369         72     32     181  186.801019    5.801019
14370         72     33     180  174.440661   -5.559339
14371         72     34     179  180.182493    1.182493
14372         72     35     178  177.994497   -0.005503
14373         72     36     177  179.940758    2.940758
14374         72     37     176  165.785557  -10.214443
14375         72     38     175  176.864797    1.864797
14376         72     39     174  174.214660    0.214660
14377         72     40     173  178.085070    5.085070
14378         72     41     172  169.426635   -2.573365
14379         72     42     171  160.086086  -10.913914
14380         72     43     170  172.365059    2.365059
14381         72     44     169  170.272150    1.272150
14382         72     45     168  162.058192   -5.941808
14383         72     46     167  160.013696   -6.986304
14384         72     47     166  173.998846    7.998846
14385         72     48     165  163.803880   -1.196120
14386         72     49     164  154.031791   -9.968209
14387         72     50     163  166.246040    3.246040
14388         72     51     162  169.173040    7.173040
14389         72     52     161  155.984562   -5.015438
14390         72     53     160  156.364165   -3.635835
14391         72     54     159  150.561484   -8.438516
14392         72     55     158  151.980592   -6.019408
14393         72     56     157  153.126433   -3.873567
14394         72     57     156  147.151832   -8.848168
14395         72     58     155  152.426639   -2.573361
14396         72     59     154  145.951677   -8.048323
14397         72     60     153  149.567368   -3.432632
14398         72     61     152  146.541665   -5.458335
14399         72     62     151  146.251601   -4.748399
14400         72     63     150  156.419552    6.419552
14401         72     64     149  156.591735    7.591735
14402         72     65     148  142.292799   -5.707201
14403         72     66     147  146.361549   -0.638451
14404         72     67     146  163.199233   17.199233
14405         72     68     145  146.941593    1.941593
14406         72     69     144  168.572237   24.572237
14407         72     70     143  147.053582    4.053582
14408         72     71     142  147.517341    5.517341
14409         72     72     141  154.935627   13.935627
14410         72     73     140  136.535493   -3.464507
14411         72     74     139  155.228440   16.228440
14412         72     75     138  136.146378   -1.853622
14413         72     76     137  139.456786    2.456786
14414         72     77     136  132.079121   -3.920879
14415         72     78     135  137.895420    2.895420
14416         72     79     134  120.040048  -13.959952
14417         72     80     133  143.761088   10.761088
14418         72     81     132  149.264500   17.264500
14419         72     82     131  122.239703   -8.760297
14420         72     83     130  127.231896   -2.768104
14421         72     84     129  145.355741   16.355741
14422         72     85     128  143.716429   15.716429
14423         72     86     127  139.778596   12.778596
14424         72     87     126  133.372182    7.372182
14425         72     88     125  122.606829   -2.393171
14426         72     89     124  136.979689   12.979689
14427         72     90     123  135.576203   12.576203
14428         72     91     122  138.332406   16.332406
14429         72     92     121  125.503745    4.503745
14430         72     93     120  126.258441    6.258441
14431         72     94     119  124.656018    5.656018
14432         72     95     118  126.746919    8.746919
14433         72     96     117  100.252177  -16.747823
14434         72     97     116  113.044608   -2.955392
14435         72     98     115  120.682051    5.682051
14436         72     99     114  117.143969    3.143969
14437         72    100     113  113.423446    0.423446
14438         72    101     112  108.968896   -3.031104
14439         72    102     111  107.647094   -3.352906
14440         72    103     110  107.387683   -2.612317
14441         72    104     109  105.601783   -3.398217
14442         72    105     108  103.209690   -4.790310
14443         72    106     107  111.778958    4.778958
14444         72    107     106  119.236822   13.236822
14445         72    108     105  107.744621    2.744621
14446         72    109     104  109.234525    5.234525
14447         72    110     103  116.525469   13.525469
14448         72    111     102  109.272322    7.272322
14449         72    112     101  109.756991    8.756991
14450         72    113     100  109.838964    9.838964
14451         72    114      99  107.615705    8.615705
14452         72    115      98  112.670147   14.670147
14453         72    116      97  108.910244   11.910244
14454         72    117      96  111.901591   15.901591
14455         72    118      95  116.679451   21.679451
14456         72    119      94   94.135323    0.135323
14457         72    120      93  110.613508   17.613508
14458         72    121      92  108.048719   16.048719
14459         72    122      91   91.802110    0.802110
14460         72    123      90  105.096910   15.096910
14461         72    124      89   95.013820    6.013820
14462         72    125      88  103.748879   15.748879
14463         72    126      87   99.905736   12.905736
14464         72    127      86   92.015110    6.015110
14465         72    128      85   98.198066   13.198066
14466         72    129      84  101.921565   17.921565
14467         72    130      83   84.299358    1.299358
14468         72    131      82   98.465175   16.465175
14469         72    132      81   94.634701   13.634701
14470         72    133      80   85.544410    5.544410
14471         72    134      79   90.187493   11.187493
14472         72    135      78   87.016370    9.016370
14473         72    136      77   96.485117   19.485117
14474         72    137      76   98.191471   22.191471
14475         72    138      75   83.909690    8.909690
14476         72    139      74   78.215401    4.215401
14477         72    140      73   79.368733    6.368733
14478         72    141      72   91.974488   19.974488
14479         72    142      71   78.008141    7.008141
14480         72    143      70   74.550654    4.550654
14481         72    144      69   75.925552    6.925552
14482         72    145      68   81.859698   13.859698
14483         72    146      67   69.405029    2.405029
14484         72    147      66   82.215209   16.215209
14485         72    148      65   89.423959   24.423959
14486         72    149      64   74.882870   10.882870
14487         72    150      63   89.901084   26.901084
14488         72    151      62   65.602188    3.602188
14489         72    152      61   69.608220    8.608220
14490         72    153      60   66.065961    6.065961
14491         72    154      59   70.066245   11.066245
14492         72    155      58   70.740208   12.740208
14493         72    156      57   66.555742    9.555742
14494         72    157      56   59.218704    3.218704
14495         72    158      55   63.845434    8.845434
14496         72    159      54   51.450233   -2.549767
14497         72    160      53   56.032569    3.032569
14498         72    161      52   51.825245   -0.174755
14499         72    162      51   50.430945   -0.569055
14500         72    163      50   53.903682    3.903682
14501         72    164      49   41.528573   -7.471427
14502         72    165      48   48.333458    0.333458
14503         72    166      47   47.457159    0.457159
14504         72    167      46   39.203113   -6.796887
14505         72    168      45   34.772868  -10.227132
14506         72    169      44   39.863281   -4.136719
14507         72    170      43   34.833742   -8.166258
14508         72    171      42   44.680031    2.680031
14509         72    172      41   43.086522    2.086522
14510         72    173      40   31.763093   -8.236907
14511         72    174      39   42.960610    3.960610
14512         72    175      38   29.232808   -8.767192
14513         72    176      37   36.103149   -0.896851
14514         72    177      36   26.594770   -9.405230
14515         72    178      35   34.094282   -0.905718
14516         72    179      34   25.811814   -8.188186
14517         72    180      33   28.135226   -4.864774
14518         72    181      32   24.688190   -7.311810
14519         72    182      31   31.188317    0.188317
14520         72    183      30   23.767996   -6.232004
14521         72    184      29   23.822199   -5.177801
14522         72    185      28   20.363936   -7.636064
14523         72    186      27   25.940028   -1.059972
14524         72    187      26   18.566072   -7.433928
14525         72    188      25   19.073186   -5.926814
14526         72    189      24   14.532362   -9.467638
14527         72    190      23   23.788491    0.788491
14528         72    191      22   14.513070   -7.486930
14529         72    192      21   17.854256   -3.145744
14530         72    193      20   16.122085   -3.877915
14531         72    194      19   16.985012   -2.014988
14532         72    195      18   10.076861   -7.923139
14533         72    196      17    9.679865   -7.320135
14534         72    197      16    6.397426   -9.602574
14535         72    198      15    8.977284   -6.022716
14536         72    199      14    5.251765   -8.748235
14537         72    200      13    1.961728  -11.038272
14538         72    201      12   -0.722898  -12.722898
14539         72    202      11   -1.971312  -12.971312
14540         72    203      10   -2.257161  -12.257161
14541         72    204       9   -5.135853  -14.135853
14542         72    205       8  -11.413662  -19.413662
14543         72    206       7   -5.464446  -12.464446
14544         72    207       6   12.682986    6.682986
14545         72    208       5  -16.097108  -21.097108
14546         72    209       4   -5.164135   -9.164135
14547         72    210       3  -11.966835  -14.966835
14548         72    211       2  -12.313027  -14.313027
14549         72    212       1  -11.638388  -12.638388
14550         72    213       0  -16.975098  -16.975098
14551         73      1     212  186.059472  -25.940528
14552         73      2     211  191.704238  -19.295762
14553         73      3     210  198.168845  -11.831155
14554         73      4     209  187.992846  -21.007154
14555         73      5     208  179.917747  -28.082253
14556         73      6     207  191.836688  -15.163312
14557         73      7     206  182.298420  -23.701580
14558         73      8     205  183.782124  -21.217876
14559         73      9     204  185.200179  -18.799821
14560         73     10     203  177.979264  -25.020736
14561         73     11     202  185.928393  -16.071607
14562         73     12     201  180.485699  -20.514301
14563         73     13     200  171.015694  -28.984306
14564         73     14     199  182.070152  -16.929848
14565         73     15     198  175.786430  -22.213570
14566         73     16     197  170.949931  -26.050069
14567         73     17     196  181.961143  -14.038857
14568         73     18     195  168.881265  -26.118735
14569         73     19     194  163.550525  -30.449475
14570         73     20     193  175.541299  -17.458701
14571         73     21     192  168.751159  -23.248841
14572         73     22     191  169.091826  -21.908174
14573         73     23     190  175.471025  -14.528975
14574         73     24     189  164.188930  -24.811070
14575         73     25     188  173.817123  -14.182877
14576         73     26     187  167.553374  -19.446626
14577         73     27     186  158.282563  -27.717437
14578         73     28     185  158.590854  -26.409146
14579         73     29     184  154.397860  -29.602140
14580         73     30     183  161.142697  -21.857303
14581         73     31     182  161.485329  -20.514671
14582         73     32     181  165.442783  -15.557217
14583         73     33     180  158.231257  -21.768743
14584         73     34     179  160.321214  -18.678786
14585         73     35     178  163.917876  -14.082124
14586         73     36     177  157.639639  -19.360361
14587         73     37     176  150.504665  -25.495335
14588         73     38     175  146.746831  -28.253169
14589         73     39     174  148.213756  -25.786244
14590         73     40     173  155.395662  -17.604338
14591         73     41     172  146.027126  -25.972874
14592         73     42     171  147.794290  -23.205710
14593         73     43     170  140.009240  -29.990760
14594         73     44     169  140.166586  -28.833414
14595         73     45     168  127.396890  -40.603110
14596         73     46     167  144.405375  -22.594625
14597         73     47     166  137.224641  -28.775359
14598         73     48     165  131.943732  -33.056268
14599         73     49     164  146.262664  -17.737336
14600         73     50     163  146.221044  -16.778956
14601         73     51     162  134.494733  -27.505267
14602         73     52     161  143.223719  -17.776281
14603         73     53     160  126.288418  -33.711582
14604         73     54     159  123.292640  -35.707360
14605         73     55     158  127.325474  -30.674526
14606         73     56     157  122.635807  -34.364193
14607         73     57     156  112.164794  -43.835206
14608         73     58     155  125.824481  -29.175519
14609         73     59     154  121.981958  -32.018042
14610         73     60     153  123.561492  -29.438508
14611         73     61     152  124.737532  -27.262468
14612         73     62     151  103.618862  -47.381138
14613         73     63     150  118.773160  -31.226840
14614         73     64     149  115.769182  -33.230818
14615         73     65     148  107.351636  -40.648364
14616         73     66     147  107.528936  -39.471064
14617         73     67     146  113.305308  -32.694692
14618         73     68     145  120.463759  -24.536241
14619         73     69     144  129.309481  -14.690519
14620         73     70     143  127.098395  -15.901605
14621         73     71     142  113.478492  -28.521508
14622         73     72     141  129.661007  -11.338993
14623         73     73     140  118.206802  -21.793198
14624         73     74     139  114.055230  -24.944770
14625         73     75     138  120.115415  -17.884585
14626         73     76     137  112.270952  -24.729048
14627         73     77     136  110.864549  -25.135451
14628         73     78     135  111.853261  -23.146739
14629         73     79     134  115.551638  -18.448362
14630         73     80     133  116.714418  -16.285582
14631         73     81     132  110.574919  -21.425081
14632         73     82     131  110.389774  -20.610226
14633         73     83     130  106.554057  -23.445943
14634         73     84     129  105.928954  -23.071046
14635         73     85     128  100.461093  -27.538907
14636         73     86     127  114.202820  -12.797180
14637         73     87     126  105.795102  -20.204898
14638         73     88     125  102.714899  -22.285101
14639         73     89     124  102.757293  -21.242707
14640         73     90     123  101.278466  -21.721534
14641         73     91     122   96.032885  -25.967115
14642         73     92     121  100.592288  -20.407712
14643         73     93     120  103.711563  -16.288437
14644         73     94     119   93.053542  -25.946458
14645         73     95     118  107.278477  -10.721523
14646         73     96     117   99.664893  -17.335107
14647         73     97     116  104.046927  -11.953073
14648         73     98     115  101.837952  -13.162048
14649         73     99     114   97.584090  -16.415910
14650         73    100     113   88.526738  -24.473262
14651         73    101     112   91.698254  -20.301746
14652         73    102     111  108.670009   -2.329991
14653         73    103     110   93.578854  -16.421146
14654         73    104     109  100.490450   -8.509550
14655         73    105     108   93.128003  -14.871997
14656         73    106     107   91.273449  -15.726551
14657         73    107     106   91.831179  -14.168821
14658         73    108     105   94.266400  -10.733600
14659         73    109     104   90.628922  -13.371078
14660         73    110     103   84.298720  -18.701280
14661         73    111     102   85.943677  -16.056323
14662         73    112     101   87.558688  -13.441312
14663         73    113     100   87.261069  -12.738931
14664         73    114      99   83.517138  -15.482862
14665         73    115      98   84.972700  -13.027300
14666         73    116      97   85.589152  -11.410848
14667         73    117      96   74.410141  -21.589859
14668         73    118      95   84.073077  -10.926923
14669         73    119      94   75.297168  -18.702832
14670         73    120      93   71.927183  -21.072817
14671         73    121      92   78.644914  -13.355086
14672         73    122      91   77.496104  -13.503896
14673         73    123      90   70.658082  -19.341918
14674         73    124      89   79.632447   -9.367553
14675         73    125      88   74.969923  -13.030077
14676         73    126      87   76.691320  -10.308680
14677         73    127      86   70.081575  -15.918425
14678         73    128      85   73.510068  -11.489932
14679         73    129      84   67.687297  -16.312703
14680         73    130      83   78.628434   -4.371566
14681         73    131      82   73.343096   -8.656904
14682         73    132      81   71.448486   -9.551514
14683         73    133      80   68.978182  -11.021818
14684         73    134      79   71.459631   -7.540369
14685         73    135      78   67.054139  -10.945861
14686         73    136      77   66.495410  -10.504590
14687         73    137      76   65.570824  -10.429176
14688         73    138      75   79.614058    4.614058
14689         73    139      74   74.324444    0.324444
14690         73    140      73   62.901447  -10.098553
14691         73    141      72   72.351201    0.351201
14692         73    142      71   65.830545   -5.169455
14693         73    143      70   73.059875    3.059875
14694         73    144      69   66.629557   -2.370443
14695         73    145      68   60.826024   -7.173976
14696         73    146      67   63.966541   -3.033459
14697         73    147      66   67.206602    1.206602
14698         73    148      65   64.005459   -0.994541
14699         73    149      64   62.917674   -1.082326
14700         73    150      63   71.571861    8.571861
14701         73    151      62   63.140807    1.140807
14702         73    152      61   70.229469    9.229469
14703         73    153      60   64.624936    4.624936
14704         73    154      59   63.905596    4.905596
14705         73    155      58   66.797993    8.797993
14706         73    156      57   62.126746    5.126746
14707         73    157      56   64.605449    8.605449
14708         73    158      55   65.114179   10.114179
14709         73    159      54   63.664043    9.664043
14710         73    160      53   58.936432    5.936432
14711         73    161      52   52.474340    0.474340
14712         73    162      51   55.044847    4.044847
14713         73    163      50   49.838691   -0.161309
14714         73    164      49   54.480699    5.480699
14715         73    165      48   54.891780    6.891780
14716         73    166      47   52.254386    5.254386
14717         73    167      46   51.265265    5.265265
14718         73    168      45   48.703305    3.703305
14719         73    169      44   40.891754   -3.108246
14720         73    170      43   40.353961   -2.646039
14721         73    171      42   40.397293   -1.602707
14722         73    172      41   39.783781   -1.216219
14723         73    173      40   42.944953    2.944953
14724         73    174      39   35.902645   -3.097355
14725         73    175      38   34.532361   -3.467639
14726         73    176      37   36.268917   -0.731083
14727         73    177      36   35.253471   -0.746529
14728         73    178      35   31.461269   -3.538731
14729         73    179      34   35.608365    1.608365
14730         73    180      33   36.413904    3.413904
14731         73    181      32   36.295094    4.295094
14732         73    182      31   36.159266    5.159266
14733         73    183      30   33.720778    3.720778
14734         73    184      29   33.195765    4.195765
14735         73    185      28   31.613083    3.613083
14736         73    186      27   29.924993    2.924993
14737         73    187      26   32.316617    6.316617
14738         73    188      25   30.901916    5.901916
14739         73    189      24   30.892945    6.892945
14740         73    190      23   31.160683    8.160683
14741         73    191      22   28.914120    6.914120
14742         73    192      21   27.386522    6.386522
14743         73    193      20   27.386487    7.386487
14744         73    194      19   28.594454    9.594454
14745         73    195      18   24.445965    6.445965
14746         73    196      17   29.250539   12.250539
14747         73    197      16   28.483386   12.483386
14748         73    198      15   23.017400    8.017400
14749         73    199      14   24.155865   10.155865
14750         73    200      13   24.388585   11.388585
14751         73    201      12   20.603704    8.603704
14752         73    202      11   24.692761   13.692761
14753         73    203      10   16.651946    6.651946
14754         73    204       9   17.340530    8.340530
14755         73    205       8   13.678008    5.678008
14756         73    206       7   14.171014    7.171014
14757         73    207       6   14.663455    8.663455
14758         73    208       5   28.680151   23.680151
14759         73    209       4   12.486426    8.486426
14760         73    210       3   10.506954    7.506954
14761         73    211       2   25.813407   23.813407
14762         73    212       1   17.418565   16.418565
14763         73    213       0   11.717070   11.717070
14764         74      1     165  210.270339   45.270339
14765         74      2     164  200.268545   36.268545
14766         74      3     163  192.321032   29.321032
14767         74      4     162  194.113575   32.113575
14768         74      5     161  195.862730   34.862730
14769         74      6     160  184.363622   24.363622
14770         74      7     159  183.441344   24.441344
14771         74      8     158  189.134268   31.134268
14772         74      9     157  172.894489   15.894489
14773         74     10     156  186.835457   30.835457
14774         74     11     155  177.221167   22.221167
14775         74     12     154  177.146039   23.146039
14776         74     13     153  167.996570   14.996570
14777         74     14     152  169.493734   17.493734
14778         74     15     151  177.086798   26.086798
14779         74     16     150  173.194207   23.194207
14780         74     17     149  176.371565   27.371565
14781         74     18     148  181.930746   33.930746
14782         74     19     147  177.906058   30.906058
14783         74     20     146  175.987845   29.987845
14784         74     21     145  170.583535   25.583535
14785         74     22     144  176.579673   32.579673
14786         74     23     143  186.325727   43.325727
14787         74     24     142  185.403949   43.403949
14788         74     25     141  179.393324   38.393324
14789         74     26     140  164.925133   24.925133
14790         74     27     139  183.923849   44.923849
14791         74     28     138  177.437350   39.437350
14792         74     29     137  169.294559   32.294559
14793         74     30     136  171.826970   35.826970
14794         74     31     135  170.698125   35.698125
14795         74     32     134  159.227181   25.227181
14796         74     33     133  163.463690   30.463690
14797         74     34     132  155.790524   23.790524
14798         74     35     131  159.475989   28.475989
14799         74     36     130  169.674506   39.674506
14800         74     37     129  155.099828   26.099828
14801         74     38     128  160.040145   32.040145
14802         74     39     127  157.579759   30.579759
14803         74     40     126  153.203128   27.203128
14804         74     41     125  152.299234   27.299234
14805         74     42     124  158.914464   34.914464
14806         74     43     123  154.720460   31.720460
14807         74     44     122  151.648772   29.648772
14808         74     45     121  160.869222   39.869222
14809         74     46     120  165.739032   45.739032
14810         74     47     119  152.480564   33.480564
14811         74     48     118  155.234177   37.234177
14812         74     49     117  154.092247   37.092247
14813         74     50     116  149.089378   33.089378
14814         74     51     115  149.531174   34.531174
14815         74     52     114  146.681902   32.681902
14816         74     53     113  142.945274   29.945274
14817         74     54     112  152.679202   40.679202
14818         74     55     111  154.235773   43.235773
14819         74     56     110  141.658055   31.658055
14820         74     57     109  133.991140   24.991140
14821         74     58     108  145.222822   37.222822
14822         74     59     107  149.410348   42.410348
14823         74     60     106  149.362930   43.362930
14824         74     61     105  145.079355   40.079355
14825         74     62     104  142.299642   38.299642
14826         74     63     103  135.939771   32.939771
14827         74     64     102  137.942612   35.942612
14828         74     65     101  133.996130   32.996130
14829         74     66     100  140.144961   40.144961
14830         74     67      99  134.351722   35.351722
14831         74     68      98  133.781971   35.781971
14832         74     69      97  130.795563   33.795563
14833         74     70      96  132.571893   36.571893
14834         74     71      95  135.529913   40.529913
14835         74     72      94  127.017026   33.017026
14836         74     73      93  128.255260   35.255260
14837         74     74      92  131.382024   39.382024
14838         74     75      91  131.561953   40.561953
14839         74     76      90  128.435491   38.435491
14840         74     77      89  136.378643   47.378643
14841         74     78      88  122.730339   34.730339
14842         74     79      87  130.519331   43.519331
14843         74     80      86  129.885632   43.885632
14844         74     81      85  120.472965   35.472965
14845         74     82      84  115.760370   31.760370
14846         74     83      83  127.379223   44.379223
14847         74     84      82  129.208379   47.208379
14848         74     85      81  113.643755   32.643755
14849         74     86      80  118.539862   38.539862
14850         74     87      79  100.687149   21.687149
14851         74     88      78  121.005125   43.005125
14852         74     89      77  109.547930   32.547930
14853         74     90      76  111.427655   35.427655
14854         74     91      75  117.244225   42.244225
14855         74     92      74  127.065637   53.065637
14856         74     93      73  113.491422   40.491422
14857         74     94      72  110.749731   38.749731
14858         74     95      71  109.378195   38.378195
14859         74     96      70  110.119683   40.119683
14860         74     97      69  110.042912   41.042912
14861         74     98      68  108.132670   40.132670
14862         74     99      67   99.257554   32.257554
14863         74    100      66  112.919842   46.919842
14864         74    101      65  106.044714   41.044714
14865         74    102      64   98.889316   34.889316
14866         74    103      63  105.753628   42.753628
14867         74    104      62  109.837356   47.837356
14868         74    105      61  102.783618   41.783618
14869         74    106      60  108.856146   48.856146
14870         74    107      59  101.236066   42.236066
14871         74    108      58  113.027542   55.027542
14872         74    109      57  101.427752   44.427752
14873         74    110      56   98.136022   42.136022
14874         74    111      55   87.583816   32.583816
14875         74    112      54   98.980766   44.980766
14876         74    113      53   93.341590   40.341590
14877         74    114      52   94.316586   42.316586
14878         74    115      51   79.459248   28.459248
14879         74    116      50   81.405721   31.405721
14880         74    117      49   78.950007   29.950007
14881         74    118      48   80.614818   32.614818
14882         74    119      47   71.453978   24.453978
14883         74    120      46   73.376084   27.376084
14884         74    121      45   71.789421   26.789421
14885         74    122      44   74.654261   30.654261
14886         74    123      43   70.351914   27.351914
14887         74    124      42   70.862629   28.862629
14888         74    125      41   68.469749   27.469749
14889         74    126      40   73.499723   33.499723
14890         74    127      39   68.499858   29.499858
14891         74    128      38   48.990866   10.990866
14892         74    129      37   61.791529   24.791529
14893         74    130      36   61.904256   25.904256
14894         74    131      35   55.088642   20.088642
14895         74    132      34   51.433120   17.433120
14896         74    133      33   50.454077   17.454077
14897         74    134      32   47.550528   15.550528
14898         74    135      31   47.017426   16.017426
14899         74    136      30   39.405100    9.405100
14900         74    137      29   42.098067   13.098067
14901         74    138      28   40.860206   12.860206
14902         74    139      27   40.605811   13.605811
14903         74    140      26   32.388276    6.388276
14904         74    141      25   29.985733    4.985733
14905         74    142      24   31.051161    7.051161
14906         74    143      23   27.636321    4.636321
14907         74    144      22   31.784258    9.784258
14908         74    145      21   31.712303   10.712303
14909         74    146      20   23.270348    3.270348
14910         74    147      19   21.985169    2.985169
14911         74    148      18   21.891621    3.891621
14912         74    149      17   18.446307    1.446307
14913         74    150      16   14.759345   -1.240655
14914         74    151      15   12.729591   -2.270409
14915         74    152      14   10.338840   -3.661160
14916         74    153      13    7.488329   -5.511671
14917         74    154      12    6.661530   -5.338470
14918         74    155      11    6.278545   -4.721455
14919         74    156      10    1.583563   -8.416437
14920         74    157       9   -2.751994  -11.751994
14921         74    158       8   -7.003997  -15.003997
14922         74    159       7   -7.593982  -14.593982
14923         74    160       6   -7.094468  -13.094468
14924         74    161       5   -6.044917  -11.044917
14925         74    162       4  -14.809843  -18.809843
14926         74    163       3   -7.455079  -10.455079
14927         74    164       2   -5.030535   -7.030535
14928         74    165       1  -21.743409  -22.743409
14929         74    166       0   -3.444878   -3.444878
14930         75      1     228  211.751436  -16.248564
14931         75      2     227  189.686966  -37.313034
14932         75      3     226  193.079630  -32.920370
14933         75      4     225  189.995181  -35.004819
14934         75      5     224  197.372401  -26.627599
14935         75      6     223  182.106751  -40.893249
14936         75      7     222  191.886350  -30.113650
14937         75      8     221  201.048927  -19.951073
14938         75      9     220  189.866959  -30.133041
14939         75     10     219  191.532504  -27.467496
14940         75     11     218  186.228981  -31.771019
14941         75     12     217  186.041396  -30.958604
14942         75     13     216  187.487926  -28.512074
14943         75     14     215  184.315271  -30.684729
14944         75     15     214  176.015712  -37.984288
14945         75     16     213  176.860241  -36.139759
14946         75     17     212  176.519389  -35.480611
14947         75     18     211  170.860963  -40.139037
14948         75     19     210  165.489370  -44.510630
14949         75     20     209  166.184806  -42.815194
14950         75     21     208  162.958369  -45.041631
14951         75     22     207  180.044134  -26.955866
14952         75     23     206  171.023823  -34.976177
14953         75     24     205  162.436130  -42.563870
14954         75     25     204  168.119459  -35.880541
14955         75     26     203  162.719127  -40.280873
14956         75     27     202  163.208976  -38.791024
14957         75     28     201  169.727261  -31.272739
14958         75     29     200  170.723487  -29.276513
14959         75     30     199  164.996491  -34.003509
14960         75     31     198  159.396266  -38.603734
14961         75     32     197  163.550362  -33.449638
14962         75     33     196  150.544409  -45.455591
14963         75     34     195  158.589639  -36.410361
14964         75     35     194  148.829648  -45.170352
14965         75     36     193  157.515948  -35.484052
14966         75     37     192  162.759540  -29.240460
14967         75     38     191  148.858653  -42.141347
14968         75     39     190  159.681938  -30.318062
14969         75     40     189  152.040711  -36.959289
14970         75     41     188  162.571373  -25.428627
14971         75     42     187  151.198695  -35.801305
14972         75     43     186  152.514506  -33.485494
14973         75     44     185  151.207845  -33.792155
14974         75     45     184  134.033858  -49.966142
14975         75     46     183  146.874121  -36.125879
14976         75     47     182  154.961233  -27.038767
14977         75     48     181  151.556922  -29.443078
14978         75     49     180  146.191878  -33.808122
14979         75     50     179  137.951199  -41.048801
14980         75     51     178  142.293792  -35.706208
14981         75     52     177  146.387026  -30.612974
14982         75     53     176  149.517535  -26.482465
14983         75     54     175  137.456593  -37.543407
14984         75     55     174  146.153247  -27.846753
14985         75     56     173  146.297584  -26.702416
14986         75     57     172  149.220659  -22.779341
14987         75     58     171  140.052035  -30.947965
14988         75     59     170  150.145082  -19.854918
14989         75     60     169  139.643189  -29.356811
14990         75     61     168  138.162803  -29.837197
14991         75     62     167  144.988737  -22.011263
14992         75     63     166  139.830051  -26.169949
14993         75     64     165  133.123292  -31.876708
14994         75     65     164  151.116861  -12.883139
14995         75     66     163  146.246910  -16.753090
14996         75     67     162  142.503689  -19.496311
14997         75     68     161  129.475247  -31.524753
14998         75     69     160  127.436614  -32.563386
14999         75     70     159  127.213606  -31.786394
15000         75     71     158  126.821381  -31.178619
15001         75     72     157  131.963882  -25.036118
15002         75     73     156  122.129047  -33.870953
15003         75     74     155  133.629539  -21.370461
15004         75     75     154  127.022888  -26.977112
15005         75     76     153  127.214384  -25.785616
15006         75     77     152  116.808002  -35.191998
15007         75     78     151  131.497620  -19.502380
15008         75     79     150  112.413339  -37.586661
15009         75     80     149  121.126526  -27.873474
15010         75     81     148  104.063369  -43.936631
15011         75     82     147  114.580692  -32.419308
15012         75     83     146  112.835001  -33.164999
15013         75     84     145  121.993451  -23.006549
15014         75     85     144  116.788042  -27.211958
15015         75     86     143  111.048753  -31.951247
15016         75     87     142  119.867886  -22.132114
15017         75     88     141  110.087372  -30.912628
15018         75     89     140  105.622687  -34.377313
15019         75     90     139  114.704644  -24.295356
15020         75     91     138  107.741636  -30.258364
15021         75     92     137  103.709976  -33.290024
15022         75     93     136  113.743930  -22.256070
15023         75     94     135  106.771550  -28.228450
15024         75     95     134  109.597673  -24.402327
15025         75     96     133  118.513060  -14.486940
15026         75     97     132  117.144057  -14.855943
15027         75     98     131  109.645665  -21.354335
15028         75     99     130  112.582376  -17.417624
15029         75    100     129  107.428905  -21.571095
15030         75    101     128  123.547493   -4.452507
15031         75    102     127  115.031418  -11.968582
15032         75    103     126  109.268345  -16.731655
15033         75    104     125  103.221305  -21.778695
15034         75    105     124  104.188519  -19.811481
15035         75    106     123  107.737236  -15.262764
15036         75    107     122  105.578735  -16.421265
15037         75    108     121  103.385465  -17.614535
15038         75    109     120  102.857856  -17.142144
15039         75    110     119   90.253445  -28.746555
15040         75    111     118  102.121452  -15.878548
15041         75    112     117   96.395751  -20.604249
15042         75    113     116  101.764321  -14.235679
15043         75    114     115   95.865516  -19.134484
15044         75    115     114   97.890757  -16.109243
15045         75    116     113   92.790963  -20.209037
15046         75    117     112   91.673660  -20.326340
15047         75    118     111  103.691548   -7.308452
15048         75    119     110   92.320966  -17.679034
15049         75    120     109   99.205183   -9.794817
15050         75    121     108   87.695900  -20.304100
15051         75    122     107   83.844761  -23.155239
15052         75    123     106   82.662512  -23.337488
15053         75    124     105   92.370019  -12.629981
15054         75    125     104   84.594567  -19.405433
15055         75    126     103   97.865339   -5.134661
15056         75    127     102   89.947678  -12.052322
15057         75    128     101   81.257694  -19.742306
15058         75    129     100   89.259012  -10.740988
15059         75    130      99   84.960178  -14.039822
15060         75    131      98   85.208038  -12.791962
15061         75    132      97   90.478669   -6.521331
15062         75    133      96   89.946992   -6.053008
15063         75    134      95   86.715458   -8.284542
15064         75    135      94   87.624424   -6.375576
15065         75    136      93   88.675884   -4.324116
15066         75    137      92   82.764914   -9.235086
15067         75    138      91   77.128961  -13.871039
15068         75    139      90   80.390907   -9.609093
15069         75    140      89   84.157998   -4.842002
15070         75    141      88   74.002041  -13.997959
15071         75    142      87   78.617550   -8.382450
15072         75    143      86   79.315675   -6.684325
15073         75    144      85   78.677112   -6.322888
15074         75    145      84   73.705824  -10.294176
15075         75    146      83   76.150771   -6.849229
15076         75    147      82   73.553603   -8.446397
15077         75    148      81   83.728587    2.728587
15078         75    149      80   68.233304  -11.766696
15079         75    150      79   75.083159   -3.916841
15080         75    151      78   78.503173    0.503173
15081         75    152      77   83.718539    6.718539
15082         75    153      76   79.191103    3.191103
15083         75    154      75   78.855423    3.855423
15084         75    155      74   74.761364    0.761364
15085         75    156      73   81.207610    8.207610
15086         75    157      72   77.128309    5.128309
15087         75    158      71   82.140966   11.140966
15088         75    159      70   75.468287    5.468287
15089         75    160      69   84.559792   15.559792
15090         75    161      68   79.569190   11.569190
15091         75    162      67   75.393521    8.393521
15092         75    163      66   76.138705   10.138705
15093         75    164      65   66.539594    1.539594
15094         75    165      64   70.334477    6.334477
15095         75    166      63   72.019916    9.019916
15096         75    167      62   66.039989    4.039989
15097         75    168      61   59.303828   -1.696172
15098         75    169      60   69.237216    9.237216
15099         75    170      59   67.453707    8.453707
15100         75    171      58   51.083650   -6.916350
15101         75    172      57   45.225626  -11.774374
15102         75    173      56   49.576816   -6.423184
15103         75    174      55   54.143025   -0.856975
15104         75    175      54   49.360297   -4.639703
15105         75    176      53   47.810702   -5.189298
15106         75    177      52   43.916781   -8.083219
15107         75    178      51   47.441691   -3.558309
15108         75    179      50   46.432281   -3.567719
15109         75    180      49   35.892105  -13.107895
15110         75    181      48   38.160132   -9.839868
15111         75    182      47   36.071270  -10.928730
15112         75    183      46   34.696737  -11.303263
15113         75    184      45   36.340373   -8.659627
15114         75    185      44   31.341300  -12.658700
15115         75    186      43   37.125190   -5.874810
15116         75    187      42   33.173274   -8.826726
15117         75    188      41   32.551274   -8.448726
15118         75    189      40   30.205388   -9.794612
15119         75    190      39   31.497831   -7.502169
15120         75    191      38   29.616348   -8.383652
15121         75    192      37   31.022450   -5.977550
15122         75    193      36   34.267902   -1.732098
15123         75    194      35   36.063640    1.063640
15124         75    195      34   33.185695   -0.814305
15125         75    196      33   32.785041   -0.214959
15126         75    197      32   31.419003   -0.580997
15127         75    198      31   30.506757   -0.493243
15128         75    199      30   29.129971   -0.870029
15129         75    200      29   27.499010   -1.500990
15130         75    201      28   28.506891    0.506891
15131         75    202      27   26.322653   -0.677347
15132         75    203      26   26.122900    0.122900
15133         75    204      25   25.704774    0.704774
15134         75    205      24   20.979679   -3.020321
15135         75    206      23   19.197870   -3.802130
15136         75    207      22   19.897935   -2.102065
15137         75    208      21   22.390294    1.390294
15138         75    209      20   17.112870   -2.887130
15139         75    210      19   15.609545   -3.390455
15140         75    211      18   17.910487   -0.089513
15141         75    212      17   13.201409   -3.798591
15142         75    213      16   12.936086   -3.063914
15143         75    214      15   20.635245    5.635245
15144         75    215      14   16.326973    2.326973
15145         75    216      13   13.445905    0.445905
15146         75    217      12   10.543917   -1.456083
15147         75    218      11    7.474263   -3.525737
15148         75    219      10   12.299638    2.299638
15149         75    220       9   12.638941    3.638941
15150         75    221       8   16.657685    8.657685
15151         75    222       7    4.360747   -2.639253
15152         75    223       6    6.599988    0.599988
15153         75    224       5   20.826647   15.826647
15154         75    225       4    4.730735    0.730735
15155         75    226       3    9.633481    6.633481
15156         75    227       2    8.433432    6.433432
15157         75    228       1   11.676223   10.676223
15158         75    229       0   -1.044043   -1.044043
15159         76      1     209  193.354483  -15.645517
15160         76      2     208  207.773641   -0.226359
15161         76      3     207  198.656830   -8.343170
15162         76      4     206  187.616465  -18.383535
15163         76      5     205  188.424613  -16.575387
15164         76      6     204  178.989270  -25.010730
15165         76      7     203  188.416061  -14.583939
15166         76      8     202  179.863855  -22.136145
15167         76      9     201  172.780015  -28.219985
15168         76     10     200  177.442627  -22.557373
15169         76     11     199  184.113758  -14.886242
15170         76     12     198  179.641365  -18.358635
15171         76     13     197  176.105116  -20.894884
15172         76     14     196  171.413524  -24.586476
15173         76     15     195  175.146939  -19.853061
15174         76     16     194  164.131203  -29.868797
15175         76     17     193  161.416593  -31.583407
15176         76     18     192  161.160028  -30.839972
15177         76     19     191  170.947182  -20.052818
15178         76     20     190  150.047495  -39.952505
15179         76     21     189  156.533448  -32.466552
15180         76     22     188  147.093948  -40.906052
15181         76     23     187  155.518101  -31.481899
15182         76     24     186  146.060068  -39.939932
15183         76     25     185  140.754449  -44.245551
15184         76     26     184  153.337306  -30.662694
15185         76     27     183  142.175449  -40.824551
15186         76     28     182  137.615216  -44.384784
15187         76     29     181  149.102242  -31.897758
15188         76     30     180  154.752684  -25.247316
15189         76     31     179  143.705991  -35.294009
15190         76     32     178  166.828618  -11.171382
15191         76     33     177  144.755982  -32.244018
15192         76     34     176  156.069455  -19.930545
15193         76     35     175  143.202288  -31.797712
15194         76     36     174  144.447050  -29.552950
15195         76     37     173  157.071200  -15.928800
15196         76     38     172  155.868744  -16.131256
15197         76     39     171  151.529677  -19.470323
15198         76     40     170  162.964706   -7.035294
15199         76     41     169  153.921947  -15.078053
15200         76     42     168  143.577979  -24.422021
15201         76     43     167  137.064831  -29.935169
15202         76     44     166  148.748620  -17.251380
15203         76     45     165  148.182307  -16.817693
15204         76     46     164  150.836109  -13.163891
15205         76     47     163  143.720798  -19.279202
15206         76     48     162  145.198820  -16.801180
15207         76     49     161  141.936153  -19.063847
15208         76     50     160  131.057388  -28.942612
15209         76     51     159  138.163370  -20.836630
15210         76     52     158  135.051172  -22.948828
15211         76     53     157  133.726015  -23.273985
15212         76     54     156  134.973177  -21.026823
15213         76     55     155  129.788848  -25.211152
15214         76     56     154  142.926508  -11.073492
15215         76     57     153  121.520611  -31.479389
15216         76     58     152  120.794579  -31.205421
15217         76     59     151  124.028227  -26.971773
15218         76     60     150  135.765008  -14.234992
15219         76     61     149  136.891898  -12.108102
15220         76     62     148  126.744844  -21.255156
15221         76     63     147  123.064187  -23.935813
15222         76     64     146  124.602086  -21.397914
15223         76     65     145  136.158973   -8.841027
15224         76     66     144  112.752788  -31.247212
15225         76     67     143  112.691437  -30.308563
15226         76     68     142  130.291928  -11.708072
15227         76     69     141  122.363560  -18.636440
15228         76     70     140  123.225442  -16.774558
15229         76     71     139  109.359055  -29.640945
15230         76     72     138  112.498343  -25.501657
15231         76     73     137  109.004560  -27.995440
15232         76     74     136  104.213975  -31.786025
15233         76     75     135  111.979809  -23.020191
15234         76     76     134  120.414724  -13.585276
15235         76     77     133  121.703477  -11.296523
15236         76     78     132  104.741186  -27.258814
15237         76     79     131   97.328121  -33.671879
15238         76     80     130  104.460281  -25.539719
15239         76     81     129  109.609856  -19.390144
15240         76     82     128  119.789730   -8.210270
15241         76     83     127  114.432406  -12.567594
15242         76     84     126  121.450635   -4.549365
15243         76     85     125  104.507395  -20.492605
15244         76     86     124  107.874278  -16.125722
15245         76     87     123  117.368320   -5.631680
15246         76     88     122  118.385452   -3.614548
15247         76     89     121  110.459914  -10.540086
15248         76     90     120  107.254162  -12.745838
15249         76     91     119  101.138927  -17.861073
15250         76     92     118  107.784388  -10.215612
15251         76     93     117  100.067657  -16.932343
15252         76     94     116  106.235104   -9.764896
15253         76     95     115  105.313454   -9.686546
15254         76     96     114  100.676122  -13.323878
15255         76     97     113  103.062561   -9.937439
15256         76     98     112   99.578061  -12.421939
15257         76     99     111   98.651268  -12.348732
15258         76    100     110   92.002157  -17.997843
15259         76    101     109   94.885943  -14.114057
15260         76    102     108  101.502480   -6.497520
15261         76    103     107   98.652992   -8.347008
15262         76    104     106   95.391427  -10.608573
15263         76    105     105   89.117328  -15.882672
15264         76    106     104  106.339330    2.339330
15265         76    107     103   96.404627   -6.595373
15266         76    108     102  101.860108   -0.139892
15267         76    109     101   99.761333   -1.238667
15268         76    110     100   95.040290   -4.959710
15269         76    111      99   93.022700   -5.977300
15270         76    112      98   95.844995   -2.155005
15271         76    113      97   92.545147   -4.454853
15272         76    114      96   87.331278   -8.668722
15273         76    115      95   92.775632   -2.224368
15274         76    116      94   91.964519   -2.035481
15275         76    117      93   90.662558   -2.337442
15276         76    118      92   88.531180   -3.468820
15277         76    119      91   88.151684   -2.848316
15278         76    120      90   89.402564   -0.597436
15279         76    121      89   86.110547   -2.889453
15280         76    122      88   86.936976   -1.063024
15281         76    123      87   97.499835   10.499835
15282         76    124      86   85.839422   -0.160578
15283         76    125      85   87.768452    2.768452
15284         76    126      84   92.852638    8.852638
15285         76    127      83   93.434352   10.434352
15286         76    128      82   96.406163   14.406163
15287         76    129      81   92.500148   11.500148
15288         76    130      80   93.105763   13.105763
15289         76    131      79   84.491085    5.491085
15290         76    132      78   86.593013    8.593013
15291         76    133      77   82.053373    5.053373
15292         76    134      76   91.042517   15.042517
15293         76    135      75   90.959420   15.959420
15294         76    136      74   84.129158   10.129158
15295         76    137      73   72.315344   -0.684656
15296         76    138      72   74.063303    2.063303
15297         76    139      71   65.903927   -5.096073
15298         76    140      70   70.750726    0.750726
15299         76    141      69   71.552060    2.552060
15300         76    142      68   65.272847   -2.727153
15301         76    143      67   71.670319    4.670319
15302         76    144      66   66.578134    0.578134
15303         76    145      65   72.531511    7.531511
15304         76    146      64   68.512395    4.512395
15305         76    147      63   68.493864    5.493864
15306         76    148      62   66.917089    4.917089
15307         76    149      61   69.369677    8.369677
15308         76    150      60   66.291626    6.291626
15309         76    151      59   69.184180   10.184180
15310         76    152      58   69.624869   11.624869
15311         76    153      57   63.177139    6.177139
15312         76    154      56   58.551204    2.551204
15313         76    155      55   63.024188    8.024188
15314         76    156      54   58.478148    4.478148
15315         76    157      53   61.388181    8.388181
15316         76    158      52   58.020305    6.020305
15317         76    159      51   51.176248    0.176248
15318         76    160      50   51.336698    1.336698
15319         76    161      49   59.369586   10.369586
15320         76    162      48   52.171201    4.171201
15321         76    163      47   51.659371    4.659371
15322         76    164      46   52.081624    6.081624
15323         76    165      45   48.307328    3.307328
15324         76    166      44   48.939517    4.939517
15325         76    167      43   46.400504    3.400504
15326         76    168      42   40.016685   -1.983315
15327         76    169      41   41.879606    0.879606
15328         76    170      40   47.862633    7.862633
15329         76    171      39   39.015747    0.015747
15330         76    172      38   37.492085   -0.507915
15331         76    173      37   37.365295    0.365295
15332         76    174      36   36.775049    0.775049
15333         76    175      35   36.465154    1.465154
15334         76    176      34   35.474857    1.474857
15335         76    177      33   34.272817    1.272817
15336         76    178      32   31.787448   -0.212552
15337         76    179      31   35.565400    4.565400
15338         76    180      30   35.005602    5.005602
15339         76    181      29   29.503942    0.503942
15340         76    182      28   28.187277    0.187277
15341         76    183      27   29.633043    2.633043
15342         76    184      26   27.966291    1.966291
15343         76    185      25   26.910410    1.910410
15344         76    186      24   26.673884    2.673884
15345         76    187      23   22.909636   -0.090364
15346         76    188      22   25.955372    3.955372
15347         76    189      21   21.968924    0.968924
15348         76    190      20   22.404749    2.404749
15349         76    191      19   17.052191   -1.947809
15350         76    192      18   19.250397    1.250397
15351         76    193      17   18.441516    1.441516
15352         76    194      16   18.088455    2.088455
15353         76    195      15   24.908183    9.908183
15354         76    196      14   14.869434    0.869434
15355         76    197      13   20.058746    7.058746
15356         76    198      12   23.316572   11.316572
15357         76    199      11   23.747258   12.747258
15358         76    200      10   21.299613   11.299613
15359         76    201       9   21.548737   12.548737
15360         76    202       8   23.620824   15.620824
15361         76    203       7   16.848241    9.848241
15362         76    204       6   25.036236   19.036236
15363         76    205       5   17.307542   12.307542
15364         76    206       4   18.805875   14.805875
15365         76    207       3   19.509616   16.509616
15366         76    208       2   17.185148   15.185148
15367         76    209       1   11.408571   10.408571
15368         76    210       0   18.206809   18.206809
15369         77      1     153  186.727167   33.727167
15370         77      2     152  174.576544   22.576544
15371         77      3     151  197.012676   46.012676
15372         77      4     150  196.606448   46.606448
15373         77      5     149  208.726802   59.726802
15374         77      6     148  199.428292   51.428292
15375         77      7     147  200.154222   53.154222
15376         77      8     146  203.592074   57.592074
15377         77      9     145  194.686203   49.686203
15378         77     10     144  192.346473   48.346473
15379         77     11     143  186.162341   43.162341
15380         77     12     142  196.829658   54.829658
15381         77     13     141  187.506107   46.506107
15382         77     14     140  184.382968   44.382968
15383         77     15     139  179.447780   40.447780
15384         77     16     138  192.871669   54.871669
15385         77     17     137  179.664012   42.664012
15386         77     18     136  171.455204   35.455204
15387         77     19     135  178.098400   43.098400
15388         77     20     134  178.390972   44.390972
15389         77     21     133  179.775979   46.775979
15390         77     22     132  163.772152   31.772152
15391         77     23     131  154.236497   23.236497
15392         77     24     130  166.225891   36.225891
15393         77     25     129  167.161223   38.161223
15394         77     26     128  159.250191   31.250191
15395         77     27     127  157.917565   30.917565
15396         77     28     126  145.436313   19.436313
15397         77     29     125  142.952590   17.952590
15398         77     30     124  152.470944   28.470944
15399         77     31     123  157.867445   34.867445
15400         77     32     122  152.197485   30.197485
15401         77     33     121  126.626624    5.626624
15402         77     34     120  136.305701   16.305701
15403         77     35     119  127.046118    8.046118
15404         77     36     118  130.440671   12.440671
15405         77     37     117  133.727238   16.727238
15406         77     38     116  129.014960   13.014960
15407         77     39     115  134.918457   19.918457
15408         77     40     114  135.597123   21.597123
15409         77     41     113  126.962445   13.962445
15410         77     42     112  133.047983   21.047983
15411         77     43     111  135.489438   24.489438
15412         77     44     110  133.016383   23.016383
15413         77     45     109  124.679610   15.679610
15414         77     46     108  133.792447   25.792447
15415         77     47     107  136.171873   29.171873
15416         77     48     106  120.369854   14.369854
15417         77     49     105  127.113014   22.113014
15418         77     50     104  138.204683   34.204683
15419         77     51     103  137.144631   34.144631
15420         77     52     102  132.726781   30.726781
15421         77     53     101  131.205965   30.205965
15422         77     54     100  127.934852   27.934852
15423         77     55      99  133.344951   34.344951
15424         77     56      98  134.975610   36.975610
15425         77     57      97  137.607218   40.607218
15426         77     58      96  123.262230   27.262230
15427         77     59      95  128.508448   33.508448
15428         77     60      94  121.159997   27.159997
15429         77     61      93  115.912735   22.912735
15430         77     62      92  120.570506   28.570506
15431         77     63      91  116.923543   25.923543
15432         77     64      90  118.499387   28.499387
15433         77     65      89  126.887083   37.887083
15434         77     66      88  121.938397   33.938397
15435         77     67      87  110.414283   23.414283
15436         77     68      86  106.388920   20.388920
15437         77     69      85   99.939578   14.939578
15438         77     70      84  105.906742   21.906742
15439         77     71      83  120.750917   37.750917
15440         77     72      82   93.016044   11.016044
15441         77     73      81  113.591161   32.591161
15442         77     74      80  106.117909   26.117909
15443         77     75      79   95.226515   16.226515
15444         77     76      78   99.897614   21.897614
15445         77     77      77   98.604031   21.604031
15446         77     78      76   88.105608   12.105608
15447         77     79      75   94.386100   19.386100
15448         77     80      74   92.914388   18.914388
15449         77     81      73   98.910874   25.910874
15450         77     82      72  101.270996   29.270996
15451         77     83      71   99.834151   28.834151
15452         77     84      70   94.780018   24.780018
15453         77     85      69   96.504043   27.504043
15454         77     86      68   94.641531   26.641531
15455         77     87      67   97.649032   30.649032
15456         77     88      66   94.732214   28.732214
15457         77     89      65   91.603077   26.603077
15458         77     90      64   99.017718   35.017718
15459         77     91      63   92.141956   29.141956
15460         77     92      62   99.590936   37.590936
15461         77     93      61   84.819568   23.819568
15462         77     94      60   80.326709   20.326709
15463         77     95      59   73.376066   14.376066
15464         77     96      58   82.494310   24.494310
15465         77     97      57   77.622494   20.622494
15466         77     98      56   69.146282   13.146282
15467         77     99      55   65.099817   10.099817
15468         77    100      54   65.212682   11.212682
15469         77    101      53   69.035466   16.035466
15470         77    102      52   71.439964   19.439964
15471         77    103      51   71.169198   20.169198
15472         77    104      50   74.622210   24.622210
15473         77    105      49   60.547023   11.547023
15474         77    106      48   67.491466   19.491466
15475         77    107      47   66.194027   19.194027
15476         77    108      46   70.972168   24.972168
15477         77    109      45   60.488941   15.488941
15478         77    110      44   64.368284   20.368284
15479         77    111      43   60.307001   17.307001
15480         77    112      42   63.865059   21.865059
15481         77    113      41   48.153466    7.153466
15482         77    114      40   59.108919   19.108919
15483         77    115      39   51.975335   12.975335
15484         77    116      38   52.575956   14.575956
15485         77    117      37   46.807560    9.807560
15486         77    118      36   46.464047   10.464047
15487         77    119      35   49.987131   14.987131
15488         77    120      34   45.864577   11.864577
15489         77    121      33   39.325068    6.325068
15490         77    122      32   41.343166    9.343166
15491         77    123      31   45.629830   14.629830
15492         77    124      30   38.841713    8.841713
15493         77    125      29   35.874602    6.874602
15494         77    126      28   37.359711    9.359711
15495         77    127      27   36.362677    9.362677
15496         77    128      26   33.079156    7.079156
15497         77    129      25   34.494295    9.494295
15498         77    130      24   28.335483    4.335483
15499         77    131      23   35.854825   12.854825
15500         77    132      22   27.484677    5.484677
15501         77    133      21   25.374926    4.374926
15502         77    134      20   24.903444    4.903444
15503         77    135      19   19.230927    0.230927
15504         77    136      18   22.464623    4.464623
15505         77    137      17   18.183625    1.183625
15506         77    138      16   13.939502   -2.060498
15507         77    139      15   15.836852    0.836852
15508         77    140      14   14.276750    0.276750
15509         77    141      13   11.245552   -1.754448
15510         77    142      12   13.044864    1.044864
15511         77    143      11   13.332718    2.332718
15512         77    144      10   14.103365    4.103365
15513         77    145       9    7.513602   -1.486398
15514         77    146       8    7.461684   -0.538316
15515         77    147       7    5.453469   -1.546531
15516         77    148       6    7.503864    1.503864
15517         77    149       5   14.739565    9.739565
15518         77    150       4    9.666963    5.666963
15519         77    151       3   -9.799120  -12.799120
15520         77    152       2   -7.502730   -9.502730
15521         77    153       1    2.469347    1.469347
15522         77    154       0   -6.662287   -6.662287
15523         78      1     230  237.928095    7.928095
15524         78      2     229  238.497029    9.497029
15525         78      3     228  223.352484   -4.647516
15526         78      4     227  204.709412  -22.290588
15527         78      5     226  217.015824   -8.984176
15528         78      6     225  216.224419   -8.775581
15529         78      7     224  212.905531  -11.094469
15530         78      8     223  219.350256   -3.649744
15531         78      9     222  212.302683   -9.697317
15532         78     10     221  213.203371   -7.796629
15533         78     11     220  210.402115   -9.597885
15534         78     12     219  213.868349   -5.131651
15535         78     13     218  199.428025  -18.571975
15536         78     14     217  206.011819  -10.988181
15537         78     15     216  188.194410  -27.805590
15538         78     16     215  210.815710   -4.184290
15539         78     17     214  200.957330  -13.042670
15540         78     18     213  193.749401  -19.250599
15541         78     19     212  200.549022  -11.450978
15542         78     20     211  201.971101   -9.028899
15543         78     21     210  197.319703  -12.680297
15544         78     22     209  190.370958  -18.629042
15545         78     23     208  198.835260   -9.164740
15546         78     24     207  190.699154  -16.300846
15547         78     25     206  195.005341  -10.994659
15548         78     26     205  195.585206   -9.414794
15549         78     27     204  198.717871   -5.282129
15550         78     28     203  190.956484  -12.043516
15551         78     29     202  198.843665   -3.156335
15552         78     30     201  191.346579   -9.653421
15553         78     31     200  191.656692   -8.343308
15554         78     32     199  200.640837    1.640837
15555         78     33     198  201.153513    3.153513
15556         78     34     197  199.177133    2.177133
15557         78     35     196  190.745249   -5.254751
15558         78     36     195  185.107820   -9.892180
15559         78     37     194  179.308492  -14.691508
15560         78     38     193  186.326202   -6.673798
15561         78     39     192  180.981686  -11.018314
15562         78     40     191  190.610123   -0.389877
15563         78     41     190  179.917584  -10.082416
15564         78     42     189  180.907928   -8.092072
15565         78     43     188  179.532923   -8.467077
15566         78     44     187  175.737591  -11.262409
15567         78     45     186  177.552696   -8.447304
15568         78     46     185  178.661951   -6.338049
15569         78     47     184  181.930528   -2.069472
15570         78     48     183  169.468120  -13.531880
15571         78     49     182  166.280742  -15.719258
15572         78     50     181  175.772396   -5.227604
15573         78     51     180  164.967509  -15.032491
15574         78     52     179  172.061370   -6.938630
15575         78     53     178  173.179869   -4.820131
15576         78     54     177  175.217909   -1.782091
15577         78     55     176  169.994544   -6.005456
15578         78     56     175  172.027965   -2.972035
15579         78     57     174  164.666299   -9.333701
15580         78     58     173  150.315172  -22.684828
15581         78     59     172  162.891701   -9.108299
15582         78     60     171  168.689525   -2.310475
15583         78     61     170  160.503181   -9.496819
15584         78     62     169  168.259359   -0.740641
15585         78     63     168  164.161274   -3.838726
15586         78     64     167  162.624675   -4.375325
15587         78     65     166  159.586480   -6.413520
15588         78     66     165  153.432761  -11.567239
15589         78     67     164  158.698654   -5.301346
15590         78     68     163  156.908716   -6.091284
15591         78     69     162  161.779354   -0.220646
15592         78     70     161  168.964062    7.964062
15593         78     71     160  153.592410   -6.407590
15594         78     72     159  161.397030    2.397030
15595         78     73     158  155.284079   -2.715921
15596         78     74     157  149.752273   -7.247727
15597         78     75     156  159.351721    3.351721
15598         78     76     155  159.556497    4.556497
15599         78     77     154  150.085384   -3.914616
15600         78     78     153  148.544167   -4.455833
15601         78     79     152  153.107296    1.107296
15602         78     80     151  131.609445  -19.390555
15603         78     81     150  147.970771   -2.029229
15604         78     82     149  144.095512   -4.904488
15605         78     83     148  140.845047   -7.154953
15606         78     84     147  145.270483   -1.729517
15607         78     85     146  134.672961  -11.327039
15608         78     86     145  143.356209   -1.643791
15609         78     87     144  134.678009   -9.321991
15610         78     88     143  133.863150   -9.136850
15611         78     89     142  134.004934   -7.995066
15612         78     90     141  130.748610  -10.251390
15613         78     91     140  131.441753   -8.558247
15614         78     92     139  132.978301   -6.021699
15615         78     93     138  123.744778  -14.255222
15616         78     94     137  137.914545    0.914545
15617         78     95     136  138.969976    2.969976
15618         78     96     135  122.283382  -12.716618
15619         78     97     134  127.061793   -6.938207
15620         78     98     133  122.039848  -10.960152
15621         78     99     132  137.551703    5.551703
15622         78    100     131  126.133016   -4.866984
15623         78    101     130  139.769098    9.769098
15624         78    102     129  136.182749    7.182749
15625         78    103     128  125.805129   -2.194871
15626         78    104     127  132.781006    5.781006
15627         78    105     126  120.079062   -5.920938
15628         78    106     125  120.565216   -4.434784
15629         78    107     124  126.078163    2.078163
15630         78    108     123  134.943111   11.943111
15631         78    109     122  126.475428    4.475428
15632         78    110     121  129.810947    8.810947
15633         78    111     120  121.311296    1.311296
15634         78    112     119  122.388156    3.388156
15635         78    113     118  129.845952   11.845952
15636         78    114     117  123.836178    6.836178
15637         78    115     116  115.951171   -0.048829
15638         78    116     115  120.270388    5.270388
15639         78    117     114  127.090951   13.090951
15640         78    118     113  112.905985   -0.094015
15641         78    119     112  117.075453    5.075453
15642         78    120     111  119.093442    8.093442
15643         78    121     110  113.664239    3.664239
15644         78    122     109  120.462291   11.462291
15645         78    123     108  110.743999    2.743999
15646         78    124     107  115.577582    8.577582
15647         78    125     106  111.857428    5.857428
15648         78    126     105  106.742293    1.742293
15649         78    127     104  115.709628   11.709628
15650         78    128     103  104.277778    1.277778
15651         78    129     102  115.772760   13.772760
15652         78    130     101  103.638578    2.638578
15653         78    131     100  123.778417   23.778417
15654         78    132      99  109.745180   10.745180
15655         78    133      98  115.542670   17.542670
15656         78    134      97  101.706854    4.706854
15657         78    135      96  116.506776   20.506776
15658         78    136      95  112.215939   17.215939
15659         78    137      94  100.819821    6.819821
15660         78    138      93  105.564271   12.564271
15661         78    139      92  104.892318   12.892318
15662         78    140      91   97.152502    6.152502
15663         78    141      90  105.922222   15.922222
15664         78    142      89  105.105639   16.105639
15665         78    143      88   96.991557    8.991557
15666         78    144      87   95.068460    8.068460
15667         78    145      86   91.989844    5.989844
15668         78    146      85  100.223053   15.223053
15669         78    147      84   96.998368   12.998368
15670         78    148      83   95.331034   12.331034
15671         78    149      82   97.730216   15.730216
15672         78    150      81   94.245469   13.245469
15673         78    151      80   93.842212   13.842212
15674         78    152      79   98.203208   19.203208
15675         78    153      78   79.136346    1.136346
15676         78    154      77   96.645074   19.645074
15677         78    155      76   87.616333   11.616333
15678         78    156      75   90.502717   15.502717
15679         78    157      74   92.535624   18.535624
15680         78    158      73   96.740696   23.740696
15681         78    159      72   75.329865    3.329865
15682         78    160      71   76.686526    5.686526
15683         78    161      70   79.716217    9.716217
15684         78    162      69   81.867897   12.867897
15685         78    163      68   70.468717    2.468717
15686         78    164      67   78.680632   11.680632
15687         78    165      66   81.912914   15.912914
15688         78    166      65   70.874052    5.874052
15689         78    167      64   67.078904    3.078904
15690         78    168      63   65.084824    2.084824
15691         78    169      62   68.617961    6.617961
15692         78    170      61   59.921276   -1.078724
15693         78    171      60   70.354323   10.354323
15694         78    172      59   64.773098    5.773098
15695         78    173      58   60.029983    2.029983
15696         78    174      57   66.799772    9.799772
15697         78    175      56   60.334522    4.334522
15698         78    176      55   67.134325   12.134325
15699         78    177      54   61.969906    7.969906
15700         78    178      53   64.881798   11.881798
15701         78    179      52   56.610780    4.610780
15702         78    180      51   45.370517   -5.629483
15703         78    181      50   46.197404   -3.802596
15704         78    182      49   49.068756    0.068756
15705         78    183      48   51.190293    3.190293
15706         78    184      47   41.920110   -5.079890
15707         78    185      46   50.570294    4.570294
15708         78    186      45   36.439105   -8.560895
15709         78    187      44   36.697489   -7.302511
15710         78    188      43   30.702226  -12.297774
15711         78    189      42   38.063545   -3.936455
15712         78    190      41   38.957985   -2.042015
15713         78    191      40   26.970545  -13.029455
15714         78    192      39   35.664223   -3.335777
15715         78    193      38   26.658380  -11.341620
15716         78    194      37   30.384018   -6.615982
15717         78    195      36   26.825614   -9.174386
15718         78    196      35   28.740222   -6.259778
15719         78    197      34   24.500791   -9.499209
15720         78    198      33   19.956182  -13.043818
15721         78    199      32   17.035662  -14.964338
15722         78    200      31   16.027387  -14.972613
15723         78    201      30   13.165729  -16.834271
15724         78    202      29   18.227995  -10.772005
15725         78    203      28   10.756383  -17.243617
15726         78    204      27    8.593176  -18.406824
15727         78    205      26    6.259454  -19.740546
15728         78    206      25    3.973343  -21.026657
15729         78    207      24   -0.603256  -24.603256
15730         78    208      23    1.343637  -21.656363
15731         78    209      22    4.618993  -17.381007
15732         78    210      21   -1.426402  -22.426402
15733         78    211      20   -4.813776  -24.813776
15734         78    212      19   -4.603108  -23.603108
15735         78    213      18   -7.730861  -25.730861
15736         78    214      17   -9.026279  -26.026279
15737         78    215      16  -10.902291  -26.902291
15738         78    216      15  -12.530649  -27.530649
15739         78    217      14  -14.010519  -28.010519
15740         78    218      13  -11.357732  -24.357732
15741         78    219      12  -13.346674  -25.346674
15742         78    220      11  -15.134198  -26.134198
15743         78    221      10  -14.953492  -24.953492
15744         78    222       9  -10.241137  -19.241137
15745         78    223       8  -19.006545  -27.006545
15746         78    224       7  -23.496081  -30.496081
15747         78    225       6  -16.038592  -22.038592
15748         78    226       5  -28.135367  -33.135367
15749         78    227       4  -18.306037  -22.306037
15750         78    228       3  -24.738331  -27.738331
15751         78    229       2  -29.417501  -31.417501
15752         78    230       1  -24.823576  -25.823576
15753         78    231       0  -28.922104  -28.922104
15754         79      1     198  242.449026   44.449026
15755         79      2     197  229.052243   32.052243
15756         79      3     196  213.129009   17.129009
15757         79      4     195  223.482330   28.482330
15758         79      5     194  222.500327   28.500327
15759         79      6     193  225.620831   32.620831
15760         79      7     192  215.413704   23.413704
15761         79      8     191  218.130200   27.130200
15762         79      9     190  217.992908   27.992908
15763         79     10     189  207.405448   18.405448
15764         79     11     188  207.871271   19.871271
15765         79     12     187  197.985692   10.985692
15766         79     13     186  202.923376   16.923376
15767         79     14     185  202.209398   17.209398
15768         79     15     184  196.539609   12.539609
15769         79     16     183  203.678779   20.678779
15770         79     17     182  211.309602   29.309602
15771         79     18     181  212.560099   31.560099
15772         79     19     180  191.757134   11.757134
15773         79     20     179  195.554757   16.554757
15774         79     21     178  191.866293   13.866293
15775         79     22     177  206.344201   29.344201
15776         79     23     176  201.351405   25.351405
15777         79     24     175  192.136289   17.136289
15778         79     25     174  204.042825   30.042825
15779         79     26     173  194.542850   21.542850
15780         79     27     172  196.603805   24.603805
15781         79     28     171  192.167733   21.167733
15782         79     29     170  193.690066   23.690066
15783         79     30     169  189.433562   20.433562
15784         79     31     168  186.510284   18.510284
15785         79     32     167  175.857954    8.857954
15786         79     33     166  183.102315   17.102315
15787         79     34     165  190.460096   25.460096
15788         79     35     164  184.980475   20.980475
15789         79     36     163  175.734645   12.734645
15790         79     37     162  183.369477   21.369477
15791         79     38     161  185.132429   24.132429
15792         79     39     160  183.119221   23.119221
15793         79     40     159  170.860167   11.860167
15794         79     41     158  172.613040   14.613040
15795         79     42     157  172.487714   15.487714
15796         79     43     156  175.312956   19.312956
15797         79     44     155  172.737055   17.737055
15798         79     45     154  162.530082    8.530082
15799         79     46     153  167.798598   14.798598
15800         79     47     152  169.853236   17.853236
15801         79     48     151  185.329807   34.329807
15802         79     49     150  161.430110   11.430110
15803         79     50     149  169.135888   20.135888
15804         79     51     148  160.175710   12.175710
15805         79     52     147  165.081138   18.081138
15806         79     53     146  161.935886   15.935886
15807         79     54     145  165.171611   20.171611
15808         79     55     144  155.857036   11.857036
15809         79     56     143  164.554542   21.554542
15810         79     57     142  162.297082   20.297082
15811         79     58     141  155.023090   14.023090
15812         79     59     140  154.998780   14.998780
15813         79     60     139  154.478158   15.478158
15814         79     61     138  158.768939   20.768939
15815         79     62     137  158.455318   21.455318
15816         79     63     136  154.800719   18.800719
15817         79     64     135  149.021800   14.021800
15818         79     65     134  156.266796   22.266796
15819         79     66     133  150.614060   17.614060
15820         79     67     132  148.995552   16.995552
15821         79     68     131  154.026819   23.026819
15822         79     69     130  152.310225   22.310225
15823         79     70     129  142.721429   13.721429
15824         79     71     128  154.211694   26.211694
15825         79     72     127  141.710790   14.710790
15826         79     73     126  156.516779   30.516779
15827         79     74     125  150.460045   25.460045
15828         79     75     124  146.155010   22.155010
15829         79     76     123  149.313966   26.313966
15830         79     77     122  140.486983   18.486983
15831         79     78     121  149.725249   28.725249
15832         79     79     120  148.812849   28.812849
15833         79     80     119  144.355932   25.355932
15834         79     81     118  148.335357   30.335357
15835         79     82     117  155.767825   38.767825
15836         79     83     116  150.740992   34.740992
15837         79     84     115  139.760891   24.760891
15838         79     85     114  144.413645   30.413645
15839         79     86     113  143.898134   30.898134
15840         79     87     112  140.875758   28.875758
15841         79     88     111  143.453622   32.453622
15842         79     89     110  132.479101   22.479101
15843         79     90     109  127.840134   18.840134
15844         79     91     108  138.871436   30.871436
15845         79     92     107  125.529921   18.529921
15846         79     93     106  123.253817   17.253817
15847         79     94     105  132.208738   27.208738
15848         79     95     104  132.046654   28.046654
15849         79     96     103  124.550277   21.550277
15850         79     97     102  122.514055   20.514055
15851         79     98     101  121.849878   20.849878
15852         79     99     100  125.167547   25.167547
15853         79    100      99  133.270552   34.270552
15854         79    101      98  116.308663   18.308663
15855         79    102      97  123.416935   26.416935
15856         79    103      96  116.178593   20.178593
15857         79    104      95  119.775339   24.775339
15858         79    105      94  120.128368   26.128368
15859         79    106      93  129.070142   36.070142
15860         79    107      92  106.038871   14.038871
15861         79    108      91  113.776283   22.776283
15862         79    109      90  112.432984   22.432984
15863         79    110      89  117.823211   28.823211
15864         79    111      88  110.361196   22.361196
15865         79    112      87  107.933160   20.933160
15866         79    113      86  100.767351   14.767351
15867         79    114      85  107.994902   22.994902
15868         79    115      84  106.202753   22.202753
15869         79    116      83  103.437511   20.437511
15870         79    117      82  106.090781   24.090781
15871         79    118      81   99.376015   18.376015
15872         79    119      80   95.336100   15.336100
15873         79    120      79   98.655061   19.655061
15874         79    121      78  100.798154   22.798154
15875         79    122      77  103.987400   26.987400
15876         79    123      76  101.615605   25.615605
15877         79    124      75   97.871627   22.871627
15878         79    125      74   97.735416   23.735416
15879         79    126      73  104.167252   31.167252
15880         79    127      72   96.631346   24.631346
15881         79    128      71  100.399947   29.399947
15882         79    129      70   97.159673   27.159673
15883         79    130      69   96.480186   27.480186
15884         79    131      68   91.436243   23.436243
15885         79    132      67   85.236416   18.236416
15886         79    133      66   71.051668    5.051668
15887         79    134      65   88.439570   23.439570
15888         79    135      64   79.926285   15.926285
15889         79    136      63   75.581227   12.581227
15890         79    137      62   69.673260    7.673260
15891         79    138      61   74.533681   13.533681
15892         79    139      60   69.430020    9.430020
15893         79    140      59   60.397559    1.397559
15894         79    141      58   58.723331    0.723331
15895         79    142      57   61.762693    4.762693
15896         79    143      56   65.711649    9.711649
15897         79    144      55   78.809674   23.809674
15898         79    145      54   63.904199    9.904199
15899         79    146      53   71.947279   18.947279
15900         79    147      52   68.494199   16.494199
15901         79    148      51   60.887467    9.887467
15902         79    149      50   68.007791   18.007791
15903         79    150      49   60.787167   11.787167
15904         79    151      48   66.508808   18.508808
15905         79    152      47   58.732043   11.732043
15906         79    153      46   62.072767   16.072767
15907         79    154      45   65.577761   20.577761
15908         79    155      44   57.941106   13.941106
15909         79    156      43   53.776705   10.776705
15910         79    157      42   50.662940    8.662940
15911         79    158      41   54.855236   13.855236
15912         79    159      40   58.880783   18.880783
15913         79    160      39   51.369488   12.369488
15914         79    161      38   45.650095    7.650095
15915         79    162      37   46.783339    9.783339
15916         79    163      36   46.823584   10.823584
15917         79    164      35   37.774682    2.774682
15918         79    165      34   37.649245    3.649245
15919         79    166      33   31.229746   -1.770254
15920         79    167      32   32.232262    0.232262
15921         79    168      31   27.371139   -3.628861
15922         79    169      30   26.864175   -3.135825
15923         79    170      29   23.679054   -5.320946
15924         79    171      28   17.903013  -10.096987
15925         79    172      27   17.476520   -9.523480
15926         79    173      26   15.633149  -10.366851
15927         79    174      25   15.131041   -9.868959
15928         79    175      24   13.407621  -10.592379
15929         79    176      23    9.818486  -13.181514
15930         79    177      22    6.863209  -15.136791
15931         79    178      21    1.871589  -19.128411
15932         79    179      20    1.664149  -18.335851
15933         79    180      19   -0.631234  -19.631234
15934         79    181      18    0.831223  -17.168777
15935         79    182      17   -5.013653  -22.013653
15936         79    183      16   -0.970044  -16.970044
15937         79    184      15   -7.309680  -22.309680
15938         79    185      14   -8.731349  -22.731349
15939         79    186      13  -15.273090  -28.273090
15940         79    187      12  -16.850172  -28.850172
15941         79    188      11  -15.541181  -26.541181
15942         79    189      10  -18.488804  -28.488804
15943         79    190       9  -21.558807  -30.558807
15944         79    191       8  -29.988115  -37.988115
15945         79    192       7  -26.486657  -33.486657
15946         79    193       6  -23.634561  -29.634561
15947         79    194       5  -27.103987  -32.103987
15948         79    195       4  -30.487177  -34.487177
15949         79    196       3  -25.858767  -28.858767
15950         79    197       2  -32.052140  -34.052140
15951         79    198       1  -27.327643  -28.327643
15952         79    199       0  -32.256908  -32.256908
15953         80      1     184  209.428283   25.428283
15954         80      2     183  223.372753   40.372753
15955         80      3     182  189.701310    7.701310
15956         80      4     181  180.904513   -0.095487
15957         80      5     180  178.859223   -1.140777
15958         80      6     179  182.992289    3.992289
15959         80      7     178  180.226558    2.226558
15960         80      8     177  191.444408   14.444408
15961         80      9     176  182.464995    6.464995
15962         80     10     175  171.505417   -3.494583
15963         80     11     174  168.811639   -5.188361
15964         80     12     173  148.849489  -24.150511
15965         80     13     172  165.993222   -6.006778
15966         80     14     171  172.977529    1.977529
15967         80     15     170  168.101691   -1.898309
15968         80     16     169  164.120177   -4.879823
15969         80     17     168  176.110915    8.110915
15970         80     18     167  158.552176   -8.447824
15971         80     19     166  164.442308   -1.557692
15972         80     20     165  164.964706   -0.035294
15973         80     21     164  152.300807  -11.699193
15974         80     22     163  160.343759   -2.656241
15975         80     23     162  159.490241   -2.509759
15976         80     24     161  149.935910  -11.064090
15977         80     25     160  158.065970   -1.934030
15978         80     26     159  150.415686   -8.584314
15979         80     27     158  148.933844   -9.066156
15980         80     28     157  154.128094   -2.871906
15981         80     29     156  154.359006   -1.640994
15982         80     30     155  146.160536   -8.839464
15983         80     31     154  155.988695    1.988695
15984         80     32     153  166.184870   13.184870
15985         80     33     152  143.233081   -8.766919
15986         80     34     151  145.470818   -5.529182
15987         80     35     150  135.270072  -14.729928
15988         80     36     149  141.434543   -7.565457
15989         80     37     148  139.300696   -8.699304
15990         80     38     147  155.235072    8.235072
15991         80     39     146  151.018443    5.018443
15992         80     40     145  145.195030    0.195030
15993         80     41     144  142.829914   -1.170086
15994         80     42     143  135.202309   -7.797691
15995         80     43     142  133.573732   -8.426268
15996         80     44     141  136.521913   -4.478087
15997         80     45     140  133.724155   -6.275845
15998         80     46     139  130.447538   -8.552462
15999         80     47     138  152.896367   14.896367
16000         80     48     137  133.255194   -3.744806
16001         80     49     136  127.098441   -8.901559
16002         80     50     135  128.392471   -6.607529
16003         80     51     134  125.362159   -8.637841
16004         80     52     133  120.694829  -12.305171
16005         80     53     132  123.224131   -8.775869
16006         80     54     131  129.860561   -1.139439
16007         80     55     130  141.245519   11.245519
16008         80     56     129  126.914777   -2.085223
16009         80     57     128  126.988117   -1.011883
16010         80     58     127  116.521787  -10.478213
16011         80     59     126  133.781944    7.781944
16012         80     60     125  131.723449    6.723449
16013         80     61     124  126.395175    2.395175
16014         80     62     123  125.053117    2.053117
16015         80     63     122  125.725625    3.725625
16016         80     64     121  130.686109    9.686109
16017         80     65     120  130.551663   10.551663
16018         80     66     119  128.554580    9.554580
16019         80     67     118  124.306257    6.306257
16020         80     68     117  117.110264    0.110264
16021         80     69     116  114.537848   -1.462152
16022         80     70     115  116.654785    1.654785
16023         80     71     114  124.377946   10.377946
16024         80     72     113  108.880663   -4.119337
16025         80     73     112  117.484754    5.484754
16026         80     74     111  112.291762    1.291762
16027         80     75     110  110.371738    0.371738
16028         80     76     109  108.188828   -0.811172
16029         80     77     108  116.194095    8.194095
16030         80     78     107  117.955017   10.955017
16031         80     79     106  116.603851   10.603851
16032         80     80     105  103.630399   -1.369601
16033         80     81     104  111.720744    7.720744
16034         80     82     103   99.388326   -3.611674
16035         80     83     102  106.298055    4.298055
16036         80     84     101  104.968443    3.968443
16037         80     85     100  111.320821   11.320821
16038         80     86      99  111.821098   12.821098
16039         80     87      98  104.127464    6.127464
16040         80     88      97  111.565143   14.565143
16041         80     89      96  115.299626   19.299626
16042         80     90      95  107.390853   12.390853
16043         80     91      94  111.176705   17.176705
16044         80     92      93  100.939647    7.939647
16045         80     93      92  105.872490   13.872490
16046         80     94      91  117.972125   26.972125
16047         80     95      90  109.226865   19.226865
16048         80     96      89  117.180384   28.180384
16049         80     97      88  110.458282   22.458282
16050         80     98      87  102.869900   15.869900
16051         80     99      86   99.398907   13.398907
16052         80    100      85   97.367064   12.367064
16053         80    101      84   98.526872   14.526872
16054         80    102      83   99.024713   16.024713
16055         80    103      82  101.069979   19.069979
16056         80    104      81   90.831909    9.831909
16057         80    105      80  103.294574   23.294574
16058         80    106      79   90.070805   11.070805
16059         80    107      78   87.574041    9.574041
16060         80    108      77   96.653705   19.653705
16061         80    109      76   89.675789   13.675789
16062         80    110      75   91.740233   16.740233
16063         80    111      74   88.291212   14.291212
16064         80    112      73   88.787386   15.787386
16065         80    113      72   96.360890   24.360890
16066         80    114      71   92.235836   21.235836
16067         80    115      70   82.276697   12.276697
16068         80    116      69   83.297710   14.297710
16069         80    117      68   79.985298   11.985298
16070         80    118      67   83.000987   16.000987
16071         80    119      66   75.124464    9.124464
16072         80    120      65   82.162363   17.162363
16073         80    121      64   71.204095    7.204095
16074         80    122      63   72.093132    9.093132
16075         80    123      62   69.386886    7.386886
16076         80    124      61   66.175840    5.175840
16077         80    125      60   71.248426   11.248426
16078         80    126      59   68.726726    9.726726
16079         80    127      58   71.855724   13.855724
16080         80    128      57   66.166673    9.166673
16081         80    129      56   66.180621   10.180621
16082         80    130      55   69.910212   14.910212
16083         80    131      54   74.509338   20.509338
16084         80    132      53   63.823114   10.823114
16085         80    133      52   63.135963   11.135963
16086         80    134      51   64.688911   13.688911
16087         80    135      50   63.484742   13.484742
16088         80    136      49   59.558468   10.558468
16089         80    137      48   64.081652   16.081652
16090         80    138      47   61.508712   14.508712
16091         80    139      46   55.315231    9.315231
16092         80    140      45   59.750807   14.750807
16093         80    141      44   54.343531   10.343531
16094         80    142      43   55.894698   12.894698
16095         80    143      42   57.579139   15.579139
16096         80    144      41   53.169677   12.169677
16097         80    145      40   50.376768   10.376768
16098         80    146      39   48.474673    9.474673
16099         80    147      38   49.422872   11.422872
16100         80    148      37   47.007790   10.007790
16101         80    149      36   47.616992   11.616992
16102         80    150      35   45.951348   10.951348
16103         80    151      34   48.283718   14.283718
16104         80    152      33   43.981470   10.981470
16105         80    153      32   40.834871    8.834871
16106         80    154      31   41.779454   10.779454
16107         80    155      30   43.702572   13.702572
16108         80    156      29   40.998077   11.998077
16109         80    157      28   41.673101   13.673101
16110         80    158      27   38.277384   11.277384
16111         80    159      26   36.236546   10.236546
16112         80    160      25   34.637503    9.637503
16113         80    161      24   29.474141    5.474141
16114         80    162      23   27.147302    4.147302
16115         80    163      22   26.708293    4.708293
16116         80    164      21   26.255700    5.255700
16117         80    165      20   30.003605   10.003605
16118         80    166      19   29.860744   10.860744
16119         80    167      18   34.503046   16.503046
16120         80    168      17   25.867646    8.867646
16121         80    169      16   23.936022    7.936022
16122         80    170      15   22.765047    7.765047
16123         80    171      14   24.234092   10.234092
16124         80    172      13   22.593545    9.593545
16125         80    173      12   26.273982   14.273982
16126         80    174      11   19.882570    8.882570
16127         80    175      10   21.267869   11.267869
16128         80    176       9   16.375439    7.375439
16129         80    177       8   21.991207   13.991207
16130         80    178       7   17.062582   10.062582
16131         80    179       6   20.464632   14.464632
16132         80    180       5   17.553120   12.553120
16133         80    181       4   15.120230   11.120230
16134         80    182       3   25.956590   22.956590
16135         80    183       2   15.321876   13.321876
16136         80    184       1   10.803925    9.803925
16137         80    185       0   10.629916   10.629916