       engine_id  cycle  target  prediction    residual
0              1      1     191  198.819190    7.819190
1              1      2     190  196.669530    6.669530
2              1      3     189  197.663839    8.663839
3              1      4     188  201.977796   13.977796
4              1      5     187  195.659980    8.659980
5              1      6     186  189.165810    3.165810
6              1      7     185  194.388106    9.388106
7              1      8     184  191.972910    7.972910
8              1      9     183  184.879727    1.879727
9              1     10     182  186.986640    4.986640
10             1     11     181  176.578501   -4.421499
11             1     12     180  188.795286    8.795286
12             1     13     179  176.328678   -2.671322
13             1     14     178  178.801584    0.801584
14             1     15     177  182.977803    5.977803
15             1     16     176  180.585014    4.585014
16             1     17     175  180.283642    5.283642
17             1     18     174  180.582630    6.582630
18             1     19     173  173.800419    0.800419
19             1     20     172  180.250347    8.250347
20             1     21     171  178.120329    7.120329
21             1     22     170  169.591783   -0.408217
22             1     23     169  172.443952    3.443952
23             1     24     168  166.456397   -1.543603
24             1     25     167  174.973237    7.973237
25             1     26     166  175.662480    9.662480
26             1     27     165  176.208917   11.208917
27             1     28     164  170.436795    6.436795
28             1     29     163  172.594348    9.594348
29             1     30     162  171.205630    9.205630
30             1     31     161  168.966340    7.966340
31             1     32     160  173.695581   13.695581
32             1     33     159  169.486717   10.486717
33             1     34     158  156.972358   -1.027642
34             1     35     157  167.602061   10.602061
35             1     36     156  165.530987    9.530987
36             1     37     155  166.505084   11.505084
37             1     38     154  169.612292   15.612292
38             1     39     153  166.663593   13.663593
39             1     40     152  166.759484   14.759484
40             1     41     151  163.482495   12.482495
41             1     42     150  154.646280    4.646280
42             1     43     149  159.827749   10.827749
43             1     44     148  166.252700   18.252700
44             1     45     147  158.133429   11.133429
45             1     46     146  155.880963    9.880963
46             1     47     145  164.387523   19.387523
47             1     48     144  159.507277   15.507277
48             1     49     143  147.199182    4.199182
49             1     50     142  149.288075    7.288075
50             1     51     141  156.988468   15.988468
51             1     52     140  149.076806    9.076806
52             1     53     139  155.378027   16.378027
53             1     54     138  154.433610   16.433610
54             1     55     137  151.798629   14.798629
55             1     56     136  143.321409    7.321409
56             1     57     135  138.813697    3.813697
57             1     58     134  141.805828    7.805828
58             1     59     133  130.180439   -2.819561
59             1     60     132  135.079580    3.079580
60             1     61     131  139.155682    8.155682
61             1     62     130  136.056882    6.056882
62             1     63     129  110.071071  -18.928929
63             1     64     128  136.578939    8.578939
64             1     65     127  123.293278   -3.706722
65             1     66     126  138.885214   12.885214
66             1     67     125  131.700634    6.700634
67             1     68     124  136.416487   12.416487
68             1     69     123  133.314928   10.314928
69             1     70     122  131.561595    9.561595
70             1     71     121  133.714264   12.714264
71             1     72     120  135.741009   15.741009
72             1     73     119  138.317583   19.317583
73             1     74     118  127.687872    9.687872
74             1     75     117  138.041886   21.041886
75             1     76     116  133.305158   17.305158
76             1     77     115  130.912104   15.912104
77             1     78     114  131.453771   17.453771
78             1     79     113  138.033813   25.033813
79             1     80     112  127.062003   15.062003
80             1     81     111  133.129961   22.129961
81             1     82     110  136.427874   26.427874
82             1     83     109  125.095941   16.095941
83             1     84     108  120.365536   12.365536
84             1     85     107  128.147050   21.147050
85             1     86     106  125.192457   19.192457
86             1     87     105  114.633002    9.633002
87             1     88     104  117.605680   13.605680
88             1     89     103  117.833642   14.833642
89             1     90     102  114.257108   12.257108
90             1     91     101  118.978487   17.978487
91             1     92     100  126.982760   26.982760
92             1     93      99  107.272822    8.272822
93             1     94      98  112.244530   14.244530
94             1     95      97  123.036743   26.036743
95             1     96      96  115.782092   19.782092
96             1     97      95  111.302795   16.302795
97             1     98      94  121.264445   27.264445
98             1     99      93  112.892529   19.892529
99             1    100      92  104.338182   12.338182
100            1    101      91  101.072632   10.072632
101            1    102      90   97.544740    7.544740
102            1    103      89   97.628100    8.628100
103            1    104      88  116.771573   28.771573
104            1    105      87  117.876699   30.876699
105            1    106      86  127.488247   41.488247
106            1    107      85  128.460682   43.460682
107            1    108      84  103.909996   19.909996
108            1    109      83   98.835076   15.835076
109            1    110      82  110.765582   28.765582
110            1    111      81   93.365465   12.365465
111            1    112      80  103.328220   23.328220
112            1    113      79   99.038091   20.038091
113            1    114      78   95.383438   17.383438
114            1    115      77   99.870037   22.870037
115            1    116      76  107.848702   31.848702
116            1    117      75   91.378938   16.378938
117            1    118      74   86.128308   12.128308
118            1    119      73   95.925576   22.925576
119            1    120      72   79.388043    7.388043
120            1    121      71   89.887228   18.887228
121            1    122      70   75.023927    5.023927
122            1    123      69   96.708623   27.708623
123            1    124      68   83.346440   15.346440
124            1    125      67   79.260837   12.260837
125            1    126      66   90.767498   24.767498
126            1    127      65   87.535583   22.535583
127            1    128      64   86.366830   22.366830
128            1    129      63   84.808244   21.808244
129            1    130      62   78.441060   16.441060
130            1    131      61   73.150001   12.150001
131            1    132      60   74.126805   14.126805
132            1    133      59   67.725069    8.725069
133            1    134      58   76.198012   18.198012
134            1    135      57   88.179769   31.179769
135            1    136      56   96.869236   40.869236
136            1    137      55   79.450508   24.450508
137            1    138      54   87.004875   33.004875
138            1    139      53   59.042599    6.042599
139            1    140      52   69.075299   17.075299
140            1    141      51   64.733272   13.733272
141            1    142      50   64.646095   14.646095
142            1    143      49   78.561862   29.561862
143            1    144      48   74.669713   26.669713
144            1    145      47   62.502648   15.502648
145            1    146      46   64.144933   18.144933
146            1    147      45   61.575175   16.575175
147            1    148      44   66.588585   22.588585
148            1    149      43   55.583493   12.583493
149            1    150      42   56.686804   14.686804
150            1    151      41   51.448988   10.448988
151            1    152      40   40.280374    0.280374
152            1    153      39   43.928551    4.928551
153            1    154      38   33.075743   -4.924257
154            1    155      37   36.267556   -0.732444
155            1    156      36   41.411983    5.411983
156            1    157      35   35.783718    0.783718
157            1    158      34   29.120891   -4.879109
158            1    159      33   27.591206   -5.408794
159            1    160      32   26.305906   -5.694094
160            1    161      31   26.305906   -4.694094
161            1    162      30   26.447502   -3.552498
162            1    163      29   25.603468   -3.396532
163            1    164      28   24.760099   -3.239901
164            1    165      27   25.290814   -1.709186
165            1    166      26   22.589089   -3.410911
166            1    167      25   22.589089   -2.410911
167            1    168      24   28.643120    4.643120
168            1    169      23   27.416989    4.416989
169            1    170      22   28.277357    6.277357
170            1    171      21   23.835085    2.835085
171            1    172      20   24.200848    4.200848
172            1    173      19   25.550184    6.550184
173            1    174      18   23.341001    5.341001
174            1    175      17   21.766624    4.766624
175            1    176      16   23.835085    7.835085
176            1    177      15   19.181003    4.181003
177            1    178      14   18.421199    4.421199
178            1    179      13   21.178935    8.178935
179            1    180      12   20.168518    8.168518
180            1    181      11   16.867744    5.867744
181            1    182      10   15.104838    5.104838
182            1    183       9   15.104838    6.104838
183            1    184       8   15.104838    7.104838
184            1    185       7   13.296802    6.296802
185            1    186       6   15.819551    9.819551
186            1    187       5   13.978266    8.978266
187            1    188       4   15.819551   11.819551
188            1    189       3   13.978266   10.978266
189            1    190       2   13.296802   11.296802
190            1    191       1   13.296802   12.296802
191            1    192       0   13.296802   13.296802
192            2      1     286  216.031037  -69.968963
193            2      2     285  223.879337  -61.120663
194            2      3     284  227.227069  -56.772931
195            2      4     283  221.535603  -61.464397
196            2      5     282  217.444403  -64.555597
197            2      6     281  219.746884  -61.253116
198            2      7     280  212.267220  -67.732780
199            2      8     279  214.095737  -64.904263
200            2      9     278  214.757063  -63.242937
201            2     10     277  216.357045  -60.642955
202            2     11     276  214.010728  -61.989272
203            2     12     275  219.463411  -55.536589
204            2     13     274  218.712262  -55.287738
205            2     14     273  213.280516  -59.719484
206            2     15     272  209.588459  -62.411541
207            2     16     271  216.843386  -54.156614
208            2     17     270  208.842967  -61.157033
209            2     18     269  214.179101  -54.820899
210            2     19     268  214.144057  -53.855943
211            2     20     267  214.100400  -52.899600
212            2     21     266  213.891222  -52.108778
213            2     22     265  199.913373  -65.086627
214            2     23     264  205.954363  -58.045637
215            2     24     263  199.868790  -63.131210
216            2     25     262  209.687933  -52.312067
217            2     26     261  204.216300  -56.783700
218            2     27     260  207.260205  -52.739795
219            2     28     259  208.412575  -50.587425
220            2     29     258  207.375340  -50.624660
221            2     30     257  207.289756  -49.710244
222            2     31     256  205.766844  -50.233156
223            2     32     255  205.852428  -49.147572
224            2     33     254  195.215745  -58.784255
225            2     34     253  201.432398  -51.567602
226            2     35     252  200.600759  -51.399241
227            2     36     251  205.650268  -45.349732
228            2     37     250  203.832286  -46.167714
229            2     38     249  205.177448  -43.822552
230            2     39     248  197.276088  -50.723912
231            2     40     247  199.101734  -47.898266
232            2     41     246  195.689240  -50.310760
233            2     42     245  189.886368  -55.113632
234            2     43     244  195.282658  -48.717342
235            2     44     243  188.864234  -54.135766
236            2     45     242  186.228706  -55.771294
237            2     46     241  189.899853  -51.100147
238            2     47     240  189.836524  -50.163476
239            2     48     239  188.480278  -50.519722
240            2     49     238  179.263768  -58.736232
241            2     50     237  187.980296  -49.019704
242            2     51     236  184.433615  -51.566385
243            2     52     235  184.631592  -50.368408
244            2     53     234  185.441215  -48.558785
245            2     54     233  182.593206  -50.406794
246            2     55     232  180.752713  -51.247287
247            2     56     231  180.599833  -50.400167
248            2     57     230  175.017203  -54.982797
249            2     58     229  176.995893  -52.004107
250            2     59     228  179.428829  -48.571171
251            2     60     227  173.839904  -53.160096
252            2     61     226  177.816375  -48.183625
253            2     62     225  162.829143  -62.170857
254            2     63     224  168.442286  -55.557714
255            2     64     223  173.566045  -49.433955
256            2     65     222  168.441681  -53.558319
257            2     66     221  171.562202  -49.437798
258            2     67     220  169.707859  -50.292141
259            2     68     219  170.043641  -48.956359
260            2     69     218  168.104298  -49.895702
261            2     70     217  167.346882  -49.653118
262            2     71     216  167.205530  -48.794470
263            2     72     215  166.387253  -48.612747
264            2     73     214  166.678040  -47.321960
265            2     74     213  162.829967  -50.170033
266            2     75     212  166.244598  -45.755402
267            2     76     211  160.930893  -50.069107
268            2     77     210  165.062141  -44.937859
269            2     78     209  167.140102  -41.859898
270            2     79     208  165.735756  -42.264244
271            2     80     207  163.504490  -43.495510
272            2     81     206  163.811312  -42.188688
273            2     82     205  162.618998  -42.381002
274            2     83     204  163.503208  -40.496792
275            2     84     203  161.669011  -41.330989
276            2     85     202  163.638978  -38.361022
277            2     86     201  163.418076  -37.581924
278            2     87     200  158.274298  -41.725702
279            2     88     199  163.519653  -35.480347
280            2     89     198  160.276060  -37.723940
281            2     90     197  156.964352  -40.035648
282            2     91     196  152.360381  -43.639619
283            2     92     195  161.553669  -33.446331
284            2     93     194  159.721022  -34.278978
285            2     94     193  152.578150  -40.421850
286            2     95     192  157.006503  -34.993497
287            2     96     191  148.027353  -42.972647
288            2     97     190  155.443331  -34.556669
289            2     98     189  155.037583  -33.962417
290            2     99     188  152.115124  -35.884876
291            2    100     187  149.329714  -37.670286
292            2    101     186  143.069478  -42.930522
293            2    102     185  148.586758  -36.413242
294            2    103     184  148.698019  -35.301981
295            2    104     183  149.144987  -33.855013
296            2    105     182  146.894331  -35.105669
297            2    106     181  136.027989  -44.972011
298            2    107     180  145.308631  -34.691369
299            2    108     179  148.106471  -30.893529
300            2    109     178  125.614178  -52.385822
301            2    110     177  140.962283  -36.037717
302            2    111     176  141.330850  -34.669150
303            2    112     175  127.682655  -47.317345
304            2    113     174  133.615456  -40.384544
305            2    114     173  136.296909  -36.703091
306            2    115     172  136.670296  -35.329704
307            2    116     171  136.987835  -34.012165
308            2    117     170  136.758728  -33.241272
309            2    118     169  132.587573  -36.412427
310            2    119     168  136.021864  -31.978136
311            2    120     167  129.920804  -37.079196
312            2    121     166  138.330220  -27.669780
313            2    122     165  124.778387  -40.221613
314            2    123     164  138.405560  -25.594440
315            2    124     163  138.236831  -24.763169
316            2    125     162  138.382969  -23.617031
317            2    126     161  130.553620  -30.446380
318            2    127     160  137.831895  -22.168105
319            2    128     159  137.170868  -21.829132
320            2    129     158  141.005206  -16.994794
321            2    130     157  136.936893  -20.063107
322            2    131     156  133.320189  -22.679811
323            2    132     155  139.534404  -15.465596
324            2    133     154  128.767206  -25.232794
325            2    134     153  127.106066  -25.893934
326            2    135     152  128.270413  -23.729587
327            2    136     151  134.997790  -16.002210
328            2    137     150  122.134190  -27.865810
329            2    138     149  131.210645  -17.789355
330            2    139     148  139.967500   -8.032500
331            2    140     147  137.359824   -9.640176
332            2    141     146  126.097495  -19.902505
333            2    142     145  134.091266  -10.908734
334            2    143     144  116.487696  -27.512304
335            2    144     143  130.310646  -12.689354
336            2    145     142  118.018227  -23.981773
337            2    146     141  126.418362  -14.581638
338            2    147     140  112.863837  -27.136163
339            2    148     139  125.253301  -13.746699
340            2    149     138  113.819613  -24.180387
341            2    150     137  133.139299   -3.860701
342            2    151     136  121.866235  -14.133765
343            2    152     135  121.707954  -13.292046
344            2    153     134  112.035649  -21.964351
345            2    154     133  129.050189   -3.949811
346            2    155     132  120.011396  -11.988604
347            2    156     131  129.087164   -1.912836
348            2    157     130  102.069343  -27.930657
349            2    158     129  114.003386  -14.996614
350            2    159     128  120.366441   -7.633559
351            2    160     127  103.713868  -23.286132
352            2    161     126  121.757563   -4.242437
353            2    162     125  119.038623   -5.961377
354            2    163     124  114.696101   -9.303899
355            2    164     123  115.677472   -7.322528
356            2    165     122  112.305837   -9.694163
357            2    166     121  106.980388  -14.019612
358            2    167     120  107.881615  -12.118385
359            2    168     119  116.980781   -2.019219
360            2    169     118  104.459014  -13.540986
361            2    170     117  101.807895  -15.192105
362            2    171     116  104.799768  -11.200232
363            2    172     115  111.412184   -3.587816
364            2    173     114  116.027607    2.027607
365            2    174     113  107.431221   -5.568779
366            2    175     112  100.193990  -11.806010
367            2    176     111  117.222146    6.222146
368            2    177     110  111.923854    1.923854
369            2    178     109   96.508745  -12.491255
370            2    179     108  105.172302   -2.827698
371            2    180     107  102.938306   -4.061694
372            2    181     106  129.692254   23.692254
373            2    182     105   96.831628   -8.168372
374            2    183     104  110.438241    6.438241
375            2    184     103   96.110658   -6.889342
376            2    185     102  119.199544   17.199544
377            2    186     101   91.634297   -9.365703
378            2    187     100   90.857079   -9.142921
379            2    188      99  105.006803    6.006803
380            2    189      98   82.178565  -15.821435
381            2    190      97   97.605103    0.605103
382            2    191      96   79.615483  -16.384517
383            2    192      95   75.792197  -19.207803
384            2    193      94   88.674934   -5.325066
385            2    194      93   74.775978  -18.224022
386            2    195      92   93.019447    1.019447
387            2    196      91   90.361374   -0.638626
388            2    197      90   83.009127   -6.990873
389            2    198      89   90.353707    1.353707
390            2    199      88   81.129603   -6.870397
391            2    200      87   70.442981  -16.557019
392            2    201      86   85.743595   -0.256405
393            2    202      85   74.938017  -10.061983
394            2    203      84   58.526258  -25.473742
395            2    204      83   63.725968  -19.274032
396            2    205      82   66.637925  -15.362075
397            2    206      81   82.022781    1.022781
398            2    207      80   69.499265  -10.500735
399            2    208      79   70.114997   -8.885003
400            2    209      78   74.355447   -3.644553
401            2    210      77   76.002362   -0.997638
402            2    211      76   69.959066   -6.040934
403            2    212      75   69.206918   -5.793082
404            2    213      74   67.700301   -6.299699
405            2    214      73   69.200428   -3.799572
406            2    215      72   60.081793  -11.918207
407            2    216      71   69.548048   -1.451952
408            2    217      70   57.414996  -12.585004
409            2    218      69   57.383598  -11.616402
410            2    219      68   58.148484   -9.851516
411            2    220      67   54.590554  -12.409446
412            2    221      66   57.365788   -8.634212
413            2    222      65   54.080898  -10.919102
414            2    223      64   54.963707   -9.036293
415            2    224      63   45.662013  -17.337987
416            2    225      62   49.310021  -12.689979
417            2    226      61   41.678410  -19.321590
418            2    227      60   42.487906  -17.512094
419            2    228      59   45.123832  -13.876168
420            2    229      58   48.072283   -9.927717
421            2    230      57   40.998649  -16.001351
422            2    231      56   44.760445  -11.239555
423            2    232      55   39.547729  -15.452271
424            2    233      54   47.524161   -6.475839
425            2    234      53   45.728754   -7.271246
426            2    235      52   43.762580   -8.237420
427            2    236      51   44.031872   -6.968128
428            2    237      50   37.074935  -12.925065
429            2    238      49   31.563137  -17.436863
430            2    239      48   32.630928  -15.369072
431            2    240      47   34.638008  -12.361992
432            2    241      46   28.201153  -17.798847
433            2    242      45   28.421180  -16.578820
434            2    243      44   27.810254  -16.189746
435            2    244      43   27.744590  -15.255410
436            2    245      42   21.493090  -20.506910
437            2    246      41   22.705176  -18.294824
438            2    247      40   28.267145  -11.732855
439            2    248      39   26.625747  -12.374253
440            2    249      38   21.290840  -16.709160
441            2    250      37   20.082226  -16.917774
442            2    251      36   22.697649  -13.302351
443            2    252      35   21.476041  -13.523959
444            2    253      34   22.768843  -11.231157
445            2    254      33   20.358754  -12.641246
446            2    255      32   20.358754  -11.641246
447            2    256      31   21.571076   -9.428924
448            2    257      30   18.464320  -11.535680
449            2    258      29   15.527612  -13.472388
450            2    259      28   16.176548  -11.823452
451            2    260      27   18.633509   -8.366491
452            2    261      26   17.056082   -8.943918
453            2    262      25   16.374743   -8.625257
454            2    263      24   14.967934   -9.032066
455            2    264      23   15.649274   -7.350726
456            2    265      22   14.208130   -7.791870
457            2    266      21   15.334702   -5.665298
458            2    267      20   14.208130   -5.791870
459            2    268      19   13.526666   -5.473334
460            2    269      18   15.720532   -2.279468
461            2    270      17   14.541720   -2.458280
462            2    271      16   14.541720   -1.458280
463            2    272      15   14.541720   -0.458280
464            2    273      14   14.155890    0.155890
465            2    274      13   14.155890    1.155890
466            2    275      12   14.155890    2.155890
467            2    276      11   14.541720    3.541720
468            2    277      10   12.347853    2.347853
469            2    278       9   12.347853    3.347853
470            2    279       8   12.347853    4.347853
471            2    280       7   12.347853    5.347853
472            2    281       6   12.347853    6.347853
473            2    282       5   12.347853    7.347853
474            2    283       4   12.347853    8.347853
475            2    284       3   12.347853    9.347853
476            2    285       2   12.347853   10.347853
477            2    286       1   12.347853   11.347853
478            2    287       0   12.347853   12.347853
479            3      1     178  203.029851   25.029851
480            3      2     177  200.496025   23.496025
481            3      3     176  197.529295   21.529295
482            3      4     175  184.863593    9.863593
483            3      5     174  201.785313   27.785313
484            3      6     173  204.890331   31.890331
485            3      7     172  192.568361   20.568361
486            3      8     171  196.197824   25.197824
487            3      9     170  195.999904   25.999904
488            3     10     169  199.217825   30.217825
489            3     11     168  191.508649   23.508649
490            3     12     167  183.297883   16.297883
491            3     13     166  193.763642   27.763642
492            3     14     165  191.856052   26.856052
493            3     15     164  188.967669   24.967669
494            3     16     163  191.480120   28.480120
495            3     17     162  186.929706   24.929706
496            3     18     161  192.082082   31.082082
497            3     19     160  190.932765   30.932765
498            3     20     159  188.873666   29.873666
499            3     21     158  189.686766   31.686766
500            3     22     157  188.674489   31.674489
501            3     23     156  188.403353   32.403353
502            3     24     155  187.414341   32.414341
503            3     25     154  186.009037   32.009037
504            3     26     153  184.426578   31.426578
505            3     27     152  183.021586   31.021586
506            3     28     151  174.459809   23.459809
507            3     29     150  182.171723   32.171723
508            3     30     149  183.103332   34.103332
509            3     31     148  171.788382   23.788382
510            3     32     147  178.932391   31.932391
511            3     33     146  172.703874   26.703874
512            3     34     145  178.323369   33.323369
513            3     35     144  177.934812   33.934812
514            3     36     143  173.877700   30.877700
515            3     37     142  173.275912   31.275912
516            3     38     141  158.681857   17.681857
517            3     39     140  166.106319   26.106319
518            3     40     139  163.971788   24.971788
519            3     41     138  170.454879   32.454879
520            3     42     137  166.191257   29.191257
521            3     43     136  156.959288   20.959288
522            3     44     135  162.755876   27.755876
523            3     45     134  157.964525   23.964525
524            3     46     133  147.925630   14.925630
525            3     47     132  158.696247   26.696247
526            3     48     131  158.965600   27.965600
527            3     49     130  159.874946   29.874946
528            3     50     129  159.675063   30.675063
529            3     51     128  156.386450   28.386450
530            3     52     127  155.651040   28.651040
531            3     53     126  152.536676   26.536676
532            3     54     125  139.953461   14.953461
533            3     55     124  153.717291   29.717291
534            3     56     123  156.616879   33.616879
535            3     57     122  159.312384   37.312384
536            3     58     121  146.986462   25.986462
537            3     59     120  157.185142   37.185142
538            3     60     119  128.677731    9.677731
539            3     61     118  147.503843   29.503843
540            3     62     117  147.889132   30.889132
541            3     63     116  144.867595   28.867595
542            3     64     115  147.201796   32.201796
543            3     65     114  150.000684   36.000684
544            3     66     113  145.860632   32.860632
545            3     67     112  143.381405   31.381405
546            3     68     111  147.492653   36.492653
547            3     69     110  142.513122   32.513122
548            3     70     109  128.370177   19.370177
549            3     71     108  134.316434   26.316434
550            3     72     107  126.012422   19.012422
551            3     73     106  135.202998   29.202998
552            3     74     105  132.118000   27.118000
553            3     75     104  138.794665   34.794665
554            3     76     103  138.510063   35.510063
555            3     77     102  126.920003   24.920003
556            3     78     101  120.488244   19.488244
557            3     79     100  126.622486   26.622486
558            3     80      99  126.510965   27.510965
559            3     81      98  113.908829   15.908829
560            3     82      97  122.363689   25.363689
561            3     83      96  118.636027   22.636027
562            3     84      95  117.506567   22.506567
563            3     85      94  116.535697   22.535697
564            3     86      93  121.269285   28.269285
565            3     87      92  129.933766   37.933766
566            3     88      91  110.057931   19.057931
567            3     89      90  116.784476   26.784476
568            3     90      89  101.639261   12.639261
569            3     91      88  113.722336   25.722336
570            3     92      87  106.873095   19.873095
571            3     93      86   88.034892    2.034892
572            3     94      85   98.431910   13.431910
573            3     95      84  113.309231   29.309231
574            3     96      83  105.265710   22.265710
575            3     97      82  104.633675   22.633675
576            3     98      81  109.086439   28.086439
577            3     99      80  107.751930   27.751930
578            3    100      79  111.815492   32.815492
579            3    101      78  104.486466   26.486466
580            3    102      77  100.967042   23.967042
581            3    103      76   90.638395   14.638395
582            3    104      75   97.049026   22.049026
583            3    105      74  103.734090   29.734090
584            3    106      73  102.658173   29.658173
585            3    107      72   89.873017   17.873017
586            3    108      71  101.522829   30.522829
587            3    109      70  101.277069   31.277069
588            3    110      69   98.021826   29.021826
589            3    111      68   99.114978   31.114978
590            3    112      67   92.937968   25.937968
591            3    113      66  104.107152   38.107152
592            3    114      65  102.659853   37.659853
593            3    115      64   81.430290   17.430290
594            3    116      63   93.620249   30.620249
595            3    117      62   94.385585   32.385585
596            3    118      61   86.027557   25.027557
597            3    119      60   83.655452   23.655452
598            3    120      59   89.905444   30.905444
599            3    121      58   80.071004   22.071004
600            3    122      57   83.947897   26.947897
601            3    123      56   74.422467   18.422467
602            3    124      55   83.463239   28.463239
603            3    125      54   86.167120   32.167120
604            3    126      53   85.165282   32.165282
605            3    127      52   77.362312   25.362312
606            3    128      51   72.624559   21.624559
607            3    129      50   83.907230   33.907230
608            3    130      49   68.105826   19.105826
609            3    131      48   66.351030   18.351030
610            3    132      47   55.094348    8.094348
611            3    133      46   54.781004    8.781004
612            3    134      45   59.007049   14.007049
613            3    135      44   61.491411   17.491411
614            3    136      43   57.991992   14.991992
615            3    137      42   69.652940   27.652940
616            3    138      41   59.102329   18.102329
617            3    139      40   57.164257   17.164257
618            3    140      39   60.951654   21.951654
619            3    141      38   51.353672   13.353672
620            3    142      37   41.340801    4.340801
621            3    143      36   45.306329    9.306329
622            3    144      35   42.572879    7.572879
623            3    145      34   47.663710   13.663710
624            3    146      33   54.291509   21.291509
625            3    147      32   44.798922   12.798922
626            3    148      31   42.815447   11.815447
627            3    149      30   34.637983    4.637983
628            3    150      29   44.796164   15.796164
629            3    151      28   34.695018    6.695018
630            3    152      27   28.097148    1.097148
631            3    153      26   27.374316    1.374316
632            3    154      25   25.187434    0.187434
633            3    155      24   22.263906   -1.736094
634            3    156      23   20.132930   -2.867070
635            3    157      22   18.266125   -3.733875
636            3    158      21   18.924316   -2.075684
637            3    159      20   18.417830   -1.582170
638            3    160      19   18.417830   -0.582170
639            3    161      18   17.557983   -0.442017
640            3    162      17   19.407446    2.407446
641            3    163      16   18.964792    2.964792
642            3    164      15   17.557983    2.557983
643            3    165      14   17.557983    3.557983
644            3    166      13   16.857297    3.857297
645            3    167      12   16.857297    4.857297
646            3    168      11   16.476002    5.476002
647            3    169      10   14.286470    4.286470
648            3    170       9   14.286470    5.286470
649            3    171       8   13.526666    5.526666
650            3    172       7   13.249383    6.249383
651            3    173       6   12.347853    6.347853
652            3    174       5   12.347853    7.347853
653            3    175       4   12.347853    8.347853
654            3    176       3   12.347853    9.347853
655            3    177       2   12.347853   10.347853
656            3    178       1   12.347853   11.347853
657            3    179       0   12.347853   12.347853
658            4      1     188  192.822147    4.822147
659            4      2     187  188.826055    1.826055
660            4      3     186  191.049980    5.049980
661            4      4     185  199.225492   14.225492
662            4      5     184  183.249635   -0.750365
663            4      6     183  190.133435    7.133435
664            4      7     182  192.713897   10.713897
665            4      8     181  194.334506   13.334506
666            4      9     180  190.078947   10.078947
667            4     10     179  188.839924    9.839924
668            4     11     178  193.691229   15.691229
669            4     12     177  192.670561   15.670561
670            4     13     176  191.203040   15.203040
671            4     14     175  186.120217   11.120217
672            4     15     174  191.405965   17.405965
673            4     16     173  187.396029   14.396029
674            4     17     172  185.024219   13.024219
675            4     18     171  182.924776   11.924776
676            4     19     170  185.024219   15.024219
677            4     20     169  185.291511   16.291511
678            4     21     168  183.458438   15.458438
679            4     22     167  166.586629   -0.413371
680            4     23     166  180.722004   14.722004
681            4     24     165  174.565086    9.565086
682            4     25     164  175.397942   11.397942
683            4     26     163  176.597098   13.597098
684            4     27     162  173.737789   11.737789
685            4     28     161  156.511112   -4.488888
686            4     29     160  170.168881   10.168881
687            4     30     159  164.467782    5.467782
688            4     31     158  169.666682   11.666682
689            4     32     157  170.641580   13.641580
690            4     33     156  165.704803    9.704803
691            4     34     155  165.753479   10.753479
692            4     35     154  161.503107    7.503107
693            4     36     153  159.677204    6.677204
694            4     37     152  149.679229   -2.320771
695            4     38     151  167.620483   16.620483
696            4     39     150  157.138691    7.138691
697            4     40     149  167.937791   18.937791
698            4     41     148  167.566805   19.566805
699            4     42     147  166.891372   19.891372
700            4     43     146  170.565380   24.565380
701            4     44     145  169.965428   24.965428
702            4     45     144  169.507088   25.507088
703            4     46     143  160.388828   17.388828
704            4     47     142  157.433304   15.433304
705            4     48     141  162.965047   21.965047
706            4     49     140  160.366500   20.366500
707            4     50     139  157.469128   18.469128
708            4     51     138  159.343687   21.343687
709            4     52     137  148.886299   11.886299
710            4     53     136  144.396037    8.396037
711            4     54     135  151.182049   16.182049
712            4     55     134  151.155847   17.155847
713            4     56     133  153.869194   20.869194
714            4     57     132  153.332369   21.332369
715            4     58     131  151.041988   20.041988
716            4     59     130  150.973480   20.973480
717            4     60     129  156.576869   27.576869
718            4     61     128  156.804865   28.804865
719            4     62     127  144.280188   17.280188
720            4     63     126  147.440153   21.440153
721            4     64     125  150.364652   25.364652
722            4     65     124  145.641704   21.641704
723            4     66     123  126.485376    3.485376
724            4     67     122  136.663192   14.663192
725            4     68     121  144.963685   23.963685
726            4     69     120  141.709755   21.709755
727            4     70     119  140.551382   21.551382
728            4     71     118  134.517742   16.517742
729            4     72     117  136.869865   19.869865
730            4     73     116  143.019233   27.019233
731            4     74     115  136.524075   21.524075
732            4     75     114  142.695510   28.695510
733            4     76     113  129.646685   16.646685
734            4     77     112  121.297824    9.297824
735            4     78     111  125.806622   14.806622
736            4     79     110  132.001997   22.001997
737            4     80     109  125.076124   16.076124
738            4     81     108  122.643601   14.643601
739            4     82     107  131.815932   24.815932
740            4     83     106  134.297779   28.297779
741            4     84     105  128.168142   23.168142
742            4     85     104  120.713144   16.713144
743            4     86     103  124.903041   21.903041
744            4     87     102  124.643742   22.643742
745            4     88     101  112.770480   11.770480
746            4     89     100  119.400171   19.400171
747            4     90      99  112.347436   13.347436
748            4     91      98  110.835630   12.835630
749            4     92      97  114.828901   17.828901
750            4     93      96  112.544683   16.544683
751            4     94      95  120.054570   25.054570
752            4     95      94  115.729822   21.729822
753            4     96      93  122.982621   29.982621
754            4     97      92  103.969638   11.969638
755            4     98      91  108.411557   17.411557
756            4     99      90  110.084594   20.084594
757            4    100      89  111.787324   22.787324
758            4    101      88  103.177461   15.177461
759            4    102      87  100.380843   13.380843
760            4    103      86  115.926100   29.926100
761            4    104      85  111.744438   26.744438
762            4    105      84  106.222026   22.222026
763            4    106      83  106.269714   23.269714
764            4    107      82   98.818675   16.818675
765            4    108      81  103.860471   22.860471
766            4    109      80  109.649719   29.649719
767            4    110      79  111.035466   32.035466
768            4    111      78  107.664346   29.664346
769            4    112      77   99.607571   22.607571
770            4    113      76   98.174299   22.174299
771            4    114      75   93.400110   18.400110
772            4    115      74   89.621497   15.621497
773            4    116      73   94.687865   21.687865
774            4    117      72   90.089515   18.089515
775            4    118      71   91.150313   20.150313
776            4    119      70   80.162985   10.162985
777            4    120      69   88.332348   19.332348
778            4    121      68   89.423200   21.423200
779            4    122      67   83.636615   16.636615
780            4    123      66   79.393394   13.393394
781            4    124      65   83.877237   18.877237
782            4    125      64   89.501058   25.501058
783            4    126      63   82.773829   19.773829
784            4    127      62   77.759007   15.759007
785            4    128      61   61.675884    0.675884
786            4    129      60   82.129659   22.129659
787            4    130      59   84.159593   25.159593
788            4    131      58   73.566027   15.566027
789            4    132      57   68.914935   11.914935
790            4    133      56   71.413631   15.413631
791            4    134      55   60.397488    5.397488
792            4    135      54   58.727571    4.727571
793            4    136      53   65.090951   12.090951
794            4    137      52   74.915183   22.915183
795            4    138      51   80.312285   29.312285
796            4    139      50   72.153733   22.153733
797            4    140      49   73.295125   24.295125
798            4    141      48   68.799842   20.799842
799            4    142      47   58.877908   11.877908
800            4    143      46   78.330961   32.330961
801            4    144      45   57.616712   12.616712
802            4    145      44   77.024484   33.024484
803            4    146      43   54.274179   11.274179
804            4    147      42   51.422082    9.422082
805            4    148      41   57.809463   16.809463
806            4    149      40   37.293298   -2.706702
807            4    150      39   46.597225    7.597225
808            4    151      38   41.964372    3.964372
809            4    152      37   54.515825   17.515825
810            4    153      36   39.177778    3.177778
811            4    154      35   30.963163   -4.036837
812            4    155      34   35.765543    1.765543
813            4    156      33   41.265933    8.265933
814            4    157      32   53.192052   21.192052
815            4    158      31   35.653982    4.653982
816            4    159      30   35.543377    5.543377
817            4    160      29   42.750285   13.750285
818            4    161      28   41.796916   13.796916
819            4    162      27   42.529703   15.529703
820            4    163      26   23.263479   -2.736521
821            4    164      25   21.583182   -3.416818
822            4    165      24   44.544628   20.544628
823            4    166      23   19.716377   -3.283623
824            4    167      22   24.117728    2.117728
825            4    168      21   18.978650   -2.021350
826            4    169      20   21.458862    1.458862
827            4    170      19   16.792664   -2.207336
828            4    171      18   18.924316    0.924316
829            4    172      17   14.482565   -2.517435
830            4    173      16   17.111364    1.111364
831            4    174      15   15.342412    0.342412
832            4    175      14   14.482565    0.482565
833            4    176      13   14.205282    1.205282
834            4    177      12   14.482565    2.482565
835            4    178      11   14.035300    3.035300
836            4    179      10   13.722760    3.722760
837            4    180       9   13.722760    4.722760
838            4    181       8   13.722760    5.722760
839            4    182       7   13.526666    6.526666
840            4    183       6   12.347853    6.347853
841            4    184       5   12.347853    7.347853
842            4    185       4   12.347853    8.347853
843            4    186       3   12.347853    9.347853
844            4    187       2   12.347853   10.347853
845            4    188       1   12.347853   11.347853
846            4    189       0   12.347853   12.347853
847            5      1     268  201.083974  -66.916026
848            5      2     267  198.287903  -68.712097
849            5      3     266  202.026333  -63.973667
850            5      4     265  204.798003  -60.201997
851            5      5     264  204.725907  -59.274093
852            5      6     263  204.145699  -58.854301
853            5      7     262  203.338177  -58.661823
854            5      8     261  203.279453  -57.720547
855            5      9     260  199.796263  -60.203737
856            5     10     259  205.018084  -53.981916
857            5     11     258  207.638417  -50.361583
858            5     12     257  205.217371  -51.782629
859            5     13     256  193.430446  -62.569554
860            5     14     255  199.432680  -55.567320
861            5     15     254  200.671786  -53.328214
862            5     16     253  201.487482  -51.512518
863            5     17     252  198.532805  -53.467195
864            5     18     251  199.311168  -51.688832
865            5     19     250  198.634954  -51.365046
866            5     20     249  198.534723  -50.465277
867            5     21     248  197.374305  -50.625695
868            5     22     247  195.057907  -51.942093
869            5     23     246  193.305277  -52.694723
870            5     24     245  191.938089  -53.061911
871            5     25     244  193.566781  -50.433219
872            5     26     243  194.246823  -48.753177
873            5     27     242  193.270851  -48.729149
874            5     28     241  191.595223  -49.404777
875            5     29     240  193.140410  -46.859590
876            5     30     239  189.473294  -49.526706
877            5     31     238  188.932651  -49.067349
878            5     32     237  172.694148  -64.305852
879            5     33     236  187.829169  -48.170831
880            5     34     235  188.541076  -46.458924
881            5     35     234  177.468977  -56.531023
882            5     36     233  179.964222  -53.035778
883            5     37     232  181.898055  -50.101945
884            5     38     231  181.139431  -49.860569
885            5     39     230  180.829091  -49.170909
886            5     40     229  177.879475  -51.120525
887            5     41     228  178.119493  -49.880507
888            5     42     227  164.876292  -62.123708
889            5     43     226  177.322853  -48.677147
890            5     44     225  174.860038  -50.139962
891            5     45     224  171.492718  -52.507282
892            5     46     223  162.803434  -60.196566
893            5     47     222  176.233057  -45.766943
894            5     48     221  173.503351  -47.496649
895            5     49     220  174.654134  -45.345866
896            5     50     219  165.452749  -53.547251
897            5     51     218  165.634983  -52.365017
898            5     52     217  165.046151  -51.953849
899            5     53     216  165.403237  -50.596763
900            5     54     215  168.928664  -46.071336
901            5     55     214  165.204801  -48.795199
902            5     56     213  164.231894  -48.768106
903            5     57     212  164.321173  -47.678827
904            5     58     211  163.583653  -47.416347
905            5     59     210  163.339704  -46.660296
906            5     60     209  162.327769  -46.672231
907            5     61     208  163.414491  -44.585509
908            5     62     207  158.297112  -48.702888
909            5     63     206  161.901445  -44.098555
910            5     64     205  163.001265  -41.998735
911            5     65     204  163.181538  -40.818462
912            5     66     203  159.073771  -43.926229
913            5     67     202  157.506201  -44.493799
914            5     68     201  154.822189  -46.177811
915            5     69     200  156.508078  -43.491922
916            5     70     199  153.864344  -45.135656
917            5     71     198  146.350425  -51.649575
918            5     72     197  152.698803  -44.301197
919            5     73     196  143.800969  -52.199031
920            5     74     195  142.123464  -52.876536
921            5     75     194  152.128220  -41.871780
922            5     76     193  139.115541  -53.884459
923            5     77     192  139.091659  -52.908341
924            5     78     191  139.979498  -51.020502
925            5     79     190  144.344512  -45.655488
926            5     80     189  143.163214  -45.836786
927            5     81     188  144.368374  -43.631626
928            5     82     187  144.458685  -42.541315
929            5     83     186  144.905832  -41.094168
930            5     84     185  143.570614  -41.429386
931            5     85     184  129.462842  -54.537158
932            5     86     183  136.025316  -46.974684
933            5     87     182  139.304440  -42.695560
934            5     88     181  142.717962  -38.282038
935            5     89     180  141.575543  -38.424457
936            5     90     179  145.788044  -33.211956
937            5     91     178  144.496178  -33.503822
938            5     92     177  143.289111  -33.710889
939            5     93     176  139.064819  -36.935181
940            5     94     175  140.333679  -34.666321
941            5     95     174  135.655135  -38.344865
942            5     96     173  137.533020  -35.466980
943            5     97     172  130.602044  -41.397956
944            5     98     171  139.478729  -31.521271
945            5     99     170  133.727965  -36.272035
946            5    100     169  130.911790  -38.088210
947            5    101     168  116.059349  -51.940651
948            5    102     167  130.408402  -36.591598
949            5    103     166  120.941034  -45.058966
950            5    104     165  122.041413  -42.958587
951            5    105     164  123.383834  -40.616166
952            5    106     163  118.650764  -44.349236
953            5    107     162  120.584500  -41.415500
954            5    108     161  121.749027  -39.250973
955            5    109     160  117.345874  -42.654126
956            5    110     159  130.051615  -28.948385
957            5    111     158  112.297111  -45.702889
958            5    112     157  119.282836  -37.717164
959            5    113     156  125.934564  -30.065436
960            5    114     155  115.162319  -39.837681
961            5    115     154  122.940624  -31.059376
962            5    116     153  129.296229  -23.703771
963            5    117     152  122.153172  -29.846828
964            5    118     151  115.911045  -35.088955
965            5    119     150  124.278457  -25.721543
966            5    120     149  114.337768  -34.662232
967            5    121     148  121.456559  -26.543441
968            5    122     147  125.489514  -21.510486
969            5    123     146  116.480037  -29.519963
970            5    124     145  104.525793  -40.474207
971            5    125     144  111.422066  -32.577934
972            5    126     143  109.306018  -33.693982
973            5    127     142  114.371063  -27.628937
974            5    128     141   88.372547  -52.627453
975            5    129     140  116.557417  -23.442583
976            5    130     139  107.343305  -31.656695
977            5    131     138  101.543445  -36.456555
978            5    132     137  109.185021  -27.814979
979            5    133     136   98.116674  -37.883326
980            5    134     135  100.194891  -34.805109
981            5    135     134  114.436200  -19.563800
982            5    136     133  111.038702  -21.961298
983            5    137     132   88.856305  -43.143695
984            5    138     131  103.136404  -27.863596
985            5    139     130  101.427580  -28.572420
986            5    140     129  103.362551  -25.637449
987            5    141     128  109.302626  -18.697374
988            5    142     127  116.023145  -10.976855
989            5    143     126  119.564175   -6.435825
990            5    144     125  114.150216  -10.849784
991            5    145     124  116.314499   -7.685501
992            5    146     123  102.492356  -20.507644
993            5    147     122  113.779049   -8.220951
994            5    148     121  113.283533   -7.716467
995            5    149     120  111.232998   -8.767002
996            5    150     119   97.685964  -21.314036
997            5    151     118  111.023914   -6.976086
998            5    152     117   99.468890  -17.531110
999            5    153     116  106.659370   -9.340630
1000           5    154     115  103.437242  -11.562758
1001           5    155     114  107.640322   -6.359678
1002           5    156     113   94.885195  -18.114805
1003           5    157     112   80.715077  -31.284923
1004           5    158     111   89.243841  -21.756159
1005           5    159     110   71.641995  -38.358005
1006           5    160     109   86.283829  -22.716171
1007           5    161     108   79.134837  -28.865163
1008           5    162     107   93.679216  -13.320784
1009           5    163     106   64.843615  -41.156385
1010           5    164     105   76.442501  -28.557499
1011           5    165     104   77.612624  -26.387376
1012           5    166     103   84.266551  -18.733449
1013           5    167     102   97.362590   -4.637410
1014           5    168     101   83.871246  -17.128754
1015           5    169     100   66.990382  -33.009618
1016           5    170      99   70.845787  -28.154213
1017           5    171      98   67.112815  -30.887185
1018           5    172      97   74.136651  -22.863349
1019           5    173      96   87.904382   -8.095618
1020           5    174      95   75.123984  -19.876016
1021           5    175      94   68.516951  -25.483049
1022           5    176      93   70.828843  -22.171157
1023           5    177      92   80.663435  -11.336565
1024           5    178      91   94.439152    3.439152
1025           5    179      90   94.988552    4.988552
1026           5    180      89   93.284506    4.284506
1027           5    181      88   95.371008    7.371008
1028           5    182      87   83.771493   -3.228507
1029           5    183      86   75.272929  -10.727071
1030           5    184      85   80.021617   -4.978383
1031           5    185      84   83.533906   -0.466094
1032           5    186      83   83.794301    0.794301
1033           5    187      82   80.202797   -1.797203
1034           5    188      81   86.759722    5.759722
1035           5    189      80   81.625388    1.625388
1036           5    190      79   70.347591   -8.652409
1037           5    191      78   73.534497   -4.465503
1038           5    192      77   71.579940   -5.420060
1039           5    193      76   65.212655  -10.787345
1040           5    194      75   68.676484   -6.323516
1041           5    195      74   70.361194   -3.638806
1042           5    196      73   63.931873   -9.068127
1043           5    197      72   75.302294    3.302294
1044           5    198      71   59.451714  -11.548286
1045           5    199      70   62.260228   -7.739772
1046           5    200      69   68.899568   -0.100432
1047           5    201      68   57.562679  -10.437321
1048           5    202      67   47.472867  -19.527133
1049           5    203      66   54.313500  -11.686500
1050           5    204      65   45.370491  -19.629509
1051           5    205      64   52.505176  -11.494824
1052           5    206      63   49.674340  -13.325660
1053           5    207      62   49.027641  -12.972359
1054           5    208      61   52.540301   -8.459699
1055           5    209      60   54.287470   -5.712530
1056           5    210      59   45.742250  -13.257750
1057           5    211      58   43.464780  -14.535220
1058           5    212      57   38.856130  -18.143870
1059           5    213      56   40.911551  -15.088449
1060           5    214      55   40.983470  -14.016530
1061           5    215      54   29.127379  -24.872621
1062           5    216      53   31.592722  -21.407278
1063           5    217      52   29.278937  -22.721063
1064           5    218      51   30.557695  -20.442305
1065           5    219      50   26.264174  -23.735826
1066           5    220      49   26.789469  -22.210531
1067           5    221      48   23.625029  -24.374971
1068           5    222      47   26.255037  -20.744963
1069           5    223      46   25.530325  -20.469675
1070           5    224      45   26.861947  -18.138053
1071           5    225      44   24.308717  -19.691283
1072           5    226      43   24.308717  -18.691283
1073           5    227      42   22.480200  -19.519800
1074           5    228      41   22.202917  -18.797083
1075           5    229      40   25.033429  -14.966571
1076           5    230      39   24.129415  -14.870585
1077           5    231      38   23.763652  -14.236348
1078           5    232      37   24.381850  -12.618150
1079           5    233      36   21.370318  -14.629682
1080           5    234      35   22.890317  -12.109683
1081           5    235      34   26.753612   -7.246388
1082           5    236      33   27.932259   -5.067741
1083           5    237      32   23.393660   -8.606340
1084           5    238      31   22.070380   -8.929620
1085           5    239      30   23.182640   -6.817360
1086           5    240      29   23.673660   -5.326340
1087           5    241      28   22.046116   -5.953884
1088           5    242      27   17.986145   -9.013855
1089           5    243      26   16.358601   -9.641399
1090           5    244      25   19.382393   -5.617607
1091           5    245      24   16.343069   -7.656931
1092           5    246      23   13.526666   -9.473334
1093           5    247      22   13.526666   -8.473334
1094           5    248      21   13.526666   -7.473334
1095           5    249      20   13.526666   -6.473334
1096           5    250      19   13.526666   -5.473334
1097           5    251      18   13.526666   -4.473334
1098           5    252      17   13.526666   -3.473334
1099           5    253      16   13.526666   -2.473334
1100           5    254      15   13.526666   -1.473334
1101           5    255      14   13.526666   -0.473334
1102           5    256      13   13.526666    0.526666
1103           5    257      12   12.347853    0.347853
1104           5    258      11   12.347853    1.347853
1105           5    259      10   12.347853    2.347853
1106           5    260       9   12.347853    3.347853
1107           5    261       8   12.347853    4.347853
1108           5    262       7   12.347853    5.347853
1109           5    263       6   12.347853    6.347853
1110           5    264       5   12.347853    7.347853
1111           5    265       4   12.347853    8.347853
1112           5    266       3   12.347853    9.347853
1113           5    267       2   12.347853   10.347853
1114           5    268       1   12.347853   11.347853
1115           5    269       0   12.347853   12.347853
1116           6      1     187  181.434408   -5.565592
1117           6      2     186  172.903605  -13.096395
1118           6      3     185  174.657367  -10.342633
1119           6      4     184  178.188254   -5.811746
1120           6      5     183  186.674007    3.674007
1121           6      6     182  188.338563    6.338563
1122           6      7     181  182.994265    1.994265
1123           6      8     180  178.833098   -1.166902
1124           6      9     179  178.985171   -0.014829
1125           6     10     178  167.607217  -10.392783
1126           6     11     177  174.976255   -2.023745
1127           6     12     176  171.719307   -4.280693
1128           6     13     175  165.474725   -9.525275
1129           6     14     174  175.853444    1.853444
1130           6     15     173  171.541690   -1.458310
1131           6     16     172  170.247595   -1.752405
1132           6     17     171  174.632402    3.632402
1133           6     18     170  162.232653   -7.767347
1134           6     19     169  170.169029    1.169029
1135           6     20     168  174.038844    6.038844
1136           6     21     167  169.574015    2.574015
1137           6     22     166  169.946610    3.946610
1138           6     23     165  168.884590    3.884590
1139           6     24     164  166.467236    2.467236
1140           6     25     163  170.116493    7.116493
1141           6     26     162  170.109350    8.109350
1142           6     27     161  170.806236    9.806236
1143           6     28     160  172.954283   12.954283
1144           6     29     159  166.027847    7.027847
1145           6     30     158  171.626165   13.626165
1146           6     31     157  167.648413   10.648413
1147           6     32     156  170.224548   14.224548
1148           6     33     155  167.172059   12.172059
1149           6     34     154  158.805977    4.805977
1150           6     35     153  167.411573   14.411573
1151           6     36     152  161.735176    9.735176
1152           6     37     151  164.356902   13.356902
1153           6     38     150  159.189493    9.189493
1154           6     39     149  157.381712    8.381712
1155           6     40     148  159.862618   11.862618
1156           6     41     147  153.025433    6.025433
1157           6     42     146  157.043154   11.043154
1158           6     43     145  140.879581   -4.120419
1159           6     44     144  151.721432    7.721432
1160           6     45     143  146.764659    3.764659
1161           6     46     142  149.979350    7.979350
1162           6     47     141  146.380300    5.380300
1163           6     48     140  156.060363   16.060363
1164           6     49     139  144.404411    5.404411
1165           6     50     138  144.383799    6.383799
1166           6     51     137  141.295336    4.295336
1167           6     52     136  137.280858    1.280858
1168           6     53     135  137.917781    2.917781
1169           6     54     134  128.073049   -5.926951
1170           6     55     133  134.622600    1.622600
1171           6     56     132  129.890492   -2.109508
1172           6     57     131  132.321147    1.321147
1173           6     58     130  125.576987   -4.423013
1174           6     59     129  128.280409   -0.719591
1175           6     60     128  127.134290   -0.865710
1176           6     61     127  114.360237  -12.639763
1177           6     62     126  123.941825   -2.058175
1178           6     63     125  124.549962   -0.450038
1179           6     64     124  116.232908   -7.767092
1180           6     65     123  127.742240    4.742240
1181           6     66     122  123.669680    1.669680
1182           6     67     121  128.175732    7.175732
1183           6     68     120  129.970785    9.970785
1184           6     69     119  136.808145   17.808145
1185           6     70     118  128.354796   10.354796
1186           6     71     117  126.583608    9.583608
1187           6     72     116  125.757408    9.757408
1188           6     73     115  120.031528    5.031528
1189           6     74     114  128.801697   14.801697
1190           6     75     113  108.835542   -4.164458
1191           6     76     112  119.713032    7.713032
1192           6     77     111  114.085993    3.085993
1193           6     78     110  115.904989    5.904989
1194           6     79     109  103.416225   -5.583775
1195           6     80     108  118.322867   10.322867
1196           6     81     107  114.313615    7.313615
1197           6     82     106  119.160669   13.160669
1198           6     83     105  101.226992   -3.773008
1199           6     84     104  108.748491    4.748491
1200           6     85     103  101.235068   -1.764932
1201           6     86     102  108.408799    6.408799
1202           6     87     101  112.311422   11.311422
1203           6     88     100  104.493965    4.493965
1204           6     89      99  109.820518   10.820518
1205           6     90      98  101.272561    3.272561
1206           6     91      97  109.607695   12.607695
1207           6     92      96   93.203185   -2.796815
1208           6     93      95   99.158463    4.158463
1209           6     94      94   99.274349    5.274349
1210           6     95      93  105.088397   12.088397
1211           6     96      92   87.193215   -4.806785
1212           6     97      91   94.232320    3.232320
1213           6     98      90   92.016967    2.016967
1214           6     99      89   85.884407   -3.115593
1215           6    100      88   92.972823    4.972823
1216           6    101      87   85.409434   -1.590566
1217           6    102      86   78.331836   -7.668164
1218           6    103      85   86.653660    1.653660
1219           6    104      84   88.722631    4.722631
1220           6    105      83   95.397540   12.397540
1221           6    106      82   84.352387    2.352387
1222           6    107      81   92.923134   11.923134
1223           6    108      80   95.618584   15.618584
1224           6    109      79  106.074910   27.074910
1225           6    110      78   97.764403   19.764403
1226           6    111      77  101.999125   24.999125
1227           6    112      76   94.601313   18.601313
1228           6    113      75   82.797097    7.797097
1229           6    114      74   97.058861   23.058861
1230           6    115      73   93.944695   20.944695
1231           6    116      72   77.827126    5.827126
1232           6    117      71   84.969394   13.969394
1233           6    118      70   63.965711   -6.034289
1234           6    119      69   85.623900   16.623900
1235           6    120      68   74.041064    6.041064
1236           6    121      67   77.075504   10.075504
1237           6    122      66  100.176170   34.176170
1238           6    123      65   65.152867    0.152867
1239           6    124      64   66.234744    2.234744
1240           6    125      63   75.516098   12.516098
1241           6    126      62   43.004237  -18.995763
1242           6    127      61   42.921617  -18.078383
1243           6    128      60   74.468831   14.468831
1244           6    129      59   66.305372    7.305372
1245           6    130      58   50.484903   -7.515097
1246           6    131      57   29.414593  -27.585407
1247           6    132      56   66.047053   10.047053
1248           6    133      55   63.429230    8.429230
1249           6    134      54   44.669593   -9.330407
1250           6    135      53   62.827534    9.827534
1251           6    136      52   52.062693    0.062693
1252           6    137      51   71.652652   20.652652
1253           6    138      50   66.904935   16.904935
1254           6    139      49   51.804693    2.804693
1255           6    140      48   48.848989    0.848989
1256           6    141      47   54.509068    7.509068
1257           6    142      46   51.847893    5.847893
1258           6    143      45   39.430590   -5.569410
1259           6    144      44   48.817283    4.817283
1260           6    145      43   39.016353   -3.983647
1261           6    146      42   40.333037   -1.666963
1262           6    147      41   49.628374    8.628374
1263           6    148      40   45.269751    5.269751
1264           6    149      39   33.499821   -5.500179
1265           6    150      38   39.691216    1.691216
1266           6    151      37   44.019413    7.019413
1267           6    152      36   31.897069   -4.102931
1268           6    153      35   30.500151   -4.499849
1269           6    154      34   30.081187   -3.918813
1270           6    155      33   24.955042   -8.044958
1271           6    156      32   20.661819  -11.338181
1272           6    157      31   24.545074   -6.454926
1273           6    158      30   26.033312   -3.966688
1274           6    159      29   27.558995   -1.441005
1275           6    160      28   22.720140   -5.279860
1276           6    161      27   21.181572   -5.818428
1277           6    162      26   22.332901   -3.667099
1278           6    163      25   24.884190   -0.115810
1279           6    164      24   21.491725   -2.508275
1280           6    165      23   22.490114   -0.509886
1281           6    166      22   19.000420   -2.999580
1282           6    167      21   19.000420   -1.999580
1283           6    168      20   20.365153    0.365153
1284           6    169      19   21.281058    2.281058
1285           6    170      18   19.000420    1.000420
1286           6    171      17   20.294800    3.294800
1287           6    172      16   19.634341    3.634341
1288           6    173      15   19.000420    4.000420
1289           6    174      14   22.290430    8.290430
1290           6    175      13   20.009791    7.009791
1291           6    176      12   18.149273    6.149273
1292           6    177      11   18.149273    7.149273
1293           6    178      10   16.785780    6.785780
1294           6    179       9   17.458588    8.458588
1295           6    180       8   15.591783    7.591783
1296           6    181       7   15.591783    8.591783
1297           6    182       6   15.591783    9.591783
1298           6    183       5   15.591783   10.591783
1299           6    184       4   15.229390   11.229390
1300           6    185       3   15.229390   12.229390
1301           6    186       2   15.104838   13.104838
1302           6    187       1   15.104838   14.104838
1303           6    188       0   13.978266   13.978266
1304           7      1     258  198.898477  -59.101523
1305           7      2     257  200.810243  -56.189757
1306           7      3     256  197.841395  -58.158605
1307           7      4     255  186.124006  -68.875994
1308           7      5     254  193.255532  -60.744468
1309           7      6     253  193.669316  -59.330684
1310           7      7     252  197.996056  -54.003944
1311           7      8     251  199.883425  -51.116575
1312           7      9     250  188.069246  -61.930754
1313           7     10     249  189.341778  -59.658222
1314           7     11     248  190.602324  -57.397676
1315           7     12     247  196.581842  -50.418158
1316           7     13     246  191.522032  -54.477968
1317           7     14     245  193.187433  -51.812567
1318           7     15     244  195.678334  -48.321666
1319           7     16     243  189.016737  -53.983263
1320           7     17     242  192.595845  -49.404155
1321           7     18     241  195.590359  -45.409641
1322           7     19     240  196.413249  -43.586751
1323           7     20     239  196.764315  -42.235685
1324           7     21     238  191.643880  -46.356120
1325           7     22     237  192.987846  -44.012154
1326           7     23     236  193.569585  -42.430415
1327           7     24     235  194.172885  -40.827115
1328           7     25     234  196.241814  -37.758186
1329           7     26     233  193.612648  -39.387352
1330           7     27     232  186.711315  -45.288685
1331           7     28     231  176.475925  -54.524075
1332           7     29     230  191.628359  -38.371641
1333           7     30     229  192.306004  -36.693996
1334           7     31     228  187.003855  -40.996145
1335           7     32     227  186.108229  -40.891771
1336           7     33     226  186.900408  -39.099592
1337           7     34     225  181.895918  -43.104082
1338           7     35     224  177.589558  -46.410442
1339           7     36     223  180.117855  -42.882145
1340           7     37     222  178.634803  -43.365197
1341           7     38     221  180.596147  -40.403853
1342           7     39     220  178.327477  -41.672523
1343           7     40     219  177.725856  -41.274144
1344           7     41     218  174.346390  -43.653610
1345           7     42     217  172.401708  -44.598292
1346           7     43     216  172.045345  -43.954655
1347           7     44     215  170.231986  -44.768014
1348           7     45     214  168.164957  -45.835043
1349           7     46     213  158.411657  -54.588343
1350           7     47     212  162.313445  -49.686555
1351           7     48     211  165.811185  -45.188815
1352           7     49     210  165.604570  -44.395430
1353           7     50     209  161.834310  -47.165690
1354           7     51     208  150.718692  -57.281308
1355           7     52     207  158.837594  -48.162406
1356           7     53     206  159.025169  -46.974831
1357           7     54     205  152.190801  -52.809199
1358           7     55     204  156.262292  -47.737708
1359           7     56     203  150.007168  -52.992832
1360           7     57     202  154.433839  -47.566161
1361           7     58     201  151.900689  -49.099311
1362           7     59     200  148.609803  -51.390197
1363           7     60     199  143.856412  -55.143588
1364           7     61     198  148.868705  -49.131295
1365           7     62     197  143.795624  -53.204376
1366           7     63     196  144.351371  -51.648629
1367           7     64     195  144.238196  -50.761804
1368           7     65     194  144.989442  -49.010558
1369           7     66     193  138.787829  -54.212171
1370           7     67     192  144.827726  -47.172274
1371           7     68     191  142.505469  -48.494531
1372           7     69     190  146.771550  -43.228450
1373           7     70     189  144.797067  -44.202933
1374           7     71     188  146.004082  -41.995918
1375           7     72     187  145.582440  -41.417560
1376           7     73     186  141.171018  -44.828982
1377           7     74     185  139.465302  -45.534698
1378           7     75     184  136.649099  -47.350901
1379           7     76     183  141.506169  -41.493831
1380           7     77     182  146.521292  -35.478708
1381           7     78     181  146.769019  -34.230981
1382           7     79     180  140.566095  -39.433905
1383           7     80     179  145.746448  -33.253552
1384           7     81     178  143.416168  -34.583832
1385           7     82     177  146.315077  -30.684923
1386           7     83     176  140.831603  -35.168397
1387           7     84     175  142.780068  -32.219932
1388           7     85     174  143.163153  -30.836847
1389           7     86     173  146.805585  -26.194415
1390           7     87     172  142.601879  -29.398121
1391           7     88     171  131.694684  -39.305316
1392           7     89     170  140.772570  -29.227430
1393           7     90     169  139.726570  -29.273430
1394           7     91     168  134.701598  -33.298402
1395           7     92     167  142.857510  -24.142490
1396           7     93     166  133.114288  -32.885712
1397           7     94     165  138.438718  -26.561282
1398           7     95     164  141.205224  -22.794776
1399           7     96     163  140.047933  -22.952067
1400           7     97     162  137.419559  -24.580441
1401           7     98     161  135.711751  -25.288249
1402           7     99     160  120.166623  -39.833377
1403           7    100     159  133.356771  -25.643229
1404           7    101     158  133.815619  -24.184381
1405           7    102     157  134.925915  -22.074085
1406           7    103     156  130.952652  -25.047348
1407           7    104     155  131.041152  -23.958848
1408           7    105     154  127.170771  -26.829229
1409           7    106     153  128.561713  -24.438287
1410           7    107     152  130.681149  -21.318851
1411           7    108     151  133.417469  -17.582531
1412           7    109     150  132.552642  -17.447358
1413           7    110     149  127.587009  -21.412991
1414           7    111     148  131.555277  -16.444723
1415           7    112     147  124.385404  -22.614596
1416           7    113     146  115.791708  -30.208292
1417           7    114     145  128.096356  -16.903644
1418           7    115     144   93.954203  -50.045797
1419           7    116     143  121.086522  -21.913478
1420           7    117     142  118.024929  -23.975071
1421           7    118     141  113.110335  -27.889665
1422           7    119     140  118.963483  -21.036517
1423           7    120     139  115.699343  -23.300657
1424           7    121     138  117.323140  -20.676860
1425           7    122     137  108.155498  -28.844502
1426           7    123     136  126.057090   -9.942910
1427           7    124     135   95.374196  -39.625804
1428           7    125     134  108.559252  -25.440748
1429           7    126     133  104.688640  -28.311360
1430           7    127     132  117.142288  -14.857712
1431           7    128     131  120.112814  -10.887186
1432           7    129     130  123.937610   -6.062390
1433           7    130     129  126.288971   -2.711029
1434           7    131     128  130.776783    2.776783
1435           7    132     127  100.646574  -26.353426
1436           7    133     126  110.689098  -15.310902
1437           7    134     125  105.347579  -19.652421
1438           7    135     124  105.127932  -18.872068
1439           7    136     123   99.668300  -23.331700
1440           7    137     122  100.653641  -21.346359
1441           7    138     121   88.296452  -32.703548
1442           7    139     120   98.779436  -21.220564
1443           7    140     119  106.771866  -12.228134
1444           7    141     118  104.249114  -13.750886
1445           7    142     117   95.833165  -21.166835
1446           7    143     116   91.434964  -24.565036
1447           7    144     115  104.044057  -10.955943
1448           7    145     114  101.564956  -12.435044
1449           7    146     113  102.360723  -10.639277
1450           7    147     112   96.534892  -15.465108
1451           7    148     111   92.709389  -18.290611
1452           7    149     110   87.199683  -22.800317
1453           7    150     109   92.042475  -16.957525
1454           7    151     108   92.489520  -15.510480
1455           7    152     107  107.933924    0.933924
1456           7    153     106   80.090102  -25.909898
1457           7    154     105   95.247084   -9.752916
1458           7    155     104   91.227985  -12.772015
1459           7    156     103   88.022889  -14.977111
1460           7    157     102   72.885780  -29.114220
1461           7    158     101   91.377522   -9.622478
1462           7    159     100   87.376898  -12.623102
1463           7    160      99   98.489050   -0.510950
1464           7    161      98   97.344172   -0.655828
1465           7    162      97   86.149883  -10.850117
1466           7    163      96   81.944195  -14.055805
1467           7    164      95   72.406845  -22.593155
1468           7    165      94  100.512057    6.512057
1469           7    166      93   97.113560    4.113560
1470           7    167      92   90.869019   -1.130981
1471           7    168      91   88.554103   -2.445897
1472           7    169      90  101.952415   11.952415
1473           7    170      89  104.075017   15.075017
1474           7    171      88   99.416379   11.416379
1475           7    172      87   83.289264   -3.710736
1476           7    173      86   72.928187  -13.071813
1477           7    174      85   80.115763   -4.884237
1478           7    175      84   73.718731  -10.281269
1479           7    176      83   65.852487  -17.147513
1480           7    177      82   81.153740   -0.846260
1481           7    178      81   68.816800  -12.183200
1482           7    179      80   64.668633  -15.331367
1483           7    180      79   74.024821   -4.975179
1484           7    181      78   66.186444  -11.813556
1485           7    182      77   63.172080  -13.827920
1486           7    183      76   67.017757   -8.982243
1487           7    184      75   72.076455   -2.923545
1488           7    185      74   61.748047  -12.251953
1489           7    186      73   64.790075   -8.209925
1490           7    187      72   64.447192   -7.552808
1491           7    188      71   51.253241  -19.746759
1492           7    189      70   54.053660  -15.946340
1493           7    190      69   57.282067  -11.717933
1494           7    191      68   45.560425  -22.439575
1495           7    192      67   46.077324  -20.922676
1496           7    193      66   41.472253  -24.527747
1497           7    194      65   45.348038  -19.651962
1498           7    195      64   38.159996  -25.840004
1499           7    196      63   35.882534  -27.117466
1500           7    197      62   29.699226  -32.300774
1501           7    198      61   33.721519  -27.278481
1502           7    199      60   42.424486  -17.575514
1503           7    200      59   32.162492  -26.837508
1504           7    201      58   41.568756  -16.431244
1505           7    202      57   45.158104  -11.841896
1506           7    203      56   44.624112  -11.375888
1507           7    204      55   42.491524  -12.508476
1508           7    205      54   41.419327  -12.580673
1509           7    206      53   52.249659   -0.750341
1510           7    207      52   43.078505   -8.921495
1511           7    208      51   48.966117   -2.033883
1512           7    209      50   40.420282   -9.579718
1513           7    210      49   39.914807   -9.085193
1514           7    211      48   34.210993  -13.789007
1515           7    212      47   35.417697  -11.582303
1516           7    213      46   30.669265  -15.330735
1517           7    214      45   28.001166  -16.998834
1518           7    215      44   31.533041  -12.466959
1519           7    216      43   31.985621  -11.014379
1520           7    217      42   30.620888  -11.379112
1521           7    218      41   30.620888  -10.379112
1522           7    219      40   28.621662  -11.378338
1523           7    220      39   30.528153   -8.471847
1524           7    221      38   30.996234   -7.003766
1525           7    222      37   24.297139  -12.702861
1526           7    223      36   31.126409   -4.873591
1527           7    224      35   25.501797   -9.498203
1528           7    225      34   22.572369  -11.427631
1529           7    226      33   21.793712  -11.206288
1530           7    227      32   21.933840  -10.066160
1531           7    228      31   22.847107   -8.152893
1532           7    229      30   20.766245   -9.233755
1533           7    230      29   21.496879   -7.503121
1534           7    231      28   18.855566   -9.144434
1535           7    232      27   19.627604   -7.372396
1536           7    233      26   18.543027   -7.456973
1537           7    234      25   17.074375   -7.925625
1538           7    235      24   17.074375   -6.925625
1539           7    236      23   22.241297   -0.758703
1540           7    237      22   22.482825    0.482825
1541           7    238      21   22.814239    1.814239
1542           7    239      20   21.860668    1.860668
1543           7    240      19   19.307439    0.307439
1544           7    241      18   20.744116    2.744116
1545           7    242      17   20.744116    3.744116
1546           7    243      16   17.368822    1.368822
1547           7    244      15   18.461256    3.461256
1548           7    245      14   17.368822    3.368822
1549           7    246      13   18.745383    5.745383
1550           7    247      12   17.368822    5.368822
1551           7    248      11   15.135758    4.135758
1552           7    249      10   15.135758    5.135758
1553           7    250       9   15.135758    6.135758
1554           7    251       8   15.135758    7.135758
1555           7    252       7   15.135758    8.135758
1556           7    253       6   17.368822   11.368822
1557           7    254       5   16.982999   11.982999
1558           7    255       4   16.982999   12.982999
1559           7    256       3   14.442091   11.442091
1560           7    257       2   14.442091   12.442091
1561           7    258       1   14.442091   13.442091
1562           7    259       0   14.442091   14.442091
1563           8      1     149  180.917438   31.917438
1564           8      2     148  171.210881   23.210881
1565           8      3     147  173.126571   26.126571
1566           8      4     146  169.187543   23.187543
1567           8      5     145  173.571922   28.571922
1568           8      6     144  163.346155   19.346155
1569           8      7     143  176.214011   33.214011
1570           8      8     142  172.815570   30.815570
1571           8      9     141  169.925213   28.925213
1572           8     10     140  168.821003   28.821003
1573           8     11     139  158.960518   19.960518
1574           8     12     138  169.490042   31.490042
1575           8     13     137  175.664048   38.664048
1576           8     14     136  178.464193   42.464193
1577           8     15     135  171.396617   36.396617
1578           8     16     134  172.373873   38.373873
1579           8     17     133  176.965972   43.965972
1580           8     18     132  169.847685   37.847685
1581           8     19     131  171.237820   40.237820
1582           8     20     130  172.906264   42.906264
1583           8     21     129  170.335472   41.335472
1584           8     22     128  173.035791   45.035791
1585           8     23     127  161.173465   34.173465
1586           8     24     126  163.714451   37.714451
1587           8     25     125  163.576657   38.576657
1588           8     26     124  164.613314   40.613314
1589           8     27     123  144.901446   21.901446
1590           8     28     122  152.234675   30.234675
1591           8     29     121  157.565266   36.565266
1592           8     30     120  158.203899   38.203899
1593           8     31     119  165.327663   46.327663
1594           8     32     118  158.946616   40.946616
1595           8     33     117  154.215189   37.215189
1596           8     34     116  151.509290   35.509290
1597           8     35     115  155.165175   40.165175
1598           8     36     114  150.966610   36.966610
1599           8     37     113  147.992031   34.992031
1600           8     38     112  152.914556   40.914556
1601           8     39     111  151.494776   40.494776
1602           8     40     110  149.161972   39.161972
1603           8     41     109  140.850157   31.850157
1604           8     42     108  138.308039   30.308039
1605           8     43     107  139.425504   32.425504
1606           8     44     106  142.096903   36.096903
1607           8     45     105  142.014897   37.014897
1608           8     46     104  144.719237   40.719237
1609           8     47     103  141.686726   38.686726
1610           8     48     102  141.223701   39.223701
1611           8     49     101  118.907168   17.907168
1612           8     50     100  127.976905   27.976905
1613           8     51      99  133.975102   34.975102
1614           8     52      98  134.016460   36.016460
1615           8     53      97  131.748227   34.748227
1616           8     54      96  119.571434   23.571434
1617           8     55      95  131.378074   36.378074
1618           8     56      94  135.334256   41.334256
1619           8     57      93  124.241218   31.241218
1620           8     58      92  114.098731   22.098731
1621           8     59      91  130.752519   39.752519
1622           8     60      90  126.343275   36.343275
1623           8     61      89  135.669456   46.669456
1624           8     62      88  114.677913   26.677913
1625           8     63      87  121.346473   34.346473
1626           8     64      86  110.087219   24.087219
1627           8     65      85  129.839917   44.839917
1628           8     66      84   98.371478   14.371478
1629           8     67      83  112.775127   29.775127
1630           8     68      82  125.267155   43.267155
1631           8     69      81  121.718541   40.718541
1632           8     70      80  114.234396   34.234396
1633           8     71      79  122.525303   43.525303
1634           8     72      78  123.120096   45.120096
1635           8     73      77  125.990745   48.990745
1636           8     74      76  121.892880   45.892880
1637           8     75      75  113.857476   38.857476
1638           8     76      74  122.681605   48.681605
1639           8     77      73  106.133157   33.133157
1640           8     78      72  115.337768   43.337768
1641           8     79      71  103.367345   32.367345
1642           8     80      70  103.789040   33.789040
1643           8     81      69  100.665773   31.665773
1644           8     82      68   97.139131   29.139131
1645           8     83      67  113.053168   46.053168
1646           8     84      66   99.974913   33.974913
1647           8     85      65  101.566188   36.566188
1648           8     86      64  101.092680   37.092680
1649           8     87      63   96.222635   33.222635
1650           8     88      62   71.808908    9.808908
1651           8     89      61  106.827772   45.827772
1652           8     90      60   84.131592   24.131592
1653           8     91      59  102.703389   43.703389
1654           8     92      58   91.425635   33.425635
1655           8     93      57  101.103172   44.103172
1656           8     94      56   91.243528   35.243528
1657           8     95      55   78.153660   23.153660
1658           8     96      54   94.070488   40.070488
1659           8     97      53   77.679317   24.679317
1660           8     98      52   81.619004   29.619004
1661           8     99      51   66.132230   15.132230
1662           8    100      50   74.170048   24.170048
1663           8    101      49   69.423569   20.423569
1664           8    102      48   70.609469   22.609469
1665           8    103      47   74.607830   27.607830
1666           8    104      46   58.962355   12.962355
1667           8    105      45   73.320812   28.320812
1668           8    106      44   55.285472   11.285472
1669           8    107      43   76.608170   33.608170
1670           8    108      42   65.485985   23.485985
1671           8    109      41   79.186314   38.186314
1672           8    110      40   70.503173   30.503173
1673           8    111      39   54.702684   15.702684
1674           8    112      38   70.008038   32.008038
1675           8    113      37   50.348434   13.348434
1676           8    114      36   63.290200   27.290200
1677           8    115      35   61.712015   26.712015
1678           8    116      34   48.316498   14.316498
1679           8    117      33   42.638535    9.638535
1680           8    118      32   38.108011    6.108011
1681           8    119      31   37.210309    6.210309
1682           8    120      30   31.295602    1.295602
1683           8    121      29   27.580119   -1.419881
1684           8    122      28   29.983531    1.983531
1685           8    123      27   38.599908   11.599908
1686           8    124      26   22.429964   -3.570036
1687           8    125      25   20.777411   -4.222589
1688           8    126      24   18.697923   -5.302077
1689           8    127      23   23.733582    0.733582
1690           8    128      22   22.241506    0.241506
1691           8    129      21   20.777205   -0.222795
1692           8    130      20   25.499391    5.499391
1693           8    131      19   16.989332   -2.010668
1694           8    132      18   23.439668    5.439668
1695           8    133      17   19.199388    2.199388
1696           8    134      16   16.989332    0.989332
1697           8    135      15   16.989332    1.989332
1698           8    136      14   19.199388    5.199388
1699           8    137      13   17.938118    4.938118
1700           8    138      12   19.927045    7.927045
1701           8    139      11   20.465883    9.465883
1702           8    140      10   21.377297   11.377297
1703           8    141       9   18.969400    9.969400
1704           8    142       8   18.085760   10.085760
1705           8    143       7   18.085760   11.085760
1706           8    144       6   20.049996   14.049996
1707           8    145       5   19.135212   14.135212
1708           8    146       4   16.096833   12.096833
1709           8    147       3   16.240480   13.240480
1710           8    148       2   15.148046   13.148046
1711           8    149       1   15.148046   14.148046
1712           8    150       0   16.062831   16.062831
1713           9      1     200  206.321095    6.321095
1714           9      2     199  206.391991    7.391991
1715           9      3     198  211.671739   13.671739
1716           9      4     197  197.777734    0.777734
1717           9      5     196  203.838470    7.838470
1718           9      6     195  201.350267    6.350267
1719           9      7     194  184.792431   -9.207569
1720           9      8     193  192.160732   -0.839268
1721           9      9     192  204.418577   12.418577
1722           9     10     191  204.961044   13.961044
1723           9     11     190  192.677038    2.677038
1724           9     12     189  200.838330   11.838330
1725           9     13     188  194.470815    6.470815
1726           9     14     187  198.284344   11.284344
1727           9     15     186  198.915510   12.915510
1728           9     16     185  200.531242   15.531242
1729           9     17     184  197.091179   13.091179
1730           9     18     183  194.142097   11.142097
1731           9     19     182  199.927645   17.927645
1732           9     20     181  197.831372   16.831372
1733           9     21     180  198.098664   18.098664
1734           9     22     179  195.282854   16.282854
1735           9     23     178  194.574448   16.574448
1736           9     24     177  185.708320    8.708320
1737           9     25     176  192.471169   16.471169
1738           9     26     175  191.471925   16.471925
1739           9     27     174  187.058321   13.058321
1740           9     28     173  186.690870   13.690870
1741           9     29     172  187.042353   15.042353
1742           9     30     171  186.576325   15.576325
1743           9     31     170  185.053413   15.053413
1744           9     32     169  167.749160   -1.250840
1745           9     33     168  184.429486   16.429486
1746           9     34     167  176.780697    9.780697
1747           9     35     166  182.743644   16.743644
1748           9     36     165  179.837445   14.837445
1749           9     37     164  172.838061    8.838061
1750           9     38     163  170.284050    7.284050
1751           9     39     162  177.216348   15.216348
1752           9     40     161  178.535785   17.535785
1753           9     41     160  176.025566   16.025566
1754           9     42     159  154.512219   -4.487781
1755           9     43     158  173.661829   15.661829
1756           9     44     157  173.623886   16.623886
1757           9     45     156  170.946776   14.946776
1758           9     46     155  170.183500   15.183500
1759           9     47     154  172.927126   18.927126
1760           9     48     153  171.158033   18.158033
1761           9     49     152  168.813415   16.813415
1762           9     50     151  166.247232   15.247232
1763           9     51     150  153.744843    3.744843
1764           9     52     149  163.644703   14.644703
1765           9     53     148  162.614820   14.614820
1766           9     54     147  165.706064   18.706064
1767           9     55     146  163.791958   17.791958
1768           9     56     145  159.596221   14.596221
1769           9     57     144  161.216901   17.216901
1770           9     58     143  159.825218   16.825218
1771           9     59     142  160.500458   18.500458
1772           9     60     141  154.725783   13.725783
1773           9     61     140  159.699221   19.699221
1774           9     62     139  145.741842    6.741842
1775           9     63     138  156.853142   18.853142
1776           9     64     137  155.510220   18.510220
1777           9     65     136  159.737226   23.737226
1778           9     66     135  156.634359   21.634359
1779           9     67     134  154.606720   20.606720
1780           9     68     133  147.319256   14.319256
1781           9     69     132  146.020887   14.020887
1782           9     70     131  141.022942   10.022942
1783           9     71     130  139.476583    9.476583
1784           9     72     129  142.724043   13.724043
1785           9     73     128  139.048079   11.048079
1786           9     74     127  147.852439   20.852439
1787           9     75     126  144.853110   18.853110
1788           9     76     125  149.170676   24.170676
1789           9     77     124  142.532609   18.532609
1790           9     78     123  147.634598   24.634598
1791           9     79     122  151.915916   29.915916
1792           9     80     121  143.789200   22.789200
1793           9     81     120  147.712583   27.712583
1794           9     82     119  143.305085   24.305085
1795           9     83     118  143.048176   25.048176
1796           9     84     117  147.911389   30.911389
1797           9     85     116  142.480325   26.480325
1798           9     86     115  137.834062   22.834062
1799           9     87     114  138.191343   24.191343
1800           9     88     113  128.223355   15.223355
1801           9     89     112  144.530509   32.530509
1802           9     90     111  141.242191   30.242191
1803           9     91     110  140.906399   30.906399
1804           9     92     109  130.106983   21.106983
1805           9     93     108  126.321857   18.321857
1806           9     94     107  118.558808   11.558808
1807           9     95     106  125.224440   19.224440
1808           9     96     105  126.449876   21.449876
1809           9     97     104  130.098790   26.098790
1810           9     98     103  123.185670   20.185670
1811           9     99     102  122.114608   20.114608
1812           9    100     101  116.085879   15.085879
1813           9    101     100  117.052151   17.052151
1814           9    102      99  115.706884   16.706884
1815           9    103      98  115.293386   17.293386
1816           9    104      97  114.125240   17.125240
1817           9    105      96  112.276469   16.276469
1818           9    106      95  107.787140   12.787140
1819           9    107      94  112.960626   18.960626
1820           9    108      93  114.247211   21.247211
1821           9    109      92  103.411679   11.411679
1822           9    110      91  105.494433   14.494433
1823           9    111      90  112.659044   22.659044
1824           9    112      89  105.029213   16.029213
1825           9    113      88  108.185737   20.185737
1826           9    114      87  107.033036   20.033036
1827           9    115      86  107.117124   21.117124
1828           9    116      85  102.646158   17.646158
1829           9    117      84   90.203197    6.203197
1830           9    118      83  105.023954   22.023954
1831           9    119      82  106.395137   24.395137
1832           9    120      81  103.734926   22.734926
1833           9    121      80   93.753387   13.753387
1834           9    122      79   94.848009   15.848009
1835           9    123      78   86.805902    8.805902
1836           9    124      77   81.593543    4.593543
1837           9    125      76   98.852240   22.852240
1838           9    126      75   94.480493   19.480493
1839           9    127      74   98.541318   24.541318
1840           9    128      73   86.402556   13.402556
1841           9    129      72   81.516228    9.516228
1842           9    130      71   91.206604   20.206604
1843           9    131      70   79.402889    9.402889
1844           9    132      69   83.285777   14.285777
1845           9    133      68   85.697154   17.697154
1846           9    134      67   88.553082   21.553082
1847           9    135      66   76.299056   10.299056
1848           9    136      65   74.832667    9.832667
1849           9    137      64   82.370139   18.370139
1850           9    138      63   92.586099   29.586099
1851           9    139      62   81.131885   19.131885
1852           9    140      61   80.475099   19.475099
1853           9    141      60   87.179397   27.179397
1854           9    142      59   85.050311   26.050311
1855           9    143      58   82.349929   24.349929
1856           9    144      57   78.649008   21.649008
1857           9    145      56   89.508652   33.508652
1858           9    146      55   77.905313   22.905313
1859           9    147      54   80.032979   26.032979
1860           9    148      53   72.203241   19.203241
1861           9    149      52   97.790413   45.790413
1862           9    150      51   85.508032   34.508032
1863           9    151      50   82.623136   32.623136
1864           9    152      49   83.738605   34.738605
1865           9    153      48   71.583836   23.583836
1866           9    154      47   78.730910   31.730910
1867           9    155      46   72.245093   26.245093
1868           9    156      45   64.951600   19.951600
1869           9    157      44   74.746061   30.746061
1870           9    158      43   69.708651   26.708651
1871           9    159      42   70.029410   28.029410
1872           9    160      41   53.828383   12.828383
1873           9    161      40   53.393914   13.393914
1874           9    162      39   52.326686   13.326686
1875           9    163      38   54.817678   16.817678
1876           9    164      37   74.995009   37.995009
1877           9    165      36   54.336003   18.336003
1878           9    166      35   48.557815   13.557815
1879           9    167      34   55.170466   21.170466
1880           9    168      33   47.292322   14.292322
1881           9    169      32   54.233275   22.233275
1882           9    170      31   40.804406    9.804406
1883           9    171      30   43.281173   13.281173
1884           9    172      29   44.617858   15.617858
1885           9    173      28   46.283713   18.283713
1886           9    174      27   35.456313    8.456313
1887           9    175      26   31.808617    5.808617
1888           9    176      25   37.097200   12.097200
1889           9    177      24   29.633602    5.633602
1890           9    178      23   28.343762    5.343762
1891           9    179      22   30.016276    8.016276
1892           9    180      21   31.466528   10.466528
1893           9    181      20   26.324956    6.324956
1894           9    182      19   19.267798    0.267798
1895           9    183      18   18.070030    0.070030
1896           9    184      17   21.073793    4.073793
1897           9    185      16   15.146317   -0.853683
1898           9    186      15   15.146317    0.146317
1899           9    187      14   15.146317    1.146317
1900           9    188      13   14.286470    1.286470
1901           9    189      12   14.286470    2.286470
1902           9    190      11   14.286470    3.286470
1903           9    191      10   14.286470    4.286470
1904           9    192       9   14.286470    5.286470
1905           9    193       8   14.286470    6.286470
1906           9    194       7   14.286470    7.286470
1907           9    195       6   13.526666    7.526666
1908           9    196       5   13.526666    8.526666
1909           9    197       4   12.347853    8.347853
1910           9    198       3   12.347853    9.347853
1911           9    199       2   12.347853   10.347853
1912           9    200       1   12.347853   11.347853
1913           9    201       0   12.347853   12.347853
1914          10      1     221  216.557922   -4.442078
1915          10      2     220  214.741294   -5.258706
1916          10      3     219  205.415854  -13.584146
1917          10      4     218  202.101336  -15.898664
1918          10      5     217  204.666296  -12.333704
1919          10      6     216  206.052985   -9.947015
1920          10      7     215  204.807819  -10.192181
1921          10      8     214  209.492047   -4.507953
1922          10      9     213  204.820421   -8.179579
1923          10     10     212  209.521158   -2.478842
1924          10     11     211  199.958458  -11.041542
1925          10     12     210  208.256516   -1.743484
1926          10     13     209  208.497363   -0.502637
1927          10     14     208  203.378001   -4.621999
1928          10     15     207  204.661682   -2.338318
1929          10     16     206  204.708530   -1.291470
1930          10     17     205  204.851006   -0.148994
1931          10     18     204  204.286730    0.286730
1932          10     19     203  202.994887   -0.005113
1933          10     20     202  202.210595    0.210595
1934          10     21     201  202.713712    1.713712
1935          10     22     200  205.817488    5.817488
1936          10     23     199  204.343130    5.343130
1937          10     24     198  195.241901   -2.758099
1938          10     25     197  197.226270    0.226270
1939          10     26     196  193.108275   -2.891725
1940          10     27     195  184.818714  -10.181286
1941          10     28     194  186.629276   -7.370724
1942          10     29     193  182.720859  -10.279141
1943          10     30     192  191.264534   -0.735466
1944          10     31     191  190.148295   -0.851705
1945          10     32     190  190.631977    0.631977
1946          10     33     189  187.683796   -1.316204
1947          10     34     188  186.634320   -1.365680
1948          10     35     187  186.080426   -0.919574
1949          10     36     186  184.418978   -1.581022
1950          10     37     185  182.752046   -2.247954
1951          10     38     184  182.685869   -1.314131
1952          10     39     183  182.094566   -0.905434
1953          10     40     182  182.094566    0.094566
1954          10     41     181  180.414083   -0.585917
1955          10     42     180  179.292727   -0.707273
1956          10     43     179  170.876342   -8.123658
1957          10     44     178  172.465307   -5.534693
1958          10     45     177  172.805595   -4.194405
1959          10     46     176  171.739069   -4.260931
1960          10     47     175  169.420803   -5.579197
1961          10     48     174  168.729794   -5.270206
1962          10     49     173  170.700269   -2.299731
1963          10     50     172  166.708664   -5.291336
1964          10     51     171  169.758589   -1.241411
1965          10     52     170  170.335103    0.335103
1966          10     53     169  155.873645  -13.126355
1967          10     54     168  161.632680   -6.367320
1968          10     55     167  155.459690  -11.540310
1969          10     56     166  161.640259   -4.359741
1970          10     57     165  156.183325   -8.816675
1971          10     58     164  154.538940   -9.461060
1972          10     59     163  163.039165    0.039165
1973          10     60     162  156.754106   -5.245894
1974          10     61     161  168.902117    7.902117
1975          10     62     160  167.148160    7.148160
1976          10     63     159  150.067138   -8.932862
1977          10     64     158  161.145743    3.145743
1978          10     65     157  162.526558    5.526558
1979          10     66     156  151.917793   -4.082207
1980          10     67     155  158.769726    3.769726
1981          10     68     154  156.637461    2.637461
1982          10     69     153  150.435261   -2.564739
1983          10     70     152  152.386269    0.386269
1984          10     71     151  158.501308    7.501308
1985          10     72     150  152.434841    2.434841
1986          10     73     149  156.553709    7.553709
1987          10     74     148  152.986134    4.986134
1988          10     75     147  149.899844    2.899844
1989          10     76     146  157.433627   11.433627
1990          10     77     145  146.843200    1.843200
1991          10     78     144  156.487372   12.487372
1992          10     79     143  156.975643   13.975643
1993          10     80     142  158.859165   16.859165
1994          10     81     141  154.247331   13.247331
1995          10     82     140  149.291402    9.291402
1996          10     83     139  142.752565    3.752565
1997          10     84     138  153.651425   15.651425
1998          10     85     137  141.488213    4.488213
1999          10     86     136  150.129132   14.129132
2000          10     87     135  136.347686    1.347686
2001          10     88     134  140.855201    6.855201
2002          10     89     133  130.664209   -2.335791
2003          10     90     132  145.178726   13.178726
2004          10     91     131  133.445450    2.445450
2005          10     92     130  139.364349    9.364349
2006          10     93     129  131.090538    2.090538
2007          10     94     128  129.003997    1.003997
2008          10     95     127  135.092011    8.092011
2009          10     96     126  131.864314    5.864314
2010          10     97     125  121.455261   -3.544739
2011          10     98     124  128.403721    4.403721
2012          10     99     123  138.152338   15.152338
2013          10    100     122  136.539020   14.539020
2014          10    101     121  130.497194    9.497194
2015          10    102     120  128.039192    8.039192
2016          10    103     119  128.779645    9.779645
2017          10    104     118  123.393484    5.393484
2018          10    105     117  124.245074    7.245074
2019          10    106     116  126.449256   10.449256
2020          10    107     115  119.957154    4.957154
2021          10    108     114  124.834984   10.834984
2022          10    109     113  127.627350   14.627350
2023          10    110     112  110.283585   -1.716415
2024          10    111     111  118.072992    7.072992
2025          10    112     110  104.016043   -5.983957
2026          10    113     109  118.642462    9.642462
2027          10    114     108   99.410559   -8.589441
2028          10    115     107  100.893977   -6.106023
2029          10    116     106  114.967890    8.967890
2030          10    117     105  103.118075   -1.881925
2031          10    118     104  108.437495    4.437495
2032          10    119     103  111.393031    8.393031
2033          10    120     102  108.584008    6.584008
2034          10    121     101  117.757811   16.757811
2035          10    122     100   88.235917  -11.764083
2036          10    123      99  106.070410    7.070410
2037          10    124      98  103.922636    5.922636
2038          10    125      97  112.256833   15.256833
2039          10    126      96  111.821873   15.821873
2040          10    127      95   97.839697    2.839697
2041          10    128      94  109.920049   15.920049
2042          10    129      93   85.287376   -7.712624
2043          10    130      92   80.516072  -11.483928
2044          10    131      91  112.461070   21.461070
2045          10    132      90  109.308054   19.308054
2046          10    133      89   97.422761    8.422761
2047          10    134      88   98.972864   10.972864
2048          10    135      87  102.404197   15.404197
2049          10    136      86   90.288033    4.288033
2050          10    137      85   90.045039    5.045039
2051          10    138      84  101.294204   17.294204
2052          10    139      83  101.364934   18.364934
2053          10    140      82  103.174717   21.174717
2054          10    141      81   98.786586   17.786586
2055          10    142      80   96.210281   16.210281
2056          10    143      79  104.837137   25.837137
2057          10    144      78  101.274552   23.274552
2058          10    145      77  103.028720   26.028720
2059          10    146      76   99.580752   23.580752
2060          10    147      75  102.953861   27.953861
2061          10    148      74   89.538722   15.538722
2062          10    149      73   95.426741   22.426741
2063          10    150      72  105.875288   33.875288
2064          10    151      71   84.097757   13.097757
2065          10    152      70   82.831574   12.831574
2066          10    153      69   81.434282   12.434282
2067          10    154      68   89.608779   21.608779
2068          10    155      67   70.365561    3.365561
2069          10    156      66   74.616007    8.616007
2070          10    157      65   73.705136    8.705136
2071          10    158      64   60.616888   -3.383112
2072          10    159      63   61.477065   -1.522935
2073          10    160      62   55.875845   -6.124155
2074          10    161      61   59.601549   -1.398451
2075          10    162      60   60.296908    0.296908
2076          10    163      59   52.453838   -6.546162
2077          10    164      58   45.853740  -12.146260
2078          10    165      57   55.055923   -1.944077
2079          10    166      56   50.308437   -5.691563
2080          10    167      55   50.354810   -4.645190
2081          10    168      54   53.597919   -0.402081
2082          10    169      53   54.351914    1.351914
2083          10    170      52   53.523614    1.523614
2084          10    171      51   52.182587    1.182587
2085          10    172      50   49.699390   -0.300610
2086          10    173      49   48.002322   -0.997678
2087          10    174      48   50.225098    2.225098
2088          10    175      47   42.192455   -4.807545
2089          10    176      46   47.491801    1.491801
2090          10    177      45   40.728632   -4.271368
2091          10    178      44   41.579581   -2.420419
2092          10    179      43   42.383570   -0.616430
2093          10    180      42   48.823631    6.823631
2094          10    181      41   47.936131    6.936131
2095          10    182      40   50.810360   10.810360
2096          10    183      39   49.746880   10.746880
2097          10    184      38   53.659615   15.659615
2098          10    185      37   46.000576    9.000576
2099          10    186      36   48.738480   12.738480
2100          10    187      35   42.493776    7.493776
2101          10    188      34   40.117362    6.117362
2102          10    189      33   41.472824    8.472824
2103          10    190      32   36.556522    4.556522
2104          10    191      31   31.772567    0.772567
2105          10    192      30   25.876319   -4.123681
2106          10    193      29   25.876319   -3.123681
2107          10    194      28   18.924316   -9.075684
2108          10    195      27   17.202603   -9.797397
2109          10    196      26   17.057511   -8.942489
2110          10    197      25   17.057511   -7.942489
2111          10    198      24   19.610741   -4.389259
2112          10    199      23   15.342412   -7.657588
2113          10    200      22   15.691179   -6.308821
2114          10    201      21   14.482565   -6.517435
2115          10    202      20   14.482565   -5.517435
2116          10    203      19   15.342412   -3.657588
2117          10    204      18   15.342412   -2.657588
2118          10    205      17   14.482565   -2.517435
2119          10    206      16   14.482565   -1.517435
2120          10    207      15   14.482565   -0.517435
2121          10    208      14   15.342412    1.342412
2122          10    209      13   15.527612    2.527612
2123          10    210      12   14.667765    2.667765
2124          10    211      11   14.286470    3.286470
2125          10    212      10   14.286470    4.286470
2126          10    213       9   15.267388    6.267388
2127          10    214       8   14.286470    6.286470
2128          10    215       7   14.286470    7.286470
2129          10    216       6   13.526666    7.526666
2130          10    217       5   12.660393    7.660393
2131          10    218       4   13.328771    9.328771
2132          10    219       3   12.347853    9.347853
2133          10    220       2   12.347853   10.347853
2134          10    221       1   12.347853   11.347853
2135          10    222       0   12.347853   12.347853
2136          11      1     239  217.302619  -21.697381
2137          11      2     238  217.923589  -20.076411
2138          11      3     237  195.025049  -41.974951
2139          11      4     236  200.501598  -35.498402
2140          11      5     235  207.968511  -27.031489
2141          11      6     234  217.384532  -16.615468
2142          11      7     233  216.562275  -16.437725
2143          11      8     232  218.280286  -13.719714
2144          11      9     231  213.286783  -17.713217
2145          11     10     230  218.772042  -11.227958
2146          11     11     229  208.713373  -20.286627
2147          11     12     228  213.918229  -14.081771
2148          11     13     227  210.830159  -16.169841
2149          11     14     226  212.495856  -13.504144
2150          11     15     225  200.397652  -24.602348
2151          11     16     224  207.159948  -16.840052
2152          11     17     223  205.766983  -17.233017
2153          11     18     222  205.027291  -16.972709
2154          11     19     221  205.610656  -15.389344
2155          11     20     220  204.908673  -15.091327
2156          11     21     219  205.397305  -13.602695
2157          11     22     218  194.578800  -23.421200
2158          11     23     217  199.081371  -17.918629
2159          11     24     216  199.176694  -16.823306
2160          11     25     215  192.287986  -22.712014
2161          11     26     214  189.728965  -24.271035
2162          11     27     213  189.515231  -23.484769
2163          11     28     212  186.599165  -25.400835
2164          11     29     211  188.410382  -22.589618
2165          11     30     210  187.507617  -22.492383
2166          11     31     209  180.583621  -28.416379
2167          11     32     208  184.990530  -23.009470
2168          11     33     207  186.748048  -20.251952
2169          11     34     206  185.064662  -20.935338
2170          11     35     205  183.181640  -21.818360
2171          11     36     204  176.505850  -27.494150
2172          11     37     203  178.931299  -24.068701
2173          11     38     202  183.369432  -18.630568
2174          11     39     201  182.606969  -18.393031
2175          11     40     200  182.520855  -17.479145
2176          11     41     199  176.292206  -22.707794
2177          11     42     198  173.293231  -24.706769
2178          11     43     197  174.792249  -22.207751
2179          11     44     196  172.856517  -23.143483
2180          11     45     195  172.907265  -22.092735
2181          11     46     194  176.781120  -17.218880
2182          11     47     193  174.753434  -18.246566
2183          11     48     192  173.240658  -18.759342
2184          11     49     191  173.156127  -17.843873
2185          11     50     190  169.093871  -20.906129
2186          11     51     189  166.837450  -22.162550
2187          11     52     188  170.861266  -17.138734
2188          11     53     187  172.151673  -14.848327
2189          11     54     186  172.151673  -13.848327
2190          11     55     185  175.859969   -9.140031
2191          11     56     184  170.257511  -13.742489
2192          11     57     183  171.601658  -11.398342
2193          11     58     182  163.796353  -18.203647
2194          11     59     181  166.414191  -14.585809
2195          11     60     180  165.147324  -14.852676
2196          11     61     179  159.528911  -19.471089
2197          11     62     178  165.038880  -12.961120
2198          11     63     177  162.183337  -14.816663
2199          11     64     176  161.322888  -14.677112
2200          11     65     175  155.380616  -19.619384
2201          11     66     174  155.911422  -18.088578
2202          11     67     173  150.727573  -22.272427
2203          11     68     172  153.085689  -18.914311
2204          11     69     171  152.349894  -18.650106
2205          11     70     170  144.234071  -25.765929
2206          11     71     169  147.467609  -21.532391
2207          11     72     168  147.305057  -20.694943
2208          11     73     167  153.047024  -13.952976
2209          11     74     166  139.262155  -26.737845
2210          11     75     165  149.179748  -15.820252
2211          11     76     164  144.533784  -19.466216
2212          11     77     163  150.834527  -12.165473
2213          11     78     162  147.565862  -14.434138
2214          11     79     161  147.879007  -13.120993
2215          11     80     160  148.889515  -11.110485
2216          11     81     159  151.695588   -7.304412
2217          11     82     158  151.075927   -6.924073
2218          11     83     157  140.805197  -16.194803
2219          11     84     156  144.874637  -11.125363
2220          11     85     155  144.677593  -10.322407
2221          11     86     154  143.122281  -10.877719
2222          11     87     153  142.940303  -10.059697
2223          11     88     152  135.902299  -16.097701
2224          11     89     151  139.153797  -11.846203
2225          11     90     150  135.248184  -14.751816
2226          11     91     149  134.164749  -14.835251
2227          11     92     148  137.887525  -10.112475
2228          11     93     147  123.599297  -23.400703
2229          11     94     146  138.159194   -7.840806
2230          11     95     145  139.255719   -5.744281
2231          11     96     144  131.893872  -12.106128
2232          11     97     143  131.814113  -11.185887
2233          11     98     142  132.307392   -9.692608
2234          11     99     141  137.280476   -3.719524
2235          11    100     140  134.921565   -5.078435
2236          11    101     139  140.389288    1.389288
2237          11    102     138  133.485943   -4.514057
2238          11    103     137  128.745728   -8.254272
2239          11    104     136  124.939095  -11.060905
2240          11    105     135  119.766282  -15.233718
2241          11    106     134  130.730281   -3.269719
2242          11    107     133  134.325667    1.325667
2243          11    108     132  123.426848   -8.573152
2244          11    109     131  133.181796    2.181796
2245          11    110     130  128.273624   -1.726376
2246          11    111     129  124.565809   -4.434191
2247          11    112     128  129.971343    1.971343
2248          11    113     127  123.444811   -3.555189
2249          11    114     126  118.346669   -7.653331
2250          11    115     125  117.665031   -7.334969
2251          11    116     124  117.467299   -6.532701
2252          11    117     123  113.320498   -9.679502
2253          11    118     122  109.632694  -12.367306
2254          11    119     121  106.437912  -14.562088
2255          11    120     120  120.840802    0.840802
2256          11    121     119  114.389053   -4.610947
2257          11    122     118  113.965116   -4.034884
2258          11    123     117  115.723634   -1.276366
2259          11    124     116  114.626066   -1.373934
2260          11    125     115   86.954817  -28.045183
2261          11    126     114  115.691011    1.691011
2262          11    127     113   90.805991  -22.194009
2263          11    128     112   87.865784  -24.134216
2264          11    129     111   88.877550  -22.122450
2265          11    130     110  106.223142   -3.776858
2266          11    131     109  108.453445   -0.546555
2267          11    132     108  115.478718    7.478718
2268          11    133     107  101.489086   -5.510914
2269          11    134     106   94.326618  -11.673382
2270          11    135     105  101.716548   -3.283452
2271          11    136     104  100.666688   -3.333312
2272          11    137     103   93.975766   -9.024234
2273          11    138     102  105.301915    3.301915
2274          11    139     101   89.375411  -11.624589
2275          11    140     100  103.423136    3.423136
2276          11    141      99   87.381094  -11.618906
2277          11    142      98  111.428999   13.428999
2278          11    143      97   93.483212   -3.516788
2279          11    144      96  101.713309    5.713309
2280          11    145      95   84.749797  -10.250203
2281          11    146      94   94.649667    0.649667
2282          11    147      93   76.018492  -16.981508
2283          11    148      92   80.043613  -11.956387
2284          11    149      91   62.467743  -28.532257
2285          11    150      90   92.758986    2.758986
2286          11    151      89   93.741971    4.741971
2287          11    152      88   88.632156    0.632156
2288          11    153      87   83.959112   -3.040888
2289          11    154      86   85.732656   -0.267344
2290          11    155      85   78.849311   -6.150689
2291          11    156      84   94.584172   10.584172
2292          11    157      83   87.033694    4.033694
2293          11    158      82   81.436045   -0.563955
2294          11    159      81   90.662151    9.662151
2295          11    160      80   76.066669   -3.933331
2296          11    161      79   90.363777   11.363777
2297          11    162      78   89.883534   11.883534
2298          11    163      77   90.783240   13.783240
2299          11    164      76   91.926337   15.926337
2300          11    165      75   78.293932    3.293932
2301          11    166      74   81.982984    7.982984
2302          11    167      73   73.564849    0.564849
2303          11    168      72   68.299559   -3.700441
2304          11    169      71   62.800805   -8.199195
2305          11    170      70   82.634197   12.634197
2306          11    171      69   84.534621   15.534621
2307          11    172      68   79.526765   11.526765
2308          11    173      67   73.977097    6.977097
2309          11    174      66   74.157020    8.157020
2310          11    175      65   72.456006    7.456006
2311          11    176      64   84.114608   20.114608
2312          11    177      63   69.788163    6.788163
2313          11    178      62   62.190039    0.190039
2314          11    179      61   56.833776   -4.166224
2315          11    180      60   54.839449   -5.160551
2316          11    181      59   53.567711   -5.432289
2317          11    182      58   58.571871    0.571871
2318          11    183      57   70.780700   13.780700
2319          11    184      56   54.515077   -1.484923
2320          11    185      55   52.502885   -2.497115
2321          11    186      54   54.288987    0.288987
2322          11    187      53   57.797669    4.797669
2323          11    188      52   51.962648   -0.037352
2324          11    189      51   57.067368    6.067368
2325          11    190      50   53.107794    3.107794
2326          11    191      49   52.272085    3.272085
2327          11    192      48   52.492388    4.492388
2328          11    193      47   47.198197    0.198197
2329          11    194      46   52.741762    6.741762
2330          11    195      45   41.948708   -3.051292
2331          11    196      44   39.275465   -4.724535
2332          11    197      43   43.978258    0.978258
2333          11    198      42   32.221599   -9.778401
2334          11    199      41   31.328060   -9.671940
2335          11    200      40   33.680714   -6.319286
2336          11    201      39   34.034374   -4.965626
2337          11    202      38   29.332587   -8.667413
2338          11    203      37   28.751377   -8.248623
2339          11    204      36   24.545029  -11.454971
2340          11    205      35   27.956496   -7.043504
2341          11    206      34   20.170674  -13.829326
2342          11    207      33   19.649093  -13.350907
2343          11    208      32   23.931719   -8.068281
2344          11    209      31   19.570291  -11.429709
2345          11    210      30   16.861417  -13.138583
2346          11    211      29   22.173107   -6.826893
2347          11    212      28   21.437615   -6.562385
2348          11    213      27   18.653117   -8.346883
2349          11    214      26   20.103369   -5.896631
2350          11    215      25   17.699546   -7.300454
2351          11    216      24   16.839699   -7.160301
2352          11    217      23   15.512080   -7.487920
2353          11    218      22   15.146317   -6.853683
2354          11    219      21   16.839699   -4.160301
2355          11    220      20   17.793270   -2.206730
2356          11    221      19   15.755122   -3.244878
2357          11    222      18   14.286470   -3.713530
2358          11    223      17   14.286470   -2.713530
2359          11    224      16   14.286470   -1.713530
2360          11    225      15   14.286470   -0.713530
2361          11    226      14   14.286470    0.286470
2362          11    227      13   14.286470    1.286470
2363          11    228      12   14.286470    2.286470
2364          11    229      11   13.107658    2.107658
2365          11    230      10   13.107658    3.107658
2366          11    231       9   13.107658    4.107658
2367          11    232       8   13.107658    5.107658
2368          11    233       7   13.107658    6.107658
2369          11    234       6   13.107658    7.107658
2370          11    235       5   12.347853    7.347853
2371          11    236       4   12.347853    8.347853
2372          11    237       3   12.347853    9.347853
2373          11    238       2   12.347853   10.347853
2374          11    239       1   12.347853   11.347853
2375          11    240       0   12.347853   12.347853
2376          12      1     169  187.470938   18.470938
2377          12      2     168  179.493982   11.493982
2378          12      3     167  183.826229   16.826229
2379          12      4     166  175.059491    9.059491
2380          12      5     165  178.824028   13.824028
2381          12      6     164  179.159840   15.159840
2382          12      7     163  173.971968   10.971968
2383          12      8     162  172.648274   10.648274
2384          12      9     161  175.369088   14.369088
2385          12     10     160  176.514138   16.514138
2386          12     11     159  158.215164   -0.784836
2387          12     12     158  174.933035   16.933035
2388          12     13     157  170.746177   13.746177
2389          12     14     156  172.676546   16.676546
2390          12     15     155  169.080870   14.080870
2391          12     16     154  172.015204   18.015204
2392          12     17     153  173.526493   20.526493
2393          12     18     152  169.701262   17.701262
2394          12     19     151  171.189008   20.189008
2395          12     20     150  173.654731   23.654731
2396          12     21     149  172.766657   23.766657
2397          12     22     148  168.144869   20.144869
2398          12     23     147  166.772275   19.772275
2399          12     24     146  167.039567   21.039567
2400          12     25     145  165.750026   20.750026
2401          12     26     144  165.211716   21.211716
2402          12     27     143  164.862930   21.862930
2403          12     28     142  164.078638   22.078638
2404          12     29     141  158.677046   17.677046
2405          12     30     140  163.825695   23.825695
2406          12     31     139  158.949915   19.949915
2407          12     32     138  147.662774    9.662774
2408          12     33     137  161.839162   24.839162
2409          12     34     136  152.986792   16.986792
2410          12     35     135  153.092866   18.092866
2411          12     36     134  150.768366   16.768366
2412          12     37     133  147.780839   14.780839
2413          12     38     132  148.151236   16.151236
2414          12     39     131  141.980829   10.980829
2415          12     40     130  144.459409   14.459409
2416          12     41     129  143.401861   14.401861
2417          12     42     128  139.710298   11.710298
2418          12     43     127  137.564784   10.564784
2419          12     44     126  140.747188   14.747188
2420          12     45     125  131.180760    6.180760
2421          12     46     124  137.801842   13.801842
2422          12     47     123  140.830733   17.830733
2423          12     48     122  135.881645   13.881645
2424          12     49     121  138.256903   17.256903
2425          12     50     120  142.966249   22.966249
2426          12     51     119  142.793164   23.793164
2427          12     52     118  143.895443   25.895443
2428          12     53     117  141.022567   24.022567
2429          12     54     116  137.942287   21.942287
2430          12     55     115  126.250643   11.250643
2431          12     56     114  135.049169   21.049169
2432          12     57     113  132.912583   19.912583
2433          12     58     112  142.496958   30.496958
2434          12     59     111  140.450251   29.450251
2435          12     60     110  129.177737   19.177737
2436          12     61     109  120.839519   11.839519
2437          12     62     108  128.809113   20.809113
2438          12     63     107  133.521390   26.521390
2439          12     64     106  134.172801   28.172801
2440          12     65     105  129.957570   24.957570
2441          12     66     104  129.937666   25.937666
2442          12     67     103  129.305997   26.305997
2443          12     68     102  130.412723   28.412723
2444          12     69     101  112.002789   11.002789
2445          12     70     100  126.664314   26.664314
2446          12     71      99  123.947814   24.947814
2447          12     72      98  111.005629   13.005629
2448          12     73      97  114.630414   17.630414
2449          12     74      96  110.202887   14.202887
2450          12     75      95  100.423851    5.423851
2451          12     76      94  109.775057   15.775057
2452          12     77      93  118.860476   25.860476
2453          12     78      92  118.453020   26.453020
2454          12     79      91  106.284158   15.284158
2455          12     80      90  114.686088   24.686088
2456          12     81      89  113.320481   24.320481
2457          12     82      88  117.089445   29.089445
2458          12     83      87  101.622237   14.622237
2459          12     84      86  110.387041   24.387041
2460          12     85      85  107.550678   22.550678
2461          12     86      84  100.801357   16.801357
2462          12     87      83  107.561017   24.561017
2463          12     88      82  114.243233   32.243233
2464          12     89      81   98.749920   17.749920
2465          12     90      80  109.457185   29.457185
2466          12     91      79  115.244720   36.244720
2467          12     92      78   72.906778   -5.093222
2468          12     93      77   88.202201   11.202201
2469          12     94      76   98.311169   22.311169
2470          12     95      75   85.443811   10.443811
2471          12     96      74   91.174745   17.174745
2472          12     97      73   96.795672   23.795672
2473          12     98      72  103.035423   31.035423
2474          12     99      71   92.591889   21.591889
2475          12    100      70   96.223613   26.223613
2476          12    101      69   98.667705   29.667705
2477          12    102      68   88.367531   20.367531
2478          12    103      67   88.080250   21.080250
2479          12    104      66   85.899604   19.899604
2480          12    105      65   75.853478   10.853478
2481          12    106      64   84.484601   20.484601
2482          12    107      63   79.446231   16.446231
2483          12    108      62   75.820180   13.820180
2484          12    109      61   73.289743   12.289743
2485          12    110      60   82.203993   22.203993
2486          12    111      59   68.223812    9.223812
2487          12    112      58   61.433989    3.433989
2488          12    113      57   73.607846   16.607846
2489          12    114      56   64.257694    8.257694
2490          12    115      55   57.660295    2.660295
2491          12    116      54   76.773634   22.773634
2492          12    117      53   46.289058   -6.710942
2493          12    118      52   54.257452    2.257452
2494          12    119      51   61.084705   10.084705
2495          12    120      50   57.842479    7.842479
2496          12    121      49   82.340626   33.340626
2497          12    122      48   50.493987    2.493987
2498          12    123      47   44.554757   -2.445243
2499          12    124      46   76.390938   30.390938
2500          12    125      45   48.202393    3.202393
2501          12    126      44   39.863429   -4.136571
2502          12    127      43   28.822011  -14.177989
2503          12    128      42   35.308401   -6.691599
2504          12    129      41   28.146195  -12.853805
2505          12    130      40   24.920947  -15.079053
2506          12    131      39   26.115796  -12.884204
2507          12    132      38   37.690374   -0.309626
2508          12    133      37   37.502835    0.502835
2509          12    134      36   25.496810  -10.503190
2510          12    135      35   25.950753   -9.049247
2511          12    136      34   32.438289   -1.561711
2512          12    137      33   25.641105   -7.358895
2513          12    138      32   27.792854   -4.207146
2514          12    139      31   25.905534   -5.094466
2515          12    140      30   33.192462    3.192462
2516          12    141      29   24.895600   -4.104400
2517          12    142      28   25.402086   -2.597914
2518          12    143      27   25.583604   -1.416396
2519          12    144      26   23.173105   -2.826895
2520          12    145      25   25.108124    0.108124
2521          12    146      24   37.832172   13.832172
2522          12    147      23   28.959503    5.959503
2523          12    148      22   50.762916   28.762916
2524          12    149      21   24.371741    3.371741
2525          12    150      20   21.800043    1.800043
2526          12    151      19   26.521733    7.521733
2527          12    152      18   25.019944    7.019944
2528          12    153      17   25.574135    8.574135
2529          12    154      16   25.295316    9.295316
2530          12    155      15   22.089883    7.089883
2531          12    156      14   24.128031   10.128031
2532          12    157      13   25.042815   12.042815
2533          12    158      12   24.128031   12.128031
2534          12    159      11   20.621231    9.621231
2535          12    160      10   20.621231   10.621231
2536          12    161       9   19.165775   10.165775
2537          12    162       8   20.230198   12.230198
2538          12    163       7   18.779946   11.779946
2539          12    164       6   14.792780    8.792780
2540          12    165       5   16.271044   11.271044
2541          12    166       4   15.490668   11.490668
2542          12    167       3   15.490668   12.490668
2543          12    168       2   15.490668   13.490668
2544          12    169       1   15.490668   14.490668
2545          12    170       0   15.490668   15.490668
2546          13      1     162  198.402803   36.402803
2547          13      2     161  186.617678   25.617678
2548          13      3     160  173.689734   13.689734
2549          13      4     159  166.340034    7.340034
2550          13      5     158  185.541024   27.541024
2551          13      6     157  175.927763   18.927763
2552          13      7     156  168.944615   12.944615
2553          13      8     155  171.744945   16.744945
2554          13      9     154  159.873006    5.873006
2555          13     10     153  170.929742   17.929742
2556          13     11     152  176.112418   24.112418
2557          13     12     151  176.802396   25.802396
2558          13     13     150  172.964580   22.964580
2559          13     14     149  161.387864   12.387864
2560          13     15     148  171.199246   23.199246
2561          13     16     147  174.698069   27.698069
2562          13     17     146  175.912632   29.912632
2563          13     18     145  175.021273   30.021273
2564          13     19     144  173.283172   29.283172
2565          13     20     143  169.496719   26.496719
2566          13     21     142  174.635151   32.635151
2567          13     22     141  169.364916   28.364916
2568          13     23     140  169.649914   29.649914
2569          13     24     139  168.207197   29.207197
2570          13     25     138  169.489331   31.489331
2571          13     26     137  165.802147   28.802147
2572          13     27     136  162.949683   26.949683
2573          13     28     135  163.495011   28.495011
2574          13     29     134  158.503009   24.503009
2575          13     30     133  161.900115   28.900115
2576          13     31     132  161.578948   29.578948
2577          13     32     131  166.139222   35.139222
2578          13     33     130  163.060512   33.060512
2579          13     34     129  166.807308   37.807308
2580          13     35     128  163.394586   35.394586
2581          13     36     127  166.021250   39.021250
2582          13     37     126  155.000101   29.000101
2583          13     38     125  155.964318   30.964318
2584          13     39     124  156.228544   32.228544
2585          13     40     123  152.663496   29.663496
2586          13     41     122  154.824399   32.824399
2587          13     42     121  154.943514   33.943514
2588          13     43     120  146.653299   26.653299
2589          13     44     119  147.759162   28.759162
2590          13     45     118  145.263944   27.263944
2591          13     46     117  148.020150   31.020150
2592          13     47     116  148.329415   32.329415
2593          13     48     115  144.423029   29.423029
2594          13     49     114  139.485576   25.485576
2595          13     50     113  126.255703   13.255703
2596          13     51     112  139.585881   27.585881
2597          13     52     111  135.650657   24.650657
2598          13     53     110  139.998887   29.998887
2599          13     54     109  126.512294   17.512294
2600          13     55     108  135.147880   27.147880
2601          13     56     107  137.960897   30.960897
2602          13     57     106  137.550779   31.550779
2603          13     58     105  129.238777   24.238777
2604          13     59     104  130.699207   26.699207
2605          13     60     103  131.161799   28.161799
2606          13     61     102  133.996533   31.996533
2607          13     62     101  128.572458   27.572458
2608          13     63     100  129.665389   29.665389
2609          13     64      99  127.150188   28.150188
2610          13     65      98  127.095788   29.095788
2611          13     66      97  120.979155   23.979155
2612          13     67      96  124.379283   28.379283
2613          13     68      95  120.192987   25.192987
2614          13     69      94  124.157915   30.157915
2615          13     70      93  118.056882   25.056882
2616          13     71      92  114.798004   22.798004
2617          13     72      91  123.004289   32.004289
2618          13     73      90  118.094164   28.094164
2619          13     74      89  116.085913   27.085913
2620          13     75      88  113.452305   25.452305
2621          13     76      87  121.329952   34.329952
2622          13     77      86  109.127023   23.127023
2623          13     78      85  115.009424   30.009424
2624          13     79      84  109.355995   25.355995
2625          13     80      83  103.776818   20.776818
2626          13     81      82   97.027124   15.027124
2627          13     82      81  102.838662   21.838662
2628          13     83      80  100.705636   20.705636
2629          13     84      79  112.527010   33.527010
2630          13     85      78  103.083682   25.083682
2631          13     86      77  114.294441   37.294441
2632          13     87      76   95.232472   19.232472
2633          13     88      75  104.781184   29.781184
2634          13     89      74  101.945644   27.945644
2635          13     90      73  102.388668   29.388668
2636          13     91      72   98.624527   26.624527
2637          13     92      71   96.420380   25.420380
2638          13     93      70   91.332760   21.332760
2639          13     94      69   90.773204   21.773204
2640          13     95      68   83.013878   15.013878
2641          13     96      67   95.808599   28.808599
2642          13     97      66   96.436635   30.436635
2643          13     98      65   88.126521   23.126521
2644          13     99      64   87.047681   23.047681
2645          13    100      63   78.757687   15.757687
2646          13    101      62   68.063068    6.063068
2647          13    102      61   87.641751   26.641751
2648          13    103      60   77.772050   17.772050
2649          13    104      59   83.055894   24.055894
2650          13    105      58   83.522348   25.522348
2651          13    106      57   57.464799    0.464799
2652          13    107      56   69.778926   13.778926
2653          13    108      55   60.202056    5.202056
2654          13    109      54   65.418745   11.418745
2655          13    110      53   64.309521   11.309521
2656          13    111      52   56.786530    4.786530
2657          13    112      51   52.114794    1.114794
2658          13    113      50   61.124246   11.124246
2659          13    114      49   59.576665   10.576665
2660          13    115      48   53.558792    5.558792
2661          13    116      47   59.411622   12.411622
2662          13    117      46   43.476899   -2.523101
2663          13    118      45   63.101870   18.101870
2664          13    119      44   49.552342    5.552342
2665          13    120      43   55.984931   12.984931
2666          13    121      42   62.867830   20.867830
2667          13    122      41   56.639846   15.639846
2668          13    123      40   63.675701   23.675701
2669          13    124      39   44.198850    5.198850
2670          13    125      38   57.576092   19.576092
2671          13    126      37   51.476296   14.476296
2672          13    127      36   57.543645   21.543645
2673          13    128      35   33.991578   -1.008422
2674          13    129      34   43.380127    9.380127
2675          13    130      33   41.346065    8.346065
2676          13    131      32   35.180483    3.180483
2677          13    132      31   25.919165   -5.080835
2678          13    133      30   28.705732   -1.294268
2679          13    134      29   39.203858   10.203858
2680          13    135      28   29.503811    1.503811
2681          13    136      27   27.784758    0.784758
2682          13    137      26   44.358638   18.358638
2683          13    138      25   29.420512    4.420512
2684          13    139      24   20.328278   -3.671722
2685          13    140      23   26.776290    3.776290
2686          13    141      22   29.345068    7.345068
2687          13    142      21   22.761391    1.761391
2688          13    143      20   33.261700   13.261700
2689          13    144      19   34.922519   15.922519
2690          13    145      18   29.966547   11.966547
2691          13    146      17   15.589565   -1.410435
2692          13    147      16   17.405580    1.405580
2693          13    148      15   15.589565    0.589565
2694          13    149      14   15.955328    1.955328
2695          13    150      13   17.389961    4.389961
2696          13    151      12   16.496651    4.496651
2697          13    152      11   18.124111    7.124111
2698          13    153      10   15.843407    5.843407
2699          13    154       9   13.214608    4.214608
2700          13    155       8   13.214608    5.214608
2701          13    156       7   13.214608    6.214608
2702          13    157       6   12.035796    6.035796
2703          13    158       5   12.035796    7.035796
2704          13    159       4   12.035796    8.035796
2705          13    160       3   12.035796    9.035796
2706          13    161       2   12.035796   10.035796
2707          13    162       1   12.035796   11.035796
2708          13    163       0   12.035796   12.035796
2709          14      1     179  180.502472    1.502472
2710          14      2     178  184.329082    6.329082
2711          14      3     177  180.963703    3.963703
2712          14      4     176  177.112534    1.112534
2713          14      5     175  179.437034    4.437034
2714          14      6     174  181.060544    7.060544
2715          14      7     173  183.487687   10.487687
2716          14      8     172  183.931169   11.931169
2717          14      9     171  173.672624    2.672624
2718          14     10     170  176.694934    6.694934
2719          14     11     169  182.113596   13.113596
2720          14     12     168  174.687554    6.687554
2721          14     13     167  161.609738   -5.390262
2722          14     14     166  182.558216   16.558216
2723          14     15     165  177.952792   12.952792
2724          14     16     164  181.717902   17.717902
2725          14     17     163  180.838664   17.838664
2726          14     18     162  175.951725   13.951725
2727          14     19     161  171.857507   10.857507
2728          14     20     160  175.390550   15.390550
2729          14     21     159  169.738262   10.738262
2730          14     22     158  170.286858   12.286858
2731          14     23     157  167.412327   10.412327
2732          14     24     156  165.519472    9.519472
2733          14     25     155  156.152109    1.152109
2734          14     26     154  164.312661   10.312661
2735          14     27     153  165.831320   12.831320
2736          14     28     152  165.285437   13.285437
2737          14     29     151  168.126269   17.126269
2738          14     30     150  166.653672   16.653672
2739          14     31     149  169.382792   20.382792
2740          14     32     148  164.942526   16.942526
2741          14     33     147  164.425618   17.425618
2742          14     34     146  168.180140   22.180140
2743          14     35     145  166.602099   21.602099
2744          14     36     144  166.771323   22.771323
2745          14     37     143  165.613667   22.613667
2746          14     38     142  147.487971    5.487971
2747          14     39     141  152.126399   11.126399
2748          14     40     140  152.546807   12.546807
2749          14     41     139  146.336879    7.336879
2750          14     42     138  147.582466    9.582466
2751          14     43     137  136.780500   -0.219500
2752          14     44     136  144.538569    8.538569
2753          14     45     135  140.093902    5.093902
2754          14     46     134  144.069486   10.069486
2755          14     47     133  138.624112    5.624112
2756          14     48     132  140.834019    8.834019
2757          14     49     131  134.314327    3.314327
2758          14     50     130  140.079378   10.079378
2759          14     51     129  139.508758   10.508758
2760          14     52     128  140.167130   12.167130
2761          14     53     127  135.310819    8.310819
2762          14     54     126  141.293866   15.293866
2763          14     55     125  140.563091   15.563091
2764          14     56     124  139.277850   15.277850
2765          14     57     123  134.886315   11.886315
2766          14     58     122  135.572374   13.572374
2767          14     59     121  135.893559   14.893559
2768          14     60     120  120.021011    0.021011
2769          14     61     119  131.845777   12.845777
2770          14     62     118  138.574764   20.574764
2771          14     63     117  125.599998    8.599998
2772          14     64     116  133.313538   17.313538
2773          14     65     115  128.019902   13.019902
2774          14     66     114  130.958190   16.958190
2775          14     67     113  130.058882   17.058882
2776          14     68     112  130.320840   18.320840
2777          14     69     111  128.423115   17.423115
2778          14     70     110  125.949619   15.949619
2779          14     71     109  124.276727   15.276727
2780          14     72     108  122.321888   14.321888
2781          14     73     107  121.840924   14.840924
2782          14     74     106  125.580692   19.580692
2783          14     75     105  122.782998   17.782998
2784          14     76     104  122.352728   18.352728
2785          14     77     103  110.974743    7.974743
2786          14     78     102  126.519770   24.519770
2787          14     79     101  122.192899   21.192899
2788          14     80     100  111.232308   11.232308
2789          14     81      99  123.492109   24.492109
2790          14     82      98  123.855859   25.855859
2791          14     83      97  111.966948   14.966948
2792          14     84      96  115.539242   19.539242
2793          14     85      95  121.312155   26.312155
2794          14     86      94  119.917683   25.917683
2795          14     87      93  100.317802    7.317802
2796          14     88      92  113.338304   21.338304
2797          14     89      91  111.737329   20.737329
2798          14     90      90   88.283123   -1.716877
2799          14     91      89  105.822414   16.822414
2800          14     92      88   89.044336    1.044336
2801          14     93      87   92.669806    5.669806
2802          14     94      86   95.523327    9.523327
2803          14     95      85   95.732050   10.732050
2804          14     96      84  100.493292   16.493292
2805          14     97      83   90.126165    7.126165
2806          14     98      82   86.289759    4.289759
2807          14     99      81   82.404161    1.404161
2808          14    100      80   90.374951   10.374951
2809          14    101      79   92.999295   13.999295
2810          14    102      78   89.230345   11.230345
2811          14    103      77   90.776083   13.776083
2812          14    104      76   82.685462    6.685462
2813          14    105      75   85.869090   10.869090
2814          14    106      74   72.238393   -1.761607
2815          14    107      73   62.132500  -10.867500
2816          14    108      72   59.477000  -12.523000
2817          14    109      71   65.225200   -5.774800
2818          14    110      70   56.062843  -13.937157
2819          14    111      69   63.548689   -5.451311
2820          14    112      68   54.537490  -13.462510
2821          14    113      67   61.372029   -5.627971
2822          14    114      66   67.010155    1.010155
2823          14    115      65   71.256883    6.256883
2824          14    116      64   62.293460   -1.706540
2825          14    117      63   67.228990    4.228990
2826          14    118      62   72.586582   10.586582
2827          14    119      61   73.151186   12.151186
2828          14    120      60   54.652116   -5.347884
2829          14    121      59   47.414155  -11.585845
2830          14    122      58   46.196817  -11.803183
2831          14    123      57   54.019018   -2.980982
2832          14    124      56   56.072027    0.072027
2833          14    125      55   55.556800    0.556800
2834          14    126      54   63.769652    9.769652
2835          14    127      53   69.577312   16.577312
2836          14    128      52   53.604969    1.604969
2837          14    129      51   74.111980   23.111980
2838          14    130      50   64.552920   14.552920
2839          14    131      49   47.647755   -1.352245
2840          14    132      48   45.285592   -2.714408
2841          14    133      47   51.614689    4.614689
2842          14    134      46   48.979356    2.979356
2843          14    135      45   47.893911    2.893911
2844          14    136      44   45.275996    1.275996
2845          14    137      43   33.263534   -9.736466
2846          14    138      42   46.624287    4.624287
2847          14    139      41   63.255985   22.255985
2848          14    140      40   38.295235   -1.704765
2849          14    141      39   52.556558   13.556558
2850          14    142      38   42.273311    4.273311
2851          14    143      37   39.572405    2.572405
2852          14    144      36   48.004371   12.004371
2853          14    145      35   32.899218   -2.100782
2854          14    146      34   45.166820   11.166820
2855          14    147      33   39.155445    6.155445
2856          14    148      32   30.998481   -1.001519
2857          14    149      31   31.608286    0.608286
2858          14    150      30   23.811447   -6.188553
2859          14    151      29   24.595487   -4.404513
2860          14    152      28   18.589143   -9.410857
2861          14    153      27   19.826051   -7.173949
2862          14    154      26   15.691179  -10.308821
2863          14    155      25   15.691179   -9.308821
2864          14    156      24   16.662991   -7.337009
2865          14    157      23   16.662991   -6.337009
2866          14    158      22   21.777624   -0.222376
2867          14    159      21   15.173012   -5.826988
2868          14    160      20   13.867852   -6.132148
2869          14    161      19   13.722760   -5.277240
2870          14    162      18   14.824586   -3.175414
2871          14    163      17   14.012600   -2.987400
2872          14    164      16   13.752562   -2.247438
2873          14    165      15   16.033200    1.033200
2874          14    166      14   13.752562   -0.247438
2875          14    167      13   12.543948   -0.456052
2876          14    168      12   12.543948    0.543948
2877          14    169      11   12.543948    1.543948
2878          14    170      10   12.543948    2.543948
2879          14    171       9   15.490129    6.490129
2880          14    172       8   14.125396    6.125396
2881          14    173       7   12.347853    5.347853
2882          14    174       6   14.125396    8.125396
2883          14    175       5   14.506692    9.506692
2884          14    176       4   14.819231   10.819231
2885          14    177       3   14.595953   11.595953
2886          14    178       2   14.410753   12.410753
2887          14    179       1   13.710066   12.710066
2888          14    180       0   13.710066   13.710066
2889          15      1     206  207.173833    1.173833
2890          15      2     205  201.412830   -3.587170
2891          15      3     204  201.794687   -2.205313
2892          15      4     203  196.787476   -6.212524
2893          15      5     202  183.183692  -18.816308
2894          15      6     201  202.776554    1.776554
2895          15      7     200  188.665764  -11.334236
2896          15      8     199  199.320757    0.320757
2897          15      9     198  204.332554    6.332554
2898          15     10     197  203.234765    6.234765
2899          15     11     196  199.653624    3.653624
2900          15     12     195  187.601431   -7.398569
2901          15     13     194  193.994306   -0.005694
2902          15     14     193  187.453079   -5.546921
2903          15     15     192  195.763617    3.763617
2904          15     16     191  189.723639   -1.276361
2905          15     17     190  198.446580    8.446580
2906          15     18     189  199.287245   10.287245
2907          15     19     188  189.687112    1.687112
2908          15     20     187  197.793550   10.793550
2909          15     21     186  196.797322   10.797322
2910          15     22     185  194.626165    9.626165
2911          15     23     184  196.435317   12.435317
2912          15     24     183  192.343608    9.343608
2913          15     25     182  193.215204   11.215204
2914          15     26     181  191.426220   10.426220
2915          15     27     180  187.465036    7.465036
2916          15     28     179  191.266806   12.266806
2917          15     29     178  187.969159    9.969159
2918          15     30     177  185.757797    8.757797
2919          15     31     176  175.740519   -0.259481
2920          15     32     175  183.218693    8.218693
2921          15     33     174  180.252358    6.252358
2922          15     34     173  185.994535   12.994535
2923          15     35     172  181.983083    9.983083
2924          15     36     171  182.710314   11.710314
2925          15     37     170  178.494464    8.494464
2926          15     38     169  181.151663   12.151663
2927          15     39     168  181.180865   13.180865
2928          15     40     167  176.631268    9.631268
2929          15     41     166  174.806475    8.806475
2930          15     42     165  173.818467    8.818467
2931          15     43     164  173.933642    9.933642
2932          15     44     163  174.516568   11.516568
2933          15     45     162  170.592614    8.592614
2934          15     46     161  159.752589   -1.247411
2935          15     47     160  142.883137  -17.116863
2936          15     48     159  166.962110    7.962110
2937          15     49     158  161.647689    3.647689
2938          15     50     157  166.402195    9.402195
2939          15     51     156  158.210610    2.210610
2940          15     52     155  163.602944    8.602944
2941          15     53     154  165.964429   11.964429
2942          15     54     153  167.516815   14.516815
2943          15     55     152  155.130326    3.130326
2944          15     56     151  162.370272   11.370272
2945          15     57     150  165.945679   15.945679
2946          15     58     149  164.769428   15.769428
2947          15     59     148  145.849042   -2.150958
2948          15     60     147  154.468258    7.468258
2949          15     61     146  162.067807   16.067807
2950          15     62     145  159.212693   14.212693
2951          15     63     144  137.794531   -6.205469
2952          15     64     143  155.608300   12.608300
2953          15     65     142  149.804223    7.804223
2954          15     66     141  157.104791   16.104791
2955          15     67     140  154.412463   14.412463
2956          15     68     139  149.736995   10.736995
2957          15     69     138  156.883084   18.883084
2958          15     70     137  154.809278   17.809278
2959          15     71     136  145.388216    9.388216
2960          15     72     135  147.542646   12.542646
2961          15     73     134  149.085498   15.085498
2962          15     74     133  144.507323   11.507323
2963          15     75     132  155.863495   23.863495
2964          15     76     131  146.300795   15.300795
2965          15     77     130  135.127393    5.127393
2966          15     78     129  149.815409   20.815409
2967          15     79     128  133.805763    5.805763
2968          15     80     127  140.170286   13.170286
2969          15     81     126  144.285471   18.285471
2970          15     82     125  147.030402   22.030402
2971          15     83     124  140.012693   16.012693
2972          15     84     123  140.095482   17.095482
2973          15     85     122  140.884533   18.884533
2974          15     86     121  132.005152   11.005152
2975          15     87     120  128.746616    8.746616
2976          15     88     119  134.520644   15.520644
2977          15     89     118  135.826466   17.826466
2978          15     90     117  120.403744    3.403744
2979          15     91     116  127.886848   11.886848
2980          15     92     115  119.760257    4.760257
2981          15     93     114  117.656742    3.656742
2982          15     94     113  126.271750   13.271750
2983          15     95     112  125.286813   13.286813
2984          15     96     111  130.509009   19.509009
2985          15     97     110  114.493456    4.493456
2986          15     98     109  114.630548    5.630548
2987          15     99     108  122.979517   14.979517
2988          15    100     107  124.706940   17.706940
2989          15    101     106  132.481699   26.481699
2990          15    102     105  114.506202    9.506202
2991          15    103     104  102.869076   -1.130924
2992          15    104     103  111.756913    8.756913
2993          15    105     102  120.158425   18.158425
2994          15    106     101  124.711676   23.711676
2995          15    107     100  115.881703   15.881703
2996          15    108      99  116.715482   17.715482
2997          15    109      98  108.704845   10.704845
2998          15    110      97  119.485119   22.485119
2999          15    111      96   97.381733    1.381733
3000          15    112      95   94.728985   -0.271015
3001          15    113      94  112.600940   18.600940
3002          15    114      93  113.594578   20.594578
3003          15    115      92  106.838390   14.838390
3004          15    116      91  123.376739   32.376739
3005          15    117      90  113.094372   23.094372
3006          15    118      89  108.243269   19.243269
3007          15    119      88  108.951807   20.951807
3008          15    120      87  100.266539   13.266539
3009          15    121      86  105.113142   19.113142
3010          15    122      85  114.120710   29.120710
3011          15    123      84  103.179818   19.179818
3012          15    124      83   94.306296   11.306296
3013          15    125      82   97.468790   15.468790
3014          15    126      81   96.715675   15.715675
3015          15    127      80   80.357301    0.357301
3016          15    128      79   97.312625   18.312625
3017          15    129      78   72.633839   -5.366161
3018          15    130      77   83.969273    6.969273
3019          15    131      76   76.640593    0.640593
3020          15    132      75   76.757878    1.757878
3021          15    133      74   69.638990   -4.361010
3022          15    134      73   68.434332   -4.565668
3023          15    135      72   85.261261   13.261261
3024          15    136      71   86.216637   15.216637
3025          15    137      70   88.006286   18.006286
3026          15    138      69   73.098748    4.098748
3027          15    139      68   73.098748    5.098748
3028          15    140      67   80.585716   13.585716
3029          15    141      66   77.291148   11.291148
3030          15    142      65   71.909907    6.909907
3031          15    143      64   75.776683   11.776683
3032          15    144      63   69.511513    6.511513
3033          15    145      62   68.329240    6.329240
3034          15    146      61   66.975774    5.975774
3035          15    147      60   68.616599    8.616599
3036          15    148      59   67.901350    8.901350
3037          15    149      58   82.418211   24.418211
3038          15    150      57   67.748951   10.748951
3039          15    151      56   76.347013   20.347013
3040          15    152      55   81.820221   26.820221
3041          15    153      54   79.073940   25.073940
3042          15    154      53   75.310183   22.310183
3043          15    155      52   70.554177   18.554177
3044          15    156      51   78.275135   27.275135
3045          15    157      50   71.034406   21.034406
3046          15    158      49   65.906549   16.906549
3047          15    159      48   56.917384    8.917384
3048          15    160      47   67.409220   20.409220
3049          15    161      46   62.450009   16.450009
3050          15    162      45   62.120562   17.120562
3051          15    163      44   64.194471   20.194471
3052          15    164      43   52.382962    9.382962
3053          15    165      42   53.984991   11.984991
3054          15    166      41   52.947386   11.947386
3055          15    167      40   54.571286   14.571286
3056          15    168      39   49.544955   10.544955
3057          15    169      38   54.770688   16.770688
3058          15    170      37   47.931554   10.931554
3059          15    171      36   41.240521    5.240521
3060          15    172      35   37.160573    2.160573
3061          15    173      34   34.187870    0.187870
3062          15    174      33   40.332912    7.332912
3063          15    175      32   29.314144   -2.685856
3064          15    176      31   30.511911   -0.488089
3065          15    177      30   31.460698    1.460698
3066          15    178      29   29.314144    0.314144
3067          15    179      28   26.542826   -1.457174
3068          15    180      27   22.957798   -4.042202
3069          15    181      26   25.580748   -0.419252
3070          15    182      25   21.550990   -3.449010
3071          15    183      24   20.424418   -3.575582
3072          15    184      23   24.173940    1.173940
3073          15    185      22   22.965326    0.965326
3074          15    186      21   22.934762    1.934762
3075          15    187      20   22.934762    2.934762
3076          15    188      19   22.934762    3.934762
3077          15    189      18   18.289131    0.289131
3078          15    190      17   17.043455    0.043455
3079          15    191      16   17.043455    1.043455
3080          15    192      15   17.429284    2.429284
3081          15    193      14   17.761914    3.761914
3082          15    194      13   19.312021    6.312021
3083          15    195      12   20.656645    8.656645
3084          15    196      11   16.439454    5.439454
3085          15    197      10   15.104838    5.104838
3086          15    198       9   15.104838    6.104838
3087          15    199       8   13.978266    5.978266
3088          15    200       7   13.296802    6.296802
3089          15    201       6   15.450246    9.450246
3090          15    202       5   14.245588    9.245588
3091          15    203       4   17.283967   13.283967
3092          15    204       3   17.283967   14.283967
3093          15    205       2   15.450246   13.450246
3094          15    206       1   16.234515   15.234515
3095          15    207       0   14.389235   14.389235
3096          16      1     208  179.500707  -28.499293
3097          16      2     207  188.393257  -18.606743
3098          16      3     206  175.087491  -30.912509
3099          16      4     205  172.090209  -32.909791
3100          16      5     204  170.203579  -33.796421
3101          16      6     203  171.265339  -31.734661
3102          16      7     202  162.812370  -39.187630
3103          16      8     201  160.934903  -40.065097
3104          16      9     200  173.150020  -26.849980
3105          16     10     199  180.127065  -18.872935
3106          16     11     198  179.648986  -18.351014
3107          16     12     197  178.178032  -18.821968
3108          16     13     196  171.715765  -24.284235
3109          16     14     195  167.300552  -27.699448
3110          16     15     194  174.446957  -19.553043
3111          16     16     193  173.624399  -19.375601
3112          16     17     192  173.610821  -18.389179
3113          16     18     191  163.255424  -27.744576
3114          16     19     190  159.009927  -30.990073
3115          16     20     189  168.725551  -20.274449
3116          16     21     188  171.686143  -16.313857
3117          16     22     187  164.663961  -22.336039
3118          16     23     186  169.752636  -16.247364
3119          16     24     185  165.776129  -19.223871
3120          16     25     184  167.938246  -16.061754
3121          16     26     183  161.477492  -21.522508
3122          16     27     182  165.557573  -16.442427
3123          16     28     181  159.715882  -21.284118
3124          16     29     180  166.714068  -13.285932
3125          16     30     179  167.471793  -11.528207
3126          16     31     178  159.875070  -18.124930
3127          16     32     177  164.818107  -12.181893
3128          16     33     176  159.527347  -16.472653
3129          16     34     175  153.341896  -21.658104
3130          16     35     174  154.958598  -19.041402
3131          16     36     173  158.890639  -14.109361
3132          16     37     172  158.202817  -13.797183
3133          16     38     171  157.284317  -13.715683
3134          16     39     170  150.999320  -19.000680
3135          16     40     169  150.406582  -18.593418
3136          16     41     168  144.715477  -23.284523
3137          16     42     167  144.967067  -22.032933
3138          16     43     166  135.810052  -30.189948
3139          16     44     165  139.565253  -25.434747
3140          16     45     164  144.099543  -19.900457
3141          16     46     163  139.315799  -23.684201
3142          16     47     162  139.952569  -22.047431
3143          16     48     161  130.943528  -30.056472
3144          16     49     160  136.962862  -23.037138
3145          16     50     159  136.081009  -22.918991
3146          16     51     158  131.614155  -26.385845
3147          16     52     157  130.955944  -26.044056
3148          16     53     156  133.554194  -22.445806
3149          16     54     155  134.859499  -20.140501
3150          16     55     154  131.144556  -22.855444
3151          16     56     153  115.370088  -37.629912
3152          16     57     152  130.071115  -21.928885
3153          16     58     151  123.450384  -27.549616
3154          16     59     150  127.129791  -22.870209
3155          16     60     149  130.982481  -18.017519
3156          16     61     148  128.291365  -19.708635
3157          16     62     147  113.157896  -33.842104
3158          16     63     146  126.199526  -19.800474
3159          16     64     145  118.267861  -26.732139
3160          16     65     144  132.278195  -11.721805
3161          16     66     143  118.794159  -24.205841
3162          16     67     142  131.468169  -10.531831
3163          16     68     141  132.654714   -8.345286
3164          16     69     140  128.162803  -11.837197
3165          16     70     139  128.331175  -10.668825
3166          16     71     138  118.180173  -19.819827
3167          16     72     137  118.050159  -18.949841
3168          16     73     136  110.156287  -25.843713
3169          16     74     135  122.663189  -12.336811
3170          16     75     134  122.395469  -11.604531
3171          16     76     133  124.992796   -8.007204
3172          16     77     132  119.677453  -12.322547
3173          16     78     131  120.193109  -10.806891
3174          16     79     130  115.698227  -14.301773
3175          16     80     129  121.243260   -7.756740
3176          16     81     128  119.466610   -8.533390
3177          16     82     127  117.201400   -9.798600
3178          16     83     126  106.370943  -19.629057
3179          16     84     125  117.792437   -7.207563
3180          16     85     124  117.312373   -6.687627
3181          16     86     123  117.490855   -5.509145
3182          16     87     122  114.040524   -7.959476
3183          16     88     121  108.805160  -12.194840
3184          16     89     120  112.279650   -7.720350
3185          16     90     119  106.914600  -12.085400
3186          16     91     118   92.189207  -25.810793
3187          16     92     117  111.147491   -5.852509
3188          16     93     116   97.073692  -18.926308
3189          16     94     115   99.523252  -15.476748
3190          16     95     114   91.323764  -22.676236
3191          16     96     113   98.849957  -14.150043
3192          16     97     112   84.436390  -27.563610
3193          16     98     111   86.961632  -24.038368
3194          16     99     110   86.262063  -23.737937
3195          16    100     109   76.229312  -32.770688
3196          16    101     108   91.752599  -16.247401
3197          16    102     107   88.943553  -18.056447
3198          16    103     106   80.118928  -25.881072
3199          16    104     105   82.125953  -22.874047
3200          16    105     104   70.190382  -33.809618
3201          16    106     103   90.925925  -12.074075
3202          16    107     102   94.133430   -7.866570
3203          16    108     101  101.790806    0.790806
3204          16    109     100   82.921724  -17.078276
3205          16    110      99   90.766017   -8.233983
3206          16    111      98   87.928468  -10.071532
3207          16    112      97   79.440639  -17.559361
3208          16    113      96   90.010427   -5.989573
3209          16    114      95   89.233505   -5.766495
3210          16    115      94   96.534546    2.534546
3211          16    116      93   86.042295   -6.957705
3212          16    117      92   80.460075  -11.539925
3213          16    118      91   86.148790   -4.851210
3214          16    119      90   95.708621    5.708621
3215          16    120      89   75.356967  -13.643033
3216          16    121      88   76.712667  -11.287333
3217          16    122      87   64.887645  -22.112355
3218          16    123      86   88.640257    2.640257
3219          16    124      85   85.154436    0.154436
3220          16    125      84   82.325695   -1.674305
3221          16    126      83   76.156691   -6.843309
3222          16    127      82   84.539641    2.539641
3223          16    128      81   62.473471  -18.526529
3224          16    129      80   76.151083   -3.848917
3225          16    130      79   78.265346   -0.734654
3226          16    131      78   75.006739   -2.993261
3227          16    132      77   74.045218   -2.954782
3228          16    133      76   41.804920  -34.195080
3229          16    134      75   76.099845    1.099845
3230          16    135      74   69.561879   -4.438121
3231          16    136      73   66.656723   -6.343277
3232          16    137      72   34.946798  -37.053202
3233          16    138      71   45.639604  -25.360396
3234          16    139      70   55.682823  -14.317177
3235          16    140      69   65.416160   -3.583840
3236          16    141      68   57.162001  -10.837999
3237          16    142      67   42.458457  -24.541543
3238          16    143      66   63.972215   -2.027785
3239          16    144      65   60.879359   -4.120641
3240          16    145      64   70.946760    6.946760
3241          16    146      63   44.644216  -18.355784
3242          16    147      62   67.223689    5.223689
3243          16    148      61   50.184910  -10.815090
3244          16    149      60   52.209791   -7.790209
3245          16    150      59   51.505538   -7.494462
3246          16    151      58   35.911163  -22.088837
3247          16    152      57   69.075696   12.075696
3248          16    153      56   67.386782   11.386782
3249          16    154      55   61.519915    6.519915
3250          16    155      54   62.232676    8.232676
3251          16    156      53   54.727485    1.727485
3252          16    157      52   66.273570   14.273570
3253          16    158      51   52.408722    1.408722
3254          16    159      50   59.553742    9.553742
3255          16    160      49   48.746950   -0.253050
3256          16    161      48   42.972259   -5.027741
3257          16    162      47   65.731004   18.731004
3258          16    163      46   38.901320   -7.098680
3259          16    164      45   62.674883   17.674883
3260          16    165      44   45.260284    1.260284
3261          16    166      43   48.463796    5.463796
3262          16    167      42   46.860036    4.860036
3263          16    168      41   57.904658   16.904658
3264          16    169      40   48.309715    8.309715
3265          16    170      39   37.639671   -1.360329
3266          16    171      38   33.503772   -4.496228
3267          16    172      37   43.482751    6.482751
3268          16    173      36   42.495805    6.495805
3269          16    174      35   46.710256   11.710256
3270          16    175      34   28.206385   -5.793615
3271          16    176      33   26.889982   -6.110018
3272          16    177      32   29.110215   -2.889785
3273          16    178      31   39.041187    8.041187
3274          16    179      30   51.457277   21.457277
3275          16    180      29   32.212284    3.212284
3276          16    181      28   26.883403   -1.116597
3277          16    182      27   28.153651    1.153651
3278          16    183      26   27.602276    1.602276
3279          16    184      25   34.692552    9.692552
3280          16    185      24   30.093135    6.093135
3281          16    186      23   20.328863   -2.671137
3282          16    187      22   33.310764   11.310764
3283          16    188      21   21.956406    0.956406
3284          16    189      20   25.672153    5.672153
3285          16    190      19   23.082979    4.082979
3286          16    191      18   22.009403    4.009403
3287          16    192      17   19.760616    2.760616
3288          16    193      16   18.451763    2.451763
3289          16    194      15   20.648244    5.648244
3290          16    195      14   18.451763    4.451763
3291          16    196      13   22.983908    9.983908
3292          16    197      12   21.619175    9.619175
3293          16    198      11   18.803108    7.803108
3294          16    199      10   17.301320    7.301320
3295          16    200       9   15.104838    6.104838
3296          16    201       8   15.490668    7.490668
3297          16    202       7   15.104838    8.104838
3298          16    203       6   15.876491    9.876491
3299          16    204       5   17.639397   12.639397
3300          16    205       4   17.429083   13.429083
3301          16    206       3   17.713534   14.713534
3302          16    207       2   15.135758   13.135758
3303          16    208       1   15.135758   14.135758
3304          16    209       0   15.135758   15.135758
3305          17      1     275  198.594373  -76.405627
3306          17      2     274  197.951182  -76.048818
3307          17      3     273  198.982601  -74.017399
3308          17      4     272  194.228096  -77.771904
3309          17      5     271  196.214489  -74.785511
3310          17      6     270  197.929603  -72.070397
3311          17      7     269  198.489869  -70.510131
3312          17      8     268  202.325638  -65.674362
3313          17      9     267  200.189465  -66.810535
3314          17     10     266  203.956951  -62.043049
3315          17     11     265  201.783621  -63.216379
3316          17     12     264  199.949028  -64.050972
3317          17     13     263  200.941304  -62.058696
3318          17     14     262  201.239480  -60.760520
3319          17     15     261  195.424686  -65.575314
3320          17     16     260  196.453775  -63.546225
3321          17     17     259  197.707283  -61.292717
3322          17     18     258  194.800226  -63.199774
3323          17     19     257  193.749094  -63.250906
3324          17     20     256  195.401207  -60.598793
3325          17     21     255  192.550685  -62.449315
3326          17     22     254  192.101747  -61.898253
3327          17     23     253  192.212731  -60.787269
3328          17     24     252  191.292940  -60.707060
3329          17     25     251  185.718546  -65.281454
3330          17     26     250  189.938165  -60.061835
3331          17     27     249  188.601494  -60.398506
3332          17     28     248  186.573673  -61.426327
3333          17     29     247  187.416323  -59.583677
3334          17     30     246  188.302781  -57.697219
3335          17     31     245  185.622840  -59.377160
3336          17     32     244  181.021041  -62.978959
3337          17     33     243  178.315652  -64.684348
3338          17     34     242  178.821505  -63.178495
3339          17     35     241  173.965688  -67.034312
3340          17     36     240  176.446377  -63.553623
3341          17     37     239  173.586998  -65.413002
3342          17     38     238  162.246205  -75.753795
3343          17     39     237  173.952496  -63.047504
3344          17     40     236  174.976907  -61.023093
3345          17     41     235  173.999530  -61.000470
3346          17     42     234  163.182787  -70.817213
3347          17     43     233  172.520852  -60.479148
3348          17     44     232  172.241407  -59.758593
3349          17     45     231  174.118094  -56.881906
3350          17     46     230  175.035643  -54.964357
3351          17     47     229  174.107622  -54.892378
3352          17     48     228  172.986982  -55.013018
3353          17     49     227  165.806043  -61.193957
3354          17     50     226  166.741063  -59.258937
3355          17     51     225  174.141775  -50.858225
3356          17     52     224  172.796197  -51.203803
3357          17     53     223  174.141775  -48.858225
3358          17     54     222  171.426666  -50.573334
3359          17     55     221  133.401239  -87.598761
3360          17     56     220  163.808848  -56.191152
3361          17     57     219  163.781687  -55.218313
3362          17     58     218  148.361847  -69.638153
3363          17     59     217  155.801606  -61.198394
3364          17     60     216  144.473464  -71.526536
3365          17     61     215  157.703341  -57.296659
3366          17     62     214  154.318482  -59.681518
3367          17     63     213  148.979818  -64.020182
3368          17     64     212  147.881094  -64.118906
3369          17     65     211  147.680750  -63.319250
3370          17     66     210  148.505379  -61.494621
3371          17     67     209  150.141552  -58.858448
3372          17     68     208  151.642998  -56.357002
3373          17     69     207  149.436105  -57.563895
3374          17     70     206  140.482063  -65.517937
3375          17     71     205  144.182912  -60.817088
3376          17     72     204  140.859255  -63.140745
3377          17     73     203  141.137707  -61.862293
3378          17     74     202  149.644977  -52.355023
3379          17     75     201  152.827705  -48.172295
3380          17     76     200  152.365352  -47.634648
3381          17     77     199  150.918011  -48.081989
3382          17     78     198  145.620379  -52.379621
3383          17     79     197  146.862350  -50.137650
3384          17     80     196  144.843795  -51.156205
3385          17     81     195  141.783647  -53.216353
3386          17     82     194  149.445508  -44.554492
3387          17     83     193  145.987461  -47.012539
3388          17     84     192  151.351990  -40.648010
3389          17     85     191  149.369574  -41.630426
3390          17     86     190  146.853998  -43.146002
3391          17     87     189  148.656229  -40.343771
3392          17     88     188  150.102634  -37.897366
3393          17     89     187  131.735367  -55.264633
3394          17     90     186  132.662756  -53.337244
3395          17     91     185  144.888047  -40.111953
3396          17     92     184  142.465998  -41.534002
3397          17     93     183  144.747820  -38.252180
3398          17     94     182  135.995110  -46.004890
3399          17     95     181  143.925135  -37.074865
3400          17     96     180  133.785223  -46.214777
3401          17     97     179  140.814037  -38.185963
3402          17     98     178  136.163652  -41.836348
3403          17     99     177  139.402237  -37.597763
3404          17    100     176  134.066596  -41.933404
3405          17    101     175  133.124481  -41.875519
3406          17    102     174  137.994187  -36.005813
3407          17    103     173  134.934796  -38.065204
3408          17    104     172  134.107861  -37.892139
3409          17    105     171  138.268468  -32.731532
3410          17    106     170  121.312453  -48.687547
3411          17    107     169  130.573419  -38.426581
3412          17    108     168  133.425855  -34.574145
3413          17    109     167  132.393738  -34.606262
3414          17    110     166  135.995316  -30.004684
3415          17    111     165  136.599301  -28.400699
3416          17    112     164  127.704092  -36.295908
3417          17    113     163  125.560922  -37.439078
3418          17    114     162  134.341352  -27.658648
3419          17    115     161  121.468910  -39.531090
3420          17    116     160  129.470003  -30.529997
3421          17    117     159  131.038266  -27.961734
3422          17    118     158  119.121730  -38.878270
3423          17    119     157  119.336327  -37.663673
3424          17    120     156  120.806705  -35.193295
3425          17    121     155  104.435871  -50.564129
3426          17    122     154  113.698611  -40.301389
3427          17    123     153  113.827975  -39.172025
3428          17    124     152  117.003858  -34.996142
3429          17    125     151  118.907489  -32.092511
3430          17    126     150  119.547815  -30.452185
3431          17    127     149   98.492649  -50.507351
3432          17    128     148  105.045167  -42.954833
3433          17    129     147  106.456694  -40.543306
3434          17    130     146  103.958129  -42.041871
3435          17    131     145  105.553428  -39.446572
3436          17    132     144  120.126978  -23.873022
3437          17    133     143  110.829102  -32.170898
3438          17    134     142  118.797723  -23.202277
3439          17    135     141  105.310551  -35.689449
3440          17    136     140  123.534020  -16.465980
3441          17    137     139  118.614586  -20.385414
3442          17    138     138  121.633619  -16.366381
3443          17    139     137  108.079467  -28.920533
3444          17    140     136  103.647540  -32.352460
3445          17    141     135  110.860822  -24.139178
3446          17    142     134  107.108921  -26.891079
3447          17    143     133  114.987968  -18.012032
3448          17    144     132  107.067761  -24.932239
3449          17    145     131  108.927012  -22.072988
3450          17    146     130  104.177931  -25.822069
3451          17    147     129  109.075615  -19.924385
3452          17    148     128  108.676608  -19.323392
3453          17    149     127  104.964734  -22.035266
3454          17    150     126  119.366957   -6.633043
3455          17    151     125  113.325570  -11.674430
3456          17    152     124  113.014393  -10.985607
3457          17    153     123  114.452665   -8.547335
3458          17    154     122  118.684072   -3.315928
3459          17    155     121  120.008215   -0.991785
3460          17    156     120  111.448488   -8.551512
3461          17    157     119   95.268986  -23.731014
3462          17    158     118  104.450744  -13.549256
3463          17    159     117   94.462010  -22.537990
3464          17    160     116  110.074491   -5.925509
3465          17    161     115   94.609628  -20.390372
3466          17    162     114   99.146410  -14.853590
3467          17    163     113   92.134630  -20.865370
3468          17    164     112  112.959662    0.959662
3469          17    165     111  114.573645    3.573645
3470          17    166     110  112.816986    2.816986
3471          17    167     109  101.366532   -7.633468
3472          17    168     108  107.390261   -0.609739
3473          17    169     107  102.435434   -4.564566
3474          17    170     106   95.908860  -10.091140
3475          17    171     105  111.048840    6.048840
3476          17    172     104  107.317517    3.317517
3477          17    173     103  109.400192    6.400192
3478          17    174     102   95.709229   -6.290771
3479          17    175     101   90.349096  -10.650904
3480          17    176     100   93.214822   -6.785178
3481          17    177      99   89.312748   -9.687252
3482          17    178      98   95.457358   -2.542642
3483          17    179      97   84.347735  -12.652265
3484          17    180      96   74.880859  -21.119141
3485          17    181      95   82.377484  -12.622516
3486          17    182      94   75.837963  -18.162037
3487          17    183      93   85.925280   -7.074720
3488          17    184      92   84.538730   -7.461270
3489          17    185      91   87.784062   -3.215938
3490          17    186      90   83.082525   -6.917475
3491          17    187      89   69.970130  -19.029870
3492          17    188      88   78.402486   -9.597514
3493          17    189      87   78.709944   -8.290056
3494          17    190      86   77.627991   -8.372009
3495          17    191      85   62.725525  -22.274475
3496          17    192      84   56.668437  -27.331563
3497          17    193      83   56.013069  -26.986931
3498          17    194      82   52.652161  -29.347839
3499          17    195      81   68.779369  -12.220631
3500          17    196      80   58.436796  -21.563204
3501          17    197      79   66.226618  -12.773382
3502          17    198      78   59.250392  -18.749608
3503          17    199      77   62.012033  -14.987967
3504          17    200      76   80.251474    4.251474
3505          17    201      75   58.248434  -16.751566
3506          17    202      74   78.749881    4.749881
3507          17    203      73   64.279447   -8.720553
3508          17    204      72   64.656658   -7.343342
3509          17    205      71   65.283844   -5.716156
3510          17    206      70   72.711840    2.711840
3511          17    207      69   54.134890  -14.865110
3512          17    208      68   59.387113   -8.612887
3513          17    209      67   66.932646   -0.067354
3514          17    210      66   64.548678   -1.451322
3515          17    211      65   77.577901   12.577901
3516          17    212      64   55.726374   -8.273626
3517          17    213      63   75.950113   12.950113
3518          17    214      62   58.418931   -3.581069
3519          17    215      61   63.725348    2.725348
3520          17    216      60   71.694043   11.694043
3521          17    217      59   57.702634   -1.297366
3522          17    218      58   55.996300   -2.003700
3523          17    219      57   66.540227    9.540227
3524          17    220      56   64.512912    8.512912
3525          17    221      55   49.555907   -5.444093
3526          17    222      54   46.482191   -7.517809
3527          17    223      53   57.990561    4.990561
3528          17    224      52   45.848107   -6.151893
3529          17    225      51   43.256699   -7.743301
3530          17    226      50   43.140342   -6.859658
3531          17    227      49   43.799932   -5.200068
3532          17    228      48   40.735895   -7.264105
3533          17    229      47   36.403203  -10.596797
3534          17    230      46   39.292160   -6.707840
3535          17    231      45   32.393127  -12.606873
3536          17    232      44   36.070242   -7.929758
3537          17    233      43   28.827530  -14.172470
3538          17    234      42   39.781023   -2.218977
3539          17    235      41   29.496649  -11.503351
3540          17    236      40   22.501203  -17.498797
3541          17    237      39   23.409826  -15.590174
3542          17    238      38   21.959574  -16.040426
3543          17    239      37   21.515898  -15.484102
3544          17    240      36   21.330697  -14.669303
3545          17    241      35   19.615598  -15.384402
3546          17    242      34   23.108240  -10.891760
3547          17    243      33   20.132930  -12.867070
3548          17    244      32   22.906787   -9.093213
3549          17    245      31   22.011356   -8.988644
3550          17    246      30   19.416711  -10.583289
3551          17    247      29   17.335849  -11.664151
3552          17    248      28   18.417830   -9.582170
3553          17    249      27   19.247334   -7.752666
3554          17    250      26   16.349369   -9.650631
3555          17    251      25   16.349369   -8.650631
3556          17    252      24   17.557983   -6.442017
3557          17    253      23   17.743184   -5.256816
3558          17    254      22   16.476002   -5.523998
3559          17    255      21   16.476002   -4.523998
3560          17    256      20   16.476002   -3.523998
3561          17    257      19   15.267388   -3.732612
3562          17    258      18   15.267388   -2.732612
3563          17    259      17   15.267388   -1.732612
3564          17    260      16   14.507583   -1.492417
3565          17    261      15   14.507583   -0.492417
3566          17    262      14   13.526666   -0.473334
3567          17    263      13   12.347853   -0.652147
3568          17    264      12   12.347853    0.347853
3569          17    265      11   13.328771    2.328771
3570          17    266      10   12.347853    2.347853
3571          17    267       9   12.347853    3.347853
3572          17    268       8   12.347853    4.347853
3573          17    269       7   12.347853    5.347853
3574          17    270       6   12.347853    6.347853
3575          17    271       5   13.328771    8.328771
3576          17    272       4   12.347853    8.347853
3577          17    273       3   12.347853    9.347853
3578          17    274       2   12.347853   10.347853
3579          17    275       1   12.347853   11.347853
3580          17    276       0   12.347853   12.347853
3581          18      1     194  199.888910    5.888910
3582          18      2     193  192.220405   -0.779595
3583          18      3     192  200.482517    8.482517
3584          18      4     191  176.656248  -14.343752
3585          18      5     190  177.934110  -12.065890
3586          18      6     189  178.879858  -10.120142
3587          18      7     188  181.227998   -6.772002
3588          18      8     187  181.018628   -5.981372
3589          18      9     186  181.018628   -4.981372
3590          18     10     185  182.212273   -2.787727
3591          18     11     184  179.329568   -4.670432
3592          18     12     183  177.102445   -5.897555
3593          18     13     182  181.850713   -0.149287
3594          18     14     181  182.803865    1.803865
3595          18     15     180  183.526276    3.526276
3596          18     16     179  180.547895    1.547895
3597          18     17     178  177.009324   -0.990676
3598          18     18     177  179.386503    2.386503
3599          18     19     176  180.414769    4.414769
3600          18     20     175  181.415062    6.415062
3601          18     21     174  181.992539    7.992539
3602          18     22     173  179.421959    6.421959
3603          18     23     172  173.766014    1.766014
3604          18     24     171  179.751543    8.751543
3605          18     25     170  177.394508    7.394508
3606          18     26     169  180.242796   11.242796
3607          18     27     168  177.008254    9.008254
3608          18     28     167  174.908329    7.908329
3609          18     29     166  178.083877   12.083877
3610          18     30     165  179.717893   14.717893
3611          18     31     164  179.345398   15.345398
3612          18     32     163  178.718280   15.718280
3613          18     33     162  181.360517   19.360517
3614          18     34     161  181.020884   20.020884
3615          18     35     160  182.199791   22.199791
3616          18     36     159  178.491994   19.491994
3617          18     37     158  180.582860   22.582860
3618          18     38     157  177.524577   20.524577
3619          18     39     156  173.275260   17.275260
3620          18     40     155  176.110817   21.110817
3621          18     41     154  165.401840   11.401840
3622          18     42     153  172.704149   19.704149
3623          18     43     152  165.420896   13.420896
3624          18     44     151  170.974505   19.974505
3625          18     45     150  169.114642   19.114642
3626          18     46     149  168.405395   19.405395
3627          18     47     148  161.796253   13.796253
3628          18     48     147  167.463264   20.463264
3629          18     49     146  168.055777   22.055777
3630          18     50     145  169.641677   24.641677
3631          18     51     144  169.013376   25.013376
3632          18     52     143  170.192506   27.192506
3633          18     53     142  162.781193   20.781193
3634          18     54     141  166.360200   25.360200
3635          18     55     140  164.483237   24.483237
3636          18     56     139  164.702830   25.702830
3637          18     57     138  163.384706   25.384706
3638          18     58     137  160.060664   23.060664
3639          18     59     136  158.741344   22.741344
3640          18     60     135  156.499397   21.499397
3641          18     61     134  152.897637   18.897637
3642          18     62     133  146.266168   13.266168
3643          18     63     132  141.830706    9.830706
3644          18     64     131  145.040969   14.040969
3645          18     65     130  149.162465   19.162465
3646          18     66     129  148.080800   19.080800
3647          18     67     128  145.291012   17.291012
3648          18     68     127  146.463588   19.463588
3649          18     69     126  146.859151   20.859151
3650          18     70     125  138.812128   13.812128
3651          18     71     124  143.544736   19.544736
3652          18     72     123  149.628660   26.628660
3653          18     73     122  148.498893   26.498893
3654          18     74     121  150.921424   29.921424
3655          18     75     120  144.199005   24.199005
3656          18     76     119  145.373638   26.373638
3657          18     77     118  145.349818   27.349818
3658          18     78     117  145.349818   28.349818
3659          18     79     116  136.455377   20.455377
3660          18     80     115  134.508476   19.508476
3661          18     81     114  139.288232   25.288232
3662          18     82     113  132.257132   19.257132
3663          18     83     112  135.587173   23.587173
3664          18     84     111  144.672324   33.672324
3665          18     85     110  130.635944   20.635944
3666          18     86     109  123.702948   14.702948
3667          18     87     108  131.437363   23.437363
3668          18     88     107  139.308571   32.308571
3669          18     89     106  127.646728   21.646728
3670          18     90     105  125.675857   20.675857
3671          18     91     104  132.613785   28.613785
3672          18     92     103  120.834876   17.834876
3673          18     93     102  126.026345   24.026345
3674          18     94     101  132.072091   31.072091
3675          18     95     100  132.554096   32.554096
3676          18     96      99  125.384336   26.384336
3677          18     97      98  121.655609   23.655609
3678          18     98      97  125.786272   28.786272
3679          18     99      96  118.104175   22.104175
3680          18    100      95  112.826763   17.826763
3681          18    101      94   95.680053    1.680053
3682          18    102      93  110.140932   17.140932
3683          18    103      92  104.903154   12.903154
3684          18    104      91  107.124548   16.124548
3685          18    105      90  101.506157   11.506157
3686          18    106      89   99.919213   10.919213
3687          18    107      88   98.260640   10.260640
3688          18    108      87   99.469172   12.469172
3689          18    109      86  108.476640   22.476640
3690          18    110      85  103.509684   18.509684
3691          18    111      84  102.793440   18.793440
3692          18    112      83  106.393525   23.393525
3693          18    113      82  104.782199   22.782199
3694          18    114      81  102.859493   21.859493
3695          18    115      80   92.525004   12.525004
3696          18    116      79   97.453854   18.453854
3697          18    117      78  107.397377   29.397377
3698          18    118      77   89.125210   12.125210
3699          18    119      76  101.757700   25.757700
3700          18    120      75  103.626051   28.626051
3701          18    121      74   99.722822   25.722822
3702          18    122      73  101.500363   28.500363
3703          18    123      72  102.636380   30.636380
3704          18    124      71  105.061133   34.061133
3705          18    125      70  105.634534   35.634534
3706          18    126      69  104.988034   35.988034
3707          18    127      68   86.912705   18.912705
3708          18    128      67  101.495857   34.495857
3709          18    129      66   95.532075   29.532075
3710          18    130      65   95.658712   30.658712
3711          18    131      64   92.703891   28.703891
3712          18    132      63   89.019171   26.019171
3713          18    133      62   90.594910   28.594910
3714          18    134      61   86.456573   25.456573
3715          18    135      60   86.534343   26.534343
3716          18    136      59   79.794310   20.794310
3717          18    137      58   78.074880   20.074880
3718          18    138      57   89.079767   32.079767
3719          18    139      56   86.775159   30.775159
3720          18    140      55   84.315671   29.315671
3721          18    141      54   77.472499   23.472499
3722          18    142      53   79.253954   26.253954
3723          18    143      52   78.021563   26.021563
3724          18    144      51   66.560728   15.560728
3725          18    145      50   61.132815   11.132815
3726          18    146      49   70.104200   21.104200
3727          18    147      48   66.051240   18.051240
3728          18    148      47   74.534422   27.534422
3729          18    149      46   72.168175   26.168175
3730          18    150      45   70.277755   25.277755
3731          18    151      44   61.996935   17.996935
3732          18    152      43   67.448182   24.448182
3733          18    153      42   62.724699   20.724699
3734          18    154      41   68.827874   27.827874
3735          18    155      40   59.217342   19.217342
3736          18    156      39   57.125741   18.125741
3737          18    157      38   49.889515   11.889515
3738          18    158      37   50.651573   13.651573
3739          18    159      36   67.600848   31.600848
3740          18    160      35   61.332377   26.332377
3741          18    161      34   49.287808   15.287808
3742          18    162      33   54.380163   21.380163
3743          18    163      32   62.591180   30.591180
3744          18    164      31   48.920434   17.920434
3745          18    165      30   39.907617    9.907617
3746          18    166      29   50.002728   21.002728
3747          18    167      28   45.794804   17.794804
3748          18    168      27   44.741890   17.741890
3749          18    169      26   40.733492   14.733492
3750          18    170      25   33.496580    8.496580
3751          18    171      24   28.292744    4.292744
3752          18    172      23   28.336188    5.336188
3753          18    173      22   23.095218    1.095218
3754          18    174      21   22.243996    1.243996
3755          18    175      20   22.098904    2.098904
3756          18    176      19   28.110008    9.110008
3757          18    177      18   19.267798    1.267798
3758          18    178      17   19.267798    2.267798
3759          18    179      16   22.098904    6.098904
3760          18    180      15   22.098904    7.098904
3761          18    181      14   20.383805    6.383805
3762          18    182      13   20.383805    7.383805
3763          18    183      12   19.523958    7.523958
3764          18    184      11   16.692851    5.692851
3765          18    185      10   15.495084    5.495084
3766          18    186       9   15.495084    6.495084
3767          18    187       8   15.495084    7.495084
3768          18    188       7   13.526666    6.526666
3769          18    189       6   13.526666    7.526666
3770          18    190       5   13.526666    8.526666
3771          18    191       4   13.526666    9.526666
3772          18    192       3   13.526666   10.526666
3773          18    193       2   12.347853   10.347853
3774          18    194       1   12.347853   11.347853
3775          18    195       0   12.347853   12.347853
3776          19      1     157  176.699851   19.699851
3777          19      2     156  169.770242   13.770242
3778          19      3     155  172.919475   17.919475
3779          19      4     154  176.847046   22.847046
3780          19      5     153  177.076984   24.076984
3781          19      6     152  177.008252   25.008252
3782          19      7     151  176.490236   25.490236
3783          19      8     150  163.747127   13.747127
3784          19      9     149  181.639872   32.639872
3785          19     10     148  178.960589   30.960589
3786          19     11     147  178.861635   31.861635
3787          19     12     146  169.663327   23.663327
3788          19     13     145  178.521169   33.521169
3789          19     14     144  179.736755   35.736755
3790          19     15     143  175.443407   32.443407
3791          19     16     142  182.315661   40.315661
3792          19     17     141  175.960604   34.960604
3793          19     18     140  174.290227   34.290227
3794          19     19     139  163.598713   24.598713
3795          19     20     138  178.320000   40.320000
3796          19     21     137  182.132228   45.132228
3797          19     22     136  182.139018   46.139018
3798          19     23     135  170.412725   35.412725
3799          19     24     134  167.370423   33.370423
3800          19     25     133  164.212028   31.212028
3801          19     26     132  164.020705   32.020705
3802          19     27     131  160.852794   29.852794
3803          19     28     130  163.854653   33.854653
3804          19     29     129  163.761304   34.761304
3805          19     30     128  156.735757   28.735757
3806          19     31     127  152.923202   25.923202
3807          19     32     126  157.279236   31.279236
3808          19     33     125  141.625868   16.625868
3809          19     34     124  144.373319   20.373319
3810          19     35     123  138.591193   15.591193
3811          19     36     122  142.093305   20.093305
3812          19     37     121  138.580549   17.580549
3813          19     38     120  141.419705   21.419705
3814          19     39     119  139.952800   20.952800
3815          19     40     118  145.799530   27.799530
3816          19     41     117  143.873793   26.873793
3817          19     42     116  141.146209   25.146209
3818          19     43     115  145.925492   30.925492
3819          19     44     114  141.584505   27.584505
3820          19     45     113  139.269416   26.269416
3821          19     46     112  136.566927   24.566927
3822          19     47     111  135.076004   24.076004
3823          19     48     110  137.477736   27.477736
3824          19     49     109  131.230064   22.230064
3825          19     50     108  135.816958   27.816958
3826          19     51     107  134.992040   27.992040
3827          19     52     106  136.971442   30.971442
3828          19     53     105  133.938988   28.938988
3829          19     54     104  130.172188   26.172188
3830          19     55     103  123.042200   20.042200
3831          19     56     102  135.413592   33.413592
3832          19     57     101  130.934908   29.934908
3833          19     58     100  125.916560   25.916560
3834          19     59      99  131.928443   32.928443
3835          19     60      98  122.588895   24.588895
3836          19     61      97  131.185513   34.185513
3837          19     62      96  105.150971    9.150971
3838          19     63      95  125.247554   30.247554
3839          19     64      94  119.347740   25.347740
3840          19     65      93  123.410798   30.410798
3841          19     66      92  120.133564   28.133564
3842          19     67      91  108.151757   17.151757
3843          19     68      90  123.159092   33.159092
3844          19     69      89  116.929575   27.929575
3845          19     70      88  121.430692   33.430692
3846          19     71      87  120.670551   33.670551
3847          19     72      86  116.232668   30.232668
3848          19     73      85  123.517087   38.517087
3849          19     74      84  111.582225   27.582225
3850          19     75      83  114.321130   31.321130
3851          19     76      82  113.924780   31.924780
3852          19     77      81  115.119897   34.119897
3853          19     78      80  110.092294   30.092294
3854          19     79      79  113.184301   34.184301
3855          19     80      78  100.317006   22.317006
3856          19     81      77  107.385517   30.385517
3857          19     82      76  111.483770   35.483770
3858          19     83      75  105.305711   30.305711
3859          19     84      74   97.482199   23.482199
3860          19     85      73   86.088541   13.088541
3861          19     86      72  104.231452   32.231452
3862          19     87      71  109.453765   38.453765
3863          19     88      70  104.896911   34.896911
3864          19     89      69   79.972444   10.972444
3865          19     90      68   98.417241   30.417241
3866          19     91      67   86.483267   19.483267
3867          19     92      66   99.022691   33.022691
3868          19     93      65   93.427244   28.427244
3869          19     94      64   87.453053   23.453053
3870          19     95      63   76.873216   13.873216
3871          19     96      62   66.076245    4.076245
3872          19     97      61   65.604686    4.604686
3873          19     98      60   83.047885   23.047885
3874          19     99      59   78.056424   19.056424
3875          19    100      58   67.991674    9.991674
3876          19    101      57   59.330968    2.330968
3877          19    102      56   53.832868   -2.167132
3878          19    103      55   71.603612   16.603612
3879          19    104      54   60.504609    6.504609
3880          19    105      53   44.186108   -8.813892
3881          19    106      52   61.692645    9.692645
3882          19    107      51   75.075499   24.075499
3883          19    108      50   62.602707   12.602707
3884          19    109      49   72.994310   23.994310
3885          19    110      48   48.666291    0.666291
3886          19    111      47   52.813495    5.813495
3887          19    112      46   49.689878    3.689878
3888          19    113      45   79.072334   34.072334
3889          19    114      44   55.788866   11.788866
3890          19    115      43   56.072980   13.072980
3891          19    116      42   57.170791   15.170791
3892          19    117      41   83.935882   42.935882
3893          19    118      40   50.445713   10.445713
3894          19    119      39   46.022172    7.022172
3895          19    120      38   54.929801   16.929801
3896          19    121      37   40.868926    3.868926
3897          19    122      36   38.878465    2.878465
3898          19    123      35   40.460297    5.460297
3899          19    124      34   42.812764    8.812764
3900          19    125      33   37.870792    4.870792
3901          19    126      32   46.021863   14.021863
3902          19    127      31   37.239916    6.239916
3903          19    128      30   27.996588   -2.003412
3904          19    129      29   35.447978    6.447978
3905          19    130      28   31.407503    3.407503
3906          19    131      27   31.258371    4.258371
3907          19    132      26   26.257734    0.257734
3908          19    133      25   27.707986    2.707986
3909          19    134      24   33.153290    9.153290
3910          19    135      23   34.924473   11.924473
3911          19    136      22   27.773010    5.773010
3912          19    137      21   27.955289    6.955289
3913          19    138      20   27.716622    7.716622
3914          19    139      19   25.326490    6.326490
3915          19    140      18   25.597930    7.597930
3916          19    141      17   27.742023   10.742023
3917          19    142      16   27.013470   11.013470
3918          19    143      15   25.442058   10.442058
3919          19    144      14   24.117114   10.117114
3920          19    145      13   27.711459   14.711459
3921          19    146      12   24.147678   12.147678
3922          19    147      11   24.745991   13.745991
3923          19    148      10   26.515951   16.515951
3924          19    149       9   26.515951   17.515951
3925          19    150       8   23.785285   15.785285
3926          19    151       7   23.754721   16.754721
3927          19    152       6   23.754721   17.754721
3928          19    153       5   24.383598   19.383598
3929          19    154       4   24.383598   20.383598
3930          19    155       3   23.754721   20.754721
3931          19    156       2   22.408364   20.408364
3932          19    157       1   20.512132   19.512132
3933          19    158       0   18.999963   18.999963
3934          20      1     233  184.158792  -48.841208
3935          20      2     232  157.560702  -74.439298
3936          20      3     231  174.430191  -56.569809
3937          20      4     230  176.356290  -53.643710
3938          20      5     229  182.808432  -46.191568
3939          20      6     228  180.838122  -47.161878
3940          20      7     227  186.168650  -40.831350
3941          20      8     226  184.822293  -41.177707
3942          20      9     225  187.316067  -37.683933
3943          20     10     224  187.316067  -36.683933
3944          20     11     223  186.595713  -36.404287
3945          20     12     222  183.331699  -38.668301
3946          20     13     221  183.839178  -37.160822
3947          20     14     220  180.690074  -39.309926
3948          20     15     219  186.348202  -32.651798
3949          20     16     218  189.076158  -28.923842
3950          20     17     217  184.679127  -32.320873
3951          20     18     216  179.030768  -36.969232
3952          20     19     215  183.246451  -31.753549
3953          20     20     214  180.989575  -33.010425
3954          20     21     213  175.827822  -37.172178
3955          20     22     212  177.433959  -34.566041
3956          20     23     211  173.674084  -37.325916
3957          20     24     210  174.565542  -35.434458
3958          20     25     209  175.151379  -33.848621
3959          20     26     208  170.092501  -37.907499
3960          20     27     207  170.924365  -36.075635
3961          20     28     206  169.715840  -36.284160
3962          20     29     205  164.957107  -40.042893
3963          20     30     204  159.519554  -44.480446
3964          20     31     203  163.731219  -39.268781
3965          20     32     202  164.874507  -37.125493
3966          20     33     201  162.751716  -38.248284
3967          20     34     200  157.358865  -42.641135
3968          20     35     199  150.072688  -48.927312
3969          20     36     198  154.216357  -43.783643
3970          20     37     197  148.872307  -48.127693
3971          20     38     196  153.962390  -42.037610
3972          20     39     195  155.151888  -39.848112
3973          20     40     194  159.298609  -34.701391
3974          20     41     193  155.638757  -37.361243
3975          20     42     192  149.812920  -42.187080
3976          20     43     191  149.810345  -41.189655
3977          20     44     190  147.629366  -42.370634
3978          20     45     189  146.530402  -42.469598
3979          20     46     188  140.642772  -47.357228
3980          20     47     187  144.617441  -42.382559
3981          20     48     186  142.403342  -43.596658
3982          20     49     185  146.786241  -38.213759
3983          20     50     184  145.441079  -38.558921
3984          20     51     183  141.766032  -41.233968
3985          20     52     182  145.940239  -36.059761
3986          20     53     181  141.513722  -39.486278
3987          20     54     180  142.366417  -37.633583
3988          20     55     179  141.830763  -37.169237
3989          20     56     178  140.076929  -37.923071
3990          20     57     177  144.796753  -32.203247
3991          20     58     176  134.528943  -41.471057
3992          20     59     175  133.351094  -41.648906
3993          20     60     174  130.762913  -43.237087
3994          20     61     173  140.815409  -32.184591
3995          20     62     172  128.219726  -43.780274
3996          20     63     171  131.035178  -39.964822
3997          20     64     170  131.310008  -38.689992
3998          20     65     169  134.349761  -34.650239
3999          20     66     168  127.710398  -40.289602
4000          20     67     167  127.447390  -39.552610
4001          20     68     166  128.597952  -37.402048
4002          20     69     165  133.112889  -31.887111
4003          20     70     164  128.152637  -35.847363
4004          20     71     163  132.104546  -30.895454
4005          20     72     162  130.715710  -31.284290
4006          20     73     161  127.210097  -33.789903
4007          20     74     160  131.412870  -28.587130
4008          20     75     159  134.064257  -24.935743
4009          20     76     158  128.523184  -29.476816
4010          20     77     157  130.769041  -26.230959
4011          20     78     156  130.951204  -25.048796
4012          20     79     155  128.622517  -26.377483
4013          20     80     154  130.018633  -23.981367
4014          20     81     153  125.469393  -27.530607
4015          20     82     152  126.788545  -25.211455
4016          20     83     151  119.657519  -31.342481
4017          20     84     150  126.653640  -23.346360
4018          20     85     149  121.260808  -27.739192
4019          20     86     148  121.570275  -26.429725
4020          20     87     147  126.630253  -20.369747
4021          20     88     146  125.638599  -20.361401
4022          20     89     145  121.088658  -23.911342
4023          20     90     144  117.845582  -26.154418
4024          20     91     143  119.111353  -23.888647
4025          20     92     142  115.305503  -26.694497
4026          20     93     141  122.594531  -18.405469
4027          20     94     140  108.842855  -31.157145
4028          20     95     139  109.795950  -29.204050
4029          20     96     138  114.419449  -23.580551
4030          20     97     137  105.532734  -31.467266
4031          20     98     136  109.488798  -26.511202
4032          20     99     135  111.082496  -23.917504
4033          20    100     134  100.674546  -33.325454
4034          20    101     133  104.582555  -28.417445
4035          20    102     132  110.203505  -21.796495
4036          20    103     131  116.176086  -14.823914
4037          20    104     130  114.944632  -15.055368
4038          20    105     129  105.908469  -23.091531
4039          20    106     128  112.031285  -15.968715
4040          20    107     127  107.748245  -19.251755
4041          20    108     126  115.166995  -10.833005
4042          20    109     125  112.018345  -12.981655
4043          20    110     124  101.629867  -22.370133
4044          20    111     123  118.605390   -4.394610
4045          20    112     122   87.648128  -34.351872
4046          20    113     121  101.409792  -19.590208
4047          20    114     120  111.495771   -8.504229
4048          20    115     119  106.815401  -12.184599
4049          20    116     118   95.763409  -22.236591
4050          20    117     117  104.351044  -12.648956
4051          20    118     116   93.618534  -22.381466
4052          20    119     115  105.124376   -9.875624
4053          20    120     114   93.918613  -20.081387
4054          20    121     113   98.354797  -14.645203
4055          20    122     112   90.333402  -21.666598
4056          20    123     111   88.596400  -22.403600
4057          20    124     110   99.720895  -10.279105
4058          20    125     109   96.694942  -12.305058
4059          20    126     108   94.891216  -13.108784
4060          20    127     107   93.234407  -13.765593
4061          20    128     106   97.333355   -8.666645
4062          20    129     105   82.996450  -22.003550
4063          20    130     104   78.976205  -25.023795
4064          20    131     103   79.629521  -23.370479
4065          20    132     102   74.244307  -27.755693
4066          20    133     101   88.484538  -12.515462
4067          20    134     100   88.951328  -11.048672
4068          20    135      99   91.879741   -7.120259
4069          20    136      98   94.846293   -3.153707
4070          20    137      97   89.581905   -7.418095
4071          20    138      96   92.997822   -3.002178
4072          20    139      95   84.362856  -10.637144
4073          20    140      94   84.859872   -9.140128
4074          20    141      93   80.639227  -12.360773
4075          20    142      92   72.683710  -19.316290
4076          20    143      91   79.507521  -11.492479
4077          20    144      90   75.246713  -14.753287
4078          20    145      89   79.640453   -9.359547
4079          20    146      88   76.113732  -11.886268
4080          20    147      87   82.949479   -4.050521
4081          20    148      86   89.789664    3.789664
4082          20    149      85   87.396245    2.396245
4083          20    150      84   81.524366   -2.475634
4084          20    151      83   71.700842  -11.299158
4085          20    152      82   84.658623    2.658623
4086          20    153      81   81.038664    0.038664
4087          20    154      80   74.680678   -5.319322
4088          20    155      79   56.593751  -22.406249
4089          20    156      78   66.523088  -11.476912
4090          20    157      77   77.662274    0.662274
4091          20    158      76   70.949022   -5.050978
4092          20    159      75   65.794822   -9.205178
4093          20    160      74   63.853042  -10.146958
4094          20    161      73   54.183783  -18.816217
4095          20    162      72   67.764062   -4.235938
4096          20    163      71   61.059706   -9.940294
4097          20    164      70   57.469949  -12.530051
4098          20    165      69   56.126326  -12.873674
4099          20    166      68   50.565906  -17.434094
4100          20    167      67   60.238314   -6.761686
4101          20    168      66   47.399531  -18.600469
4102          20    169      65   44.015210  -20.984790
4103          20    170      64   58.128236   -5.871764
4104          20    171      63   60.478646   -2.521354
4105          20    172      62   58.650685   -3.349315
4106          20    173      61   50.435618  -10.564382
4107          20    174      60   47.395122  -12.604878
4108          20    175      59   50.557161   -8.442839
4109          20    176      58   61.941030    3.941030
4110          20    177      57   47.039532   -9.960468
4111          20    178      56   56.206200    0.206200
4112          20    179      55   44.905332  -10.094668
4113          20    180      54   47.480332   -6.519668
4114          20    181      53   71.988372   18.988372
4115          20    182      52   44.180765   -7.819235
4116          20    183      51   69.378181   18.378181
4117          20    184      50   65.544223   15.544223
4118          20    185      49   52.412640    3.412640
4119          20    186      48   46.223061   -1.776939
4120          20    187      47   53.158938    6.158938
4121          20    188      46   44.720292   -1.279708
4122          20    189      45   55.136359   10.136359
4123          20    190      44   62.473067   18.473067
4124          20    191      43   34.845553   -8.154447
4125          20    192      42   32.793592   -9.206408
4126          20    193      41   27.142556  -13.857444
4127          20    194      40   24.547617  -15.452383
4128          20    195      39   54.845707   15.845707
4129          20    196      38   27.015885  -10.984115
4130          20    197      37   36.489330   -0.510670
4131          20    198      36   43.371766    7.371766
4132          20    199      35   35.256490    0.256490
4133          20    200      34   38.914311    4.914311
4134          20    201      33   25.205114   -7.794886
4135          20    202      32   26.632322   -5.367678
4136          20    203      31   28.386650   -2.613350
4137          20    204      30   23.881541   -6.118459
4138          20    205      29   28.918433   -0.081567
4139          20    206      28   31.411509    3.411509
4140          20    207      27   22.124521   -4.875479
4141          20    208      26   22.718244   -3.281756
4142          20    209      25   22.601462   -2.398538
4143          20    210      24   23.460797   -0.539203
4144          20    211      23   23.456841    0.456841
4145          20    212      22   21.298613   -0.701387
4146          20    213      21   26.193611    5.193611
4147          20    214      20   23.287540    3.287540
4148          20    215      19   22.096721    3.096721
4149          20    216      18   22.096721    4.096721
4150          20    217      17   21.617950    4.617950
4151          20    218      16   20.734310    4.734310
4152          20    219      15   19.413399    4.413399
4153          20    220      14   19.609125    5.609125
4154          20    221      13   21.040561    8.040561
4155          20    222      12   19.339457    7.339457
4156          20    223      11   15.135758    4.135758
4157          20    224      10   15.135758    5.135758
4158          20    225       9   15.135758    6.135758
4159          20    226       8   17.332239    9.332239
4160          20    227       7   15.135758    8.135758
4161          20    228       6   15.135758    9.135758
4162          20    229       5   15.135758   10.135758
4163          20    230       4   15.135758   11.135758
4164          20    231       3   15.910641   12.910641
4165          20    232       2   15.135758   13.135758
4166          20    233       1   15.135758   14.135758
4167          20    234       0   15.135758   15.135758
4168          21      1     194  194.658386    0.658386
4169          21      2     193  186.455185   -6.544815
4170          21      3     192  185.745687   -6.254313
4171          21      4     191  184.504315   -6.495685
4172          21      5     190  189.033300   -0.966700
4173          21      6     189  198.270456    9.270456
4174          21      7     188  195.254632    7.254632
4175          21      8     187  193.814467    6.814467
4176          21      9     186  186.290364    0.290364
4177          21     10     185  181.429424   -3.570576
4178          21     11     184  187.528418    3.528418
4179          21     12     183  189.667343    6.667343
4180          21     13     182  191.235086    9.235086
4181          21     14     181  187.028787    6.028787
4182          21     15     180  190.022251   10.022251
4183          21     16     179  189.656488   10.656488
4184          21     17     178  188.898100   10.898100
4185          21     18     177  192.683630   15.683630
4186          21     19     176  192.679651   16.679651
4187          21     20     175  196.013921   21.013921
4188          21     21     174  191.275064   17.275064
4189          21     22     173  186.257639   13.257639
4190          21     23     172  181.539364    9.539364
4191          21     24     171  186.471978   15.471978
4192          21     25     170  158.504237  -11.495763
4193          21     26     169  172.714770    3.714770
4194          21     27     168  171.797054    3.797054
4195          21     28     167  174.727797    7.727797
4196          21     29     166  172.357436    6.357436
4197          21     30     165  173.042730    8.042730
4198          21     31     164  164.194744    0.194744
4199          21     32     163  163.475848    0.475848
4200          21     33     162  160.015065   -1.984935
4201          21     34     161  162.391570    1.391570
4202          21     35     160  161.021064    1.021064
4203          21     36     159  149.327609   -9.672391
4204          21     37     158  153.361622   -4.638378
4205          21     38     157  159.825103    2.825103
4206          21     39     156  158.425271    2.425271
4207          21     40     155  150.160030   -4.839970
4208          21     41     154  158.138272    4.138272
4209          21     42     153  153.685111    0.685111
4210          21     43     152  144.128981   -7.871019
4211          21     44     151  150.674877   -0.325123
4212          21     45     150  143.877892   -6.122108
4213          21     46     149  156.578759    7.578759
4214          21     47     148  144.960839   -3.039161
4215          21     48     147  146.923067   -0.076933
4216          21     49     146  148.031089    2.031089
4217          21     50     145  153.703818    8.703818
4218          21     51     144  143.786016   -0.213984
4219          21     52     143  147.521267    4.521267
4220          21     53     142  137.899514   -4.100486
4221          21     54     141  147.802629    6.802629
4222          21     55     140  149.465829    9.465829
4223          21     56     139  125.819687  -13.180313
4224          21     57     138  139.691943    1.691943
4225          21     58     137  133.863743   -3.136257
4226          21     59     136  137.541764    1.541764
4227          21     60     135  134.781833   -0.218167
4228          21     61     134  127.173840   -6.826160
4229          21     62     133  131.552529   -1.447471
4230          21     63     132  132.458445    0.458445
4231          21     64     131  133.310169    2.310169
4232          21     65     130  132.848556    2.848556
4233          21     66     129  128.176943   -0.823057
4234          21     67     128  130.695280    2.695280
4235          21     68     127  125.128643   -1.871357
4236          21     69     126  125.099212   -0.900788
4237          21     70     125  118.864389   -6.135611
4238          21     71     124  125.472640    1.472640
4239          21     72     123  124.798997    1.798997
4240          21     73     122  122.192371    0.192371
4241          21     74     121  128.508425    7.508425
4242          21     75     120  118.338687   -1.661313
4243          21     76     119  123.425956    4.425956
4244          21     77     118  123.421604    5.421604
4245          21     78     117  123.629607    6.629607
4246          21     79     116  113.417653   -2.582347
4247          21     80     115  112.490810   -2.509190
4248          21     81     114  103.219276  -10.780724
4249          21     82     113  117.229997    4.229997
4250          21     83     112  118.035911    6.035911
4251          21     84     111  120.433051    9.433051
4252          21     85     110  115.114514    5.114514
4253          21     86     109  115.865692    6.865692
4254          21     87     108  106.308175   -1.691825
4255          21     88     107  110.809264    3.809264
4256          21     89     106  107.991014    1.991014
4257          21     90     105  105.544305    0.544305
4258          21     91     104  110.768934    6.768934
4259          21     92     103   92.820505  -10.179495
4260          21     93     102   88.654942  -13.345058
4261          21     94     101   93.793602   -7.206398
4262          21     95     100   92.535482   -7.464518
4263          21     96      99   94.702373   -4.297627
4264          21     97      98   93.203877   -4.796123
4265          21     98      97  100.433282    3.433282
4266          21     99      96  109.644312   13.644312
4267          21    100      95   93.821097   -1.178903
4268          21    101      94   99.243900    5.243900
4269          21    102      93   94.213753    1.213753
4270          21    103      92  104.734192   12.734192
4271          21    104      91  103.509928   12.509928
4272          21    105      90  108.039699   18.039699
4273          21    106      89   99.371670   10.371670
4274          21    107      88  107.762288   19.762288
4275          21    108      87   99.414253   12.414253
4276          21    109      86   93.324151    7.324151
4277          21    110      85  100.308850   15.308850
4278          21    111      84   88.383768    4.383768
4279          21    112      83   86.054997    3.054997
4280          21    113      82   95.834040   13.834040
4281          21    114      81   88.430113    7.430113
4282          21    115      80   90.498364   10.498364
4283          21    116      79   81.615588    2.615588
4284          21    117      78  100.928820   22.928820
4285          21    118      77   99.795288   22.795288
4286          21    119      76   99.474026   23.474026
4287          21    120      75   96.986809   21.986809
4288          21    121      74   91.737071   17.737071
4289          21    122      73  101.748673   28.748673
4290          21    123      72   90.608818   18.608818
4291          21    124      71   98.210310   27.210310
4292          21    125      70   98.105788   28.105788
4293          21    126      69   96.786119   27.786119
4294          21    127      68   98.798047   30.798047
4295          21    128      67   93.691735   26.691735
4296          21    129      66   98.402435   32.402435
4297          21    130      65   86.797945   21.797945
4298          21    131      64   86.517282   22.517282
4299          21    132      63   94.226321   31.226321
4300          21    133      62   90.491934   28.491934
4301          21    134      61   78.126227   17.126227
4302          21    135      60   86.667432   26.667432
4303          21    136      59   72.836661   13.836661
4304          21    137      58   77.915397   19.915397
4305          21    138      57   88.391127   31.391127
4306          21    139      56   76.786312   20.786312
4307          21    140      55   75.250372   20.250372
4308          21    141      54   67.303733   13.303733
4309          21    142      53   88.561619   35.561619
4310          21    143      52   67.430567   15.430567
4311          21    144      51   55.837093    4.837093
4312          21    145      50   54.736683    4.736683
4313          21    146      49   67.290987   18.290987
4314          21    147      48   40.698295   -7.301705
4315          21    148      47   57.856484   10.856484
4316          21    149      46   46.252390    0.252390
4317          21    150      45   47.718489    2.718489
4318          21    151      44   40.371022   -3.628978
4319          21    152      43   32.975671  -10.024329
4320          21    153      42   34.803391   -7.196609
4321          21    154      41   40.867632   -0.132368
4322          21    155      40   44.175459    4.175459
4323          21    156      39   45.019478    6.019478
4324          21    157      38   38.364729    0.364729
4325          21    158      37   37.137564    0.137564
4326          21    159      36   27.921585   -8.078415
4327          21    160      35   42.973039    7.973039
4328          21    161      34   31.766745   -2.233255
4329          21    162      33   28.954534   -4.045466
4330          21    163      32   31.837828   -0.162172
4331          21    164      31   26.083327   -4.916673
4332          21    165      30   27.916176   -2.083824
4333          21    166      29   24.113951   -4.886049
4334          21    167      28   19.050948   -8.949052
4335          21    168      27   31.663575    4.663575
4336          21    169      26   44.721938   18.721938
4337          21    170      25   20.679199   -4.320801
4338          21    171      24   19.693503   -4.306497
4339          21    172      23   27.448634    4.448634
4340          21    173      22   32.171968   10.171968
4341          21    174      21   25.507596    4.507596
4342          21    175      20   18.774188   -1.225812
4343          21    176      19   29.015485   10.015485
4344          21    177      18   18.205530    0.205530
4345          21    178      17   18.677869    1.677869
4346          21    179      16   19.404938    3.404938
4347          21    180      15   20.296520    5.296520
4348          21    181      14   17.974560    3.974560
4349          21    182      13   17.345683    4.345683
4350          21    183      12   18.907945    6.907945
4351          21    184      11   18.036131    7.036131
4352          21    185      10   15.589565    5.589565
4353          21    186       9   13.722760    4.722760
4354          21    187       8   12.543948    4.543948
4355          21    188       7   12.729149    5.729149
4356          21    189       6   12.347853    6.347853
4357          21    190       5   13.712586    8.712586
4358          21    191       4   12.347853    8.347853
4359          21    192       3   12.347853    9.347853
4360          21    193       2   12.347853   10.347853
4361          21    194       1   12.347853   11.347853
4362          21    195       0   12.347853   12.347853
4363          22      1     201  183.108666  -17.891334
4364          22      2     200  180.928537  -19.071463
4365          22      3     199  164.452364  -34.547636
4366          22      4     198  170.433878  -27.566122
4367          22      5     197  169.347703  -27.652297
4368          22      6     196  169.929258  -26.070742
4369          22      7     195  166.610820  -28.389180
4370          22      8     194  168.652319  -25.347681
4371          22      9     193  174.756225  -18.243775
4372          22     10     192  166.247335  -25.752665
4373          22     11     191  153.399314  -37.600686
4374          22     12     190  162.169076  -27.830924
4375          22     13     189  159.185223  -29.814777
4376          22     14     188  154.220506  -33.779494
4377          22     15     187  156.367474  -30.632526
4378          22     16     186  165.246385  -20.753615
4379          22     17     185  165.359160  -19.640840
4380          22     18     184  159.578191  -24.421809
4381          22     19     183  160.081391  -22.918609
4382          22     20     182  159.193433  -22.806567
4383          22     21     181  159.497057  -21.502943
4384          22     22     180  158.137942  -21.862058
4385          22     23     179  158.353391  -20.646609
4386          22     24     178  159.973374  -18.026626
4387          22     25     177  148.289790  -28.710210
4388          22     26     176  157.208075  -18.791925
4389          22     27     175  152.798117  -22.201883
4390          22     28     174  152.129923  -21.870077
4391          22     29     173  149.522382  -23.477618
4392          22     30     172  153.649941  -18.350059
4393          22     31     171  153.881644  -17.118356
4394          22     32     170  155.905622  -14.094378
4395          22     33     169  155.005227  -13.994773
4396          22     34     168  154.475902  -13.524098
4397          22     35     167  152.605830  -14.394170
4398          22     36     166  156.741671   -9.258329
4399          22     37     165  154.601052  -10.398948
4400          22     38     164  155.423452   -8.576548
4401          22     39     163  152.239774  -10.760226
4402          22     40     162  157.098724   -4.901276
4403          22     41     161  151.225494   -9.774506
4404          22     42     160  143.496412  -16.503588
4405          22     43     159  137.094408  -21.905592
4406          22     44     158  131.680387  -26.319613
4407          22     45     157  132.700978  -24.299022
4408          22     46     156  135.456373  -20.543627
4409          22     47     155  138.095022  -16.904978
4410          22     48     154  133.981241  -20.018759
4411          22     49     153  144.391986   -8.608014
4412          22     50     152  143.081331   -8.918669
4413          22     51     151  129.252471  -21.747529
4414          22     52     150  131.336908  -18.663092
4415          22     53     149  126.905705  -22.094295
4416          22     54     148  130.032219  -17.967781
4417          22     55     147  128.419268  -18.580732
4418          22     56     146  131.174798  -14.825202
4419          22     57     145  134.886533  -10.113467
4420          22     58     144  125.604974  -18.395026
4421          22     59     143  130.765441  -12.234559
4422          22     60     142  126.358203  -15.641797
4423          22     61     141  127.699507  -13.300493
4424          22     62     140  130.399446   -9.600554
4425          22     63     139  124.428817  -14.571183
4426          22     64     138  114.644590  -23.355410
4427          22     65     137  117.476991  -19.523009
4428          22     66     136  123.527134  -12.472866
4429          22     67     135  123.349251  -11.650749
4430          22     68     134  127.142259   -6.857741
4431          22     69     133  121.909528  -11.090472
4432          22     70     132  121.787832  -10.212168
4433          22     71     131  128.420858   -2.579142
4434          22     72     130  127.534650   -2.465350
4435          22     73     129  128.259424   -0.740576
4436          22     74     128  129.203957    1.203957
4437          22     75     127  125.007400   -1.992600
4438          22     76     126  121.736338   -4.263662
4439          22     77     125  126.019964    1.019964
4440          22     78     124  120.992823   -3.007177
4441          22     79     123  125.902223    2.902223
4442          22     80     122  120.835953   -1.164047
4443          22     81     121  125.001715    4.001715
4444          22     82     120  123.766792    3.766792
4445          22     83     119  118.604965   -0.395035
4446          22     84     118  116.496778   -1.503222
4447          22     85     117  113.425768   -3.574232
4448          22     86     116  114.429065   -1.570935
4449          22     87     115  113.823067   -1.176933
4450          22     88     114  114.097480    0.097480
4451          22     89     113  114.236503    1.236503
4452          22     90     112  103.375690   -8.624310
4453          22     91     111  107.603692   -3.396308
4454          22     92     110   95.175111  -14.824889
4455          22     93     109  102.589641   -6.410359
4456          22     94     108   99.183788   -8.816212
4457          22     95     107  103.188885   -3.811115
4458          22     96     106   99.463818   -6.536182
4459          22     97     105   98.704989   -6.295011
4460          22     98     104   97.844171   -6.155829
4461          22     99     103   98.397831   -4.602169
4462          22    100     102   79.559970  -22.440030
4463          22    101     101   93.760079   -7.239921
4464          22    102     100   86.599534  -13.400466
4465          22    103      99   94.042864   -4.957136
4466          22    104      98   87.309645  -10.690355
4467          22    105      97   87.265381   -9.734619
4468          22    106      96   83.036057  -12.963943
4469          22    107      95   80.782494  -14.217506
4470          22    108      94   83.894699  -10.105301
4471          22    109      93   83.180810   -9.819190
4472          22    110      92   85.534262   -6.465738
4473          22    111      91   76.663269  -14.336731
4474          22    112      90   76.966348  -13.033652
4475          22    113      89   62.931453  -26.068547
4476          22    114      88   80.375653   -7.624347
4477          22    115      87   68.139103  -18.860897
4478          22    116      86   82.833167   -3.166833
4479          22    117      85   86.255266    1.255266
4480          22    118      84   47.792019  -36.207981
4481          22    119      83   65.608731  -17.391269
4482          22    120      82   81.792415   -0.207585
4483          22    121      81   63.010320  -17.989680
4484          22    122      80   80.095983    0.095983
4485          22    123      79   81.923449    2.923449
4486          22    124      78   79.341636    1.341636
4487          22    125      77   78.971971    1.971971
4488          22    126      76   79.758834    3.758834
4489          22    127      75   78.914136    3.914136
4490          22    128      74   86.155875   12.155875
4491          22    129      73   85.182759   12.182759
4492          22    130      72   86.121430   14.121430
4493          22    131      71   90.133084   19.133084
4494          22    132      70   84.392327   14.392327
4495          22    133      69   48.033655  -20.966345
4496          22    134      68   72.875779    4.875779
4497          22    135      67   69.385466    2.385466
4498          22    136      66   76.104916   10.104916
4499          22    137      65   69.361009    4.361009
4500          22    138      64   72.066845    8.066845
4501          22    139      63   66.752558    3.752558
4502          22    140      62   75.710441   13.710441
4503          22    141      61   77.697533   16.697533
4504          22    142      60   67.257883    7.257883
4505          22    143      59   68.258074    9.258074
4506          22    144      58   69.487558   11.487558
4507          22    145      57   71.530781   14.530781
4508          22    146      56   65.667672    9.667672
4509          22    147      55   67.659069   12.659069
4510          22    148      54   54.813704    0.813704
4511          22    149      53   50.994934   -2.005066
4512          22    150      52   60.172490    8.172490
4513          22    151      51   43.941918   -7.058082
4514          22    152      50   49.707171   -0.292829
4515          22    153      49   58.131894    9.131894
4516          22    154      48   52.366110    4.366110
4517          22    155      47   60.902977   13.902977
4518          22    156      46   50.563820    4.563820
4519          22    157      45   61.483336   16.483336
4520          22    158      44   42.434186   -1.565814
4521          22    159      43   48.907870    5.907870
4522          22    160      42   42.743945    0.743945
4523          22    161      41   51.317828   10.317828
4524          22    162      40   47.239087    7.239087
4525          22    163      39   58.351399   19.351399
4526          22    164      38   74.449253   36.449253
4527          22    165      37   60.182808   23.182808
4528          22    166      36   45.098711    9.098711
4529          22    167      35   40.869207    5.869207
4530          22    168      34   48.852682   14.852682
4531          22    169      33   46.893529   13.893529
4532          22    170      32   44.950902   12.950902
4533          22    171      31   37.964485    6.964485
4534          22    172      30   55.006728   25.006728
4535          22    173      29   39.609639   10.609639
4536          22    174      28   47.324861   19.324861
4537          22    175      27   52.575751   25.575751
4538          22    176      26   40.357212   14.357212
4539          22    177      25   48.300579   23.300579
4540          22    178      24   28.442910    4.442910
4541          22    179      23   26.551473    3.551473
4542          22    180      22   32.930425   10.930425
4543          22    181      21   31.447053   10.447053
4544          22    182      20   27.227382    7.227382
4545          22    183      19   25.686590    6.686590
4546          22    184      18   25.476475    7.476475
4547          22    185      17   23.346856    6.346856
4548          22    186      16   20.735120    4.735120
4549          22    187      15   38.917966   23.917966
4550          22    188      14   19.447270    5.447270
4551          22    189      13   19.447270    6.447270
4552          22    190      12   20.793627    8.793627
4553          22    191      11   20.793627    9.793627
4554          22    192      10   20.793627   10.793627
4555          22    193       9   20.793627   11.793627
4556          22    194       8   20.793627   12.793627
4557          22    195       7   20.793627   13.793627
4558          22    196       6   20.155288   14.155288
4559          22    197       5   17.237647   12.237647
4560          22    198       4   16.408891   12.408891
4561          22    199       3   17.613548   14.613548
4562          22    200       2   18.815464   16.815464
4563          22    201       1   17.613548   16.613548
4564          22    202       0   18.397818   18.397818
4565          23      1     167  188.266219   21.266219
4566          23      2     166  191.017443   25.017443
4567          23      3     165  186.284330   21.284330
4568          23      4     164  175.217247   11.217247
4569          23      5     163  182.691541   19.691541
4570          23      6     162  180.725325   18.725325
4571          23      7     161  185.345421   24.345421
4572          23      8     160  188.060663   28.060663
4573          23      9     159  183.630582   24.630582
4574          23     10     158  188.060663   30.060663
4575          23     11     157  179.560115   22.560115
4576          23     12     156  175.664560   19.664560
4577          23     13     155  176.402921   21.402921
4578          23     14     154  182.592710   28.592710
4579          23     15     153  183.054579   30.054579
4580          23     16     152  180.716520   28.716520
4581          23     17     151  180.183268   29.183268
4582          23     18     150  181.961146   31.961146
4583          23     19     149  170.363744   21.363744
4584          23     20     148  174.332227   26.332227
4585          23     21     147  169.257356   22.257356
4586          23     22     146  157.683847   11.683847
4587          23     23     145  164.702502   19.702502
4588          23     24     144  166.720156   22.720156
4589          23     25     143  158.546929   15.546929
4590          23     26     142  167.574252   25.574252
4591          23     27     141  170.521209   29.521209
4592          23     28     140  169.149399   29.149399
4593          23     29     139  168.988192   29.988192
4594          23     30     138  169.600223   31.600223
4595          23     31     137  160.066812   23.066812
4596          23     32     136  163.504823   27.504823
4597          23     33     135  148.208785   13.208785
4598          23     34     134  166.591959   32.591959
4599          23     35     133  159.569376   26.569376
4600          23     36     132  155.408530   23.408530
4601          23     37     131  155.736845   24.736845
4602          23     38     130  146.177523   16.177523
4603          23     39     129  142.998235   13.998235
4604          23     40     128  154.704075   26.704075
4605          23     41     127  156.426383   29.426383
4606          23     42     126  161.158470   35.158470
4607          23     43     125  151.687574   26.687574
4608          23     44     124  152.535362   28.535362
4609          23     45     123  152.448764   29.448764
4610          23     46     122  155.988023   33.988023
4611          23     47     121  151.481043   30.481043
4612          23     48     120  149.651169   29.651169
4613          23     49     119  148.041811   29.041811
4614          23     50     118  140.903425   22.903425
4615          23     51     117  150.641412   33.641412
4616          23     52     116  145.848971   29.848971
4617          23     53     115  146.497449   31.497449
4618          23     54     114  144.311958   30.311958
4619          23     55     113  119.554257    6.554257
4620          23     56     112  132.376801   20.376801
4621          23     57     111  139.909581   28.909581
4622          23     58     110  138.435300   28.435300
4623          23     59     109  138.663064   29.663064
4624          23     60     108  136.184467   28.184467
4625          23     61     107  117.999715   10.999715
4626          23     62     106  131.587443   25.587443
4627          23     63     105  134.689775   29.689775
4628          23     64     104  136.406808   32.406808
4629          23     65     103  138.385744   35.385744
4630          23     66     102  124.057961   22.057961
4631          23     67     101  126.034708   25.034708
4632          23     68     100  138.260586   38.260586
4633          23     69      99  135.083919   36.083919
4634          23     70      98  129.647492   31.647492
4635          23     71      97  125.005004   28.005004
4636          23     72      96  118.859909   22.859909
4637          23     73      95  121.981739   26.981739
4638          23     74      94  122.657023   28.657023
4639          23     75      93  126.834410   33.834410
4640          23     76      92  117.197839   25.197839
4641          23     77      91  105.704002   14.704002
4642          23     78      90  122.334380   32.334380
4643          23     79      89  123.661071   34.661071
4644          23     80      88  118.393717   30.393717
4645          23     81      87  124.551467   37.551467
4646          23     82      86  115.253953   29.253953
4647          23     83      85  122.144708   37.144708
4648          23     84      84  123.389195   39.389195
4649          23     85      83  112.081130   29.081130
4650          23     86      82  111.503396   29.503396
4651          23     87      81  121.604249   40.604249
4652          23     88      80  107.009023   27.009023
4653          23     89      79  113.522872   34.522872
4654          23     90      78  109.725111   31.725111
4655          23     91      77  118.300435   41.300435
4656          23     92      76  105.560745   29.560745
4657          23     93      75  121.754994   46.754994
4658          23     94      74  116.020854   42.020854
4659          23     95      73  102.468008   29.468008
4660          23     96      72  100.299873   28.299873
4661          23     97      71  118.080821   47.080821
4662          23     98      70  102.469647   32.469647
4663          23     99      69   98.467975   29.467975
4664          23    100      68   96.720850   28.720850
4665          23    101      67   91.134635   24.134635
4666          23    102      66   97.340849   31.340849
4667          23    103      65   92.336292   27.336292
4668          23    104      64   80.958901   16.958901
4669          23    105      63   92.480368   29.480368
4670          23    106      62   94.004658   32.004658
4671          23    107      61   73.955422   12.955422
4672          23    108      60   83.337389   23.337389
4673          23    109      59  102.293162   43.293162
4674          23    110      58   90.417712   32.417712
4675          23    111      57   67.885983   10.885983
4676          23    112      56   90.873635   34.873635
4677          23    113      55   60.108293    5.108293
4678          23    114      54   63.049456    9.049456
4679          23    115      53   68.272144   15.272144
4680          23    116      52   67.833755   15.833755
4681          23    117      51   55.833009    4.833009
4682          23    118      50   65.477658   15.477658
4683          23    119      49   52.951548    3.951548
4684          23    120      48   59.870370   11.870370
4685          23    121      47   65.807320   18.807320
4686          23    122      46   66.700135   20.700135
4687          23    123      45   51.126115    6.126115
4688          23    124      44   57.080734   13.080734
4689          23    125      43   59.910926   16.910926
4690          23    126      42   32.766878   -9.233122
4691          23    127      41   57.133044   16.133044
4692          23    128      40   36.769868   -3.230132
4693          23    129      39   32.912388   -6.087612
4694          23    130      38   52.100385   14.100385
4695          23    131      37   29.248454   -7.751546
4696          23    132      36   41.929866    5.929866
4697          23    133      35   23.121313  -11.878687
4698          23    134      34   32.138969   -1.861031
4699          23    135      33   31.241030   -1.758970
4700          23    136      32   30.144839   -1.855161
4701          23    137      31   31.317853    0.317853
4702          23    138      30   31.439872    1.439872
4703          23    139      29   20.575641   -8.424359
4704          23    140      28   33.879900    5.879900
4705          23    141      27   30.538903    3.538903
4706          23    142      26   26.027235    0.027235
4707          23    143      25   22.434749   -2.565251
4708          23    144      24   26.341827    2.341827
4709          23    145      23   28.406433    5.406433
4710          23    146      22   23.799481    1.799481
4711          23    147      21   29.586312    8.586312
4712          23    148      20   24.172245    4.172245
4713          23    149      19   22.193924    3.193924
4714          23    150      18   17.938118   -0.061882
4715          23    151      17   19.223418    2.223418
4716          23    152      16   17.938118    1.938118
4717          23    153      15   20.487531    5.487531
4718          23    154      14   17.938118    3.938118
4719          23    155      13   17.938118    4.938118
4720          23    156      12   22.191798   10.191798
4721          23    157      11   18.011010    7.011010
4722          23    158      10   15.148046    5.148046
4723          23    159       9   15.148046    6.148046
4724          23    160       8   15.148046    7.148046
4725          23    161       7   15.148046    8.148046
4726          23    162       6   15.148046    9.148046
4727          23    163       5   15.148046   10.148046
4728          23    164       4   15.148046   11.148046
4729          23    165       3   15.148046   12.148046
4730          23    166       2   15.460104   13.460104
4731          23    167       1   15.460104   14.460104
4732          23    168       0   15.460104   15.460104
4733          24      1     146  202.531963   56.531963
4734          24      2     145  201.332001   56.332001
4735          24      3     144  191.901936   47.901936
4736          24      4     143  199.715149   56.715149
4737          24      5     142  188.387336   46.387336
4738          24      6     141  194.013476   53.013476
4739          24      7     140  190.627345   50.627345
4740          24      8     139  187.724620   48.724620
4741          24      9     138  188.110336   50.110336
4742          24     10     137  163.335528   26.335528
4743          24     11     136  185.115623   49.115623
4744          24     12     135  183.440180   48.440180
4745          24     13     134  178.468966   44.468966
4746          24     14     133  179.957965   46.957965
4747          24     15     132  183.035655   51.035655
4748          24     16     131  158.819106   27.819106
4749          24     17     130  171.364497   41.364497
4750          24     18     129  182.100476   53.100476
4751          24     19     128  178.070570   50.070570
4752          24     20     127  178.422483   51.422483
4753          24     21     126  180.368093   54.368093
4754          24     22     125  177.330784   52.330784
4755          24     23     124  175.932507   51.932507
4756          24     24     123  171.741796   48.741796
4757          24     25     122  175.932507   53.932507
4758          24     26     121  159.274797   38.274797
4759          24     27     120  172.837706   52.837706
4760          24     28     119  162.251752   43.251752
4761          24     29     118  173.727988   55.727988
4762          24     30     117  168.301502   51.301502
4763          24     31     116  170.362161   54.362161
4764          24     32     115  158.609942   43.609942
4765          24     33     114  166.804607   52.804607
4766          24     34     113  167.388704   54.388704
4767          24     35     112  166.015137   54.015137
4768          24     36     111  157.037840   46.037840
4769          24     37     110  160.360227   50.360227
4770          24     38     109  159.554440   50.554440
4771          24     39     108  163.154712   55.154712
4772          24     40     107  164.898092   57.898092
4773          24     41     106  162.420922   56.420922
4774          24     42     105  162.401477   57.401477
4775          24     43     104  162.813775   58.813775
4776          24     44     103  164.864685   61.864685
4777          24     45     102  161.315037   59.315037
4778          24     46     101  144.794103   43.794103
4779          24     47     100  159.599442   59.599442
4780          24     48      99  148.100608   49.100608
4781          24     49      98  143.741402   45.741402
4782          24     50      97  146.436743   49.436743
4783          24     51      96  148.305379   52.305379
4784          24     52      95  148.326027   53.326027
4785          24     53      94  151.434093   57.434093
4786          24     54      93  135.469464   42.469464
4787          24     55      92  147.317101   55.317101
4788          24     56      91  149.341874   58.341874
4789          24     57      90  136.551848   46.551848
4790          24     58      89  128.743231   39.743231
4791          24     59      88  138.644962   50.644962
4792          24     60      87  138.983636   51.983636
4793          24     61      86  128.956128   42.956128
4794          24     62      85  144.443487   59.443487
4795          24     63      84  134.498923   50.498923
4796          24     64      83  120.208281   37.208281
4797          24     65      82  123.809348   41.809348
4798          24     66      81  117.485584   36.485584
4799          24     67      80  134.788378   54.788378
4800          24     68      79  142.530847   63.530847
4801          24     69      78  132.333342   54.333342
4802          24     70      77  112.248229   35.248229
4803          24     71      76  122.092081   46.092081
4804          24     72      75  121.026048   46.026048
4805          24     73      74  121.785083   47.785083
4806          24     74      73  107.966223   34.966223
4807          24     75      72  130.221290   58.221290
4808          24     76      71  116.617755   45.617755
4809          24     77      70  112.829605   42.829605
4810          24     78      69  124.375912   55.375912
4811          24     79      68  128.584981   60.584981
4812          24     80      67  114.181128   47.181128
4813          24     81      66  123.801120   57.801120
4814          24     82      65  122.510537   57.510537
4815          24     83      64  107.272994   43.272994
4816          24     84      63  114.240955   51.240955
4817          24     85      62  117.614866   55.614866
4818          24     86      61  101.933998   40.933998
4819          24     87      60   93.387383   33.387383
4820          24     88      59   99.836762   40.836762
4821          24     89      58  115.999838   57.999838
4822          24     90      57   92.376963   35.376963
4823          24     91      56  100.035107   44.035107
4824          24     92      55  101.727324   46.727324
4825          24     93      54   90.524083   36.524083
4826          24     94      53  104.506080   51.506080
4827          24     95      52   93.485782   41.485782
4828          24     96      51   72.718706   21.718706
4829          24     97      50   83.300273   33.300273
4830          24     98      49   82.659164   33.659164
4831          24     99      48   73.551108   25.551108
4832          24    100      47   63.383474   16.383474
4833          24    101      46   63.079951   17.079951
4834          24    102      45   84.751209   39.751209
4835          24    103      44   65.958877   21.958877
4836          24    104      43   60.995587   17.995587
4837          24    105      42   53.312507   11.312507
4838          24    106      41   51.244155   10.244155
4839          24    107      40   55.735433   15.735433
4840          24    108      39   64.694861   25.694861
4841          24    109      38   58.961198   20.961198
4842          24    110      37   61.387628   24.387628
4843          24    111      36   54.970951   18.970951
4844          24    112      35   56.630856   21.630856
4845          24    113      34   44.769382   10.769382
4846          24    114      33   42.980451    9.980451
4847          24    115      32   46.875435   14.875435
4848          24    116      31   51.228727   20.228727
4849          24    117      30   44.478879   14.478879
4850          24    118      29   42.103046   13.103046
4851          24    119      28   42.502044   14.502044
4852          24    120      27   37.896453   10.896453
4853          24    121      26   30.189887    4.189887
4854          24    122      25   31.739048    6.739048
4855          24    123      24   31.739048    7.739048
4856          24    124      23   33.757677   10.757677
4857          24    125      22   25.085548    3.085548
4858          24    126      21   23.678740    2.678740
4859          24    127      20   25.767012    5.767012
4860          24    128      19   20.713152    1.713152
4861          24    129      18   18.179771    0.179771
4862          24    130      17   17.498307    0.498307
4863          24    131      16   16.131974    0.131974
4864          24    132      15   16.131974    1.131974
4865          24    133      14   14.923360    0.923360
4866          24    134      13   14.923360    1.923360
4867          24    135      12   14.923360    2.923360
4868          24    136      11   14.923360    3.923360
4869          24    137      10   14.923360    4.923360
4870          24    138       9   14.163556    5.163556
4871          24    139       8   14.163556    6.163556
4872          24    140       7   12.984744    5.984744
4873          24    141       6   12.984744    6.984744
4874          24    142       5   12.984744    7.984744
4875          24    143       4   12.984744    8.984744
4876          24    144       3   12.984744    9.984744
4877          24    145       2   12.984744   10.984744
4878          24    146       1   12.984744   11.984744
4879          24    147       0   12.984744   12.984744
4880          25      1     229  192.432780  -36.567220
4881          25      2     228  193.140177  -34.859823
4882          25      3     227  184.792257  -42.207743
4883          25      4     226  178.584051  -47.415949
4884          25      5     225  178.561650  -46.438350
4885          25      6     224  183.540982  -40.459018
4886          25      7     223  181.790167  -41.209833
4887          25      8     222  174.040723  -47.959277
4888          25      9     221  178.599732  -42.400268
4889          25     10     220  178.284952  -41.715048
4890          25     11     219  178.217031  -40.782969
4891          25     12     218  176.187958  -41.812042
4892          25     13     217  180.060761  -36.939239
4893          25     14     216  174.943434  -41.056566
4894          25     15     215  177.546969  -37.453031
4895          25     16     214  175.784909  -38.215091
4896          25     17     213  171.628795  -41.371205
4897          25     18     212  175.278345  -36.721655
4898          25     19     211  176.002796  -34.997204
4899          25     20     210  176.093823  -33.906177
4900          25     21     209  178.704769  -30.295231
4901          25     22     208  176.150521  -31.849479
4902          25     23     207  179.071738  -27.928262
4903          25     24     206  178.014536  -27.985464
4904          25     25     205  170.593058  -34.406942
4905          25     26     204  172.266557  -31.733443
4906          25     27     203  177.289666  -25.710334
4907          25     28     202  174.002574  -27.997426
4908          25     29     201  165.922487  -35.077513
4909          25     30     200  167.837030  -32.162970
4910          25     31     199  169.526205  -29.473795
4911          25     32     198  156.517193  -41.482807
4912          25     33     197  165.671069  -31.328931
4913          25     34     196  165.273133  -30.726867
4914          25     35     195  162.432060  -32.567940
4915          25     36     194  162.328677  -31.671323
4916          25     37     193  159.624546  -33.375454
4917          25     38     192  161.859983  -30.140017
4918          25     39     191  161.575633  -29.424367
4919          25     40     190  144.866744  -45.133256
4920          25     41     189  154.614832  -34.385168
4921          25     42     188  155.214710  -32.785290
4922          25     43     187  152.706218  -34.293782
4923          25     44     186  137.696295  -48.303705
4924          25     45     185  148.300726  -36.699274
4925          25     46     184  147.339002  -36.660998
4926          25     47     183  137.009093  -45.990907
4927          25     48     182  143.989380  -38.010620
4928          25     49     181  144.512465  -36.487535
4929          25     50     180  149.006292  -30.993708
4930          25     51     179  137.057157  -41.942843
4931          25     52     178  145.581596  -32.418404
4932          25     53     177  155.637029  -21.362971
4933          25     54     176  149.158778  -26.841222
4934          25     55     175  153.093351  -21.906649
4935          25     56     174  152.823002  -21.176998
4936          25     57     173  152.475652  -20.524348
4937          25     58     172  151.188810  -20.811190
4938          25     59     171  146.519655  -24.480345
4939          25     60     170  149.910002  -20.089998
4940          25     61     169  144.552928  -24.447072
4941          25     62     168  140.173822  -27.826178
4942          25     63     167  143.040672  -23.959328
4943          25     64     166  131.877514  -34.122486
4944          25     65     165  140.901932  -24.098068
4945          25     66     164  117.809007  -46.190993
4946          25     67     163  132.556687  -30.443313
4947          25     68     162  128.480734  -33.519266
4948          25     69     161  133.188595  -27.811405
4949          25     70     160  126.571923  -33.428077
4950          25     71     159  130.358000  -28.642000
4951          25     72     158  136.171811  -21.828189
4952          25     73     157  128.797246  -28.202754
4953          25     74     156  136.159522  -19.840478
4954          25     75     155  137.311587  -17.688413
4955          25     76     154  133.716144  -20.283856
4956          25     77     153  134.842557  -18.157443
4957          25     78     152  135.244200  -16.755800
4958          25     79     151  123.609745  -27.390255
4959          25     80     150  129.743150  -20.256850
4960          25     81     149  130.112016  -18.887984
4961          25     82     148  131.177122  -16.822878
4962          25     83     147  126.192543  -20.807457
4963          25     84     146  122.979279  -23.020721
4964          25     85     145  130.761442  -14.238558
4965          25     86     144  125.336281  -18.663719
4966          25     87     143  128.938869  -14.061131
4967          25     88     142  125.433164  -16.566836
4968          25     89     141  127.666077  -13.333923
4969          25     90     140  124.949312  -15.050688
4970          25     91     139  124.406064  -14.593936
4971          25     92     138  120.173039  -17.826961
4972          25     93     137  113.234421  -23.765579
4973          25     94     136  117.037707  -18.962293
4974          25     95     135  123.442037  -11.557963
4975          25     96     134  103.878372  -30.121628
4976          25     97     133  120.415658  -12.584342
4977          25     98     132  118.838893  -13.161107
4978          25     99     131  117.819364  -13.180636
4979          25    100     130  119.350185  -10.649815
4980          25    101     129  121.648814   -7.351186
4981          25    102     128  119.549346   -8.450654
4982          25    103     127  104.904696  -22.095304
4983          25    104     126  102.762233  -23.237767
4984          25    105     125  101.850547  -23.149453
4985          25    106     124  115.087923   -8.912077
4986          25    107     123  108.124725  -14.875275
4987          25    108     122  113.108879   -8.891121
4988          25    109     121  109.596854  -11.403146
4989          25    110     120  109.511062  -10.488938
4990          25    111     119  116.537101   -2.462899
4991          25    112     118  111.034358   -6.965642
4992          25    113     117  104.999141  -12.000859
4993          25    114     116  123.516360    7.516360
4994          25    115     115  112.745725   -2.254275
4995          25    116     114  120.634108    6.634108
4996          25    117     113  125.668445   12.668445
4997          25    118     112  128.830252   16.830252
4998          25    119     111  115.793935    4.793935
4999          25    120     110  124.479022   14.479022
5000          25    121     109  115.440984    6.440984
5001          25    122     108  114.059555    6.059555
5002          25    123     107  117.415348   10.415348
5003          25    124     106  115.599991    9.599991
5004          25    125     105  100.766795   -4.233205
5005          25    126     104  109.041463    5.041463
5006          25    127     103   96.661477   -6.338523
5007          25    128     102   84.482470  -17.517530
5008          25    129     101  100.639516   -0.360484
5009          25    130     100   81.719147  -18.280853
5010          25    131      99  108.142777    9.142777
5011          25    132      98  110.587672   12.587672
5012          25    133      97  105.550283    8.550283
5013          25    134      96  101.057725    5.057725
5014          25    135      95   90.983277   -4.016723
5015          25    136      94  105.534665   11.534665
5016          25    137      93  102.983968    9.983968
5017          25    138      92   96.104577    4.104577
5018          25    139      91   94.885579    3.885579
5019          25    140      90  100.351061   10.351061
5020          25    141      89   93.737510    4.737510
5021          25    142      88   83.687699   -4.312301
5022          25    143      87   77.487148   -9.512852
5023          25    144      86   96.329467   10.329467
5024          25    145      85   91.438270    6.438270
5025          25    146      84   86.551176    2.551176
5026          25    147      83   75.819479   -7.180521
5027          25    148      82   79.839443   -2.160557
5028          25    149      81   64.277478  -16.722522
5029          25    150      80   63.958513  -16.041487
5030          25    151      79   73.661956   -5.338044
5031          25    152      78   64.297851  -13.702149
5032          25    153      77   74.921351   -2.078649
5033          25    154      76   67.138702   -8.861298
5034          25    155      75   60.952587  -14.047413
5035          25    156      74   70.236314   -3.763686
5036          25    157      73   61.121609  -11.878391
5037          25    158      72   52.345774  -19.654226
5038          25    159      71   74.030130    3.030130
5039          25    160      70   65.537810   -4.462190
5040          25    161      69   60.184119   -8.815881
5041          25    162      68   56.807464  -11.192536
5042          25    163      67   71.170124    4.170124
5043          25    164      66   53.783164  -12.216836
5044          25    165      65   55.003982   -9.996018
5045          25    166      64   52.764859  -11.235141
5046          25    167      63   57.585447   -5.414553
5047          25    168      62   68.847440    6.847440
5048          25    169      61   74.701084   13.701084
5049          25    170      60   73.550454   13.550454
5050          25    171      59   81.029379   22.029379
5051          25    172      58   68.585202   10.585202
5052          25    173      57   81.140029   24.140029
5053          25    174      56   69.777551   13.777551
5054          25    175      55   61.043811    6.043811
5055          25    176      54   62.296816    8.296816
5056          25    177      53   62.116100    9.116100
5057          25    178      52   50.978826   -1.021174
5058          25    179      51   49.958505   -1.041495
5059          25    180      50   49.365977   -0.634023
5060          25    181      49   62.996292   13.996292
5061          25    182      48   51.020297    3.020297
5062          25    183      47   48.948996    1.948996
5063          25    184      46   34.734612  -11.265388
5064          25    185      45   39.144995   -5.855005
5065          25    186      44   36.367855   -7.632145
5066          25    187      43   22.021777  -20.978223
5067          25    188      42   26.356601  -15.643399
5068          25    189      41   22.773021  -18.226979
5069          25    190      40   27.999708  -12.000292
5070          25    191      39   20.718676  -18.281324
5071          25    192      38   19.105261  -18.894739
5072          25    193      37   16.398261  -20.601739
5073          25    194      36   19.026685  -16.973315
5074          25    195      35   18.713458  -16.286542
5075          25    196      34   20.141480  -13.858520
5076          25    197      33   19.587106  -13.412894
5077          25    198      32   17.209217  -14.790783
5078          25    199      31   20.218563  -10.781437
5079          25    200      30   31.704654    1.704654
5080          25    201      29   19.479765   -9.520235
5081          25    202      28   15.267388  -12.732612
5082          25    203      27   16.628953  -10.371047
5083          25    204      26   21.988222   -4.011778
5084          25    205      25   31.080494    6.080494
5085          25    206      24   29.716304    5.716304
5086          25    207      23   28.397398    5.397398
5087          25    208      22   18.571617   -3.428383
5088          25    209      21   16.426782   -4.573218
5089          25    210      20   21.426805    1.426805
5090          25    211      19   23.613410    4.613410
5091          25    212      18   18.205854    0.205854
5092          25    213      17   23.388506    6.388506
5093          25    214      16   16.426782    0.426782
5094          25    215      15   20.358196    5.358196
5095          25    216      14   20.066265    6.066265
5096          25    217      13   17.879132    4.879132
5097          25    218      12   17.879132    5.879132
5098          25    219      11   16.188296    5.188296
5099          25    220      10   16.188296    6.188296
5100          25    221       9   16.188296    7.188296
5101          25    222       8   14.410753    6.410753
5102          25    223       7   14.410753    7.410753
5103          25    224       6   14.410753    8.410753
5104          25    225       5   14.410753    9.410753
5105          25    226       4   14.410753   10.410753
5106          25    227       3   14.410753   11.410753
5107          25    228       2   12.543948   10.543948
5108          25    229       1   12.729149   11.729149
5109          25    230       0   13.710066   13.710066
5110          26      1     198  183.553522  -14.446478
5111          26      2     197  184.299226  -12.700774
5112          26      3     196  178.923239  -17.076761
5113          26      4     195  177.224763  -17.775237
5114          26      5     194  178.948853  -15.051147
5115          26      6     193  165.336031  -27.663969
5116          26      7     192  175.169688  -16.830312
5117          26      8     191  173.064463  -17.935537
5118          26      9     190  175.608938  -14.391062
5119          26     10     189  166.367472  -22.632528
5120          26     11     188  176.278309  -11.721691
5121          26     12     187  170.466441  -16.533559
5122          26     13     186  176.219480   -9.780520
5123          26     14     185  180.378263   -4.621737
5124          26     15     184  178.814248   -5.185752
5125          26     16     183  170.738420  -12.261580
5126          26     17     182  176.586629   -5.413371
5127          26     18     181  176.026363   -4.973637
5128          26     19     180  162.117493  -17.882507
5129          26     20     179  170.460599   -8.539401
5130          26     21     178  160.209828  -17.790172
5131          26     22     177  161.551532  -15.448468
5132          26     23     176  158.605099  -17.394901
5133          26     24     175  162.060315  -12.939685
5134          26     25     174  162.060315  -11.939685
5135          26     26     173  163.861666   -9.138334
5136          26     27     172  164.400611   -7.599389
5137          26     28     171  162.785151   -8.214849
5138          26     29     170  164.348440   -5.651560
5139          26     30     169  163.356776   -5.643224
5140          26     31     168  148.308151  -19.691849
5141          26     32     167  159.732461   -7.267539
5142          26     33     166  160.440777   -5.559223
5143          26     34     165  156.556387   -8.443613
5144          26     35     164  152.532806  -11.467194
5145          26     36     163  161.379871   -1.620129
5146          26     37     162  156.208991   -5.791009
5147          26     38     161  153.308244   -7.691756
5148          26     39     160  155.773163   -4.226837
5149          26     40     159  154.033767   -4.966233
5150          26     41     158  148.203025   -9.796975
5151          26     42     157  145.741590  -11.258410
5152          26     43     156  129.677361  -26.322639
5153          26     44     155  145.883411   -9.116589
5154          26     45     154  139.515872  -14.484128
5155          26     46     153  135.200884  -17.799116
5156          26     47     152  128.894789  -23.105211
5157          26     48     151  138.666986  -12.333014
5158          26     49     150  128.800915  -21.199085
5159          26     50     149  132.475371  -16.524629
5160          26     51     148  134.052105  -13.947895
5161          26     52     147  134.060004  -12.939996
5162          26     53     146  101.958724  -44.041276
5163          26     54     145  131.616675  -13.383325
5164          26     55     144  130.995205  -13.004795
5165          26     56     143  125.543295  -17.456705
5166          26     57     142  131.119710  -10.880290
5167          26     58     141  131.347942   -9.652058
5168          26     59     140  126.128990  -13.871010
5169          26     60     139  125.934248  -13.065752
5170          26     61     138  133.181540   -4.818460
5171          26     62     137  129.272631   -7.727369
5172          26     63     136  123.103824  -12.896176
5173          26     64     135  133.187259   -1.812741
5174          26     65     134  130.707992   -3.292008
5175          26     66     133  134.559150    1.559150
5176          26     67     132  135.705906    3.705906
5177          26     68     131  129.374722   -1.625278
5178          26     69     130  134.000438    4.000438
5179          26     70     129  129.847803    0.847803
5180          26     71     128  128.698926    0.698926
5181          26     72     127  123.501045   -3.498955
5182          26     73     126  122.700718   -3.299282
5183          26     74     125  120.495028   -4.504972
5184          26     75     124  120.229813   -3.770187
5185          26     76     123   98.753214  -24.246786
5186          26     77     122  119.943438   -2.056562
5187          26     78     121  120.851727   -0.148273
5188          26     79     120  121.648722    1.648722
5189          26     80     119  108.672359  -10.327641
5190          26     81     118  109.889093   -8.110907
5191          26     82     117  114.285134   -2.714866
5192          26     83     116  112.071439   -3.928561
5193          26     84     115  110.979520   -4.020480
5194          26     85     114  106.047187   -7.952813
5195          26     86     113  106.173144   -6.826856
5196          26     87     112   99.432131  -12.567869
5197          26     88     111  107.852638   -3.147362
5198          26     89     110  106.260485   -3.739515
5199          26     90     109  109.212890    0.212890
5200          26     91     108  110.236873    2.236873
5201          26     92     107  100.500383   -6.499617
5202          26     93     106  102.129912   -3.870088
5203          26     94     105   96.773732   -8.226268
5204          26     95     104  104.331334    0.331334
5205          26     96     103  102.207676   -0.792324
5206          26     97     102  100.124897   -1.875103
5207          26     98     101  101.901314    0.901314
5208          26     99     100  102.337208    2.337208
5209          26    100      99  101.562296    2.562296
5210          26    101      98  100.706095    2.706095
5211          26    102      97   98.151363    1.151363
5212          26    103      96  101.745990    5.745990
5213          26    104      95   98.452761    3.452761
5214          26    105      94   97.345249    3.345249
5215          26    106      93  106.131528   13.131528
5216          26    107      92   99.092960    7.092960
5217          26    108      91   94.084925    3.084925
5218          26    109      90   88.546387   -1.453613
5219          26    110      89   96.205549    7.205549
5220          26    111      88   96.631795    8.631795
5221          26    112      87   88.420632    1.420632
5222          26    113      86   96.578452   10.578452
5223          26    114      85   96.012517   11.012517
5224          26    115      84   93.289995    9.289995
5225          26    116      83   75.400087   -7.599913
5226          26    117      82   94.943722   12.943722
5227          26    118      81   98.971180   17.971180
5228          26    119      80  100.628467   20.628467
5229          26    120      79   91.342703   12.342703
5230          26    121      78   81.103217    3.103217
5231          26    122      77   87.265025   10.265025
5232          26    123      76   78.204604    2.204604
5233          26    124      75   84.613184    9.613184
5234          26    125      74   78.072692    4.072692
5235          26    126      73   81.745584    8.745584
5236          26    127      72   75.448834    3.448834
5237          26    128      71   82.457324   11.457324
5238          26    129      70   88.435554   18.435554
5239          26    130      69   68.303219   -0.696781
5240          26    131      68   88.542818   20.542818
5241          26    132      67   84.706639   17.706639
5242          26    133      66   70.309480    4.309480
5243          26    134      65   61.716353   -3.283647
5244          26    135      64   83.137474   19.137474
5245          26    136      63   77.046174   14.046174
5246          26    137      62   86.840482   24.840482
5247          26    138      61   68.168828    7.168828
5248          26    139      60   57.248647   -2.751353
5249          26    140      59   67.987486    8.987486
5250          26    141      58   58.124263    0.124263
5251          26    142      57   56.274856   -0.725144
5252          26    143      56   44.318955  -11.681045
5253          26    144      55   56.764060    1.764060
5254          26    145      54   51.936022   -2.063978
5255          26    146      53   43.752887   -9.247113
5256          26    147      52   56.465892    4.465892
5257          26    148      51   39.756526  -11.243474
5258          26    149      50   51.083397    1.083397
5259          26    150      49   45.827883   -3.172117
5260          26    151      48   40.246434   -7.753566
5261          26    152      47   34.156206  -12.843794
5262          26    153      46   53.399557    7.399557
5263          26    154      45   45.518859    0.518859
5264          26    155      44   47.257133    3.257133
5265          26    156      43   53.603961   10.603961
5266          26    157      42   48.081220    6.081220
5267          26    158      41   47.389947    6.389947
5268          26    159      40   53.328251   13.328251
5269          26    160      39   50.293555   11.293555
5270          26    161      38   42.031264    4.031264
5271          26    162      37   29.304454   -7.695546
5272          26    163      36   45.777026    9.777026
5273          26    164      35   36.597899    1.597899
5274          26    165      34   34.284086    0.284086
5275          26    166      33   30.953200   -2.046800
5276          26    167      32   44.017498   12.017498
5277          26    168      31   38.775069    7.775069
5278          26    169      30   48.786612   18.786612
5279          26    170      29   28.238731   -0.761269
5280          26    171      28   28.112618    0.112618
5281          26    172      27   50.962736   23.962736
5282          26    173      26   28.290368    2.290368
5283          26    174      25   27.752065    2.752065
5284          26    175      24   24.847851    0.847851
5285          26    176      23   18.835814   -4.164186
5286          26    177      22   15.847298   -6.152702
5287          26    178      21   18.561616   -2.438384
5288          26    179      20   21.887482    1.887482
5289          26    180      19   15.376613   -3.623387
5290          26    181      18   15.998707   -2.001293
5291          26    182      17   16.607357   -0.392643
5292          26    183      16   19.090975    3.090975
5293          26    184      15   22.946721    7.946721
5294          26    185      14   19.714947    5.714947
5295          26    186      13   27.091754   14.091754
5296          26    187      12   20.067030    8.067030
5297          26    188      11   14.901083    3.901083
5298          26    189      10   14.901083    4.901083
5299          26    190       9   15.854653    6.854653
5300          26    191       8   12.347853    4.347853
5301          26    192       7   12.347853    5.347853
5302          26    193       6   12.347853    6.347853
5303          26    194       5   12.347853    7.347853
5304          26    195       4   12.347853    8.347853
5305          26    196       3   12.347853    9.347853
5306          26    197       2   13.710066   11.710066
5307          26    198       1   13.710066   12.710066
5308          26    199       0   12.347853   12.347853
5309          27      1     155  191.377719   36.377719
5310          27      2     154  183.289871   29.289871
5311          27      3     153  176.317705   23.317705
5312          27      4     152  165.793780   13.793780
5313          27      5     151  172.459849   21.459849
5314          27      6     150  170.497729   20.497729
5315          27      7     149  156.921354    7.921354
5316          27      8     148  172.872735   24.872735
5317          27      9     147  168.046769   21.046769
5318          27     10     146  173.304593   27.304593
5319          27     11     145  168.395393   23.395393
5320          27     12     144  176.454703   32.454703
5321          27     13     143  163.652629   20.652629
5322          27     14     142  175.366069   33.366069
5323          27     15     141  171.603194   30.603194
5324          27     16     140  168.136652   28.136652
5325          27     17     139  179.255818   40.255818
5326          27     18     138  180.177733   42.177733
5327          27     19     137  179.192011   42.192011
5328          27     20     136  177.912858   41.912858
5329          27     21     135  176.207740   41.207740
5330          27     22     134  167.853406   33.853406
5331          27     23     133  169.055963   36.055963
5332          27     24     132  153.645187   21.645187
5333          27     25     131  165.571192   34.571192
5334          27     26     130  165.053374   35.053374
5335          27     27     129  159.507480   30.507480
5336          27     28     128  162.104901   34.104901
5337          27     29     127  161.749632   34.749632
5338          27     30     126  160.367746   34.367746
5339          27     31     125  155.161743   30.161743
5340          27     32     124  154.374047   30.374047
5341          27     33     123  156.413824   33.413824
5342          27     34     122  157.560590   35.560590
5343          27     35     121  156.818961   35.818961
5344          27     36     120  159.365233   39.365233
5345          27     37     119  160.401281   41.401281
5346          27     38     118  158.745107   40.745107
5347          27     39     117  157.609801   40.609801
5348          27     40     116  157.129342   41.129342
5349          27     41     115  157.528731   42.528731
5350          27     42     114  148.119082   34.119082
5351          27     43     113  150.349259   37.349259
5352          27     44     112  152.767116   40.767116
5353          27     45     111  142.148530   31.148530
5354          27     46     110  151.275351   41.275351
5355          27     47     109  148.100709   39.100709
5356          27     48     108  144.414404   36.414404
5357          27     49     107  141.749689   34.749689
5358          27     50     106  134.012278   28.012278
5359          27     51     105  143.003171   38.003171
5360          27     52     104  135.488197   31.488197
5361          27     53     103  140.596025   37.596025
5362          27     54     102  142.118284   40.118284
5363          27     55     101  141.805037   40.805037
5364          27     56     100  139.205278   39.205278
5365          27     57      99  131.867014   32.867014
5366          27     58      98  128.198926   30.198926
5367          27     59      97  117.190661   20.190661
5368          27     60      96  130.805483   34.805483
5369          27     61      95  117.554487   22.554487
5370          27     62      94  135.696370   41.696370
5371          27     63      93  127.628888   34.628888
5372          27     64      92  138.110035   46.110035
5373          27     65      91  132.600952   41.600952
5374          27     66      90  133.740173   43.740173
5375          27     67      89  126.167671   37.167671
5376          27     68      88  128.898594   40.898594
5377          27     69      87  130.605101   43.605101
5378          27     70      86  127.780296   41.780296
5379          27     71      85  122.336575   37.336575
5380          27     72      84  130.442239   46.442239
5381          27     73      83  128.945422   45.945422
5382          27     74      82  132.371678   50.371678
5383          27     75      81  125.815948   44.815948
5384          27     76      80  130.836201   50.836201
5385          27     77      79  125.034301   46.034301
5386          27     78      78  123.868550   45.868550
5387          27     79      77  117.299205   40.299205
5388          27     80      76  120.853236   44.853236
5389          27     81      75  124.903794   49.903794
5390          27     82      74  118.143236   44.143236
5391          27     83      73  109.823767   36.823767
5392          27     84      72  108.111571   36.111571
5393          27     85      71  108.429056   37.429056
5394          27     86      70  108.506687   38.506687
5395          27     87      69  104.256235   35.256235
5396          27     88      68  103.646628   35.646628
5397          27     89      67   97.140958   30.140958
5398          27     90      66   89.412704   23.412704
5399          27     91      65  103.178684   38.178684
5400          27     92      64   85.006728   21.006728
5401          27     93      63   88.032101   25.032101
5402          27     94      62   91.249460   29.249460
5403          27     95      61   78.075237   17.075237
5404          27     96      60   60.540415    0.540415
5405          27     97      59   72.373386   13.373386
5406          27     98      58   54.053747   -3.946253
5407          27     99      57   74.588299   17.588299
5408          27    100      56   78.142268   22.142268
5409          27    101      55   86.270079   31.270079
5410          27    102      54   62.959265    8.959265
5411          27    103      53   53.909968    0.909968
5412          27    104      52   71.605396   19.605396
5413          27    105      51   77.708788   26.708788
5414          27    106      50   58.464435    8.464435
5415          27    107      49   59.218494   10.218494
5416          27    108      48   70.322246   22.322246
5417          27    109      47   51.781548    4.781548
5418          27    110      46   55.213022    9.213022
5419          27    111      45   62.075268   17.075268
5420          27    112      44   36.522930   -7.477070
5421          27    113      43   58.361415   15.361415
5422          27    114      42   61.605855   19.605855
5423          27    115      41   58.994307   17.994307
5424          27    116      40   59.603087   19.603087
5425          27    117      39   49.677753   10.677753
5426          27    118      38   41.956248    3.956248
5427          27    119      37   40.267025    3.267025
5428          27    120      36   34.865859   -1.134141
5429          27    121      35   47.662029   12.662029
5430          27    122      34   46.992533   12.992533
5431          27    123      33   31.712280   -1.287720
5432          27    124      32   34.631888    2.631888
5433          27    125      31   62.719946   31.719946
5434          27    126      30   27.551493   -2.448507
5435          27    127      29   30.561715    1.561715
5436          27    128      28   21.816690   -6.183310
5437          27    129      27   23.979467   -3.020533
5438          27    130      26   24.164986   -1.835014
5439          27    131      25   27.763125    2.763125
5440          27    132      24   25.532207    1.532207
5441          27    133      23   22.211987   -0.788013
5442          27    134      22   24.526872    2.526872
5443          27    135      21   42.275990   21.275990
5444          27    136      20   17.345683   -2.654317
5445          27    137      19   14.482565   -4.517435
5446          27    138      18   14.355707   -3.644293
5447          27    139      17   14.482565   -2.517435
5448          27    140      16   14.340175   -1.659825
5449          27    141      15   14.340175   -0.659825
5450          27    142      14   16.189638    2.189638
5451          27    143      13   14.340175    1.340175
5452          27    144      12   13.974412    1.974412
5453          27    145      11   12.417091    1.417091
5454          27    146      10   13.016713    3.016713
5455          27    147       9   13.398009    4.398009
5456          27    148       8   12.035796    4.035796
5457          27    149       7   12.035796    5.035796
5458          27    150       6   12.035796    6.035796
5459          27    151       5   12.035796    7.035796
5460          27    152       4   12.035796    8.035796
5461          27    153       3   12.035796    9.035796
5462          27    154       2   12.035796   10.035796
5463          27    155       1   12.035796   11.035796
5464          27    156       0   12.035796   12.035796
5465          28      1     164  206.298462   42.298462
5466          28      2     163  199.859687   36.859687
5467          28      3     162  181.356176   19.356176
5468          28      4     161  192.797121   31.797121
5469          28      5     160  193.390145   33.390145
5470          28      6     159  184.651174   25.651174
5471          28      7     158  194.467168   36.467168
5472          28      8     157  190.416620   33.416620
5473          28      9     156  194.929334   38.929334
5474          28     10     155  184.457640   29.457640
5475          28     11     154  191.214152   37.214152
5476          28     12     153  194.139095   41.139095
5477          28     13     152  194.778959   42.778959
5478          28     14     151  188.812202   37.812202
5479          28     15     150  189.737384   39.737384
5480          28     16     149  186.235436   37.235436
5481          28     17     148  190.607617   42.607617
5482          28     18     147  179.096149   32.096149
5483          28     19     146  184.241544   38.241544
5484          28     20     145  191.243147   46.243147
5485          28     21     144  185.799130   41.799130
5486          28     22     143  186.809002   43.809002
5487          28     23     142  185.622224   43.622224
5488          28     24     141  186.692930   45.692930
5489          28     25     140  176.990568   36.990568
5490          28     26     139  184.373767   45.373767
5491          28     27     138  180.523207   42.523207
5492          28     28     137  183.039126   46.039126
5493          28     29     136  176.043166   40.043166
5494          28     30     135  179.660702   44.660702
5495          28     31     134  169.970984   35.970984
5496          28     32     133  177.142229   44.142229
5497          28     33     132  176.961472   44.961472
5498          28     34     131  173.646838   42.646838
5499          28     35     130  176.847019   46.847019
5500          28     36     129  170.777447   41.777447
5501          28     37     128  175.629387   47.629387
5502          28     38     127  173.667225   46.667225
5503          28     39     126  165.071623   39.071623
5504          28     40     125  167.606544   42.606544
5505          28     41     124  170.305461   46.305461
5506          28     42     123  168.363285   45.363285
5507          28     43     122  167.103707   45.103707
5508          28     44     121  167.224690   46.224690
5509          28     45     120  167.076946   47.076946
5510          28     46     119  159.594139   40.594139
5511          28     47     118  162.036566   44.036566
5512          28     48     117  166.315088   49.315088
5513          28     49     116  166.160972   50.160972
5514          28     50     115  158.159146   43.159146
5515          28     51     114  163.095887   49.095887
5516          28     52     113  157.341865   44.341865
5517          28     53     112  161.311248   49.311248
5518          28     54     111  148.447793   37.447793
5519          28     55     110  161.245595   51.245595
5520          28     56     109  162.056080   53.056080
5521          28     57     108  149.742580   41.742580
5522          28     58     107  148.460503   41.460503
5523          28     59     106  158.695248   52.695248
5524          28     60     105  155.323587   50.323587
5525          28     61     104  156.318489   52.318489
5526          28     62     103  153.781395   50.781395
5527          28     63     102  151.183056   49.183056
5528          28     64     101  149.757580   48.757580
5529          28     65     100  144.694847   44.694847
5530          28     66      99  150.440899   51.440899
5531          28     67      98  140.938493   42.938493
5532          28     68      97  149.483661   52.483661
5533          28     69      96  136.037943   40.037943
5534          28     70      95  146.704130   51.704130
5535          28     71      94  148.368478   54.368478
5536          28     72      93  140.612966   47.612966
5537          28     73      92  144.995739   52.995739
5538          28     74      91  140.562010   49.562010
5539          28     75      90  147.428170   57.428170
5540          28     76      89  148.336511   59.336511
5541          28     77      88  145.166813   57.166813
5542          28     78      87  143.129347   56.129347
5543          28     79      86  139.939225   53.939225
5544          28     80      85  138.748040   53.748040
5545          28     81      84  141.041264   57.041264
5546          28     82      83  138.123075   55.123075
5547          28     83      82  137.275985   55.275985
5548          28     84      81  131.983069   50.983069
5549          28     85      80  131.402316   51.402316
5550          28     86      79  133.014743   54.014743
5551          28     87      78  120.335162   42.335162
5552          28     88      77  121.867562   44.867562
5553          28     89      76  129.700486   53.700486
5554          28     90      75  117.491712   42.491712
5555          28     91      74  120.449091   46.449091
5556          28     92      73  107.210435   34.210435
5557          28     93      72  120.483468   48.483468
5558          28     94      71  100.942671   29.942671
5559          28     95      70  100.117241   30.117241
5560          28     96      69   99.657421   30.657421
5561          28     97      68  105.522564   37.522564
5562          28     98      67   86.278291   19.278291
5563          28     99      66   94.518695   28.518695
5564          28    100      65   98.713753   33.713753
5565          28    101      64   93.335686   29.335686
5566          28    102      63   91.492942   28.492942
5567          28    103      62   94.131914   32.131914
5568          28    104      61   91.716067   30.716067
5569          28    105      60   72.175546   12.175546
5570          28    106      59   77.166113   18.166113
5571          28    107      58   65.420868    7.420868
5572          28    108      57   72.931839   15.931839
5573          28    109      56   77.423643   21.423643
5574          28    110      55   82.470414   27.470414
5575          28    111      54   68.119550   14.119550
5576          28    112      53   71.978796   18.978796
5577          28    113      52   65.024937   13.024937
5578          28    114      51   78.302441   27.302441
5579          28    115      50   65.266183   15.266183
5580          28    116      49   74.046146   25.046146
5581          28    117      48   73.741694   25.741694
5582          28    118      47   63.796176   16.796176
5583          28    119      46   68.118352   22.118352
5584          28    120      45   80.002704   35.002704
5585          28    121      44   61.149179   17.149179
5586          28    122      43   67.225577   24.225577
5587          28    123      42   67.919271   25.919271
5588          28    124      41   58.896701   17.896701
5589          28    125      40   63.357307   23.357307
5590          28    126      39   62.952278   23.952278
5591          28    127      38   65.673418   27.673418
5592          28    128      37   64.617357   27.617357
5593          28    129      36   60.757424   24.757424
5594          28    130      35   61.943610   26.943610
5595          28    131      34   59.354675   25.354675
5596          28    132      33   48.521251   15.521251
5597          28    133      32   43.510028   11.510028
5598          28    134      31   33.517345    2.517345
5599          28    135      30   28.568439   -1.431561
5600          28    136      29   27.737377   -1.262623
5601          28    137      28   30.113791    2.113791
5602          28    138      27   26.459748   -0.540252
5603          28    139      26   21.181032   -4.818968
5604          28    140      25   22.378800   -2.621200
5605          28    141      24   25.351503    1.351503
5606          28    142      23   19.774224   -3.225776
5607          28    143      22   20.160054   -1.839946
5608          28    144      21   21.566862    0.566862
5609          28    145      20   21.924143    1.924143
5610          28    146      19   23.518580    4.518580
5611          28    147      18   18.951440    0.951440
5612          28    148      17   18.951440    1.951440
5613          28    149      16   18.951440    2.951440
5614          28    150      15   18.951440    3.951440
5615          28    151      14   17.028125    3.028125
5616          28    152      13   16.554102    3.554102
5617          28    153      12   16.554102    4.554102
5618          28    154      11   16.554102    5.554102
5619          28    155      10   16.554102    6.554102
5620          28    156       9   16.554102    7.554102
5621          28    157       8   15.375290    7.375290
5622          28    158       7   14.615485    7.615485
5623          28    159       6   14.615485    8.615485
5624          28    160       5   14.615485    9.615485
5625          28    161       4   14.615485   10.615485
5626          28    162       3   14.615485   11.615485
5627          28    163       2   14.615485   12.615485
5628          28    164       1   14.615485   13.615485
5629          28    165       0   13.843832   13.843832
5630          29      1     162  184.363756   22.363756
5631          29      2     161  172.292142   11.292142
5632          29      3     160  179.604833   19.604833
5633          29      4     159  177.585182   18.585182
5634          29      5     158  170.156365   12.156365
5635          29      6     157  177.854243   20.854243
5636          29      7     156  185.961288   29.961288
5637          29      8     155  185.853305   30.853305
5638          29      9     154  185.244909   31.244909
5639          29     10     153  186.313995   33.313995
5640          29     11     152  185.164666   33.164666
5641          29     12     151  180.685485   29.685485
5642          29     13     150  176.357916   26.357916
5643          29     14     149  178.938736   29.938736
5644          29     15     148  183.850862   35.850862
5645          29     16     147  186.988876   39.988876
5646          29     17     146  178.076717   32.076717
5647          29     18     145  176.230916   31.230916
5648          29     19     144  177.116349   33.116349
5649          29     20     143  174.089377   31.089377
5650          29     21     142  173.009575   31.009575
5651          29     22     141  178.958981   37.958981
5652          29     23     140  173.065055   33.065055
5653          29     24     139  178.730258   39.730258
5654          29     25     138  172.574684   34.574684
5655          29     26     137  167.885374   30.885374
5656          29     27     136  162.932058   26.932058
5657          29     28     135  167.052491   32.052491
5658          29     29     134  164.189298   30.189298
5659          29     30     133  157.676983   24.676983
5660          29     31     132  159.578613   27.578613
5661          29     32     131  163.294250   32.294250
5662          29     33     130  161.269982   31.269982
5663          29     34     129  156.116440   27.116440
5664          29     35     128  158.485097   30.485097
5665          29     36     127  146.220803   19.220803
5666          29     37     126  153.582951   27.582951
5667          29     38     125  148.314266   23.314266
5668          29     39     124  132.205038    8.205038
5669          29     40     123  140.549958   17.549958
5670          29     41     122  154.251694   32.251694
5671          29     42     121  142.415847   21.415847
5672          29     43     120  150.081715   30.081715
5673          29     44     119  153.993759   34.993759
5674          29     45     118  138.084367   20.084367
5675          29     46     117  152.900273   35.900273
5676          29     47     116  144.754728   28.754728
5677          29     48     115  140.254282   25.254282
5678          29     49     114  134.286060   20.286060
5679          29     50     113  144.949519   31.949519
5680          29     51     112  136.758319   24.758319
5681          29     52     111  137.746473   26.746473
5682          29     53     110  140.534248   30.534248
5683          29     54     109  128.804252   19.804252
5684          29     55     108  128.593838   20.593838
5685          29     56     107  121.105877   14.105877
5686          29     57     106  131.966811   25.966811
5687          29     58     105  137.059971   32.059971
5688          29     59     104  137.443156   33.443156
5689          29     60     103  137.156811   34.156811
5690          29     61     102  129.680769   27.680769
5691          29     62     101  126.052025   25.052025
5692          29     63     100  103.395927    3.395927
5693          29     64      99  127.809766   28.809766
5694          29     65      98  135.447256   37.447256
5695          29     66      97  130.607820   33.607820
5696          29     67      96  116.226191   20.226191
5697          29     68      95  104.989869    9.989869
5698          29     69      94  120.213197   26.213197
5699          29     70      93  120.145073   27.145073
5700          29     71      92  108.799410   16.799410
5701          29     72      91  123.794585   32.794585
5702          29     73      90  127.052567   37.052567
5703          29     74      89  126.045985   37.045985
5704          29     75      88  122.845830   34.845830
5705          29     76      87  111.990175   24.990175
5706          29     77      86  111.508586   25.508586
5707          29     78      85  127.384935   42.384935
5708          29     79      84  111.730564   27.730564
5709          29     80      83  118.079458   35.079458
5710          29     81      82  114.021001   32.021001
5711          29     82      81  106.717262   25.717262
5712          29     83      80  103.327841   23.327841
5713          29     84      79   98.837740   19.837740
5714          29     85      78   92.399789   14.399789
5715          29     86      77   88.314794   11.314794
5716          29     87      76   96.437280   20.437280
5717          29     88      75   89.341588   14.341588
5718          29     89      74  101.872070   27.872070
5719          29     90      73   79.450641    6.450641
5720          29     91      72  101.437107   29.437107
5721          29     92      71   91.718757   20.718757
5722          29     93      70  104.026703   34.026703
5723          29     94      69  101.706829   32.706829
5724          29     95      68   85.404346   17.404346
5725          29     96      67   95.236059   28.236059
5726          29     97      66   89.007752   23.007752
5727          29     98      65   85.067166   20.067166
5728          29     99      64   89.251250   25.251250
5729          29    100      63   86.977724   23.977724
5730          29    101      62   79.838877   17.838877
5731          29    102      61   72.295862   11.295862
5732          29    103      60   87.891009   27.891009
5733          29    104      59   81.806843   22.806843
5734          29    105      58   82.880826   24.880826
5735          29    106      57   84.359357   27.359357
5736          29    107      56   86.268750   30.268750
5737          29    108      55   63.749733    8.749733
5738          29    109      54   82.562749   28.562749
5739          29    110      53   82.720551   29.720551
5740          29    111      52   59.668024    7.668024
5741          29    112      51   77.427812   26.427812
5742          29    113      50   87.391098   37.391098
5743          29    114      49   71.871813   22.871813
5744          29    115      48   73.195301   25.195301
5745          29    116      47   62.292434   15.292434
5746          29    117      46   61.314881   15.314881
5747          29    118      45   48.094911    3.094911
5748          29    119      44   51.173132    7.173132
5749          29    120      43   37.641217   -5.358783
5750          29    121      42   46.491008    4.491008
5751          29    122      41   32.251022   -8.748978
5752          29    123      40   38.349763   -1.650237
5753          29    124      39   42.048287    3.048287
5754          29    125      38   39.876219    1.876219
5755          29    126      37   40.762338    3.762338
5756          29    127      36   39.489307    3.489307
5757          29    128      35   27.995349   -7.004651
5758          29    129      34   25.978086   -8.021914
5759          29    130      33   24.205515   -8.794485
5760          29    131      32   27.320877   -4.679123
5761          29    132      31   28.789220   -2.210780
5762          29    133      30   26.186717   -3.813283
5763          29    134      29   25.421114   -3.578886
5764          29    135      28   27.586105   -0.413895
5765          29    136      27   28.771626    1.771626
5766          29    137      26   28.598178    2.598178
5767          29    138      25   23.570777   -1.429223
5768          29    139      24   24.431145    0.431145
5769          29    140      23   29.683980    6.683980
5770          29    141      22   27.814283    5.814283
5771          29    142      21   26.001638    5.001638
5772          29    143      20   21.132761    1.132761
5773          29    144      19   22.643007    3.643007
5774          29    145      18   21.464195    3.464195
5775          29    146      17   21.883203    4.883203
5776          29    147      16   20.173533    4.173533
5777          29    148      15   20.671765    5.671765
5778          29    149      14   20.516785    6.516785
5779          29    150      13   18.451763    5.451763
5780          29    151      12   16.506570    4.506570
5781          29    152      11   17.920905    6.920905
5782          29    153      10   16.294781    6.294781
5783          29    154       9   15.379997    6.379997
5784          29    155       8   15.379997    7.379997
5785          29    156       7   15.379997    8.379997
5786          29    157       6   14.698533    8.698533
5787          29    158       5   14.698533    9.698533
5788          29    159       4   14.216792   10.216792
5789          29    160       3   15.229390   12.229390
5790          29    161       2   15.910855   13.910855
5791          29    162       1   15.229390   14.229390
5792          29    163       0   13.739186   13.739186
5793          30      1     193  204.650611   11.650611
5794          30      2     192  198.033188    6.033188
5795          30      3     191  199.043322    8.043322
5796          30      4     190  198.003397    8.003397
5797          30      5     189  195.603578    6.603578
5798          30      6     188  199.675224   11.675224
5799          30      7     187  202.479718   15.479718
5800          30      8     186  195.613855    9.613855
5801          30      9     185  193.439604    8.439604
5802          30     10     184  182.411828   -1.588172
5803          30     11     183  195.115619   12.115619
5804          30     12     182  198.590570   16.590570
5805          30     13     181  198.458600   17.458600
5806          30     14     180  195.991097   15.991097
5807          30     15     179  194.372165   15.372165
5808          30     16     178  193.362990   15.362990
5809          30     17     177  191.904364   14.904364
5810          30     18     176  192.928784   16.928784
5811          30     19     175  192.888925   17.888925
5812          30     20     174  192.268160   18.268160
5813          30     21     173  189.556804   16.556804
5814          30     22     172  189.212195   17.212195
5815          30     23     171  187.477813   16.477813
5816          30     24     170  187.721762   17.721762
5817          30     25     169  188.523724   19.523724
5818          30     26     168  187.113234   19.113234
5819          30     27     167  187.692249   20.692249
5820          30     28     166  188.593528   22.593528
5821          30     29     165  186.325482   21.325482
5822          30     30     164  184.105287   20.105287
5823          30     31     163  183.020354   20.020354
5824          30     32     162  183.371824   21.371824
5825          30     33     161  182.393636   21.393636
5826          30     34     160  163.541174    3.541174
5827          30     35     159  179.731926   20.731926
5828          30     36     158  175.524524   17.524524
5829          30     37     157  176.527960   19.527960
5830          30     38     156  160.508790    4.508790
5831          30     39     155  174.468774   19.468774
5832          30     40     154  167.813087   13.813087
5833          30     41     153  175.549954   22.549954
5834          30     42     152  153.695267    1.695267
5835          30     43     151  173.180393   22.180393
5836          30     44     150  172.949443   22.949443
5837          30     45     149  172.510383   23.510383
5838          30     46     148  172.510383   24.510383
5839          30     47     147  159.328048   12.328048
5840          30     48     146  164.478498   18.478498
5841          30     49     145  159.204513   14.204513
5842          30     50     144  166.937862   22.937862
5843          30     51     143  170.237433   27.237433
5844          30     52     142  170.405148   28.405148
5845          30     53     141  171.241155   30.241155
5846          30     54     140  160.689437   20.689437
5847          30     55     139  166.843400   27.843400
5848          30     56     138  163.276171   25.276171
5849          30     57     137  165.027054   28.027054
5850          30     58     136  163.312594   27.312594
5851          30     59     135  162.650281   27.650281
5852          30     60     134  166.469759   32.469759
5853          30     61     133  163.816129   30.816129
5854          30     62     132  159.440775   27.440775
5855          30     63     131  160.090447   29.090447
5856          30     64     130  162.750877   32.750877
5857          30     65     129  159.503054   30.503054
5858          30     66     128  154.822431   26.822431
5859          30     67     127  148.827705   21.827705
5860          30     68     126  150.310970   24.310970
5861          30     69     125  150.482243   25.482243
5862          30     70     124  140.996615   16.996615
5863          30     71     123  146.829981   23.829981
5864          30     72     122  147.875375   25.875375
5865          30     73     121  145.683771   24.683771
5866          30     74     120  146.124691   26.124691
5867          30     75     119  138.122433   19.122433
5868          30     76     118  135.978378   17.978378
5869          30     77     117  144.297374   27.297374
5870          30     78     116  137.746927   21.746927
5871          30     79     115  134.635028   19.635028
5872          30     80     114  141.729948   27.729948
5873          30     81     113  136.058761   23.058761
5874          30     82     112  131.610768   19.610768
5875          30     83     111  134.949505   23.949505
5876          30     84     110  132.899557   22.899557
5877          30     85     109  138.826636   29.826636
5878          30     86     108  128.608156   20.608156
5879          30     87     107  137.243936   30.243936
5880          30     88     106  136.775352   30.775352
5881          30     89     105  121.223781   16.223781
5882          30     90     104  129.895148   25.895148
5883          30     91     103  136.394111   33.394111
5884          30     92     102  126.850594   24.850594
5885          30     93     101  118.872620   17.872620
5886          30     94     100  133.378392   33.378392
5887          30     95      99  113.565650   14.565650
5888          30     96      98  125.068914   27.068914
5889          30     97      97  117.627237   20.627237
5890          30     98      96  126.577680   30.577680
5891          30     99      95  119.201120   24.201120
5892          30    100      94   94.317381    0.317381
5893          30    101      93  107.862248   14.862248
5894          30    102      92  127.409959   35.409959
5895          30    103      91  128.582410   37.582410
5896          30    104      90  119.734265   29.734265
5897          30    105      89  109.441211   20.441211
5898          30    106      88   86.620548   -1.379452
5899          30    107      87  101.117426   14.117426
5900          30    108      86  116.274090   30.274090
5901          30    109      85   99.819914   14.819914
5902          30    110      84   88.513154    4.513154
5903          30    111      83   85.256685    2.256685
5904          30    112      82  106.333399   24.333399
5905          30    113      81  106.328852   25.328852
5906          30    114      80  120.725888   40.725888
5907          30    115      79  117.950191   38.950191
5908          30    116      78  107.076273   29.076273
5909          30    117      77   95.772584   18.772584
5910          30    118      76  120.671618   44.671618
5911          30    119      75  130.841165   55.841165
5912          30    120      74  122.467243   48.467243
5913          30    121      73  120.023282   47.023282
5914          30    122      72  110.167333   38.167333
5915          30    123      71   95.852549   24.852549
5916          30    124      70  118.488290   48.488290
5917          30    125      69  115.767474   46.767474
5918          30    126      68  105.854125   37.854125
5919          30    127      67  104.622404   37.622404
5920          30    128      66   98.722002   32.722002
5921          30    129      65   99.088342   34.088342
5922          30    130      64  106.005493   42.005493
5923          30    131      63   88.287898   25.287898
5924          30    132      62  102.176667   40.176667
5925          30    133      61   95.760245   34.760245
5926          30    134      60   96.970203   36.970203
5927          30    135      59   91.886675   32.886675
5928          30    136      58   82.573051   24.573051
5929          30    137      57   84.202671   27.202671
5930          30    138      56   71.786379   15.786379
5931          30    139      55   71.420616   16.420616
5932          30    140      54   76.282220   22.282220
5933          30    141      53   72.956974   19.956974
5934          30    142      52   64.746188   12.746188
5935          30    143      51   67.655048   16.655048
5936          30    144      50   69.191909   19.191909
5937          30    145      49   61.668650   12.668650
5938          30    146      48   59.830505   11.830505
5939          30    147      47   61.792951   14.792951
5940          30    148      46   59.394932   13.394932
5941          30    149      45   64.794584   19.794584
5942          30    150      44   56.121665   12.121665
5943          30    151      43   49.790998    6.790998
5944          30    152      42   49.925355    7.925355
5945          30    153      41   41.605874    0.605874
5946          30    154      40   44.725113    4.725113
5947          30    155      39   46.766510    7.766510
5948          30    156      38   47.870532    9.870532
5949          30    157      37   50.956765   13.956765
5950          30    158      36   43.989400    7.989400
5951          30    159      35   37.306140    2.306140
5952          30    160      34   30.761425   -3.238575
5953          30    161      33   30.157590   -2.842410
5954          30    162      32   36.538829    4.538829
5955          30    163      31   40.595292    9.595292
5956          30    164      30   34.778651    4.778651
5957          30    165      29   31.957882    2.957882
5958          30    166      28   35.671876    7.671876
5959          30    167      27   32.538064    5.538064
5960          30    168      26   32.855241    6.855241
5961          30    169      25   34.269576    9.269576
5962          30    170      24   31.231990    7.231990
5963          30    171      23   30.480397    7.480397
5964          30    172      22   24.075109    2.075109
5965          30    173      21   25.641004    4.641004
5966          30    174      20   28.579258    8.579258
5967          30    175      19   24.079954    5.079954
5968          30    176      18   22.364855    4.364855
5969          30    177      17   19.416735    2.416735
5970          30    178      16   17.125496    1.125496
5971          30    179      15   18.005030    3.005030
5972          30    180      14   17.689454    3.689454
5973          30    181      13   18.450263    5.450263
5974          30    182      12   16.250472    4.250472
5975          30    183      11   15.864643    4.864643
5976          30    184      10   15.864643    5.864643
5977          30    185       9   14.659605    5.659605
5978          30    186       8   13.978266    5.978266
5979          30    187       7   14.582102    7.582102
5980          30    188       6   13.296802    7.296802
5981          30    189       5   13.296802    8.296802
5982          30    190       4   13.296802    9.296802
5983          30    191       3   13.296802   10.296802
5984          30    192       2   13.296802   11.296802
5985          30    193       1   13.296802   12.296802
5986          30    194       0   13.296802   13.296802
5987          31      1     233  205.563352  -27.436648
5988          31      2     232  199.647803  -32.352197
5989          31      3     231  205.904609  -25.095391
5990          31      4     230  198.352200  -31.647800
5991          31      5     229  196.966510  -32.033490
5992          31      6     228  206.030113  -21.969887
5993          31      7     227  193.643342  -33.356658
5994          31      8     226  192.960804  -33.039196
5995          31      9     225  199.370174  -25.629826
5996          31     10     224  203.489883  -20.510117
5997          31     11     223  203.391358  -19.608642
5998          31     12     222  197.328571  -24.671429
5999          31     13     221  199.939122  -21.060878
6000          31     14     220  200.362422  -19.637578
6001          31     15     219  202.454455  -16.545545
6002          31     16     218  201.275955  -16.724045
6003          31     17     217  199.802033  -17.197967
6004          31     18     216  192.517665  -23.482335
6005          31     19     215  194.838735  -20.161265
6006          31     20     214  198.182039  -15.817961
6007          31     21     213  193.870584  -19.129416
6008          31     22     212  196.018177  -15.981823
6009          31     23     211  173.402009  -37.597991
6010          31     24     210  192.423889  -17.576111
6011          31     25     209  179.126489  -29.873511
6012          31     26     208  189.274582  -18.725418
6013          31     27     207  186.939687  -20.060313
6014          31     28     206  184.871267  -21.128733
6015          31     29     205  177.220711  -27.779289
6016          31     30     204  179.849535  -24.150465
6017          31     31     203  179.171355  -23.828645
6018          31     32     202  162.807918  -39.192082
6019          31     33     201  178.982055  -22.017945
6020          31     34     200  183.964388  -16.035612
6021          31     35     199  185.777283  -13.222717
6022          31     36     198  183.206554  -14.793446
6023          31     37     197  181.093886  -15.906114
6024          31     38     196  185.451881  -10.548119
6025          31     39     195  185.004924   -9.995076
6026          31     40     194  178.094321  -15.905679
6027          31     41     193  181.869842  -11.130158
6028          31     42     192  176.864591  -15.135409
6029          31     43     191  178.215465  -12.784535
6030          31     44     190  180.894523   -9.105477
6031          31     45     189  180.786929   -8.213071
6032          31     46     188  181.710725   -6.289275
6033          31     47     187  177.619285   -9.380715
6034          31     48     186  176.251591   -9.748409
6035          31     49     185  176.456416   -8.543584
6036          31     50     184  179.130454   -4.869546
6037          31     51     183  170.045643  -12.954357
6038          31     52     182  169.282001  -12.717999
6039          31     53     181  167.785766  -13.214234
6040          31     54     180  167.784649  -12.215351
6041          31     55     179  159.321651  -19.678349
6042          31     56     178  165.659197  -12.340803
6043          31     57     177  165.361112  -11.638888
6044          31     58     176  162.241559  -13.758441
6045          31     59     175  161.622619  -13.377381
6046          31     60     174  163.147364  -10.852636
6047          31     61     173  163.931185   -9.068815
6048          31     62     172  162.705987   -9.294013
6049          31     63     171  161.925113   -9.074887
6050          31     64     170  158.331109  -11.668891
6051          31     65     169  162.865196   -6.134804
6052          31     66     168  152.887269  -15.112731
6053          31     67     167  156.409522  -10.590478
6054          31     68     166  145.450662  -20.549338
6055          31     69     165  155.537733   -9.462267
6056          31     70     164  153.130826  -10.869174
6057          31     71     163  147.099158  -15.900842
6058          31     72     162  151.835456  -10.164544
6059          31     73     161  151.968831   -9.031169
6060          31     74     160  149.338216  -10.661784
6061          31     75     159  128.525328  -30.474672
6062          31     76     158  143.708743  -14.291257
6063          31     77     157  141.175326  -15.824674
6064          31     78     156  138.101995  -17.898005
6065          31     79     155  143.050776  -11.949224
6066          31     80     154  143.620640  -10.379360
6067          31     81     153  140.341208  -12.658792
6068          31     82     152  120.042823  -31.957177
6069          31     83     151  132.070285  -18.929715
6070          31     84     150  133.613099  -16.386901
6071          31     85     149  141.303394   -7.696606
6072          31     86     148  131.991185  -16.008815
6073          31     87     147  131.335619  -15.664381
6074          31     88     146  136.431566   -9.568434
6075          31     89     145  135.058497   -9.941503
6076          31     90     144  122.544839  -21.455161
6077          31     91     143  131.265220  -11.734780
6078          31     92     142  131.810039  -10.189961
6079          31     93     141  133.720125   -7.279875
6080          31     94     140  115.929411  -24.070589
6081          31     95     139  124.800520  -14.199480
6082          31     96     138  119.434372  -18.565628
6083          31     97     137  127.015437   -9.984563
6084          31     98     136  130.049434   -5.950566
6085          31     99     135  128.511419   -6.488581
6086          31    100     134  118.010515  -15.989485
6087          31    101     133  116.548805  -16.451195
6088          31    102     132  110.713431  -21.286569
6089          31    103     131  118.916999  -12.083001
6090          31    104     130  124.174130   -5.825870
6091          31    105     129  122.619752   -6.380248
6092          31    106     128  129.090536    1.090536
6093          31    107     127  125.632408   -1.367592
6094          31    108     126  126.627626    0.627626
6095          31    109     125  124.734519   -0.265481
6096          31    110     124  128.755053    4.755053
6097          31    111     123  121.754895   -1.245105
6098          31    112     122  127.096799    5.096799
6099          31    113     121  127.227580    6.227580
6100          31    114     120  128.793197    8.793197
6101          31    115     119  119.853942    0.853942
6102          31    116     118  125.367147    7.367147
6103          31    117     117  127.201880   10.201880
6104          31    118     116  120.763019    4.763019
6105          31    119     115  117.497694    2.497694
6106          31    120     114  126.284951   12.284951
6107          31    121     113  125.561117   12.561117
6108          31    122     112  126.038067   14.038067
6109          31    123     111  127.548441   16.548441
6110          31    124     110  113.682656    3.682656
6111          31    125     109  110.923142    1.923142
6112          31    126     108  123.961280   15.961280
6113          31    127     107  113.466374    6.466374
6114          31    128     106  131.370203   25.370203
6115          31    129     105  113.588085    8.588085
6116          31    130     104  122.541228   18.541228
6117          31    131     103  122.129478   19.129478
6118          31    132     102  111.128140    9.128140
6119          31    133     101  124.855849   23.855849
6120          31    134     100   96.323999   -3.676001
6121          31    135      99  111.886409   12.886409
6122          31    136      98  113.818570   15.818570
6123          31    137      97  107.538024   10.538024
6124          31    138      96  100.718922    4.718922
6125          31    139      95  104.487938    9.487938
6126          31    140      94   96.032765    2.032765
6127          31    141      93  111.549147   18.549147
6128          31    142      92  117.356878   25.356878
6129          31    143      91  100.671427    9.671427
6130          31    144      90  104.717015   14.717015
6131          31    145      89   90.674446    1.674446
6132          31    146      88   92.949735    4.949735
6133          31    147      87   96.809431    9.809431
6134          31    148      86  101.447238   15.447238
6135          31    149      85   93.168907    8.168907
6136          31    150      84   98.136628   14.136628
6137          31    151      83   96.895549   13.895549
6138          31    152      82  100.984249   18.984249
6139          31    153      81  105.205198   24.205198
6140          31    154      80  105.475995   25.475995
6141          31    155      79   78.983992   -0.016008
6142          31    156      78   78.264414    0.264414
6143          31    157      77   79.924368    2.924368
6144          31    158      76   72.806778   -3.193222
6145          31    159      75   74.324864   -0.675136
6146          31    160      74   85.032547   11.032547
6147          31    161      73   74.346097    1.346097
6148          31    162      72   92.296549   20.296549
6149          31    163      71   82.865636   11.865636
6150          31    164      70   83.563532   13.563532
6151          31    165      69   67.713131   -1.286869
6152          31    166      68   81.487189   13.487189
6153          31    167      67   62.288179   -4.711821
6154          31    168      66   71.174116    5.174116
6155          31    169      65   65.773561    0.773561
6156          31    170      64   70.552844    6.552844
6157          31    171      63   67.604080    4.604080
6158          31    172      62   71.476209    9.476209
6159          31    173      61   68.693419    7.693419
6160          31    174      60   72.589525   12.589525
6161          31    175      59   65.397789    6.397789
6162          31    176      58   58.283837    0.283837
6163          31    177      57   58.343072    1.343072
6164          31    178      56   61.321805    5.321805
6165          31    179      55   53.519797   -1.480203
6166          31    180      54   57.043719    3.043719
6167          31    181      53   52.349361   -0.650639
6168          31    182      52   57.577522    5.577522
6169          31    183      51   57.643093    6.643093
6170          31    184      50   61.239617   11.239617
6171          31    185      49   43.323555   -5.676445
6172          31    186      48   47.298421   -0.701579
6173          31    187      47   36.683784  -10.316216
6174          31    188      46   38.533247   -7.466753
6175          31    189      45   38.781099   -6.218901
6176          31    190      44   36.538628   -7.461372
6177          31    191      43   32.917695  -10.082305
6178          31    192      42   49.239876    7.239876
6179          31    193      41   41.836809    0.836809
6180          31    194      40   44.349606    4.349606
6181          31    195      39   44.794839    5.794839
6182          31    196      38   42.067667    4.067667
6183          31    197      37   35.303128   -1.696872
6184          31    198      36   44.191774    8.191774
6185          31    199      35   44.092056    9.092056
6186          31    200      34   41.715642    7.715642
6187          31    201      33   35.540640    2.540640
6188          31    202      32   29.995445   -2.004555
6189          31    203      31   32.968148    1.968148
6190          31    204      30   29.995445   -0.004555
6191          31    205      29   23.786857   -5.213143
6192          31    206      28   22.071757   -5.928243
6193          31    207      27   24.448171   -2.551829
6194          31    208      26   23.250404   -2.749596
6195          31    209      25   22.390557   -2.609443
6196          31    210      24   20.014143   -3.985857
6197          31    211      23   22.619653   -0.380347
6198          31    212      22   18.289131   -3.710869
6199          31    213      21   18.289131   -2.710869
6200          31    214      20   18.289131   -1.710869
6201          31    215      19   18.289131   -0.710869
6202          31    216      18   19.497745    1.497745
6203          31    217      17   18.289131    1.289131
6204          31    218      16   15.864643   -0.135357
6205          31    219      15   16.946124    1.946124
6206          31    220      14   15.104838    1.104838
6207          31    221      13   15.104838    2.104838
6208          31    222      12   15.104838    3.104838
6209          31    223      11   16.592194    5.592194
6210          31    224      10   17.037427    7.037427
6211          31    225       9   15.229390    6.229390
6212          31    226       8   15.229390    7.229390
6213          31    227       7   15.229390    8.229390
6214          31    228       6   15.910855    9.910855
6215          31    229       5   15.910855   10.910855
6216          31    230       4   15.910855   11.910855
6217          31    231       3   16.859641   13.859641
6218          31    232       2   15.910855   13.910855
6219          31    233       1   16.178177   15.178177
6220          31    234       0   15.229390   15.229390
6221          32      1     190  183.108666   -6.891334
6222          32      2     189  182.292337   -6.707663
6223          32      3     188  185.938340   -2.061660
6224          32      4     187  172.203686  -14.796314
6225          32      5     186  171.734863  -14.265137
6226          32      6     185  174.588288  -10.411712
6227          32      7     184  168.285962  -15.714038
6228          32      8     183  168.106479  -14.893521
6229          32      9     182  167.632711  -14.367289
6230          32     10     181  162.743173  -18.256827
6231          32     11     180  174.307577   -5.692423
6232          32     12     179  169.339983   -9.660017
6233          32     13     178  168.131486   -9.868514
6234          32     14     177  164.816821  -12.183179
6235          32     15     176  163.629196  -12.370804
6236          32     16     175  168.389754   -6.610246
6237          32     17     174  169.510955   -4.489045
6238          32     18     173  174.472752    1.472752
6239          32     19     172  170.977948   -1.022052
6240          32     20     171  167.409453   -3.590547
6241          32     21     170  165.114793   -4.885207
6242          32     22     169  167.871691   -1.128309
6243          32     23     168  171.752172    3.752172
6244          32     24     167  173.821509    6.821509
6245          32     25     166  172.362438    6.362438
6246          32     26     165  168.855102    3.855102
6247          32     27     164  161.440418   -2.559582
6248          32     28     163  160.473049   -2.526951
6249          32     29     162  162.380428    0.380428
6250          32     30     161  153.149700   -7.850300
6251          32     31     160  163.535522    3.535522
6252          32     32     159  162.161517    3.161517
6253          32     33     158  162.196694    4.196694
6254          32     34     157  162.458828    5.458828
6255          32     35     156  163.987210    7.987210
6256          32     36     155  164.601402    9.601402
6257          32     37     154  157.016417    3.016417
6258          32     38     153  155.548147    2.548147
6259          32     39     152  158.896325    6.896325
6260          32     40     151  158.456903    7.456903
6261          32     41     150  160.577214   10.577214
6262          32     42     149  152.401922    3.401922
6263          32     43     148  154.539632    6.539632
6264          32     44     147  150.273890    3.273890
6265          32     45     146  148.068143    2.068143
6266          32     46     145  150.498913    5.498913
6267          32     47     144  141.326350   -2.673650
6268          32     48     143  145.769227    2.769227
6269          32     49     142  134.711340   -7.288660
6270          32     50     141  135.611191   -5.388809
6271          32     51     140  136.641429   -3.358571
6272          32     52     139  130.675510   -8.324490
6273          32     53     138  128.625549   -9.374451
6274          32     54     137  138.993665    1.993665
6275          32     55     136  138.681451    2.681451
6276          32     56     135  134.619273   -0.380727
6277          32     57     134  136.334559    2.334559
6278          32     58     133  133.241769    0.241769
6279          32     59     132  133.182167    1.182167
6280          32     60     131  131.803231    0.803231
6281          32     61     130  132.117637    2.117637
6282          32     62     129  133.466524    4.466524
6283          32     63     128  118.110855   -9.889145
6284          32     64     127  127.179225    0.179225
6285          32     65     126  118.152065   -7.847935
6286          32     66     125  107.028015  -17.971985
6287          32     67     124  124.346057    0.346057
6288          32     68     123  122.199404   -0.800596
6289          32     69     122  124.097574    2.097574
6290          32     70     121  121.589137    0.589137
6291          32     71     120  128.263732    8.263732
6292          32     72     119  123.872972    4.872972
6293          32     73     118  124.275388    6.275388
6294          32     74     117  129.055801   12.055801
6295          32     75     116  117.417391    1.417391
6296          32     76     115  124.093145    9.093145
6297          32     77     114  126.644430   12.644430
6298          32     78     113  121.811186    8.811186
6299          32     79     112  114.530104    2.530104
6300          32     80     111  113.962266    2.962266
6301          32     81     110  118.069406    8.069406
6302          32     82     109  114.745452    5.745452
6303          32     83     108  114.151887    6.151887
6304          32     84     107  110.229187    3.229187
6305          32     85     106  112.316943    6.316943
6306          32     86     105  110.464782    5.464782
6307          32     87     104  112.645758    8.645758
6308          32     88     103  102.168349   -0.831651
6309          32     89     102  104.066990    2.066990
6310          32     90     101  115.482135   14.482135
6311          32     91     100  103.214264    3.214264
6312          32     92      99  116.002475   17.002475
6313          32     93      98  104.333061    6.333061
6314          32     94      97  100.024847    3.024847
6315          32     95      96  101.023175    5.023175
6316          32     96      95   90.545605   -4.454395
6317          32     97      94   93.308296   -0.691704
6318          32     98      93   91.719433   -1.280567
6319          32     99      92   96.079786    4.079786
6320          32    100      91   92.851823    1.851823
6321          32    101      90   95.768491    5.768491
6322          32    102      89   88.383681   -0.616319
6323          32    103      88   84.292853   -3.707147
6324          32    104      87   70.988806  -16.011194
6325          32    105      86   61.625992  -24.374008
6326          32    106      85   84.247077   -0.752923
6327          32    107      84   82.616192   -1.383808
6328          32    108      83   88.973272    5.973272
6329          32    109      82   80.052383   -1.947617
6330          32    110      81   89.324258    8.324258
6331          32    111      80   92.293321   12.293321
6332          32    112      79  100.306929   21.306929
6333          32    113      78   88.291414   10.291414
6334          32    114      77   99.469101   22.469101
6335          32    115      76   87.347191   11.347191
6336          32    116      75   86.392476   11.392476
6337          32    117      74   96.926624   22.926624
6338          32    118      73   72.274999   -0.725001
6339          32    119      72   86.545722   14.545722
6340          32    120      71   73.070980    2.070980
6341          32    121      70   88.230191   18.230191
6342          32    122      69   77.552617    8.552617
6343          32    123      68   72.694035    4.694035
6344          32    124      67   74.442821    7.442821
6345          32    125      66   87.070033   21.070033
6346          32    126      65   81.527870   16.527870
6347          32    127      64   79.273353   15.273353
6348          32    128      63   77.193138   14.193138
6349          32    129      62   66.112073    4.112073
6350          32    130      61   78.605260   17.605260
6351          32    131      60   63.197735    3.197735
6352          32    132      59   65.900423    6.900423
6353          32    133      58   67.097967    9.097967
6354          32    134      57   55.226442   -1.773558
6355          32    135      56   57.858209    1.858209
6356          32    136      55   52.662771   -2.337229
6357          32    137      54   59.515056    5.515056
6358          32    138      53   59.360214    6.360214
6359          32    139      52   47.230217   -4.769783
6360          32    140      51   45.027779   -5.972221
6361          32    141      50   42.452436   -7.547564
6362          32    142      49   67.544663   18.544663
6363          32    143      48   42.947338   -5.052662
6364          32    144      47   50.116775    3.116775
6365          32    145      46   38.393520   -7.606480
6366          32    146      45   34.192777  -10.807223
6367          32    147      44   54.523466   10.523466
6368          32    148      43   42.751775   -0.248225
6369          32    149      42   48.273546    6.273546
6370          32    150      41   35.872328   -5.127672
6371          32    151      40   33.310493   -6.689507
6372          32    152      39   41.703044    2.703044
6373          32    153      38   37.668353   -0.331647
6374          32    154      37   25.193979  -11.806021
6375          32    155      36   47.809557   11.809557
6376          32    156      35   32.700918   -2.299082
6377          32    157      34   39.127081    5.127081
6378          32    158      33   37.421181    4.421181
6379          32    159      32   32.910803    0.910803
6380          32    160      31   36.388688    5.388688
6381          32    161      30   22.825973   -7.174027
6382          32    162      29   37.929238    8.929238
6383          32    163      28   28.196579    0.196579
6384          32    164      27   21.837447   -5.162553
6385          32    165      26   18.182211   -7.817789
6386          32    166      25   14.919436  -10.080564
6387          32    167      24   13.229769  -10.770231
6388          32    168      23   16.179568   -6.820432
6389          32    169      22   17.304210   -4.695790
6390          32    170      21   23.128131    2.128131
6391          32    171      20   13.760627   -6.239373
6392          32    172      19   14.144553   -4.855447
6393          32    173      18   13.229769   -4.770231
6394          32    174      17   15.947314   -1.052686
6395          32    175      16   14.680021   -1.319979
6396          32    176      15   14.144553   -0.855447
6397          32    177      14   13.229769   -0.770231
6398          32    178      13   13.229769    0.229769
6399          32    179      12   13.229769    1.229769
6400          32    180      11   13.229769    2.229769
6401          32    181      10   13.229769    3.229769
6402          32    182       9   14.457093    5.457093
6403          32    183       8   14.457093    6.457093
6404          32    184       7   14.457093    7.457093
6405          32    185       6   13.229769    7.229769
6406          32    186       5   16.092888   11.092888
6407          32    187       4   17.702194   13.702194
6408          32    188       3   16.787410   13.787410
6409          32    189       2   15.778038   13.778038
6410          32    190       1   15.096574   14.096574
6411          32    191       0   13.229769   13.229769
6412          33      1     199  204.695564    5.695564
6413          33      2     198  199.647950    1.647950
6414          33      3     197  183.509019  -13.490981
6415          33      4     196  201.498950    5.498950
6416          33      5     195  196.661780    1.661780
6417          33      6     194  193.755088   -0.244912
6418          33      7     193  202.882031    9.882031
6419          33      8     192  199.541502    7.541502
6420          33      9     191  199.894209    8.894209
6421          33     10     190  196.342431    6.342431
6422          33     11     189  200.078618   11.078618
6423          33     12     188  200.085290   12.085290
6424          33     13     187  198.686671   11.686671
6425          33     14     186  200.085290   14.085290
6426          33     15     185  198.686671   13.686671
6427          33     16     184  193.120819    9.120819
6428          33     17     183  194.756470   11.756470
6429          33     18     182  193.855748   11.855748
6430          33     19     181  192.291477   11.291477
6431          33     20     180  192.720761   12.720761
6432          33     21     179  191.084371   12.084371
6433          33     22     178  189.242772   11.242772
6434          33     23     177  182.276798    5.276798
6435          33     24     176  188.764883   12.764883
6436          33     25     175  189.050759   14.050759
6437          33     26     174  186.557653   12.557653
6438          33     27     173  184.799737   11.799737
6439          33     28     172  184.714624   12.714624
6440          33     29     171  184.567917   13.567917
6441          33     30     170  184.498109   14.498109
6442          33     31     169  184.178943   15.178943
6443          33     32     168  183.898276   15.898276
6444          33     33     167  181.463728   14.463728
6445          33     34     166  179.630939   13.630939
6446          33     35     165  176.858414   11.858414
6447          33     36     164  177.691672   13.691672
6448          33     37     163  175.119721   12.119721
6449          33     38     162  177.735504   15.735504
6450          33     39     161  177.134250   16.134250
6451          33     40     160  177.528025   17.528025
6452          33     41     159  178.333110   19.333110
6453          33     42     158  176.100239   18.100239
6454          33     43     157  176.730490   19.730490
6455          33     44     156  164.911180    8.911180
6456          33     45     155  170.240984   15.240984
6457          33     46     154  171.063384   17.063384
6458          33     47     153  173.017762   20.017762
6459          33     48     152  154.530107    2.530107
6460          33     49     151  170.898062   19.898062
6461          33     50     150  163.319526   13.319526
6462          33     51     149  166.384265   17.384265
6463          33     52     148  153.829380    5.829380
6464          33     53     147  152.680910    5.680910
6465          33     54     146  167.480122   21.480122
6466          33     55     145  167.595947   22.595947
6467          33     56     144  165.624365   21.624365
6468          33     57     143  166.546471   23.546471
6469          33     58     142  162.551609   20.551609
6470          33     59     141  160.339386   19.339386
6471          33     60     140  157.960795   17.960795
6472          33     61     139  152.997645   13.997645
6473          33     62     138  159.702222   21.702222
6474          33     63     137  158.125668   21.125668
6475          33     64     136  155.620734   19.620734
6476          33     65     135  155.386345   20.386345
6477          33     66     134  154.796845   20.796845
6478          33     67     133  133.520137    0.520137
6479          33     68     132  151.459097   19.459097
6480          33     69     131  138.410986    7.410986
6481          33     70     130  146.099362   16.099362
6482          33     71     129  147.000195   18.000195
6483          33     72     128  148.484753   20.484753
6484          33     73     127  130.586288    3.586288
6485          33     74     126  147.387041   21.387041
6486          33     75     125  148.121858   23.121858
6487          33     76     124  151.241936   27.241936
6488          33     77     123  138.410875   15.410875
6489          33     78     122  143.175337   21.175337
6490          33     79     121  139.503736   18.503736
6491          33     80     120  148.063607   28.063607
6492          33     81     119  140.159663   21.159663
6493          33     82     118  135.841633   17.841633
6494          33     83     117  142.073143   25.073143
6495          33     84     116  143.411153   27.411153
6496          33     85     115  135.192113   20.192113
6497          33     86     114  137.951994   23.951994
6498          33     87     113  142.381811   29.381811
6499          33     88     112  131.832783   19.832783
6500          33     89     111  133.395379   22.395379
6501          33     90     110  129.895174   19.895174
6502          33     91     109  116.992305    7.992305
6503          33     92     108  122.368044   14.368044
6504          33     93     107  125.563951   18.563951
6505          33     94     106  122.795666   16.795666
6506          33     95     105  125.076459   20.076459
6507          33     96     104  120.900687   16.900687
6508          33     97     103  121.135529   18.135529
6509          33     98     102  127.794975   25.794975
6510          33     99     101  114.712030   13.712030
6511          33    100     100  119.408322   19.408322
6512          33    101      99  110.016428   11.016428
6513          33    102      98  121.072278   23.072278
6514          33    103      97  122.306188   25.306188
6515          33    104      96   96.653645    0.653645
6516          33    105      95  106.774656   11.774656
6517          33    106      94  119.994799   25.994799
6518          33    107      93   87.642873   -5.357127
6519          33    108      92  115.491199   23.491199
6520          33    109      91  104.591181   13.591181
6521          33    110      90  109.708173   19.708173
6522          33    111      89  107.377410   18.377410
6523          33    112      88  112.956632   24.956632
6524          33    113      87  120.045389   33.045389
6525          33    114      86  112.164214   26.164214
6526          33    115      85  107.450144   22.450144
6527          33    116      84  100.833680   16.833680
6528          33    117      83   99.737825   16.737825
6529          33    118      82  112.934142   30.934142
6530          33    119      81   87.040065    6.040065
6531          33    120      80  104.278773   24.278773
6532          33    121      79   90.429856   11.429856
6533          33    122      78   84.580722    6.580722
6534          33    123      77   79.591101    2.591101
6535          33    124      76   75.751885   -0.248115
6536          33    125      75   85.688359   10.688359
6537          33    126      74   92.368998   18.368998
6538          33    127      73   96.522902   23.522902
6539          33    128      72   97.263915   25.263915
6540          33    129      71   94.602559   23.602559
6541          33    130      70   98.983133   28.983133
6542          33    131      69   85.298538   16.298538
6543          33    132      68   90.401978   22.401978
6544          33    133      67   84.277120   17.277120
6545          33    134      66   70.406765    4.406765
6546          33    135      65   63.997239   -1.002761
6547          33    136      64   64.416854    0.416854
6548          33    137      63   71.906353    8.906353
6549          33    138      62   69.074522    7.074522
6550          33    139      61   87.724473   26.724473
6551          33    140      60   56.849952   -3.150048
6552          33    141      59   78.789595   19.789595
6553          33    142      58   80.593405   22.593405
6554          33    143      57   78.110331   21.110331
6555          33    144      56   63.681728    7.681728
6556          33    145      55   64.346317    9.346317
6557          33    146      54   68.040802   14.040802
6558          33    147      53   62.468797    9.468797
6559          33    148      52   61.310185    9.310185
6560          33    149      51   59.911780    8.911780
6561          33    150      50   60.589109   10.589109
6562          33    151      49   45.861276   -3.138724
6563          33    152      48   44.207023   -3.792977
6564          33    153      47   43.915742   -3.084258
6565          33    154      46   48.797310    2.797310
6566          33    155      45   41.792968   -3.207032
6567          33    156      44   36.497672   -7.502328
6568          33    157      43   41.064035   -1.935965
6569          33    158      42   43.251152    1.251152
6570          33    159      41   47.125534    6.125534
6571          33    160      40   45.916970    5.916970
6572          33    161      39   49.271783   10.271783
6573          33    162      38   46.896866    8.896866
6574          33    163      37   47.559250   10.559250
6575          33    164      36   46.759098   10.759098
6576          33    165      35   43.731352    8.731352
6577          33    166      34   41.717557    7.717557
6578          33    167      33   37.146219    4.146219
6579          33    168      32   38.364498    6.364498
6580          33    169      31   29.024941   -1.975059
6581          33    170      30   29.410765   -0.589235
6582          33    171      29   26.648527   -2.351473
6583          33    172      28   26.648527   -1.351473
6584          33    173      27   27.034351    0.034351
6585          33    174      26   27.034351    1.034351
6586          33    175      25   30.756558    5.756558
6587          33    176      24   30.696769    6.696769
6588          33    177      23   29.410765    6.410765
6589          33    178      22   26.193834    4.193834
6590          33    179      21   26.579658    5.579658
6591          33    180      20   25.808005    5.808005
6592          33    181      19   25.808005    6.808005
6593          33    182      18   28.639112   10.639112
6594          33    183      17   24.618401    7.618401
6595          33    184      16   23.001791    7.001791
6596          33    185      15   21.716491    6.716491
6597          33    186      14   20.309683    6.309683
6598          33    187      13   20.067211    7.067211
6599          33    188      12   21.787650    9.787650
6600          33    189      11   18.651562    7.651562
6601          33    190      10   18.507915    8.507915
6602          33    191       9   17.685125    8.685125
6603          33    192       8   18.428381   10.428381
6604          33    193       7   18.814205   11.814205
6605          33    194       6   20.438361   14.438361
6606          33    195       5   19.477833   14.477833
6607          33    196       4   19.477833   15.477833
6608          33    197       3   19.354789   16.354789
6609          33    198       2   19.092004   17.092004
6610          33    199       1   17.965431   16.965431
6611          33    200       0   17.965431   17.965431
6612          34      1     194  186.235318   -7.764682
6613          34      2     193  189.883065   -3.116935
6614          34      3     192  183.765756   -8.234244
6615          34      4     191  177.790757  -13.209243
6616          34      5     190  176.468757  -13.531243
6617          34      6     189  182.186286   -6.813714
6618          34      7     188  185.214173   -2.785827
6619          34      8     187  181.115526   -5.884474
6620          34      9     186  182.285740   -3.714260
6621          34     10     185  179.549753   -5.450247
6622          34     11     184  171.799749  -12.200251
6623          34     12     183  172.772238  -10.227762
6624          34     13     182  178.069480   -3.930520
6625          34     14     181  174.766505   -6.233495
6626          34     15     180  174.298488   -5.701512
6627          34     16     179  173.246474   -5.753526
6628          34     17     178  168.578374   -9.421626
6629          34     18     177  174.792751   -2.207249
6630          34     19     176  173.738822   -2.261178
6631          34     20     175  173.150698   -1.849302
6632          34     21     174  172.270414   -1.729586
6633          34     22     173  172.193183   -0.806817
6634          34     23     172  168.237472   -3.762528
6635          34     24     171  163.491982   -7.508018
6636          34     25     170  162.436308   -7.563692
6637          34     26     169  165.022360   -3.977640
6638          34     27     168  149.223503  -18.776497
6639          34     28     167  167.570860    0.570860
6640          34     29     166  167.105575    1.105575
6641          34     30     165  164.816067   -0.183933
6642          34     31     164  159.288582   -4.711418
6643          34     32     163  156.023144   -6.976856
6644          34     33     162  162.600868    0.600868
6645          34     34     161  163.805061    2.805061
6646          34     35     160  154.489141   -5.510859
6647          34     36     159  164.648904    5.648904
6648          34     37     158  160.243936    2.243936
6649          34     38     157  146.782547  -10.217453
6650          34     39     156  160.100530    4.100530
6651          34     40     155  155.489239    0.489239
6652          34     41     154  161.603738    7.603738
6653          34     42     153  158.399884    5.399884
6654          34     43     152  159.059040    7.059040
6655          34     44     151  158.399884    7.399884
6656          34     45     150  154.577320    4.577320
6657          34     46     149  149.917525    0.917525
6658          34     47     148  154.470322    6.470322
6659          34     48     147  143.096702   -3.903298
6660          34     49     146  145.711153   -0.288847
6661          34     50     145  152.518717    7.518717
6662          34     51     144  141.801325   -2.198675
6663          34     52     143  150.321596    7.321596
6664          34     53     142  150.451713    8.451713
6665          34     54     141  141.694131    0.694131
6666          34     55     140  145.044940    5.044940
6667          34     56     139  147.057796    8.057796
6668          34     57     138  138.214299    0.214299
6669          34     58     137  144.082193    7.082193
6670          34     59     136  139.350098    3.350098
6671          34     60     135  139.389116    4.389116
6672          34     61     134  145.956779   11.956779
6673          34     62     133  144.202822   11.202822
6674          34     63     132  128.631798   -3.368202
6675          34     64     131  132.641110    1.641110
6676          34     65     130  135.180721    5.180721
6677          34     66     129  133.402423    4.402423
6678          34     67     128  133.013787    5.013787
6679          34     68     127  135.952916    8.952916
6680          34     69     126  135.956841    9.956841
6681          34     70     125  130.638982    5.638982
6682          34     71     124  121.925751   -2.074249
6683          34     72     123  123.822844    0.822844
6684          34     73     122  125.270057    3.270057
6685          34     74     121  131.753571   10.753571
6686          34     75     120  123.118084    3.118084
6687          34     76     119  123.579790    4.579790
6688          34     77     118  125.590515    7.590515
6689          34     78     117  129.524285   12.524285
6690          34     79     116  117.511878    1.511878
6691          34     80     115  114.061527   -0.938473
6692          34     81     114  114.500882    0.500882
6693          34     82     113  118.306938    5.306938
6694          34     83     112  119.712024    7.712024
6695          34     84     111  111.203548    0.203548
6696          34     85     110  107.010578   -2.989422
6697          34     86     109  108.326799   -0.673201
6698          34     87     108  109.278203    1.278203
6699          34     88     107  115.593719    8.593719
6700          34     89     106  105.413021   -0.586979
6701          34     90     105  119.946258   14.946258
6702          34     91     104  106.029468    2.029468
6703          34     92     103  114.883325   11.883325
6704          34     93     102   96.877492   -5.122508
6705          34     94     101  106.684275    5.684275
6706          34     95     100  113.814371   13.814371
6707          34     96      99  110.145329   11.145329
6708          34     97      98  111.762503   13.762503
6709          34     98      97  104.725894    7.725894
6710          34     99      96  110.405705   14.405705
6711          34    100      95   96.267249    1.267249
6712          34    101      94   96.910938    2.910938
6713          34    102      93   93.694790    0.694790
6714          34    103      92  105.561831   13.561831
6715          34    104      91   92.356165    1.356165
6716          34    105      90   90.858279    0.858279
6717          34    106      89   93.676089    4.676089
6718          34    107      88   92.101229    4.101229
6719          34    108      87   94.749370    7.749370
6720          34    109      86   96.213744   10.213744
6721          34    110      85   88.704121    3.704121
6722          34    111      84   91.373024    7.373024
6723          34    112      83   88.463441    5.463441
6724          34    113      82   74.856744   -7.143256
6725          34    114      81   87.148911    6.148911
6726          34    115      80   89.024534    9.024534
6727          34    116      79   92.684782   13.684782
6728          34    117      78   89.956994   11.956994
6729          34    118      77   87.958829   10.958829
6730          34    119      76   90.859958   14.859958
6731          34    120      75   83.704243    8.704243
6732          34    121      74   93.281995   19.281995
6733          34    122      73   79.787427    6.787427
6734          34    123      72   82.664944   10.664944
6735          34    124      71   81.966598   10.966598
6736          34    125      70   77.566431    7.566431
6737          34    126      69   83.465266   14.465266
6738          34    127      68   78.792758   10.792758
6739          34    128      67   62.162222   -4.837778
6740          34    129      66   74.866640    8.866640
6741          34    130      65   78.186403   13.186403
6742          34    131      64   76.807210   12.807210
6743          34    132      63   72.386435    9.386435
6744          34    133      62   57.391364   -4.608636
6745          34    134      61   69.998488    8.998488
6746          34    135      60   66.023000    6.023000
6747          34    136      59   56.747063   -2.252937
6748          34    137      58   66.613867    8.613867
6749          34    138      57   58.331496    1.331496
6750          34    139      56   50.285431   -5.714569
6751          34    140      55   54.108493   -0.891507
6752          34    141      54   55.978704    1.978704
6753          34    142      53   59.536605    6.536605
6754          34    143      52   54.613672    2.613672
6755          34    144      51   47.660079   -3.339921
6756          34    145      50   55.205163    5.205163
6757          34    146      49   64.691439   15.691439
6758          34    147      48   54.393413    6.393413
6759          34    148      47   44.667737   -2.332263
6760          34    149      46   51.447199    5.447199
6761          34    150      45   44.704160   -0.295840
6762          34    151      44   40.991068   -3.008932
6763          34    152      43   32.279040  -10.720960
6764          34    153      42   50.059529    8.059529
6765          34    154      41   26.802842  -14.197158
6766          34    155      40   53.016739   13.016739
6767          34    156      39   41.764073    2.764073
6768          34    157      38   47.535199    9.535199
6769          34    158      37   36.213977   -0.786023
6770          34    159      36   30.900134   -5.099866
6771          34    160      35   37.025353    2.025353
6772          34    161      34   49.349115   15.349115
6773          34    162      33   38.301271    5.301271
6774          34    163      32   40.487973    8.487973
6775          34    164      31   22.991490   -8.008510
6776          34    165      30   19.809044  -10.190956
6777          34    166      29   20.970458   -8.029542
6778          34    167      28   34.057156    6.057156
6779          34    168      27   16.565545  -10.434455
6780          34    169      26   19.123742   -6.876258
6781          34    170      25   17.915128   -7.084872
6782          34    171      24   19.716377   -4.283623
6783          34    172      23   27.958738    4.958738
6784          34    173      22   24.549808    2.549808
6785          34    174      21   16.054937   -4.945063
6786          34    175      20   15.691179   -4.308821
6787          34    176      19   24.332197    5.332197
6788          34    177      18   20.889989    2.889989
6789          34    178      17   16.173401   -0.826599
6790          34    179      16   16.535794    0.535794
6791          34    180      15   18.163337    3.163337
6792          34    181      14   18.482893    4.482893
6793          34    182      13   17.398187    4.398187
6794          34    183      12   17.398187    5.398187
6795          34    184      11   14.844958    3.844958
6796          34    185      10   14.482565    4.482565
6797          34    186       9   14.088576    5.088576
6798          34    187       8   12.347853    4.347853
6799          34    188       7   12.347853    5.347853
6800          34    189       6   12.347853    6.347853
6801          34    190       5   12.347853    7.347853
6802          34    191       4   12.347853    8.347853
6803          34    192       3   12.347853    9.347853
6804          34    193       2   12.347853   10.347853
6805          34    194       1   12.347853   11.347853
6806          34    195       0   12.347853   12.347853
6807          35      1     180  195.615086   15.615086
6808          35      2     179  187.378592    8.378592
6809          35      3     178  185.092576    7.092576
6810          35      4     177  176.243462   -0.756538
6811          35      5     176  185.095174    9.095174
6812          35      6     175  183.318404    8.318404
6813          35      7     174  179.651649    5.651649
6814          35      8     173  178.417098    5.417098
6815          35      9     172  176.987810    4.987810
6816          35     10     171  187.771882   16.771882
6817          35     11     170  188.198832   18.198832
6818          35     12     169  183.335727   14.335727
6819          35     13     168  188.147801   20.147801
6820          35     14     167  190.523503   23.523503
6821          35     15     166  177.060576   11.060576
6822          35     16     165  169.988852    4.988852
6823          35     17     164  188.489440   24.489440
6824          35     18     163  179.974504   16.974504
6825          35     19     162  184.280202   22.280202
6826          35     20     161  176.892307   15.892307
6827          35     21     160  176.935030   16.935030
6828          35     22     159  177.375533   18.375533
6829          35     23     158  173.734691   15.734691
6830          35     24     157  174.011559   17.011559
6831          35     25     156  164.334162    8.334162
6832          35     26     155  172.530950   17.530950
6833          35     27     154  171.056197   17.056197
6834          35     28     153  169.972804   16.972804
6835          35     29     152  169.247350   17.247350
6836          35     30     151  172.566043   21.566043
6837          35     31     150  167.430589   17.430589
6838          35     32     149  159.146628   10.146628
6839          35     33     148  156.530818    8.530818
6840          35     34     147  161.605743   14.605743
6841          35     35     146  158.695797   12.695797
6842          35     36     145  159.202614   14.202614
6843          35     37     144  151.659369    7.659369
6844          35     38     143  155.467979   12.467979
6845          35     39     142  154.943789   12.943789
6846          35     40     141  155.969522   14.969522
6847          35     41     140  151.400998   11.400998
6848          35     42     139  133.728288   -5.271712
6849          35     43     138  153.319830   15.319830
6850          35     44     137  137.113973    0.113973
6851          35     45     136  150.491183   14.491183
6852          35     46     135  151.439784   16.439784
6853          35     47     134  145.682182   11.682182
6854          35     48     133  124.978740   -8.021260
6855          35     49     132  137.672151    5.672151
6856          35     50     131  137.222279    6.222279
6857          35     51     130  142.868547   12.868547
6858          35     52     129  142.167560   13.167560
6859          35     53     128  140.233297   12.233297
6860          35     54     127  140.734779   13.734779
6861          35     55     126  137.852285   11.852285
6862          35     56     125  138.044363   13.044363
6863          35     57     124  139.185481   15.185481
6864          35     58     123  134.013113   11.013113
6865          35     59     122  126.234875    4.234875
6866          35     60     121  134.881985   13.881985
6867          35     61     120  130.262093   10.262093
6868          35     62     119  126.255048    7.255048
6869          35     63     118  125.711604    7.711604
6870          35     64     117  125.895550    8.895550
6871          35     65     116  132.155149   16.155149
6872          35     66     115  129.583767   14.583767
6873          35     67     114  130.995501   16.995501
6874          35     68     113  127.848589   14.848589
6875          35     69     112  125.068385   13.068385
6876          35     70     111  133.829883   22.829883
6877          35     71     110  117.893212    7.893212
6878          35     72     109  120.826847   11.826847
6879          35     73     108  122.656340   14.656340
6880          35     74     107  126.094466   19.094466
6881          35     75     106  126.050559   20.050559
6882          35     76     105  122.332454   17.332454
6883          35     77     104  124.251207   20.251207
6884          35     78     103  128.866488   25.866488
6885          35     79     102  126.741820   24.741820
6886          35     80     101  132.230631   31.230631
6887          35     81     100  115.784002   15.784002
6888          35     82      99  119.939735   20.939735
6889          35     83      98  117.139684   19.139684
6890          35     84      97  116.425683   19.425683
6891          35     85      96  119.394788   23.394788
6892          35     86      95  121.159826   26.159826
6893          35     87      94  122.655374   28.655374
6894          35     88      93  125.281615   32.281615
6895          35     89      92  117.061393   25.061393
6896          35     90      91  119.304158   28.304158
6897          35     91      90  117.784396   27.784396
6898          35     92      89  110.995843   21.995843
6899          35     93      88  114.474419   26.474419
6900          35     94      87  116.997645   29.997645
6901          35     95      86  108.960847   22.960847
6902          35     96      85  103.331736   18.331736
6903          35     97      84  114.581048   30.581048
6904          35     98      83  101.819664   18.819664
6905          35     99      82  108.436564   26.436564
6906          35    100      81  113.047538   32.047538
6907          35    101      80  109.430325   29.430325
6908          35    102      79  100.366258   21.366258
6909          35    103      78  103.866853   25.866853
6910          35    104      77   99.344495   22.344495
6911          35    105      76   92.908845   16.908845
6912          35    106      75   86.842161   11.842161
6913          35    107      74   89.355762   15.355762
6914          35    108      73   94.449298   21.449298
6915          35    109      72   90.816486   18.816486
6916          35    110      71   94.285559   23.285559
6917          35    111      70   81.975877   11.975877
6918          35    112      69   70.912592    1.912592
6919          35    113      68   68.649425    0.649425
6920          35    114      67   92.051712   25.051712
6921          35    115      66   86.848746   20.848746
6922          35    116      65   93.958278   28.958278
6923          35    117      64   75.708961   11.708961
6924          35    118      63   75.276719   12.276719
6925          35    119      62   82.464331   20.464331
6926          35    120      61   64.691292    3.691292
6927          35    121      60   70.494458   10.494458
6928          35    122      59   73.026882   14.026882
6929          35    123      58   87.300313   29.300313
6930          35    124      57   63.560618    6.560618
6931          35    125      56   56.351950    0.351950
6932          35    126      55   60.456630    5.456630
6933          35    127      54   60.974585    6.974585
6934          35    128      53   54.800198    1.800198
6935          35    129      52   58.463628    6.463628
6936          35    130      51   60.088818    9.088818
6937          35    131      50   59.989270    9.989270
6938          35    132      49   45.764930   -3.235070
6939          35    133      48   54.479044    6.479044
6940          35    134      47   72.955731   25.955731
6941          35    135      46   40.523555   -5.476445
6942          35    136      45   37.149220   -7.850780
6943          35    137      44   38.799067   -5.200933
6944          35    138      43   44.010834    1.010834
6945          35    139      42   48.583688    6.583688
6946          35    140      41   29.914220  -11.085780
6947          35    141      40   29.645539  -10.354461
6948          35    142      39   39.667922    0.667922
6949          35    143      38   32.684890   -5.315110
6950          35    144      37   28.605839   -8.394161
6951          35    145      36   33.423052   -2.576948
6952          35    146      35   27.853131   -7.146869
6953          35    147      34   27.938650   -6.061350
6954          35    148      33   35.044577    2.044577
6955          35    149      32   36.737851    4.737851
6956          35    150      31   25.077876   -5.922124
6957          35    151      30   23.550191   -6.449809
6958          35    152      29   27.053759   -1.946241
6959          35    153      28   22.879796   -5.120204
6960          35    154      27   20.699771   -6.300229
6961          35    155      26   19.002512   -6.997488
6962          35    156      25   15.589435   -9.410565
6963          35    157      24   15.589435   -8.410565
6964          35    158      23   14.182627   -8.817373
6965          35    159      22   15.040244   -6.959756
6966          35    160      21   14.182627   -6.817373
6967          35    161      20   19.188743   -0.811257
6968          35    162      19   16.023392   -2.976608
6969          35    163      18   17.895038   -0.104962
6970          35    164      17   15.589565   -1.410435
6971          35    165      16   15.462708   -0.537292
6972          35    166      15   14.595953   -0.404047
6973          35    167      14   14.595953    0.595953
6974          35    168      13   13.710066    0.710066
6975          35    169      12   12.729149    0.729149
6976          35    170      11   12.347853    1.347853
6977          35    171      10   12.729149    2.729149
6978          35    172       9   12.543948    3.543948
6979          35    173       8   12.543948    4.543948
6980          35    174       7   12.347853    5.347853
6981          35    175       6   12.729149    6.729149
6982          35    176       5   12.347853    7.347853
6983          35    177       4   12.347853    8.347853
6984          35    178       3   12.347853    9.347853
6985          35    179       2   12.347853   10.347853
6986          35    180       1   12.347853   11.347853
6987          35    181       0   12.729149   12.729149
6988          36      1     157  193.298503   36.298503
6989          36      2     156  177.446797   21.446797
6990          36      3     155  180.308003   25.308003
6991          36      4     154  174.691644   20.691644
6992          36      5     153  179.344271   26.344271
6993          36      6     152  188.330743   36.330743
6994          36      7     151  185.342943   34.342943
6995          36      8     150  191.408089   41.408089
6996          36      9     149  189.656228   40.656228
6997          36     10     148  162.911271   14.911271
6998          36     11     147  187.349100   40.349100
6999          36     12     146  186.700841   40.700841
7000          36     13     145  184.414411   39.414411
7001          36     14     144  173.414290   29.414290
7002          36     15     143  180.373934   37.373934
7003          36     16     142  182.113613   40.113613
7004          36     17     141  178.518459   37.518459
7005          36     18     140  171.985264   31.985264
7006          36     19     139  174.632780   35.632780
7007          36     20     138  175.394204   37.394204
7008          36     21     137  177.146140   40.146140
7009          36     22     136  160.412498   24.412498
7010          36     23     135  166.480462   31.480462
7011          36     24     134  159.224519   25.224519
7012          36     25     133  159.605564   26.605564
7013          36     26     132  157.681792   25.681792
7014          36     27     131  161.974901   30.974901
7015          36     28     130  148.489980   18.489980
7016          36     29     129  163.265871   34.265871
7017          36     30     128  156.435483   28.435483
7018          36     31     127  158.963714   31.963714
7019          36     32     126  155.422759   29.422759
7020          36     33     125  159.903789   34.903789
7021          36     34     124  154.557566   30.557566
7022          36     35     123  157.946113   34.946113
7023          36     36     122  159.126297   37.126297
7024          36     37     121  137.334121   16.334121
7025          36     38     120  153.757515   33.757515
7026          36     39     119  146.389251   27.389251
7027          36     40     118  143.599173   25.599173
7028          36     41     117  149.860834   32.860834
7029          36     42     116  146.047590   30.047590
7030          36     43     115  146.919307   31.919307
7031          36     44     114  148.047909   34.047909
7032          36     45     113  128.742455   15.742455
7033          36     46     112  139.682757   27.682757
7034          36     47     111  143.318993   32.318993
7035          36     48     110  143.721165   33.721165
7036          36     49     109  143.453873   34.453873
7037          36     50     108  137.851683   29.851683
7038          36     51     107  139.529118   32.529118
7039          36     52     106  141.061698   35.061698
7040          36     53     105  137.943419   32.943419
7041          36     54     104  142.342595   38.342595
7042          36     55     103  127.011186   24.011186
7043          36     56     102  134.318409   32.318409
7044          36     57     101  135.624958   34.624958
7045          36     58     100  126.817429   26.817429
7046          36     59      99  131.585718   32.585718
7047          36     60      98  125.789543   27.789543
7048          36     61      97  120.740394   23.740394
7049          36     62      96  127.999294   31.999294
7050          36     63      95  127.347557   32.347557
7051          36     64      94  127.625226   33.625226
7052          36     65      93  128.466112   35.466112
7053          36     66      92  127.877285   35.877285
7054          36     67      91  117.286858   26.286858
7055          36     68      90  128.385132   38.385132
7056          36     69      89  124.586602   35.586602
7057          36     70      88  120.753179   32.753179
7058          36     71      87  123.368006   36.368006
7059          36     72      86   94.818773    8.818773
7060          36     73      85  115.503031   30.503031
7061          36     74      84  122.968795   38.968795
7062          36     75      83  120.042914   37.042914
7063          36     76      82  122.441488   40.441488
7064          36     77      81  113.533710   32.533710
7065          36     78      80  116.061049   36.061049
7066          36     79      79  115.923997   36.923997
7067          36     80      78  106.482937   28.482937
7068          36     81      77   93.760752   16.760752
7069          36     82      76  108.344053   32.344053
7070          36     83      75   97.429217   22.429217
7071          36     84      74  109.909114   35.909114
7072          36     85      73  109.235332   36.235332
7073          36     86      72  111.401477   39.401477
7074          36     87      71  106.967895   35.967895
7075          36     88      70  108.785756   38.785756
7076          36     89      69  105.941930   36.941930
7077          36     90      68  105.091429   37.091429
7078          36     91      67  111.296820   44.296820
7079          36     92      66  104.033187   38.033187
7080          36     93      65   97.239312   32.239312
7081          36     94      64   76.708361   12.708361
7082          36     95      63   77.974803   14.974803
7083          36     96      62   75.026788   13.026788
7084          36     97      61   85.310605   24.310605
7085          36     98      60   60.321678    0.321678
7086          36     99      59   71.262171   12.262171
7087          36    100      58   75.824101   17.824101
7088          36    101      57   79.824938   22.824938
7089          36    102      56   45.122837  -10.877163
7090          36    103      55   66.912093   11.912093
7091          36    104      54   64.682592   10.682592
7092          36    105      53   72.607200   19.607200
7093          36    106      52   59.643007    7.643007
7094          36    107      51   74.932385   23.932385
7095          36    108      50   91.967984   41.967984
7096          36    109      49   72.757977   23.757977
7097          36    110      48   58.495809   10.495809
7098          36    111      47   62.286416   15.286416
7099          36    112      46   40.039398   -5.960602
7100          36    113      45   47.967651    2.967651
7101          36    114      44   47.294195    3.294195
7102          36    115      43   52.962713    9.962713
7103          36    116      42   29.705687  -12.294313
7104          36    117      41   29.278049  -11.721951
7105          36    118      40   63.612558   23.612558
7106          36    119      39   46.294897    7.294897
7107          36    120      38   45.767345    7.767345
7108          36    121      37   56.060851   19.060851
7109          36    122      36   66.244472   30.244472
7110          36    123      35   39.393603    4.393603
7111          36    124      34   42.600523    8.600523
7112          36    125      33   34.236373    1.236373
7113          36    126      32   31.806090   -0.193910
7114          36    127      31   30.030452   -0.969548
7115          36    128      30   37.227552    7.227552
7116          36    129      29   34.637755    5.637755
7117          36    130      28   29.791110    1.791110
7118          36    131      27   31.879891    4.879891
7119          36    132      26   30.658395    4.658395
7120          36    133      25   26.446005    1.446005
7121          36    134      24   28.593373    4.593373
7122          36    135      23   27.384759    4.384759
7123          36    136      22   24.974155    2.974155
7124          36    137      21   25.999231    4.999231
7125          36    138      20   21.690944    1.690944
7126          36    139      19   23.867591    4.867591
7127          36    140      18   22.096288    4.096288
7128          36    141      17   21.690944    4.690944
7129          36    142      16   21.052606    5.052606
7130          36    143      15   24.023083    9.023083
7131          36    144      14   20.451075    6.451075
7132          36    145      13   19.858726    6.858726
7133          36    146      12   19.015794    7.015794
7134          36    147      11   18.502147    7.502147
7135          36    148      10   18.502147    8.502147
7136          36    149       9   20.934186   11.934186
7137          36    150       8   21.003298   13.003298
7138          36    151       7   19.786372   12.786372
7139          36    152       6   18.451763   12.451763
7140          36    153       5   17.986213   12.986213
7141          36    154       4   17.037427   13.037427
7142          36    155       3   15.910855   12.910855
7143          36    156       2   15.910855   13.910855
7144          36    157       1   14.747650   13.747650
7145          36    158       0   13.666208   13.666208
7146          37      1     169  196.203901   27.203901
7147          37      2     168  182.250818   14.250818
7148          37      3     167  188.987275   21.987275
7149          37      4     166  185.269953   19.269953
7150          37      5     165  181.270576   16.270576
7151          37      6     164  187.501315   23.501315
7152          37      7     163  187.704239   24.704239
7153          37      8     162  175.946811   13.946811
7154          37      9     161  184.755559   23.755559
7155          37     10     160  168.813167    8.813167
7156          37     11     159  174.704411   15.704411
7157          37     12     158  176.282415   18.282415
7158          37     13     157  165.304449    8.304449
7159          37     14     156  168.002651   12.002651
7160          37     15     155  174.984833   19.984833
7161          37     16     154  166.321301   12.321301
7162          37     17     153  153.652728    0.652728
7163          37     18     152  164.044516   12.044516
7164          37     19     151  165.529477   14.529477
7165          37     20     150  162.432748   12.432748
7166          37     21     149  160.677842   11.677842
7167          37     22     148  167.510029   19.510029
7168          37     23     147  166.964993   19.964993
7169          37     24     146  171.649322   25.649322
7170          37     25     145  166.840091   21.840091
7171          37     26     144  151.516396    7.516396
7172          37     27     143  166.376335   23.376335
7173          37     28     142  161.766605   19.766605
7174          37     29     141  161.067056   20.067056
7175          37     30     140  157.889924   17.889924
7176          37     31     139  162.861525   23.861525
7177          37     32     138  160.502111   22.502111
7178          37     33     137  162.754022   25.754022
7179          37     34     136  159.129714   23.129714
7180          37     35     135  153.623588   18.623588
7181          37     36     134  157.252561   23.252561
7182          37     37     133  158.740722   25.740722
7183          37     38     132  155.737218   23.737218
7184          37     39     131  157.268920   26.268920
7185          37     40     130  154.460515   24.460515
7186          37     41     129  151.134113   22.134113
7187          37     42     128  151.365779   23.365779
7188          37     43     127  147.976834   20.976834
7189          37     44     126  148.982033   22.982033
7190          37     45     125  135.400429   10.400429
7191          37     46     124  152.687023   28.687023
7192          37     47     123  150.960139   27.960139
7193          37     48     122  147.289425   25.289425
7194          37     49     121  146.891442   25.891442
7195          37     50     120  147.442943   27.442943
7196          37     51     119  148.089955   29.089955
7197          37     52     118  148.089955   30.089955
7198          37     53     117  148.988204   31.988204
7199          37     54     116  146.081174   30.081174
7200          37     55     115  136.552521   21.552521
7201          37     56     114  142.838696   28.838696
7202          37     57     113  141.293860   28.293860
7203          37     58     112  139.276922   27.276922
7204          37     59     111  121.003902   10.003902
7205          37     60     110  131.015270   21.015270
7206          37     61     109  137.413022   28.413022
7207          37     62     108  107.748433   -0.251567
7208          37     63     107  128.682065   21.682065
7209          37     64     106  121.196323   15.196323
7210          37     65     105  121.977137   16.977137
7211          37     66     104  127.839337   23.839337
7212          37     67     103  113.546582   10.546582
7213          37     68     102  117.333502   15.333502
7214          37     69     101  122.436286   21.436286
7215          37     70     100  123.944044   23.944044
7216          37     71      99  107.134311    8.134311
7217          37     72      98  114.258894   16.258894
7218          37     73      97  115.236019   18.236019
7219          37     74      96  115.241175   19.241175
7220          37     75      95  108.133724   13.133724
7221          37     76      94  108.330621   14.330621
7222          37     77      93  120.148478   27.148478
7223          37     78      92  118.720521   26.720521
7224          37     79      91  114.903626   23.903626
7225          37     80      90  112.709366   22.709366
7226          37     81      89  113.280119   24.280119
7227          37     82      88  115.770471   27.770471
7228          37     83      87  104.815263   17.815263
7229          37     84      86  116.767240   30.767240
7230          37     85      85  111.379713   26.379713
7231          37     86      84  107.363442   23.363442
7232          37     87      83   96.977124   13.977124
7233          37     88      82  104.824716   22.824716
7234          37     89      81  106.888153   25.888153
7235          37     90      80   93.162669   13.162669
7236          37     91      79   99.626153   20.626153
7237          37     92      78   87.445889    9.445889
7238          37     93      77  105.216493   28.216493
7239          37     94      76   77.159459    1.159459
7240          37     95      75   99.039326   24.039326
7241          37     96      74   94.555722   20.555722
7242          37     97      73   87.591464   14.591464
7243          37     98      72   83.041100   11.041100
7244          37     99      71   88.132685   17.132685
7245          37    100      70   92.048518   22.048518
7246          37    101      69  107.482810   38.482810
7247          37    102      68   70.248207    2.248207
7248          37    103      67   69.095952    2.095952
7249          37    104      66   96.205179   30.205179
7250          37    105      65   89.570172   24.570172
7251          37    106      64   65.167609    1.167609
7252          37    107      63   76.733073   13.733073
7253          37    108      62   76.020265   14.020265
7254          37    109      61   73.113338   12.113338
7255          37    110      60   60.231232    0.231232
7256          37    111      59   70.584021   11.584021
7257          37    112      58   86.274951   28.274951
7258          37    113      57   69.515389   12.515389
7259          37    114      56   79.136212   23.136212
7260          37    115      55   80.386631   25.386631
7261          37    116      54   62.649837    8.649837
7262          37    117      53   60.754794    7.754794
7263          37    118      52   48.393891   -3.606109
7264          37    119      51   65.467708   14.467708
7265          37    120      50   45.291698   -4.708302
7266          37    121      49   68.361574   19.361574
7267          37    122      48   48.274438    0.274438
7268          37    123      47   46.822114   -0.177886
7269          37    124      46   64.350671   18.350671
7270          37    125      45   62.250536   17.250536
7271          37    126      44   50.346315    6.346315
7272          37    127      43   51.316019    8.316019
7273          37    128      42   49.496115    7.496115
7274          37    129      41   66.150025   25.150025
7275          37    130      40   49.799232    9.799232
7276          37    131      39   51.191705   12.191705
7277          37    132      38   49.482099   11.482099
7278          37    133      37   46.332654    9.332654
7279          37    134      36   42.412986    6.412986
7280          37    135      35   37.673623    2.673623
7281          37    136      34   44.711564   10.711564
7282          37    137      33   48.741283   15.741283
7283          37    138      32   51.336149   19.336149
7284          37    139      31   60.801729   29.801729
7285          37    140      30   34.436691    4.436691
7286          37    141      29   26.216903   -2.783097
7287          37    142      28   23.836266   -4.163734
7288          37    143      27   29.642983    2.642983
7289          37    144      26   20.541324   -5.458676
7290          37    145      25   21.124430   -3.875570
7291          37    146      24   20.020382   -3.979618
7292          37    147      23   21.481178   -1.518822
7293          37    148      22   18.927948   -3.072052
7294          37    149      21   18.927948   -2.072052
7295          37    150      20   18.927948   -1.072052
7296          37    151      19   20.378200    1.378200
7297          37    152      18   19.203278    1.203278
7298          37    153      17   16.989332   -0.010668
7299          37    154      16   16.989332    0.989332
7300          37    155      15   15.148046    0.148046
7301          37    156      14   15.148046    1.148046
7302          37    157      13   15.148046    2.148046
7303          37    158      12   15.148046    3.148046
7304          37    159      11   18.421199    7.421199
7305          37    160      10   17.953039    7.953039
7306          37    161       9   16.433346    7.433346
7307          37    162       8   17.037427    9.037427
7308          37    163       7   14.792780    7.792780
7309          37    164       6   14.792780    8.792780
7310          37    165       5   15.178610   10.178610
7311          37    166       4   15.490668   11.490668
7312          37    167       3   15.490668   12.490668
7313          37    168       2   15.460104   13.460104
7314          37    169       1   15.460104   14.460104
7315          37    170       0   15.460104   15.460104
7316          38      1     193  185.369595   -7.630405
7317          38      2     192  187.596299   -4.403701
7318          38      3     191  184.919820   -6.080180
7319          38      4     190  179.033707  -10.966293
7320          38      5     189  179.238948   -9.761052
7321          38      6     188  174.415459  -13.584541
7322          38      7     187  168.237601  -18.762399
7323          38      8     186  167.505044  -18.494956
7324          38      9     185  168.250801  -16.749199
7325          38     10     184  162.277453  -21.722547
7326          38     11     183  166.106078  -16.893922
7327          38     12     182  154.888438  -27.111562
7328          38     13     181  157.093606  -23.906394
7329          38     14     180  159.648283  -20.351717
7330          38     15     179  156.655614  -22.344386
7331          38     16     178  160.095468  -17.904532
7332          38     17     177  162.843566  -14.156434
7333          38     18     176  163.545411  -12.454589
7334          38     19     175  165.120916   -9.879084
7335          38     20     174  157.518894  -16.481106
7336          38     21     173  166.835823   -6.164177
7337          38     22     172  154.283489  -17.716511
7338          38     23     171  152.631963  -18.368037
7339          38     24     170  162.519836   -7.480164
7340          38     25     169  163.570542   -5.429458
7341          38     26     168  155.242447  -12.757553
7342          38     27     167  147.811541  -19.188459
7343          38     28     166  167.125495    1.125495
7344          38     29     165  165.820969    0.820969
7345          38     30     164  166.088261    2.088261
7346          38     31     163  161.057235   -1.942765
7347          38     32     162  157.801023   -4.198977
7348          38     33     161  161.124835    0.124835
7349          38     34     160  149.899005  -10.100995
7350          38     35     159  163.737405    4.737405
7351          38     36     158  157.795806   -0.204194
7352          38     37     157  157.338247    0.338247
7353          38     38     156  145.251788  -10.748212
7354          38     39     155  157.601035    2.601035
7355          38     40     154  157.724672    3.724672
7356          38     41     153  151.989750   -1.010250
7357          38     42     152  146.827172   -5.172828
7358          38     43     151  152.300534    1.300534
7359          38     44     150  150.519870    0.519870
7360          38     45     149  146.376072   -2.623928
7361          38     46     148  151.927578    3.927578
7362          38     47     147  150.754114    3.754114
7363          38     48     146  151.805685    5.805685
7364          38     49     145  144.286264   -0.713736
7365          38     50     144  135.119818   -8.880182
7366          38     51     143  147.470458    4.470458
7367          38     52     142  144.354935    2.354935
7368          38     53     141  144.003920    3.003920
7369          38     54     140  139.297507   -0.702493
7370          38     55     139  146.814583    7.814583
7371          38     56     138  141.674290    3.674290
7372          38     57     137  142.456623    5.456623
7373          38     58     136  145.553827    9.553827
7374          38     59     135  145.039459   10.039459
7375          38     60     134  136.322278    2.322278
7376          38     61     133  146.122232   13.122232
7377          38     62     132  136.626391    4.626391
7378          38     63     131  142.570574   11.570574
7379          38     64     130  141.487384   11.487384
7380          38     65     129  142.144855   13.144855
7381          38     66     128  140.098895   12.098895
7382          38     67     127  135.970312    8.970312
7383          38     68     126  138.600828   12.600828
7384          38     69     125  121.639749   -3.360251
7385          38     70     124  128.884500    4.884500
7386          38     71     123  132.620070    9.620070
7387          38     72     122  135.214225   13.214225
7388          38     73     121  136.060754   15.060754
7389          38     74     120  130.612180   10.612180
7390          38     75     119  129.247070   10.247070
7391          38     76     118  128.642369   10.642369
7392          38     77     117  120.245426    3.245426
7393          38     78     116  126.233315   10.233315
7394          38     79     115  117.871895    2.871895
7395          38     80     114  118.818359    4.818359
7396          38     81     113  116.187089    3.187089
7397          38     82     112  114.288295    2.288295
7398          38     83     111  112.322119    1.322119
7399          38     84     110  112.580257    2.580257
7400          38     85     109  108.040916   -0.959084
7401          38     86     108  105.422726   -2.577274
7402          38     87     107  115.451436    8.451436
7403          38     88     106  113.566357    7.566357
7404          38     89     105  115.086783   10.086783
7405          38     90     104  105.108780    1.108780
7406          38     91     103  110.955407    7.955407
7407          38     92     102  111.910378    9.910378
7408          38     93     101  115.820051   14.820051
7409          38     94     100  111.911723   11.911723
7410          38     95      99  111.368759   12.368759
7411          38     96      98  107.684935    9.684935
7412          38     97      97   97.503475    0.503475
7413          38     98      96  101.380841    5.380841
7414          38     99      95   93.846409   -1.153591
7415          38    100      94   94.258603    0.258603
7416          38    101      93  107.815602   14.815602
7417          38    102      92  104.400433   12.400433
7418          38    103      91   98.021882    7.021882
7419          38    104      90  106.182315   16.182315
7420          38    105      89   79.728411   -9.271589
7421          38    106      88   86.405977   -1.594023
7422          38    107      87   81.364178   -5.635822
7423          38    108      86   95.059563    9.059563
7424          38    109      85   93.008124    8.008124
7425          38    110      84  100.075583   16.075583
7426          38    111      83   89.262384    6.262384
7427          38    112      82   76.906357   -5.093643
7428          38    113      81   95.464532   14.464532
7429          38    114      80   84.641736    4.641736
7430          38    115      79   92.998470   13.998470
7431          38    116      78   87.468335    9.468335
7432          38    117      77   93.408732   16.408732
7433          38    118      76   88.558162   12.558162
7434          38    119      75   70.003429   -4.996571
7435          38    120      74   87.016906   13.016906
7436          38    121      73   86.295938   13.295938
7437          38    122      72   90.168740   18.168740
7438          38    123      71   83.709061   12.709061
7439          38    124      70   87.748464   17.748464
7440          38    125      69   92.528989   23.528989
7441          38    126      68   86.790668   18.790668
7442          38    127      67   84.132776   17.132776
7443          38    128      66   78.760877   12.760877
7444          38    129      65   80.400396   15.400396
7445          38    130      64   74.286843   10.286843
7446          38    131      63   78.335827   15.335827
7447          38    132      62   75.804910   13.804910
7448          38    133      61   69.747483    8.747483
7449          38    134      60   68.745272    8.745272
7450          38    135      59   64.780203    5.780203
7451          38    136      58   59.823563    1.823563
7452          38    137      57   53.412736   -3.587264
7453          38    138      56   48.277717   -7.722283
7454          38    139      55   58.754168    3.754168
7455          38    140      54   58.170576    4.170576
7456          38    141      53   58.874364    5.874364
7457          38    142      52   52.292078    0.292078
7458          38    143      51   52.263106    1.263106
7459          38    144      50   68.452207   18.452207
7460          38    145      49   50.162329    1.162329
7461          38    146      48   46.728904   -1.271096
7462          38    147      47   49.089541    2.089541
7463          38    148      46   38.399441   -7.600559
7464          38    149      45   21.964760  -23.035240
7465          38    150      44   33.049066  -10.950934
7466          38    151      43   38.073780   -4.926220
7467          38    152      42   21.127135  -20.872865
7468          38    153      41   41.283105    0.283105
7469          38    154      40   27.036117  -12.963883
7470          38    155      39   21.836831  -17.163169
7471          38    156      38   27.062262  -10.937738
7472          38    157      37   43.265178    6.265178
7473          38    158      36   23.191006  -12.808994
7474          38    159      35   24.469749  -10.530251
7475          38    160      34   19.182351  -14.817649
7476          38    161      33   29.809862   -3.190138
7477          38    162      32   21.031396  -10.968604
7478          38    163      31   20.342901  -10.657099
7479          38    164      30   45.003169   15.003169
7480          38    165      29   31.445837    2.445837
7481          38    166      28   33.598686    5.598686
7482          38    167      27   25.854173   -1.145827
7483          38    168      26   16.888985   -9.111015
7484          38    169      25   17.201524   -7.798476
7485          38    170      24   25.352509    1.352509
7486          38    171      23   30.900164    7.900164
7487          38    172      22   31.171956    9.171956
7488          38    173      21   31.173007   10.173007
7489          38    174      20   31.751894   11.751894
7490          38    175      19   21.703358    2.703358
7491          38    176      18   17.041140   -0.958860
7492          38    177      17   28.671743   11.671743
7493          38    178      16   17.361881    1.361881
7494          38    179      15   17.392690    2.392690
7495          38    180      14   18.515552    4.515552
7496          38    181      13   20.311110    7.311110
7497          38    182      12   17.926179    5.926179
7498          38    183      11   18.307474    7.307474
7499          38    184      10   18.190207    8.190207
7500          38    185       9   18.373608    9.373608
7501          38    186       8   17.028446    9.028446
7502          38    187       7   16.047528    9.047528
7503          38    188       6   14.038689    8.038689
7504          38    189       5   13.344167    8.344167
7505          38    190       4   12.347853    8.347853
7506          38    191       3   13.712586   10.712586
7507          38    192       2   12.347853   10.347853
7508          38    193       1   12.347853   11.347853
7509          38    194       0   12.347853   12.347853
7510          39      1     127  182.920960   55.920960
7511          39      2     126  194.402510   68.402510
7512          39      3     125  176.087977   51.087977
7513          39      4     124  176.940831   52.940831
7514          39      5     123  178.712414   55.712414
7515          39      6     122  174.167299   52.167299
7516          39      7     121  172.064674   51.064674
7517          39      8     120  173.217293   53.217293
7518          39      9     119  169.674237   50.674237
7519          39     10     118  163.396572   45.396572
7520          39     11     117  169.241398   52.241398
7521          39     12     116  165.855415   49.855415
7522          39     13     115  172.025685   57.025685
7523          39     14     114  167.836265   53.836265
7524          39     15     113  169.456423   56.456423
7525          39     16     112  174.757732   62.757732
7526          39     17     111  168.280826   57.280826
7527          39     18     110  161.497365   51.497365
7528          39     19     109  172.869504   63.869504
7529          39     20     108  173.686169   65.686169
7530          39     21     107  172.341390   65.341390
7531          39     22     106  166.249344   60.249344
7532          39     23     105  173.413359   68.413359
7533          39     24     104  169.415323   65.415323
7534          39     25     103  168.885620   65.885620
7535          39     26     102  151.771454   49.771454
7536          39     27     101  157.236776   56.236776
7537          39     28     100  162.067151   62.067151
7538          39     29      99  159.748701   60.748701
7539          39     30      98  150.635601   52.635601
7540          39     31      97  148.237410   51.237410
7541          39     32      96  152.942171   56.942171
7542          39     33      95  151.328597   56.328597
7543          39     34      94  152.749231   58.749231
7544          39     35      93  147.451922   54.451922
7545          39     36      92  143.694571   51.694571
7546          39     37      91  138.538799   47.538799
7547          39     38      90  126.955775   36.955775
7548          39     39      89  142.950243   53.950243
7549          39     40      88  121.643981   33.643981
7550          39     41      87  140.373956   53.373956
7551          39     42      86  137.386207   51.386207
7552          39     43      85  135.643269   50.643269
7553          39     44      84  133.613978   49.613978
7554          39     45      83  140.587904   57.587904
7555          39     46      82  135.528083   53.528083
7556          39     47      81  126.165928   45.165928
7557          39     48      80  132.001063   52.001063
7558          39     49      79  132.389533   53.389533
7559          39     50      78  128.755710   50.755710
7560          39     51      77  127.173907   50.173907
7561          39     52      76  133.453722   57.453722
7562          39     53      75  136.906063   61.906063
7563          39     54      74  130.833772   56.833772
7564          39     55      73  137.296517   64.296517
7565          39     56      72  116.621549   44.621549
7566          39     57      71  136.482871   65.482871
7567          39     58      70  135.517630   65.517630
7568          39     59      69  137.710672   68.710672
7569          39     60      68  139.838253   71.838253
7570          39     61      67  139.120697   72.120697
7571          39     62      66  139.228019   73.228019
7572          39     63      65  132.257228   67.257228
7573          39     64      64  134.332698   70.332698
7574          39     65      63  120.904965   57.904965
7575          39     66      62  101.900294   39.900294
7576          39     67      61  115.673447   54.673447
7577          39     68      60  113.430378   53.430378
7578          39     69      59   98.712432   39.712432
7579          39     70      58  102.896892   44.896892
7580          39     71      57  105.559206   48.559206
7581          39     72      56   92.645688   36.645688
7582          39     73      55  112.671394   57.671394
7583          39     74      54  119.024305   65.024305
7584          39     75      53  108.359804   55.359804
7585          39     76      52  101.109947   49.109947
7586          39     77      51  110.145600   59.145600
7587          39     78      50   77.930220   27.930220
7588          39     79      49  111.440948   62.440948
7589          39     80      48  102.538532   54.538532
7590          39     81      47   85.266726   38.266726
7591          39     82      46   91.146434   45.146434
7592          39     83      45   90.251679   45.251679
7593          39     84      44   83.816191   39.816191
7594          39     85      43   80.725705   37.725705
7595          39     86      42   73.982556   31.982556
7596          39     87      41   49.663096    8.663096
7597          39     88      40   82.125522   42.125522
7598          39     89      39   73.250532   34.250532
7599          39     90      38   63.399655   25.399655
7600          39     91      37   63.543733   26.543733
7601          39     92      36   67.921794   31.921794
7602          39     93      35   71.028522   36.028522
7603          39     94      34   55.390031   21.390031
7604          39     95      33   69.546090   36.546090
7605          39     96      32   39.572542    7.572542
7606          39     97      31   46.673841   15.673841
7607          39     98      30   60.395161   30.395161
7608          39     99      29   42.604079   13.604079
7609          39    100      28   36.377959    8.377959
7610          39    101      27   45.622130   18.622130
7611          39    102      26   52.238569   26.238569
7612          39    103      25   33.355083    8.355083
7613          39    104      24   24.187983    0.187983
7614          39    105      23   22.644002   -0.355998
7615          39    106      22   30.284974    8.284974
7616          39    107      21   21.562069    0.562069
7617          39    108      20   53.272781   33.272781
7618          39    109      19   22.510601    3.510601
7619          39    110      18   21.885124    3.885124
7620          39    111      17   43.089811   26.089811
7621          39    112      16   19.177611    3.177611
7622          39    113      15   18.072815    3.072815
7623          39    114      14   18.111404    4.111404
7624          39    115      13   16.065207    3.065207
7625          39    116      12   14.163556    2.163556
7626          39    117      11   18.915456    7.915456
7627          39    118      10   14.270044    4.270044
7628          39    119       9   15.184828    6.184828
7629          39    120       8   12.984744    4.984744
7630          39    121       7   14.270044    7.270044
7631          39    122       6   15.184828    9.184828
7632          39    123       5   15.184828   10.184828
7633          39    124       4   14.747650   10.747650
7634          39    125       3   15.229390   12.229390
7635          39    126       2   15.229390   13.229390
7636          39    127       1   12.984744   11.984744
7637          39    128       0   12.984744   12.984744
7638          40      1     187  178.378879   -8.621121
7639          40      2     186  178.527363   -7.472637
7640          40      3     185  182.550855   -2.449145
7641          40      4     184  177.747770   -6.252230
7642          40      5     183  176.401130   -6.598870
7643          40      6     182  178.430187   -3.569813
7644          40      7     181  174.529370   -6.470630
7645          40      8     180  174.990082   -5.009918
7646          40      9     179  173.678467   -5.321533
7647          40     10     178  171.341493   -6.658507
7648          40     11     177  161.644499  -15.355501
7649          40     12     176  174.618406   -1.381594
7650          40     13     175  172.436280   -2.563720
7651          40     14     174  177.045869    3.045869
7652          40     15     173  171.176754   -1.823246
7653          40     16     172  167.492861   -4.507139
7654          40     17     171  165.532054   -5.467946
7655          40     18     170  166.316346   -3.683654
7656          40     19     169  164.844242   -4.155758
7657          40     20     168  155.494152  -12.505848
7658          40     21     167  162.261118   -4.738882
7659          40     22     166  158.123177   -7.876823
7660          40     23     165  157.306005   -7.693995
7661          40     24     164  159.534147   -4.465853
7662          40     25     163  160.669306   -2.330694
7663          40     26     162  160.848933   -1.151067
7664          40     27     161  156.042795   -4.957205
7665          40     28     160  167.599588    7.599588
7666          40     29     159  165.716364    6.716364
7667          40     30     158  166.534248    8.534248
7668          40     31     157  161.394452    4.394452
7669          40     32     156  163.845771    7.845771
7670          40     33     155  161.990769    6.990769
7671          40     34     154  151.576761   -2.423239
7672          40     35     153  164.748842   11.748842
7673          40     36     152  146.130280   -5.869720
7674          40     37     151  158.655882    7.655882
7675          40     38     150  149.863724   -0.136276
7676          40     39     149  137.216491  -11.783509
7677          40     40     148  143.774333   -4.225667
7678          40     41     147  146.037964   -0.962036
7679          40     42     146  146.080880    0.080880
7680          40     43     145  141.697728   -3.302272
7681          40     44     144  137.954580   -6.045420
7682          40     45     143  142.523586   -0.476414
7683          40     46     142  123.661860  -18.338140
7684          40     47     141  130.558151  -10.441849
7685          40     48     140  125.968058  -14.031942
7686          40     49     139  132.152512   -6.847488
7687          40     50     138  133.084020   -4.915980
7688          40     51     137  131.369833   -5.630167
7689          40     52     136  127.782613   -8.217387
7690          40     53     135  127.513300   -7.486700
7691          40     54     134  124.869511   -9.130489
7692          40     55     133  125.117294   -7.882706
7693          40     56     132  126.096813   -5.903187
7694          40     57     131  128.868158   -2.131842
7695          40     58     130  127.317588   -2.682412
7696          40     59     129  128.902703   -0.097297
7697          40     60     128  130.253431    2.253431
7698          40     61     127  129.297310    2.297310
7699          40     62     126  130.194182    4.194182
7700          40     63     125  129.530213    4.530213
7701          40     64     124  130.335426    6.335426
7702          40     65     123  130.020537    7.020537
7703          40     66     122  119.841657   -2.158343
7704          40     67     121  130.807686    9.807686
7705          40     68     120  131.504274   11.504274
7706          40     69     119  116.893054   -2.106946
7707          40     70     118  124.800550    6.800550
7708          40     71     117  122.734913    5.734913
7709          40     72     116  120.570831    4.570831
7710          40     73     115  130.289945   15.289945
7711          40     74     114  129.435722   15.435722
7712          40     75     113  127.975001   14.975001
7713          40     76     112  113.076552    1.076552
7714          40     77     111  122.461339   11.461339
7715          40     78     110  123.925644   13.925644
7716          40     79     109  121.210568   12.210568
7717          40     80     108  121.344415   13.344415
7718          40     81     107  116.230098    9.230098
7719          40     82     106  117.992480   11.992480
7720          40     83     105  116.801583   11.801583
7721          40     84     104  100.788835   -3.211165
7722          40     85     103  115.592736   12.592736
7723          40     86     102  108.555634    6.555634
7724          40     87     101   93.296116   -7.703884
7725          40     88     100  103.874598    3.874598
7726          40     89      99  109.240968   10.240968
7727          40     90      98  108.263759   10.263759
7728          40     91      97   98.498689    1.498689
7729          40     92      96   93.477547   -2.522453
7730          40     93      95  106.891042   11.891042
7731          40     94      94  107.545574   13.545574
7732          40     95      93   87.570123   -5.429877
7733          40     96      92   94.406234    2.406234
7734          40     97      91   85.374415   -5.625585
7735          40     98      90   95.982591    5.982591
7736          40     99      89   92.494875    3.494875
7737          40    100      88   80.894265   -7.105735
7738          40    101      87   98.512535   11.512535
7739          40    102      86   74.028209  -11.971791
7740          40    103      85   84.342195   -0.657805
7741          40    104      84   90.581666    6.581666
7742          40    105      83   92.480413    9.480413
7743          40    106      82   86.279293    4.279293
7744          40    107      81   93.349434   12.349434
7745          40    108      80   88.887576    8.887576
7746          40    109      79   96.121508   17.121508
7747          40    110      78   96.606424   18.606424
7748          40    111      77   77.048387    0.048387
7749          40    112      76   94.877280   18.877280
7750          40    113      75   93.833941   18.833941
7751          40    114      74   73.863224   -0.136776
7752          40    115      73   87.347445   14.347445
7753          40    116      72   72.344285    0.344285
7754          40    117      71   59.974327  -11.025673
7755          40    118      70   82.628134   12.628134
7756          40    119      69   72.762142    3.762142
7757          40    120      68   76.047207    8.047207
7758          40    121      67   74.194491    7.194491
7759          40    122      66   60.318035   -5.681965
7760          40    123      65   78.133567   13.133567
7761          40    124      64   64.429832    0.429832
7762          40    125      63   67.058070    4.058070
7763          40    126      62   64.698088    2.698088
7764          40    127      61   71.020128   10.020128
7765          40    128      60   60.259067    0.259067
7766          40    129      59   51.367752   -7.632248
7767          40    130      58   53.080416   -4.919584
7768          40    131      57   60.648345    3.648345
7769          40    132      56   60.179322    4.179322
7770          40    133      55   65.257412   10.257412
7771          40    134      54   62.600594    8.600594
7772          40    135      53   39.378936  -13.621064
7773          40    136      52   38.739230  -13.260770
7774          40    137      51   44.868929   -6.131071
7775          40    138      50   61.011502   11.011502
7776          40    139      49   68.375153   19.375153
7777          40    140      48   58.366061   10.366061
7778          40    141      47   41.402134   -5.597866
7779          40    142      46   37.530238   -8.469762
7780          40    143      45   60.381177   15.381177
7781          40    144      44   33.324453  -10.675547
7782          40    145      43   32.302825  -10.697175
7783          40    146      42   57.686471   15.686471
7784          40    147      41   55.398840   14.398840
7785          40    148      40   37.268085   -2.731915
7786          40    149      39   59.594801   20.594801
7787          40    150      38   43.918633    5.918633
7788          40    151      37   54.960715   17.960715
7789          40    152      36   34.740917   -1.259083
7790          40    153      35   58.171678   23.171678
7791          40    154      34   24.723517   -9.276483
7792          40    155      33   25.188072   -7.811928
7793          40    156      32   26.772062   -5.227938
7794          40    157      31   32.599549    1.599549
7795          40    158      30   27.083083   -2.916917
7796          40    159      29   26.866674   -2.133326
7797          40    160      28   22.204558   -5.795442
7798          40    161      27   22.726857   -4.273143
7799          40    162      26   34.076298    8.076298
7800          40    163      25   44.156770   19.156770
7801          40    164      24   28.723770    4.723770
7802          40    165      23   20.517381   -2.482619
7803          40    166      22   13.722760   -8.277240
7804          40    167      21   14.085153   -6.914847
7805          40    168      20   22.884945    2.884945
7806          40    169      19   14.085153   -4.914847
7807          40    170      18   15.951958   -2.048042
7808          40    171      17   18.580757    1.580757
7809          40    172      16   15.951958   -0.048042
7810          40    173      15   15.951958    0.951958
7811          40    174      14   18.623130    4.623130
7812          40    175      13   14.410753    1.410753
7813          40    176      12   19.445287    7.445287
7814          40    177      11   16.238379    5.238379
7815          40    178      10   16.691391    6.691391
7816          40    179       9   17.925429    8.925429
7817          40    180       8   27.421746   19.421746
7818          40    181       7   17.729132   10.729132
7819          40    182       6   17.729132   11.729132
7820          40    183       5   19.074294   14.074294
7821          40    184       4   19.074294   15.074294
7822          40    185       3   17.729132   14.729132
7823          40    186       2   16.286789   14.286789
7824          40    187       1   15.407067   14.407067
7825          40    188       0   15.407067   15.407067
7826          41      1     215  195.102992  -19.897008
7827          41      2     214  207.691514   -6.308486
7828          41      3     213  197.157350  -15.842650
7829          41      4     212  200.178426  -11.821574
7830          41      5     211  198.812953  -12.187047
7831          41      6     210  185.810416  -24.189584
7832          41      7     209  191.221616  -17.778384
7833          41      8     208  196.080470  -11.919530
7834          41      9     207  196.101317  -10.898683
7835          41     10     206  196.346518   -9.653482
7836          41     11     205  193.277049  -11.722951
7837          41     12     204  195.116205   -8.883795
7838          41     13     203  197.722814   -5.277186
7839          41     14     202  198.046583   -3.953417
7840          41     15     201  197.761844   -3.238156
7841          41     16     200  182.721821  -17.278179
7842          41     17     199  192.455071   -6.544929
7843          41     18     198  191.311358   -6.688642
7844          41     19     197  191.459209   -5.540791
7845          41     20     196  194.819572   -1.180428
7846          41     21     195  193.359628   -1.640372
7847          41     22     194  187.372068   -6.627932
7848          41     23     193  190.769686   -2.230314
7849          41     24     192  190.608340   -1.391660
7850          41     25     191  168.286818  -22.713182
7851          41     26     190  185.732272   -4.267728
7852          41     27     189  186.021121   -2.978879
7853          41     28     188  183.066327   -4.933673
7854          41     29     187  180.170258   -6.829742
7855          41     30     186  182.576569   -3.423431
7856          41     31     185  176.971103   -8.028897
7857          41     32     184  173.851384  -10.148616
7858          41     33     183  173.626481   -9.373519
7859          41     34     182  173.614149   -8.385851
7860          41     35     181  176.056769   -4.943231
7861          41     36     180  171.243974   -8.756026
7862          41     37     179  172.906748   -6.093252
7863          41     38     178  167.678694  -10.321306
7864          41     39     177  170.247780   -6.752220
7865          41     40     176  170.957056   -5.042944
7866          41     41     175  171.162794   -3.837206
7867          41     42     174  164.764069   -9.235931
7868          41     43     173  166.646755   -6.353245
7869          41     44     172  166.466320   -5.533680
7870          41     45     171  163.898541   -7.101459
7871          41     46     170  160.936889   -9.063111
7872          41     47     169  159.374200   -9.625800
7873          41     48     168  161.153514   -6.846486
7874          41     49     167  158.538752   -8.461248
7875          41     50     166  160.239176   -5.760824
7876          41     51     165  157.807564   -7.192436
7877          41     52     164  158.550937   -5.449063
7878          41     53     163  158.043707   -4.956293
7879          41     54     162  159.854785   -2.145215
7880          41     55     161  145.067409  -15.932591
7881          41     56     160  159.614137   -0.385863
7882          41     57     159  157.591840   -1.408160
7883          41     58     158  144.076554  -13.923446
7884          41     59     157  152.782614   -4.217386
7885          41     60     156  144.650328  -11.349672
7886          41     61     155  147.130552   -7.869448
7887          41     62     154  146.868534   -7.131466
7888          41     63     153  144.659764   -8.340236
7889          41     64     152  139.167915  -12.832085
7890          41     65     151  137.153129  -13.846871
7891          41     66     150  135.017784  -14.982216
7892          41     67     149  139.086842   -9.913158
7893          41     68     148  138.990237   -9.009763
7894          41     69     147  143.508771   -3.491229
7895          41     70     146  138.376414   -7.623586
7896          41     71     145  138.764189   -6.235811
7897          41     72     144  142.302099   -1.697901
7898          41     73     143  141.830508   -1.169492
7899          41     74     142  128.095109  -13.904891
7900          41     75     141  122.772750  -18.227250
7901          41     76     140  139.581467   -0.418533
7902          41     77     139  141.703865    2.703865
7903          41     78     138  137.449460   -0.550540
7904          41     79     137  135.396471   -1.603529
7905          41     80     136  131.637384   -4.362616
7906          41     81     135  136.424484    1.424484
7907          41     82     134  140.750879    6.750879
7908          41     83     133  135.726204    2.726204
7909          41     84     132  137.357453    5.357453
7910          41     85     131  137.061131    6.061131
7911          41     86     130  128.433608   -1.566392
7912          41     87     129  133.386970    4.386970
7913          41     88     128  133.778317    5.778317
7914          41     89     127  127.491619    0.491619
7915          41     90     126  123.465208   -2.534792
7916          41     91     125  131.216670    6.216670
7917          41     92     124  129.127779    5.127779
7918          41     93     123  119.150801   -3.849199
7919          41     94     122  117.492349   -4.507651
7920          41     95     121  119.641620   -1.358380
7921          41     96     120  119.598691   -0.401309
7922          41     97     119  112.001557   -6.998443
7923          41     98     118  116.586027   -1.413973
7924          41     99     117  118.793733    1.793733
7925          41    100     116  115.358410   -0.641590
7926          41    101     115  108.906194   -6.093806
7927          41    102     114  112.484896   -1.515104
7928          41    103     113  105.517004   -7.482996
7929          41    104     112  112.073260    0.073260
7930          41    105     111  109.087401   -1.912599
7931          41    106     110  108.448934   -1.551066
7932          41    107     109  103.395588   -5.604412
7933          41    108     108  100.495174   -7.504826
7934          41    109     107   92.683514  -14.316486
7935          41    110     106  116.721568   10.721568
7936          41    111     105  113.573102    8.573102
7937          41    112     104  100.481909   -3.518091
7938          41    113     103   83.112603  -19.887397
7939          41    114     102   93.426458   -8.573542
7940          41    115     101  104.347511    3.347511
7941          41    116     100  103.746292    3.746292
7942          41    117      99   97.387796   -1.612204
7943          41    118      98   98.611396    0.611396
7944          41    119      97  109.548848   12.548848
7945          41    120      96   94.445163   -1.554837
7946          41    121      95  103.342878    8.342878
7947          41    122      94   91.463950   -2.536050
7948          41    123      93   88.196283   -4.803717
7949          41    124      92   97.756916    5.756916
7950          41    125      91   80.294865  -10.705135
7951          41    126      90   86.006850   -3.993150
7952          41    127      89   90.864061    1.864061
7953          41    128      88   86.502619   -1.497381
7954          41    129      87   90.341427    3.341427
7955          41    130      86   82.826194   -3.173806
7956          41    131      85   86.826739    1.826739
7957          41    132      84   75.342324   -8.657676
7958          41    133      83   84.511891    1.511891
7959          41    134      82   95.640307   13.640307
7960          41    135      81   78.575743   -2.424257
7961          41    136      80   86.249476    6.249476
7962          41    137      79   95.811114   16.811114
7963          41    138      78   98.344161   20.344161
7964          41    139      77   90.095688   13.095688
7965          41    140      76   78.814899    2.814899
7966          41    141      75   94.602587   19.602587
7967          41    142      74   73.587610   -0.412390
7968          41    143      73   86.050339   13.050339
7969          41    144      72   89.843718   17.843718
7970          41    145      71   79.000868    8.000868
7971          41    146      70   68.740530   -1.259470
7972          41    147      69   84.832015   15.832015
7973          41    148      68   82.357856   14.357856
7974          41    149      67   78.979909   11.979909
7975          41    150      66   66.800231    0.800231
7976          41    151      65   84.886107   19.886107
7977          41    152      64   60.787145   -3.212855
7978          41    153      63   71.112575    8.112575
7979          41    154      62   63.367867    1.367867
7980          41    155      61   69.533005    8.533005
7981          41    156      60   72.060439   12.060439
7982          41    157      59   62.377590    3.377590
7983          41    158      58   53.185395   -4.814605
7984          41    159      57   53.382980   -3.617020
7985          41    160      56   48.898691   -7.101309
7986          41    161      55   50.319554   -4.680446
7987          41    162      54   57.145603    3.145603
7988          41    163      53   47.297376   -5.702624
7989          41    164      52   38.363401  -13.636599
7990          41    165      51   45.459220   -5.540780
7991          41    166      50   54.287729    4.287729
7992          41    167      49   42.367632   -6.632368
7993          41    168      48   36.487566  -11.512434
7994          41    169      47   42.120128   -4.879872
7995          41    170      46   32.960730  -13.039270
7996          41    171      45   44.050856   -0.949144
7997          41    172      44   31.922726  -12.077274
7998          41    173      43   46.542034    3.542034
7999          41    174      42   44.022037    2.022037
8000          41    175      41   43.405151    2.405151
8001          41    176      40   40.312387    0.312387
8002          41    177      39   33.609582   -5.390418
8003          41    178      38   38.607697    0.607697
8004          41    179      37   56.933327   19.933327
8005          41    180      36   49.301294   13.301294
8006          41    181      35   41.731575    6.731575
8007          41    182      34   38.224839    4.224839
8008          41    183      33   27.670228   -5.329772
8009          41    184      32   19.826286  -12.173714
8010          41    185      31   19.826286  -11.173714
8011          41    186      30   20.822599   -9.177401
8012          41    187      29   21.517121   -7.482879
8013          41    188      28   22.294999   -5.705001
8014          41    189      27   22.294999   -4.705001
8015          41    190      26   24.646515   -1.353485
8016          41    191      25   19.463892   -5.536108
8017          41    192      24   19.463892   -4.536108
8018          41    193      23   18.266125   -4.733875
8019          41    194      22   17.748793   -4.251207
8020          41    195      21   16.692851   -4.307149
8021          41    196      20   15.691179   -4.308821
8022          41    197      19   15.691179   -3.308821
8023          41    198      18   14.482565   -3.517435
8024          41    199      17   14.482565   -2.517435
8025          41    200      16   14.482565   -1.517435
8026          41    201      15   14.482565   -0.517435
8027          41    202      14   14.482565    0.482565
8028          41    203      13   15.691179    2.691179
8029          41    204      12   14.482565    2.482565
8030          41    205      11   14.482565    3.482565
8031          41    206      10   14.286470    4.286470
8032          41    207       9   15.030158    6.030158
8033          41    208       8   12.543948    4.543948
8034          41    209       7   17.407053   10.407053
8035          41    210       6   13.328771    7.328771
8036          41    211       5   13.328771    8.328771
8037          41    212       4   12.347853    8.347853
8038          41    213       3   12.347853    9.347853
8039          41    214       2   12.347853   10.347853
8040          41    215       1   12.347853   11.347853
8041          41    216       0   12.347853   12.347853
8042          42      1     195  193.652448   -1.347552
8043          42      2     194  193.562243   -0.437757
8044          42      3     193  190.555875   -2.444125
8045          42      4     192  181.118249  -10.881751
8046          42      5     191  172.494158  -18.505842
8047          42      6     190  191.519400    1.519400
8048          42      7     189  191.226728    2.226728
8049          42      8     188  195.877002    7.877002
8050          42      9     187  188.433312    1.433312
8051          42     10     186  195.538387    9.538387
8052          42     11     185  187.238213    2.238213
8053          42     12     184  185.893654    1.893654
8054          42     13     183  170.617424  -12.382576
8055          42     14     182  182.959962    0.959962
8056          42     15     181  180.289714   -0.710286
8057          42     16     180  185.352751    5.352751
8058          42     17     179  180.365448    1.365448
8059          42     18     178  176.290442   -1.709558
8060          42     19     177  176.850709   -0.149291
8061          42     20     176  177.118001    1.118001
8062          42     21     175  175.464579    0.464579
8063          42     22     174  171.499811   -2.500189
8064          42     23     173  174.488916    1.488916
8065          42     24     172  172.830579    0.830579
8066          42     25     171  175.014135    4.014135
8067          42     26     170  173.390156    3.390156
8068          42     27     169  170.875381    1.875381
8069          42     28     168  170.286386    2.286386
8070          42     29     167  166.138526   -0.861474
8071          42     30     166  166.093960    0.093960
8072          42     31     165  165.438014    0.438014
8073          42     32     164  165.610680    1.610680
8074          42     33     163  145.588576  -17.411424
8075          42     34     162  167.614173    5.614173
8076          42     35     161  160.574407   -0.425593
8077          42     36     160  156.688986   -3.311014
8078          42     37     159  157.004375   -1.995625
8079          42     38     158  160.101587    2.101587
8080          42     39     157  156.356901   -0.643099
8081          42     40     156  157.292219    1.292219
8082          42     41     155  158.410899    3.410899
8083          42     42     154  155.114877    1.114877
8084          42     43     153  148.830474   -4.169526
8085          42     44     152  164.256328   12.256328
8086          42     45     151  160.457601    9.457601
8087          42     46     150  163.843716   13.843716
8088          42     47     149  155.615333    6.615333
8089          42     48     148  163.886501   15.886501
8090          42     49     147  160.170576   13.170576
8091          42     50     146  149.637697    3.637697
8092          42     51     145  151.523816    6.523816
8093          42     52     144  156.910030   12.910030
8094          42     53     143  163.688354   20.688354
8095          42     54     142  160.466381   18.466381
8096          42     55     141  147.632588    6.632588
8097          42     56     140  144.221172    4.221172
8098          42     57     139  123.835681  -15.164319
8099          42     58     138  133.944958   -4.055042
8100          42     59     137  139.510831    2.510831
8101          42     60     136  147.641678   11.641678
8102          42     61     135  149.066708   14.066708
8103          42     62     134  140.249743    6.249743
8104          42     63     133  142.739853    9.739853
8105          42     64     132  142.820967   10.820967
8106          42     65     131  141.353781   10.353781
8107          42     66     130  132.186168    2.186168
8108          42     67     129  132.923757    3.923757
8109          42     68     128  130.092854    2.092854
8110          42     69     127  117.780704   -9.219296
8111          42     70     126  126.242218    0.242218
8112          42     71     125  126.688412    1.688412
8113          42     72     124  126.265813    2.265813
8114          42     73     123  125.222955    2.222955
8115          42     74     122  124.666523    2.666523
8116          42     75     121  116.792218   -4.207782
8117          42     76     120  121.864892    1.864892
8118          42     77     119  131.394075   12.394075
8119          42     78     118  134.116448   16.116448
8120          42     79     117  117.804315    0.804315
8121          42     80     116  127.356345   11.356345
8122          42     81     115  133.525263   18.525263
8123          42     82     114  119.580598    5.580598
8124          42     83     113  121.769373    8.769373
8125          42     84     112  116.548861    4.548861
8126          42     85     111  116.618998    5.618998
8127          42     86     110  121.228426   11.228426
8128          42     87     109  115.918534    6.918534
8129          42     88     108  122.680893   14.680893
8130          42     89     107  116.870228    9.870228
8131          42     90     106  116.782998   10.782998
8132          42     91     105  112.334821    7.334821
8133          42     92     104  115.973150   11.973150
8134          42     93     103  106.617707    3.617707
8135          42     94     102  105.517679    3.517679
8136          42     95     101   95.782270   -5.217730
8137          42     96     100  110.385156   10.385156
8138          42     97      99   99.614043    0.614043
8139          42     98      98   99.707218    1.707218
8140          42     99      97  125.113827   28.113827
8141          42    100      96  111.265014   15.265014
8142          42    101      95  117.428385   22.428385
8143          42    102      94  102.618311    8.618311
8144          42    103      93  120.822826   27.822826
8145          42    104      92  110.640174   18.640174
8146          42    105      91  110.643466   19.643466
8147          42    106      90  113.738105   23.738105
8148          42    107      89  104.578742   15.578742
8149          42    108      88   97.312928    9.312928
8150          42    109      87   93.662672    6.662672
8151          42    110      86  105.612940   19.612940
8152          42    111      85  100.518229   15.518229
8153          42    112      84   99.951555   15.951555
8154          42    113      83   91.476319    8.476319
8155          42    114      82  102.624938   20.624938
8156          42    115      81  103.750863   22.750863
8157          42    116      80   89.513149    9.513149
8158          42    117      79   76.327935   -2.672065
8159          42    118      78   87.086798    9.086798
8160          42    119      77   78.953006    1.953006
8161          42    120      76   79.283114    3.283114
8162          42    121      75   72.701823   -2.298177
8163          42    122      74   84.478216   10.478216
8164          42    123      73   81.048425    8.048425
8165          42    124      72   98.754127   26.754127
8166          42    125      71   94.067961   23.067961
8167          42    126      70  100.892888   30.892888
8168          42    127      69   93.479314   24.479314
8169          42    128      68   93.533223   25.533223
8170          42    129      67   85.174464   18.174464
8171          42    130      66   87.437430   21.437430
8172          42    131      65   70.946101    5.946101
8173          42    132      64   87.207207   23.207207
8174          42    133      63   71.138441    8.138441
8175          42    134      62   80.978248   18.978248
8176          42    135      61   82.939525   21.939525
8177          42    136      60   70.965418   10.965418
8178          42    137      59   63.901187    4.901187
8179          42    138      58   57.320511   -0.679489
8180          42    139      57   61.001706    4.001706
8181          42    140      56   61.739469    5.739469
8182          42    141      55   54.787718   -0.212282
8183          42    142      54   78.597654   24.597654
8184          42    143      53   48.394088   -4.605912
8185          42    144      52   51.611911   -0.388089
8186          42    145      51   59.082653    8.082653
8187          42    146      50   44.139087   -5.860913
8188          42    147      49   54.757212    5.757212
8189          42    148      48   41.610185   -6.389815
8190          42    149      47   41.992224   -5.007776
8191          42    150      46   32.561888  -13.438112
8192          42    151      45   31.526754  -13.473246
8193          42    152      44   50.414210    6.414210
8194          42    153      43   30.119946  -12.880054
8195          42    154      42   35.417746   -6.582254
8196          42    155      41   26.025003  -14.974997
8197          42    156      40   31.698720   -8.301280
8198          42    157      39   34.918904   -4.081096
8199          42    158      38   32.312607   -5.687393
8200          42    159      37   39.972844    2.972844
8201          42    160      36   32.070443   -3.929557
8202          42    161      35   31.790566   -3.209434
8203          42    162      34   33.184509   -0.815491
8204          42    163      33   33.361801    0.361801
8205          42    164      32   31.559491   -0.440509
8206          42    165      31   35.842353    4.842353
8207          42    166      30   29.562245   -0.437755
8208          42    167      29   21.531082   -7.468918
8209          42    168      28   26.146546   -1.853454
8210          42    169      27   20.670714   -6.329286
8211          42    170      26   21.531082   -4.468918
8212          42    171      25   19.928496   -5.071504
8213          42    172      24   23.412160   -0.587840
8214          42    173      23   22.214393   -0.785607
8215          42    174      22   23.412160    1.412160
8216          42    175      21   21.182962    0.182962
8217          42    176      20   19.985195   -0.014805
8218          42    177      19   22.353468    3.353468
8219          42    178      18   22.139557    4.139557
8220          42    179      17   19.891457    2.891457
8221          42    180      16   16.314570    0.314570
8222          42    181      15   16.314570    1.314570
8223          42    182      14   16.314570    2.314570
8224          42    183      13   17.349704    4.349704
8225          42    184      12   15.135758    3.135758
8226          42    185      11   15.135758    4.135758
8227          42    186      10   15.135758    5.135758
8228          42    187       9   15.135758    6.135758
8229          42    188       8   15.135758    7.135758
8230          42    189       7   15.135758    8.135758
8231          42    190       6   15.135758    9.135758
8232          42    191       5   15.135758   10.135758
8233          42    192       4   15.135758   11.135758
8234          42    193       3   16.977043   13.977043
8235          42    194       2   15.135758   13.135758
8236          42    195       1   15.135758   14.135758
8237          42    196       0   15.135758   15.135758
8238          43      1     206  198.270228   -7.729772
8239          43      2     205  206.446214    1.446214
8240          43      3     204  200.554176   -3.445824
8241          43      4     203  206.377392    3.377392
8242          43      5     202  203.333879    1.333879
8243          43      6     201  204.709130    3.709130
8244          43      7     200  208.289688    8.289688
8245          43      8     199  204.280299    5.280299
8246          43      9     198  203.653236    5.653236
8247          43     10     197  203.445914    6.445914
8248          43     11     196  197.531450    1.531450
8249          43     12     195  202.272620    7.272620
8250          43     13     194  202.272620    8.272620
8251          43     14     193  206.451527   13.451527
8252          43     15     192  204.458591   12.458591
8253          43     16     191  203.020083   12.020083
8254          43     17     190  205.420531   15.420531
8255          43     18     189  204.539677   15.539677
8256          43     19     188  197.974650    9.974650
8257          43     20     187  203.519190   16.519190
8258          43     21     186  197.309626   11.309626
8259          43     22     185  200.706008   15.706008
8260          43     23     184  198.763483   14.763483
8261          43     24     183  197.066549   14.066549
8262          43     25     182  198.065184   16.065184
8263          43     26     181  195.544857   14.544857
8264          43     27     180  182.850159    2.850159
8265          43     28     179  194.585224   15.585224
8266          43     29     178  192.638272   14.638272
8267          43     30     177  195.284384   18.284384
8268          43     31     176  192.294320   16.294320
8269          43     32     175  192.000021   17.000021
8270          43     33     174  186.918173   12.918173
8271          43     34     173  188.028928   15.028928
8272          43     35     172  184.792301   12.792301
8273          43     36     171  189.029027   18.029027
8274          43     37     170  183.666795   13.666795
8275          43     38     169  179.513569   10.513569
8276          43     39     168  168.384881    0.384881
8277          43     40     167  150.293032  -16.706968
8278          43     41     166  169.006341    3.006341
8279          43     42     165  168.055127    3.055127
8280          43     43     164  165.936647    1.936647
8281          43     44     163  172.343037    9.343037
8282          43     45     162  170.044949    8.044949
8283          43     46     161  165.756069    4.756069
8284          43     47     160  158.500284   -1.499716
8285          43     48     159  160.478037    1.478037
8286          43     49     158  156.270069   -1.729931
8287          43     50     157  163.173243    6.173243
8288          43     51     156  158.907472    2.907472
8289          43     52     155  161.979004    6.979004
8290          43     53     154  159.448601    5.448601
8291          43     54     153  164.334305   11.334305
8292          43     55     152  158.006678    6.006678
8293          43     56     151  153.836435    2.836435
8294          43     57     150  154.341944    4.341944
8295          43     58     149  153.099261    4.099261
8296          43     59     148  151.523533    3.523533
8297          43     60     147  153.275431    6.275431
8298          43     61     146  147.894950    1.894950
8299          43     62     145  141.847161   -3.152839
8300          43     63     144  133.778986  -10.221014
8301          43     64     143  149.718489    6.718489
8302          43     65     142  142.049275    0.049275
8303          43     66     141  135.839815   -5.160185
8304          43     67     140  130.856799   -9.143201
8305          43     68     139  139.010892    0.010892
8306          43     69     138  144.792550    6.792550
8307          43     70     137  135.450326   -1.549674
8308          43     71     136  140.398624    4.398624
8309          43     72     135  138.556554    3.556554
8310          43     73     134  139.435105    5.435105
8311          43     74     133  127.400366   -5.599634
8312          43     75     132  133.172738    1.172738
8313          43     76     131  130.924271   -0.075729
8314          43     77     130  125.215912   -4.784088
8315          43     78     129  131.364218    2.364218
8316          43     79     128  121.227819   -6.772181
8317          43     80     127  128.133731    1.133731
8318          43     81     126  145.596115   19.596115
8319          43     82     125  141.035122   16.035122
8320          43     83     124  130.441781    6.441781
8321          43     84     123  132.338791    9.338791
8322          43     85     122  139.409480   17.409480
8323          43     86     121  102.893648  -18.106352
8324          43     87     120  130.840895   10.840895
8325          43     88     119  115.951678   -3.048322
8326          43     89     118  130.313661   12.313661
8327          43     90     117  125.303028    8.303028
8328          43     91     116  132.011131   16.011131
8329          43     92     115  123.376194    8.376194
8330          43     93     114  135.422934   21.422934
8331          43     94     113  124.760229   11.760229
8332          43     95     112  133.560276   21.560276
8333          43     96     111  121.492094   10.492094
8334          43     97     110  124.197853   14.197853
8335          43     98     109  133.979042   24.979042
8336          43     99     108  137.200190   29.200190
8337          43    100     107  127.331871   20.331871
8338          43    101     106  134.024484   28.024484
8339          43    102     105  117.694172   12.694172
8340          43    103     104  132.336056   28.336056
8341          43    104     103  124.329441   21.329441
8342          43    105     102  123.874698   21.874698
8343          43    106     101  116.842486   15.842486
8344          43    107     100  125.908373   25.908373
8345          43    108      99  121.537069   22.537069
8346          43    109      98  113.250232   15.250232
8347          43    110      97  115.676564   18.676564
8348          43    111      96  112.697740   16.697740
8349          43    112      95  110.003436   15.003436
8350          43    113      94  110.516704   16.516704
8351          43    114      93  115.699117   22.699117
8352          43    115      92  101.153713    9.153713
8353          43    116      91  118.569226   27.569226
8354          43    117      90  104.287391   14.287391
8355          43    118      89  119.653283   30.653283
8356          43    119      88  103.318688   15.318688
8357          43    120      87  107.596633   20.596633
8358          43    121      86  100.226060   14.226060
8359          43    122      85   96.699036   11.699036
8360          43    123      84   95.796184   11.796184
8361          43    124      83  104.160546   21.160546
8362          43    125      82  107.181083   25.181083
8363          43    126      81  115.263519   34.263519
8364          43    127      80  106.216426   26.216426
8365          43    128      79   93.639160   14.639160
8366          43    129      78  108.983654   30.983654
8367          43    130      77   97.307901   20.307901
8368          43    131      76  104.995261   28.995261
8369          43    132      75  113.324065   38.324065
8370          43    133      74  101.259580   27.259580
8371          43    134      73  113.202196   40.202196
8372          43    135      72   91.735265   19.735265
8373          43    136      71   88.493703   17.493703
8374          43    137      70   88.968685   18.968685
8375          43    138      69   76.147903    7.147903
8376          43    139      68   86.074509   18.074509
8377          43    140      67   70.105052    3.105052
8378          43    141      66   85.525970   19.525970
8379          43    142      65   84.997691   19.997691
8380          43    143      64   69.406279    5.406279
8381          43    144      63   69.348252    6.348252
8382          43    145      62   66.021771    4.021771
8383          43    146      61   63.388255    2.388255
8384          43    147      60   76.165965   16.165965
8385          43    148      59   67.900744    8.900744
8386          43    149      58   63.491335    5.491335
8387          43    150      57   69.012067   12.012067
8388          43    151      56   61.465756    5.465756
8389          43    152      55   67.274471   12.274471
8390          43    153      54   72.891041   18.891041
8391          43    154      53   72.740583   19.740583
8392          43    155      52   62.912230   10.912230
8393          43    156      51   76.275927   25.275927
8394          43    157      50   72.207332   22.207332
8395          43    158      49   71.565994   22.565994
8396          43    159      48   70.059022   22.059022
8397          43    160      47   74.074623   27.074623
8398          43    161      46   70.649380   24.649380
8399          43    162      45   79.038913   34.038913
8400          43    163      44   62.012142   18.012142
8401          43    164      43   67.289027   24.289027
8402          43    165      42   67.836142   25.836142
8403          43    166      41   59.032342   18.032342
8404          43    167      40   59.035195   19.035195
8405          43    168      39   44.518990    5.518990
8406          43    169      38   43.875535    5.875535
8407          43    170      37   37.655348    0.655348
8408          43    171      36   34.682645   -1.317355
8409          43    172      35   31.955472   -3.044528
8410          43    173      34   27.060491   -6.939509
8411          43    174      33   26.747951   -6.252049
8412          43    175      32   30.836597   -1.163403
8413          43    176      31   29.537350   -1.462650
8414          43    177      30   29.537350   -0.462650
8415          43    178      29   29.685665    0.685665
8416          43    179      28   27.696738   -0.303262
8417          43    180      27   25.580748   -1.419252
8418          43    181      26   24.173940   -1.826060
8419          43    182      25   22.965326   -2.034674
8420          43    183      24   22.965326   -1.034674
8421          43    184      23   22.965326   -0.034674
8422          43    185      22   22.965326    0.965326
8423          43    186      21   22.934762    1.934762
8424          43    187      20   22.934762    2.934762
8425          43    188      19   22.934762    3.934762
8426          43    189      18   22.934762    4.934762
8427          43    190      17   21.219663    4.219663
8428          43    191      16   19.308673    3.308673
8429          43    192      15   18.216239    3.216239
8430          43    193      14   17.037427    3.037427
8431          43    194      13   17.986213    4.986213
8432          43    195      12   19.400549    7.400549
8433          43    196      11   17.540981    6.540981
8434          43    197      10   16.859641    6.859641
8435          43    198       9   17.986213    8.986213
8436          43    199       8   21.925716   13.925716
8437          43    200       7   19.898020   12.898020
8438          43    201       6   20.606039   14.606039
8439          43    202       5   19.958750   14.958750
8440          43    203       4   17.991986   13.991986
8441          43    204       3   17.118155   14.118155
8442          43    205       2   17.118155   15.118155
8443          43    206       1   17.283967   16.283967
8444          43    207       0   14.245588   14.245588
8445          44      1     191  202.032112   11.032112
8446          44      2     190  190.562665    0.562665
8447          44      3     189  188.290580   -0.709420
8448          44      4     188  194.711779    6.711779
8449          44      5     187  194.826898    7.826898
8450          44      6     186  190.066559    4.066559
8451          44      7     185  191.171648    6.171648
8452          44      8     184  191.986859    7.986859
8453          44      9     183  193.756027   10.756027
8454          44     10     182  193.795160   11.795160
8455          44     11     181  189.080446    8.080446
8456          44     12     180  190.111362   10.111362
8457          44     13     179  194.281503   15.281503
8458          44     14     178  192.751110   14.751110
8459          44     15     177  189.722076   12.722076
8460          44     16     176  186.983742   10.983742
8461          44     17     175  176.297525    1.297525
8462          44     18     174  184.709809   10.709809
8463          44     19     173  181.058169    8.058169
8464          44     20     172  184.670254   12.670254
8465          44     21     171  173.888679    2.888679
8466          44     22     170  181.366335   11.366335
8467          44     23     169  176.209158    7.209158
8468          44     24     168  181.879256   13.879256
8469          44     25     167  177.514784   10.514784
8470          44     26     166  177.192964   11.192964
8471          44     27     165  179.301002   14.301002
8472          44     28     164  171.448115    7.448115
8473          44     29     163  168.538440    5.538440
8474          44     30     162  175.310653   13.310653
8475          44     31     161  165.468265    4.468265
8476          44     32     160  166.337802    6.337802
8477          44     33     159  167.622882    8.622882
8478          44     34     158  169.347001   11.347001
8479          44     35     157  172.670962   15.670962
8480          44     36     156  172.522616   16.522616
8481          44     37     155  169.437044   14.437044
8482          44     38     154  168.275929   14.275929
8483          44     39     153  163.391790   10.391790
8484          44     40     152  167.610126   15.610126
8485          44     41     151  165.414933   14.414933
8486          44     42     150  158.124260    8.124260
8487          44     43     149  160.896913   11.896913
8488          44     44     148  156.181245    8.181245
8489          44     45     147  160.670753   13.670753
8490          44     46     146  154.778613    8.778613
8491          44     47     145  148.691483    3.691483
8492          44     48     144  158.890253   14.890253
8493          44     49     143  159.393695   16.393695
8494          44     50     142  159.393695   17.393695
8495          44     51     141  149.133981    8.133981
8496          44     52     140  153.773802   13.773802
8497          44     53     139  159.137422   20.137422
8498          44     54     138  153.827453   15.827453
8499          44     55     137  154.459766   17.459766
8500          44     56     136  150.575577   14.575577
8501          44     57     135  154.971426   19.971426
8502          44     58     134  138.255562    4.255562
8503          44     59     133  144.793365   11.793365
8504          44     60     132  147.904107   15.904107
8505          44     61     131  146.854436   15.854436
8506          44     62     130  146.608282   16.608282
8507          44     63     129  142.726791   13.726791
8508          44     64     128  147.774010   19.774010
8509          44     65     127  145.072843   18.072843
8510          44     66     126  149.019607   23.019607
8511          44     67     125  142.667649   17.667649
8512          44     68     124  136.018209   12.018209
8513          44     69     123  145.270822   22.270822
8514          44     70     122  146.098263   24.098263
8515          44     71     121  151.289340   30.289340
8516          44     72     120  147.963754   27.963754
8517          44     73     119  150.461782   31.461782
8518          44     74     118  154.016512   36.016512
8519          44     75     117  153.582283   36.582283
8520          44     76     116  148.308674   32.308674
8521          44     77     115  137.642039   22.642039
8522          44     78     114  148.305398   34.305398
8523          44     79     113  134.443479   21.443479
8524          44     80     112  139.840835   27.840835
8525          44     81     111  128.112007   17.112007
8526          44     82     110  137.531906   27.531906
8527          44     83     109  138.180535   29.180535
8528          44     84     108  138.787973   30.787973
8529          44     85     107  137.882461   30.882461
8530          44     86     106  128.775582   22.775582
8531          44     87     105  122.048174   17.048174
8532          44     88     104  131.540187   27.540187
8533          44     89     103  126.313047   23.313047
8534          44     90     102  121.303754   19.303754
8535          44     91     101  108.413454    7.413454
8536          44     92     100  110.559727   10.559727
8537          44     93      99  124.587537   25.587537
8538          44     94      98  109.587251   11.587251
8539          44     95      97  119.659647   22.659647
8540          44     96      96  122.383338   26.383338
8541          44     97      95  117.536477   22.536477
8542          44     98      94  101.054076    7.054076
8543          44     99      93  115.320787   22.320787
8544          44    100      92  112.813395   20.813395
8545          44    101      91  119.672624   28.672624
8546          44    102      90  103.632979   13.632979
8547          44    103      89  115.126880   26.126880
8548          44    104      88   99.397993   11.397993
8549          44    105      87  102.694823   15.694823
8550          44    106      86  101.641724   15.641724
8551          44    107      85  109.039521   24.039521
8552          44    108      84   99.800676   15.800676
8553          44    109      83  110.746754   27.746754
8554          44    110      82  118.714836   36.714836
8555          44    111      81   94.423919   13.423919
8556          44    112      80  112.184365   32.184365
8557          44    113      79   95.119170   16.119170
8558          44    114      78   94.371863   16.371863
8559          44    115      77  106.273381   29.273381
8560          44    116      76   92.151439   16.151439
8561          44    117      75   93.954514   18.954514
8562          44    118      74   88.478418   14.478418
8563          44    119      73  107.324313   34.324313
8564          44    120      72   97.870550   25.870550
8565          44    121      71   93.217435   22.217435
8566          44    122      70  110.655355   40.655355
8567          44    123      69   98.433943   29.433943
8568          44    124      68  100.238352   32.238352
8569          44    125      67   76.172753    9.172753
8570          44    126      66  106.374747   40.374747
8571          44    127      65   89.924225   24.924225
8572          44    128      64   91.764274   27.764274
8573          44    129      63   93.319037   30.319037
8574          44    130      62   75.357883   13.357883
8575          44    131      61   88.087629   27.087629
8576          44    132      60   78.441983   18.441983
8577          44    133      59   79.964749   20.964749
8578          44    134      58   84.679012   26.679012
8579          44    135      57   68.946090   11.946090
8580          44    136      56   70.241885   14.241885
8581          44    137      55   58.894579    3.894579
8582          44    138      54   57.450085    3.450085
8583          44    139      53   57.525814    4.525814
8584          44    140      52   64.796576   12.796576
8585          44    141      51   66.322707   15.322707
8586          44    142      50   53.575788    3.575788
8587          44    143      49   59.307061   10.307061
8588          44    144      48   54.773606    6.773606
8589          44    145      47   51.640137    4.640137
8590          44    146      46   42.323094   -3.676906
8591          44    147      45   56.541433   11.541433
8592          44    148      44   54.109760   10.109760
8593          44    149      43   40.421444   -2.578556
8594          44    150      42   45.293976    3.293976
8595          44    151      41   49.947830    8.947830
8596          44    152      40   32.110209   -7.889791
8597          44    153      39   34.636476   -4.363524
8598          44    154      38   33.438434   -4.561566
8599          44    155      37   34.188256   -2.811744
8600          44    156      36   46.703787   10.703787
8601          44    157      35   33.163981   -1.836019
8602          44    158      34   29.149193   -4.850807
8603          44    159      33   25.718858   -7.281142
8604          44    160      32   25.863950   -6.136050
8605          44    161      31   24.062605   -6.937395
8606          44    162      30   24.540211   -5.459789
8607          44    163      29   32.707784    3.707784
8608          44    164      28   30.455045    2.455045
8609          44    165      27   24.164706   -2.835294
8610          44    166      26   24.476763   -1.523237
8611          44    167      25   19.649321   -5.350679
8612          44    168      24   21.025882   -2.974118
8613          44    169      23   21.025882   -1.974118
8614          44    170      22   19.649321   -2.350679
8615          44    171      21   19.649321   -1.350679
8616          44    172      20   19.649321   -0.350679
8617          44    173      19   17.934222   -1.065778
8618          44    174      18   17.074375   -0.925625
8619          44    175      17   17.440138    0.440138
8620          44    176      16   17.074375    1.074375
8621          44    177      15   19.783903    4.783903
8622          44    178      14   21.202837    7.202837
8623          44    179      13   19.180719    6.180719
8624          44    180      12   18.293031    6.293031
8625          44    181      11   18.293031    7.293031
8626          44    182      10   19.655442    9.655442
8627          44    183       9   19.655442   10.655442
8628          44    184       8   14.927543    6.927543
8629          44    185       7   14.927543    7.927543
8630          44    186       6   14.927543    8.927543
8631          44    187       5   14.927543    9.927543
8632          44    188       4   15.339436   11.339436
8633          44    189       3   14.927543   11.927543
8634          44    190       2   14.541720   12.541720
8635          44    191       1   14.927543   13.927543
8636          44    192       0   14.927543   14.927543
8637          45      1     157  202.295119   45.295119
8638          45      2     156  199.639343   43.639343
8639          45      3     155  195.221166   40.221166
8640          45      4     154  196.091258   42.091258
8641          45      5     153  174.175091   21.175091
8642          45      6     152  198.003963   46.003963
8643          45      7     151  194.252381   43.252381
8644          45      8     150  194.230513   44.230513
8645          45      9     149  192.001938   43.001938
8646          45     10     148  192.447068   44.447068
8647          45     11     147  177.438934   30.438934
8648          45     12     146  185.752507   39.752507
8649          45     13     145  187.582564   42.582564
8650          45     14     144  190.815635   46.815635
8651          45     15     143  174.474566   31.474566
8652          45     16     142  187.187184   45.187184
8653          45     17     141  182.631330   41.631330
8654          45     18     140  187.625254   47.625254
8655          45     19     139  188.616711   49.616711
8656          45     20     138  168.970790   30.970790
8657          45     21     137  180.020720   43.020720
8658          45     22     136  171.368426   35.368426
8659          45     23     135  181.427256   46.427256
8660          45     24     134  178.002206   44.002206
8661          45     25     133  174.480918   41.480918
8662          45     26     132  177.116327   45.116327
8663          45     27     131  183.692258   52.692258
8664          45     28     130  181.935576   51.935576
8665          45     29     129  182.513282   53.513282
8666          45     30     128  179.707821   51.707821
8667          45     31     127  179.753121   52.753121
8668          45     32     126  175.115047   49.115047
8669          45     33     125  175.155111   50.155111
8670          45     34     124  174.393813   50.393813
8671          45     35     123  168.625695   45.625695
8672          45     36     122  175.326931   53.326931
8673          45     37     121  166.167287   45.167287
8674          45     38     120  172.499320   52.499320
8675          45     39     119  171.184202   52.184202
8676          45     40     118  171.233101   53.233101
8677          45     41     117  163.901037   46.901037
8678          45     42     116  165.426582   49.426582
8679          45     43     115  169.073861   54.073861
8680          45     44     114  164.481909   50.481909
8681          45     45     113  166.537234   53.537234
8682          45     46     112  152.119570   40.119570
8683          45     47     111  164.524229   53.524229
8684          45     48     110  161.768230   51.768230
8685          45     49     109  154.349055   45.349055
8686          45     50     108  139.370132   31.370132
8687          45     51     107  155.585034   48.585034
8688          45     52     106  155.935564   49.935564
8689          45     53     105  131.843592   26.843592
8690          45     54     104  153.723634   49.723634
8691          45     55     103  149.526751   46.526751
8692          45     56     102  151.004110   49.004110
8693          45     57     101  148.802003   47.802003
8694          45     58     100  138.268893   38.268893
8695          45     59      99  132.059093   33.059093
8696          45     60      98  132.956767   34.956767
8697          45     61      97  132.160443   35.160443
8698          45     62      96  143.383078   47.383078
8699          45     63      95  141.296260   46.296260
8700          45     64      94  138.255562   44.255562
8701          45     65      93  127.060035   34.060035
8702          45     66      92  126.113290   34.113290
8703          45     67      91  136.252333   45.252333
8704          45     68      90  136.924858   46.924858
8705          45     69      89  139.361564   50.361564
8706          45     70      88  129.526462   41.526462
8707          45     71      87  132.480716   45.480716
8708          45     72      86  117.996765   31.996765
8709          45     73      85  128.474624   43.474624
8710          45     74      84  125.461486   41.461486
8711          45     75      83  125.802173   42.802173
8712          45     76      82  121.031840   39.031840
8713          45     77      81  122.467819   41.467819
8714          45     78      80  128.743696   48.743696
8715          45     79      79  124.290767   45.290767
8716          45     80      78  124.095311   46.095311
8717          45     81      77  126.828763   49.828763
8718          45     82      76  120.107210   44.107210
8719          45     83      75  116.563043   41.563043
8720          45     84      74  110.217419   36.217419
8721          45     85      73  127.047545   54.047545
8722          45     86      72  112.491676   40.491676
8723          45     87      71  119.264841   48.264841
8724          45     88      70  111.496359   41.496359
8725          45     89      69  110.633862   41.633862
8726          45     90      68   89.511468   21.511468
8727          45     91      67   86.680098   19.680098
8728          45     92      66   97.539890   31.539890
8729          45     93      65  111.483194   46.483194
8730          45     94      64  103.781312   39.781312
8731          45     95      63   97.477328   34.477328
8732          45     96      62  115.094966   53.094966
8733          45     97      61   88.893946   27.893946
8734          45     98      60   90.716978   30.716978
8735          45     99      59   95.941405   36.941405
8736          45    100      58   78.171724   20.171724
8737          45    101      57   67.135768   10.135768
8738          45    102      56   73.973996   17.973996
8739          45    103      55   80.637789   25.637789
8740          45    104      54   86.393122   32.393122
8741          45    105      53   71.573917   18.573917
8742          45    106      52   64.091171   12.091171
8743          45    107      51   76.759129   25.759129
8744          45    108      50   77.196207   27.196207
8745          45    109      49   72.757083   23.757083
8746          45    110      48   71.472384   23.472384
8747          45    111      47   70.539306   23.539306
8748          45    112      46   92.273520   46.273520
8749          45    113      45   79.061945   34.061945
8750          45    114      44   65.119548   21.119548
8751          45    115      43   66.955377   23.955377
8752          45    116      42   58.790604   16.790604
8753          45    117      41   63.834507   22.834507
8754          45    118      40   57.337063   17.337063
8755          45    119      39   53.487688   14.487688
8756          45    120      38   57.549904   19.549904
8757          45    121      37   53.333759   16.333759
8758          45    122      36   50.749885   14.749885
8759          45    123      35   43.359718    8.359718
8760          45    124      34   53.898262   19.898262
8761          45    125      33   41.716288    8.716288
8762          45    126      32   39.741110    7.741110
8763          45    127      31   57.649320   26.649320
8764          45    128      30   39.740900    9.740900
8765          45    129      29   36.559725    7.559725
8766          45    130      28   32.273690    4.273690
8767          45    131      27   31.847600    4.847600
8768          45    132      26   29.777685    3.777685
8769          45    133      25   30.440792    5.440792
8770          45    134      24   29.094435    5.094435
8771          45    135      23   29.094435    6.094435
8772          45    136      22   29.094435    7.094435
8773          45    137      21   30.459168    9.459168
8774          45    138      20   26.263328    6.263328
8775          45    139      19   26.263328    7.263328
8776          45    140      18   23.541020    5.541020
8777          45    141      17   19.999124    2.999124
8778          45    142      16   17.930663    1.930663
8779          45    143      15   16.554102    1.554102
8780          45    144      14   15.782449    1.782449
8781          45    145      13   18.749497    5.749497
8782          45    146      12   16.168278    4.168278
8783          45    147      11   16.168278    5.168278
8784          45    148      10   16.366027    6.366027
8785          45    149       9   16.235253    7.235253
8786          45    150       8   18.957560   10.957560
8787          45    151       7   18.957560   11.957560
8788          45    152       6   16.810880   10.810880
8789          45    153       5   14.229662    9.229662
8790          45    154       4   15.141814   11.141814
8791          45    155       3   14.615485   11.615485
8792          45    156       2   14.615485   12.615485
8793          45    157       1   14.229662   13.229662
8794          45    158       0   14.229662   14.229662
8795          46      1     255  212.241851  -42.758149
8796          46      2     254  201.517063  -52.482937
8797          46      3     253  214.607029  -38.392971
8798          46      4     252  201.680980  -50.319020
8799          46      5     251  198.757506  -52.242494
8800          46      6     250  197.008538  -52.991462
8801          46      7     249  196.255661  -52.744339
8802          46      8     248  196.299318  -51.700682
8803          46      9     247  195.546785  -51.453215
8804          46     10     246  195.461201  -50.538799
8805          46     11     245  196.225066  -48.774934
8806          46     12     244  197.135164  -46.864836
8807          46     13     243  197.135164  -45.864836
8808          46     14     242  197.580438  -44.419562
8809          46     15     241  193.095288  -47.904712
8810          46     16     240  195.769060  -44.230940
8811          46     17     239  196.628538  -42.371462
8812          46     18     238  188.014190  -49.985810
8813          46     19     237  195.028192  -41.971808
8814          46     20     236  196.850242  -39.149758
8815          46     21     235  195.823802  -39.176198
8816          46     22     234  194.882680  -39.117320
8817          46     23     233  193.191974  -39.808026
8818          46     24     232  188.961856  -43.038144
8819          46     25     231  191.449668  -39.550332
8820          46     26     230  190.676746  -39.323254
8821          46     27     229  190.298958  -38.701042
8822          46     28     228  189.729692  -38.270308
8823          46     29     227  179.544388  -47.455612
8824          46     30     226  189.408836  -36.591164
8825          46     31     225  187.238596  -37.761404
8826          46     32     224  183.101848  -40.898152
8827          46     33     223  182.973442  -40.026558
8828          46     34     222  186.662687  -35.337313
8829          46     35     221  182.572657  -38.427343
8830          46     36     220  181.414809  -38.585191
8831          46     37     219  184.514159  -34.485841
8832          46     38     218  185.876343  -32.123657
8833          46     39     217  177.727315  -39.272685
8834          46     40     216  185.976604  -30.023396
8835          46     41     215  178.962311  -36.037689
8836          46     42     214  179.918187  -34.081813
8837          46     43     213  178.110150  -34.889850
8838          46     44     212  163.200429  -48.799571
8839          46     45     211  176.628954  -34.371046
8840          46     46     210  163.792408  -46.207592
8841          46     47     209  172.634022  -36.365978
8842          46     48     208  176.162160  -31.837840
8843          46     49     207  175.584462  -31.415538
8844          46     50     206  165.969680  -40.030320
8845          46     51     205  174.108389  -30.891611
8846          46     52     204  174.108389  -29.891611
8847          46     53     203  161.677868  -41.322132
8848          46     54     202  153.585818  -48.414182
8849          46     55     201  164.299448  -36.700552
8850          46     56     200  156.130076  -43.869924
8851          46     57     199  164.508072  -34.491928
8852          46     58     198  163.665663  -34.334337
8853          46     59     197  163.138384  -33.861616
8854          46     60     196  158.209365  -37.790635
8855          46     61     195  161.457359  -33.542641
8856          46     62     194  162.046150  -31.953850
8857          46     63     193  157.311145  -35.688855
8858          46     64     192  158.099651  -33.900349
8859          46     65     191  158.759840  -32.240160
8860          46     66     190  155.352335  -34.647665
8861          46     67     189  144.403234  -44.596766
8862          46     68     188  155.166969  -32.833031
8863          46     69     187  150.176452  -36.823548
8864          46     70     186  153.629372  -32.370628
8865          46     71     185  155.407871  -29.592129
8866          46     72     184  154.299898  -29.700102
8867          46     73     183  153.676852  -29.323148
8868          46     74     182  140.247100  -41.752900
8869          46     75     181  149.934282  -31.065718
8870          46     76     180  151.986565  -28.013435
8871          46     77     179  150.297578  -28.702422
8872          46     78     178  154.268874  -23.731126
8873          46     79     177  153.389259  -23.610741
8874          46     80     176  154.082372  -21.917628
8875          46     81     175  151.499312  -23.500688
8876          46     82     174  153.749077  -20.250923
8877          46     83     173  150.321776  -22.678224
8878          46     84     172  137.842585  -34.157415
8879          46     85     171  151.657458  -19.342542
8880          46     86     170  150.299016  -19.700984
8881          46     87     169  145.837567  -23.162433
8882          46     88     168  147.006138  -20.993862
8883          46     89     167  145.041130  -21.958870
8884          46     90     166  144.028605  -21.971395
8885          46     91     165  141.308014  -23.691986
8886          46     92     164  132.267098  -31.732902
8887          46     93     163  144.010975  -18.989025
8888          46     94     162  129.789353  -32.210647
8889          46     95     161  144.622320  -16.377680
8890          46     96     160  138.654356  -21.345644
8891          46     97     159  135.646398  -23.353602
8892          46     98     158  142.044555  -15.955445
8893          46     99     157  141.662342  -15.337658
8894          46    100     156  143.198065  -12.801935
8895          46    101     155  129.895612  -25.104388
8896          46    102     154  134.626920  -19.373080
8897          46    103     153  129.326544  -23.673456
8898          46    104     152  126.821390  -25.178610
8899          46    105     151  127.846908  -23.153092
8900          46    106     150  120.602378  -29.397622
8901          46    107     149  129.118049  -19.881951
8902          46    108     148  136.326061  -11.673939
8903          46    109     147  125.807466  -21.192534
8904          46    110     146  126.072355  -19.927645
8905          46    111     145  126.920897  -18.079103
8906          46    112     144  120.017710  -23.982290
8907          46    113     143  119.522407  -23.477593
8908          46    114     142  129.835055  -12.164945
8909          46    115     141  101.278033  -39.721967
8910          46    116     140  110.831854  -29.168146
8911          46    117     139  104.876285  -34.123715
8912          46    118     138  117.376535  -20.623465
8913          46    119     137   99.021382  -37.978618
8914          46    120     136  122.599603  -13.400397
8915          46    121     135  114.895054  -20.104946
8916          46    122     134  107.893005  -26.106995
8917          46    123     133  104.083301  -28.916699
8918          46    124     132  115.417060  -16.582940
8919          46    125     131  102.773553  -28.226447
8920          46    126     130  109.593141  -20.406859
8921          46    127     129  113.826800  -15.173200
8922          46    128     128  111.039057  -16.960943
8923          46    129     127  106.411959  -20.588041
8924          46    130     126  104.622289  -21.377711
8925          46    131     125  110.813462  -14.186538
8926          46    132     124  106.760770  -17.239230
8927          46    133     123  118.123617   -4.876383
8928          46    134     122  107.065390  -14.934610
8929          46    135     121  114.008236   -6.991764
8930          46    136     120  111.835226   -8.164774
8931          46    137     119  110.104287   -8.895713
8932          46    138     118  108.306735   -9.693265
8933          46    139     117  122.496512    5.496512
8934          46    140     116  116.403883    0.403883
8935          46    141     115  114.873388   -0.126612
8936          46    142     114  128.132008   14.132008
8937          46    143     113  121.812967    8.812967
8938          46    144     112  124.624393   12.624393
8939          46    145     111  117.437902    6.437902
8940          46    146     110  119.283767    9.283767
8941          46    147     109  110.796018    1.796018
8942          46    148     108  126.961071   18.961071
8943          46    149     107  114.498866    7.498866
8944          46    150     106   98.990958   -7.009042
8945          46    151     105  114.472667    9.472667
8946          46    152     104   92.308276  -11.691724
8947          46    153     103  106.851735    3.851735
8948          46    154     102  105.946699    3.946699
8949          46    155     101   96.158454   -4.841546
8950          46    156     100  101.708588    1.708588
8951          46    157      99   98.735991   -0.264009
8952          46    158      98   97.555252   -0.444748
8953          46    159      97   92.470697   -4.529303
8954          46    160      96   86.664206   -9.335794
8955          46    161      95   96.975075    1.975075
8956          46    162      94   85.295034   -8.704966
8957          46    163      93  104.081035   11.081035
8958          46    164      92   96.662105    4.662105
8959          46    165      91   83.696908   -7.303092
8960          46    166      90   77.434906  -12.565094
8961          46    167      89   97.770537    8.770537
8962          46    168      88  114.817003   26.817003
8963          46    169      87   83.979092   -3.020908
8964          46    170      86  101.529744   15.529744
8965          46    171      85  105.812877   20.812877
8966          46    172      84   96.903425   12.903425
8967          46    173      83   87.898897    4.898897
8968          46    174      82   87.072164    5.072164
8969          46    175      81   88.761427    7.761427
8970          46    176      80   82.749845    2.749845
8971          46    177      79   91.331710   12.331710
8972          46    178      78   91.291226   13.291226
8973          46    179      77   78.618649    1.618649
8974          46    180      76   80.300666    4.300666
8975          46    181      75   75.314472    0.314472
8976          46    182      74   75.112444    1.112444
8977          46    183      73   67.924021   -5.075979
8978          46    184      72   61.901728  -10.098272
8979          46    185      71   64.024781   -6.975219
8980          46    186      70   63.103083   -6.896917
8981          46    187      69   62.680095   -6.319905
8982          46    188      68   62.044895   -5.955105
8983          46    189      67   55.406695  -11.593305
8984          46    190      66   67.843172    1.843172
8985          46    191      65   55.307902   -9.692098
8986          46    192      64   55.772458   -8.227542
8987          46    193      63   56.217876   -6.782124
8988          46    194      62   54.127158   -7.872842
8989          46    195      61   49.285607  -11.714393
8990          46    196      60   58.654224   -1.345776
8991          46    197      59   51.315289   -7.684711
8992          46    198      58   50.307767   -7.692233
8993          46    199      57   51.041949   -5.958051
8994          46    200      56   43.976432  -12.023568
8995          46    201      55   48.821639   -6.178361
8996          46    202      54   51.762689   -2.237311
8997          46    203      53   43.387815   -9.612185
8998          46    204      52   42.341250   -9.658750
8999          46    205      51   40.671120  -10.328880
9000          46    206      50   45.353429   -4.646571
9001          46    207      49   45.739253   -3.260747
9002          46    208      48   48.157427    0.157427
9003          46    209      47   44.093171   -2.906829
9004          46    210      46   40.801633   -5.198367
9005          46    211      45   43.034209   -1.965791
9006          46    212      44   42.582704   -1.417296
9007          46    213      43   39.360986   -3.639014
9008          46    214      42   43.059256    1.059256
9009          46    215      41   39.301197   -1.698803
9010          46    216      40   38.724692   -1.275308
9011          46    217      39   29.994494   -9.005506
9012          46    218      38   29.994494   -8.005506
9013          46    219      37   27.767385   -9.232615
9014          46    220      36   27.747318   -8.252682
9015          46    221      35   26.919572   -8.080428
9016          46    222      34   24.610238   -9.389762
9017          46    223      33   23.483665   -9.516335
9018          46    224      32   20.425787  -11.574213
9019          46    225      31   21.788591   -9.211409
9020          46    226      30   20.381782   -9.618218
9021          46    227      29   20.580568   -8.419432
9022          46    228      28   21.224772   -6.775228
9023          46    229      27   22.084619   -4.915381
9024          46    230      26   18.252069   -7.747931
9025          46    231      25   18.889586   -6.110414
9026          46    232      24   18.889586   -5.110414
9027          46    233      23   18.208121   -4.791879
9028          46    234      22   16.444032   -5.555968
9029          46    235      21   15.235418   -5.764582
9030          46    236      20   15.601181   -4.398819
9031          46    237      19   15.235418   -3.764582
9032          46    238      18   15.235418   -2.764582
9033          46    239      17   18.742218    1.742218
9034          46    240      16   17.788648    1.788648
9035          46    241      15   17.168007    2.168007
9036          46    242      14   15.858267    1.858267
9037          46    243      13   15.229390    2.229390
9038          46    244      12   15.229390    3.229390
9039          46    245      11   15.910855    4.910855
9040          46    246      10   15.229390    5.229390
9041          46    247       9   15.910855    6.910855
9042          46    248       8   18.451763   10.451763
9043          46    249       7   16.583102    9.583102
9044          46    250       6   16.439454   10.439454
9045          46    251       5   17.037427   12.037427
9046          46    252       4   18.451763   14.451763
9047          46    253       3   18.451763   15.451763
9048          46    254       2   17.986213   15.986213
9049          46    255       1   17.003288   16.003288
9050          46    256       0   15.229390   15.229390
9051          47      1     213  196.426568  -16.573432
9052          47      2     212  203.155246   -8.844754
9053          47      3     211  203.909941   -7.090059
9054          47      4     210  201.809391   -8.190609
9055          47      5     209  201.894975   -7.105025
9056          47      6     208  195.001859  -12.998141
9057          47      7     207  191.826452  -15.173548
9058          47      8     206  201.828634   -4.171366
9059          47      9     205  204.168792   -0.831208
9060          47     10     204  193.252295  -10.747705
9061          47     11     203  195.686616   -7.313384
9062          47     12     202  189.350877  -12.649123
9063          47     13     201  193.621415   -7.378585
9064          47     14     200  194.569813   -5.430187
9065          47     15     199  187.368120  -11.631880
9066          47     16     198  196.669753   -1.330247
9067          47     17     197  194.906286   -2.093714
9068          47     18     196  195.856359   -0.143641
9069          47     19     195  172.887438  -22.112562
9070          47     20     194  190.590120   -3.409880
9071          47     21     193  186.409083   -6.590917
9072          47     22     192  189.097256   -2.902744
9073          47     23     191  184.124023   -6.875977
9074          47     24     190  185.707703   -4.292297
9075          47     25     189  176.307795  -12.692205
9076          47     26     188  181.280996   -6.719004
9077          47     27     187  179.945864   -7.054136
9078          47     28     186  179.344088   -6.655912
9079          47     29     185  179.660695   -5.339305
9080          47     30     184  179.507207   -4.492793
9081          47     31     183  178.611121   -4.388879
9082          47     32     182  176.695151   -5.304849
9083          47     33     181  177.980322   -3.019678
9084          47     34     180  180.216096    0.216096
9085          47     35     179  171.827001   -7.172999
9086          47     36     178  179.351190    1.351190
9087          47     37     177  177.739505    0.739505
9088          47     38     176  179.633377    3.633377
9089          47     39     175  167.280881   -7.719119
9090          47     40     174  175.899864    1.899864
9091          47     41     173  176.360081    3.360081
9092          47     42     172  176.318710    4.318710
9093          47     43     171  172.794884    1.794884
9094          47     44     170  175.652042    5.652042
9095          47     45     169  171.362061    2.362061
9096          47     46     168  178.009124   10.009124
9097          47     47     167  176.799393    9.799393
9098          47     48     166  174.700616    8.700616
9099          47     49     165  174.700616    9.700616
9100          47     50     164  165.503755    1.503755
9101          47     51     163  151.714308  -11.285692
9102          47     52     162  168.293718    6.293718
9103          47     53     161  166.554322    5.554322
9104          47     54     160  142.922304  -17.077696
9105          47     55     159  149.371432   -9.628568
9106          47     56     158  163.208924    5.208924
9107          47     57     157  164.495317    7.495317
9108          47     58     156  152.520895   -3.479105
9109          47     59     155  165.002611   10.002611
9110          47     60     154  164.281530   10.281530
9111          47     61     153  151.480204   -1.519796
9112          47     62     152  156.775660    4.775660
9113          47     63     151  145.727899   -5.272101
9114          47     64     150  155.060093    5.060093
9115          47     65     149  144.495908   -4.504092
9116          47     66     148  153.885214    5.885214
9117          47     67     147  144.216727   -2.783273
9118          47     68     146  152.180982    6.180982
9119          47     69     145  143.850707   -1.149293
9120          47     70     144  149.933647    5.933647
9121          47     71     143  146.240668    3.240668
9122          47     72     142  130.342974  -11.657026
9123          47     73     141  147.572830    6.572830
9124          47     74     140  149.933012    9.933012
9125          47     75     139  144.459778    5.459778
9126          47     76     138  142.491171    4.491171
9127          47     77     137  143.020674    6.020674
9128          47     78     136  138.930024    2.930024
9129          47     79     135  143.790218    8.790218
9130          47     80     134  149.428532   15.428532
9131          47     81     133  148.802869   15.802869
9132          47     82     132  150.750265   18.750265
9133          47     83     131  142.222951   11.222951
9134          47     84     130  133.725267    3.725267
9135          47     85     129  140.384808   11.384808
9136          47     86     128  145.492173   17.492173
9137          47     87     127  143.023923   16.023923
9138          47     88     126  149.413639   23.413639
9139          47     89     125  144.242033   19.242033
9140          47     90     124  147.913659   23.913659
9141          47     91     123  140.027951   17.027951
9142          47     92     122  138.439460   16.439460
9143          47     93     121  128.507170    7.507170
9144          47     94     120  125.200583    5.200583
9145          47     95     119  125.762109    6.762109
9146          47     96     118  132.115547   14.115547
9147          47     97     117  129.498987   12.498987
9148          47     98     116  110.444948   -5.555052
9149          47     99     115  127.248594   12.248594
9150          47    100     114  112.662237   -1.337763
9151          47    101     113  118.209634    5.209634
9152          47    102     112  117.429655    5.429655
9153          47    103     111  118.393067    7.393067
9154          47    104     110  119.028912    9.028912
9155          47    105     109   94.100786  -14.899214
9156          47    106     108  110.312663    2.312663
9157          47    107     107  116.318707    9.318707
9158          47    108     106  121.140929   15.140929
9159          47    109     105  101.877166   -3.122834
9160          47    110     104  121.863750   17.863750
9161          47    111     103  109.942384    6.942384
9162          47    112     102  112.601020   10.601020
9163          47    113     101  107.463309    6.463309
9164          47    114     100  105.910661    5.910661
9165          47    115      99  104.336273    5.336273
9166          47    116      98  116.119724   18.119724
9167          47    117      97  100.402413    3.402413
9168          47    118      96  115.582836   19.582836
9169          47    119      95  111.941401   16.941401
9170          47    120      94   89.072175   -4.927825
9171          47    121      93  108.848621   15.848621
9172          47    122      92  109.852688   17.852688
9173          47    123      91  112.045700   21.045700
9174          47    124      90  106.831352   16.831352
9175          47    125      89   83.414811   -5.585189
9176          47    126      88   84.565147   -3.434853
9177          47    127      87  106.962238   19.962238
9178          47    128      86   91.194392    5.194392
9179          47    129      85   82.409813   -2.590187
9180          47    130      84   91.137847    7.137847
9181          47    131      83   78.526004   -4.473996
9182          47    132      82   80.383212   -1.616788
9183          47    133      81  101.593569   20.593569
9184          47    134      80  103.246902   23.246902
9185          47    135      79   85.730226    6.730226
9186          47    136      78   73.900427   -4.099573
9187          47    137      77   72.364500   -4.635500
9188          47    138      76   95.468806   19.468806
9189          47    139      75   79.945392    4.945392
9190          47    140      74   98.841729   24.841729
9191          47    141      73   96.030485   23.030485
9192          47    142      72   84.845275   12.845275
9193          47    143      71   81.272155   10.272155
9194          47    144      70   80.936314   10.936314
9195          47    145      69   87.928424   18.928424
9196          47    146      68   73.868537    5.868537
9197          47    147      67   70.702848    3.702848
9198          47    148      66   74.683166    8.683166
9199          47    149      65   85.487632   20.487632
9200          47    150      64   80.937964   16.937964
9201          47    151      63   73.491086   10.491086
9202          47    152      62   75.553409   13.553409
9203          47    153      61   73.670799   12.670799
9204          47    154      60   69.528055    9.528055
9205          47    155      59   74.115052   15.115052
9206          47    156      58   60.927428    2.927428
9207          47    157      57   58.947629    1.947629
9208          47    158      56   52.235308   -3.764692
9209          47    159      55   50.526572   -4.473428
9210          47    160      54   62.813144    8.813144
9211          47    161      53   60.756154    7.756154
9212          47    162      52   52.499171    0.499171
9213          47    163      51   51.584948    0.584948
9214          47    164      50   46.511834   -3.488166
9215          47    165      49   43.845757   -5.154243
9216          47    166      48   44.624419   -3.375581
9217          47    167      47   34.805165  -12.194835
9218          47    168      46   37.986788   -8.013212
9219          47    169      45   35.315223   -9.684777
9220          47    170      44   35.315223   -8.684777
9221          47    171      43   29.686417  -13.313583
9222          47    172      42   35.457492   -6.542508
9223          47    173      41   35.886915   -5.113085
9224          47    174      40   30.239360   -9.760640
9225          47    175      39   30.303102   -8.696898
9226          47    176      38   32.889982   -5.110018
9227          47    177      37   33.275805   -3.724195
9228          47    178      36   31.729978   -4.270022
9229          47    179      35   31.971805   -3.028195
9230          47    180      34   25.095581   -8.904419
9231          47    181      33   25.095581   -7.904419
9232          47    182      32   26.187728   -5.812272
9233          47    183      31   22.680928   -8.319072
9234          47    184      30   20.790974   -9.209026
9235          47    185      29   23.797628   -5.202372
9236          47    186      28   21.524155   -6.475845
9237          47    187      27   19.146882   -7.853118
9238          47    188      26   18.088841   -7.911159
9239          47    189      25   16.880227   -8.119773
9240          47    190      24   17.876541   -6.123459
9241          47    191      23   19.779677   -3.220323
9242          47    192      22   16.880227   -5.119773
9243          47    193      21   19.209247   -1.790753
9244          47    194      20   17.740595   -2.259405
9245          47    195      19   16.349369   -2.650631
9246          47    196      18   16.349369   -1.650631
9247          47    197      17   16.349369   -0.650631
9248          47    198      16   14.482565   -1.517435
9249          47    199      15   14.482565   -0.517435
9250          47    200      14   14.208130    0.208130
9251          47    201      13   13.907961    0.907961
9252          47    202      12   12.729149    0.729149
9253          47    203      11   12.347853    1.347853
9254          47    204      10   13.260006    3.260006
9255          47    205       9   12.347853    3.347853
9256          47    206       8   12.347853    4.347853
9257          47    207       7   12.347853    5.347853
9258          47    208       6   12.347853    6.347853
9259          47    209       5   12.347853    7.347853
9260          47    210       4   12.347853    8.347853
9261          47    211       3   12.347853    9.347853
9262          47    212       2   12.347853   10.347853
9263          47    213       1   12.347853   11.347853
9264          47    214       0   12.347853   12.347853
9265          48      1     230  196.907025  -33.092975
9266          48      2     229  194.022252  -34.977748
9267          48      3     228  196.333448  -31.666552
9268          48      4     227  195.352530  -31.647470
9269          48      5     226  189.032727  -36.967273
9270          48      6     225  187.965120  -37.034880
9271          48      7     224  191.455999  -32.544001
9272          48      8     223  190.675361  -32.324639
9273          48      9     222  193.477608  -28.522392
9274          48     10     221  194.236913  -26.763087
9275          48     11     220  191.479500  -28.520500
9276          48     12     219  194.236913  -24.763087
9277          48     13     218  193.746908  -24.253092
9278          48     14     217  194.943442  -22.056558
9279          48     15     216  196.027374  -19.972626
9280          48     16     215  196.168624  -18.831376
9281          48     17     214  195.533356  -18.466644
9282          48     18     213  195.904938  -17.095062
9283          48     19     212  193.768270  -18.231730
9284          48     20     211  193.548149  -17.451851
9285          48     21     210  198.399105  -11.600895
9286          48     22     209  192.445179  -16.554821
9287          48     23     208  194.340019  -13.659981
9288          48     24     207  194.607311  -12.392689
9289          48     25     206  194.775025  -11.224975
9290          48     26     205  194.913401  -10.086599
9291          48     27     204  184.303259  -19.696741
9292          48     28     203  193.277924   -9.722076
9293          48     29     202  192.302499   -9.697501
9294          48     30     201  188.671942  -12.328058
9295          48     31     200  190.683377   -9.316623
9296          48     32     199  185.217111  -13.782889
9297          48     33     198  185.406048  -12.593952
9298          48     34     197  178.946484  -18.053516
9299          48     35     196  176.363790  -19.636210
9300          48     36     195  176.278058  -18.721942
9301          48     37     194  170.453091  -23.546909
9302          48     38     193  179.666444  -13.333556
9303          48     39     192  165.334114  -26.665886
9304          48     40     191  175.535380  -15.464620
9305          48     41     190  166.121906  -23.878094
9306          48     42     189  169.693647  -19.306353
9307          48     43     188  171.452892  -16.547108
9308          48     44     187  171.803681  -15.196319
9309          48     45     186  168.375857  -17.624143
9310          48     46     185  171.398451  -13.601549
9311          48     47     184  168.786880  -15.213120
9312          48     48     183  170.534083  -12.465917
9313          48     49     182  168.740845  -13.259155
9314          48     50     181  170.986376  -10.013624
9315          48     51     180  156.347644  -23.652356
9316          48     52     179  155.898557  -23.101443
9317          48     53     178  150.244105  -27.755895
9318          48     54     177  158.567407  -18.432593
9319          48     55     176  156.678606  -19.321394
9320          48     56     175  157.578141  -17.421859
9321          48     57     174  157.474757  -16.525243
9322          48     58     173  156.237852  -16.762148
9323          48     59     172  154.162207  -17.837793
9324          48     60     171  156.059785  -14.940215
9325          48     61     170  155.845888  -14.154112
9326          48     62     169  153.860671  -15.139329
9327          48     63     168  146.635334  -21.364666
9328          48     64     167  154.067198  -12.932802
9329          48     65     166  154.512322  -11.487678
9330          48     66     165  147.459165  -17.540835
9331          48     67     164  153.848761  -10.151239
9332          48     68     163  153.914033   -9.085967
9333          48     69     162  151.527186  -10.472814
9334          48     70     161  148.958378  -12.041622
9335          48     71     160  143.391368  -16.608632
9336          48     72     159  148.242263  -10.757737
9337          48     73     158  148.416860   -9.583140
9338          48     74     157  148.818989   -8.181011
9339          48     75     156  152.698246   -3.301754
9340          48     76     155  152.953919   -2.046081
9341          48     77     154  143.863753  -10.136247
9342          48     78     153  143.958948   -9.041052
9343          48     79     152  143.384370   -8.615630
9344          48     80     151  152.277532    1.277532
9345          48     81     150  147.921102   -2.078898
9346          48     82     149  144.478406   -4.521594
9347          48     83     148  145.298443   -2.701557
9348          48     84     147  144.765415   -2.234585
9349          48     85     146  145.193562   -0.806438
9350          48     86     145  145.373793    0.373793
9351          48     87     144  142.476597   -1.523403
9352          48     88     143  142.892828   -0.107172
9353          48     89     142  143.228703    1.228703
9354          48     90     141  139.463894   -1.536106
9355          48     91     140  131.924988   -8.075012
9356          48     92     139  137.929231   -1.070769
9357          48     93     138  136.461554   -1.538446
9358          48     94     137  124.719847  -12.280153
9359          48     95     136  117.754190  -18.245810
9360          48     96     135  132.502994   -2.497006
9361          48     97     134  125.517731   -8.482269
9362          48     98     133  126.557718   -6.442282
9363          48     99     132  120.842417  -11.157583
9364          48    100     131  125.767294   -5.232706
9365          48    101     130  115.482349  -14.517651
9366          48    102     129  123.758384   -5.241616
9367          48    103     128  122.907899   -5.092101
9368          48    104     127  113.873738  -13.126262
9369          48    105     126  106.983975  -19.016025
9370          48    106     125  114.781802  -10.218198
9371          48    107     124  117.725181   -6.274819
9372          48    108     123  100.777049  -22.222951
9373          48    109     122  111.303222  -10.696778
9374          48    110     121  100.170161  -20.829839
9375          48    111     120  100.766792  -19.233208
9376          48    112     119   98.726084  -20.273916
9377          48    113     118  109.404352   -8.595648
9378          48    114     117  114.876396   -2.123604
9379          48    115     116  108.118370   -7.881630
9380          48    116     115  103.964329  -11.035671
9381          48    117     114  113.199913   -0.800087
9382          48    118     113   96.542634  -16.457366
9383          48    119     112  112.083928    0.083928
9384          48    120     111  112.566848    1.566848
9385          48    121     110  113.142234    3.142234
9386          48    122     109  113.378236    4.378236
9387          48    123     108  114.408024    6.408024
9388          48    124     107  111.373856    4.373856
9389          48    125     106  105.241701   -0.758299
9390          48    126     105  103.873847   -1.126153
9391          48    127     104  101.103295   -2.896705
9392          48    128     103   95.146944   -7.853056
9393          48    129     102  103.862194    1.862194
9394          48    130     101  109.299958    8.299958
9395          48    131     100   99.768124   -0.231876
9396          48    132      99  101.236670    2.236670
9397          48    133      98  101.633001    3.633001
9398          48    134      97  100.429686    3.429686
9399          48    135      96  100.517041    4.517041
9400          48    136      95  102.488361    7.488361
9401          48    137      94  104.339253   10.339253
9402          48    138      93   98.958291    5.958291
9403          48    139      92   93.921815    1.921815
9404          48    140      91  100.384343    9.384343
9405          48    141      90   87.752859   -2.247141
9406          48    142      89  105.121368   16.121368
9407          48    143      88  100.553965   12.553965
9408          48    144      87  102.966392   15.966392
9409          48    145      86  102.784430   16.784430
9410          48    146      85   92.433925    7.433925
9411          48    147      84   89.502418    5.502418
9412          48    148      83  108.875484   25.875484
9413          48    149      82   95.479393   13.479393
9414          48    150      81   96.102433   15.102433
9415          48    151      80   80.955097    0.955097
9416          48    152      79   79.949483    0.949483
9417          48    153      78  107.592280   29.592280
9418          48    154      77  104.629087   27.629087
9419          48    155      76   87.501437   11.501437
9420          48    156      75   96.768321   21.768321
9421          48    157      74   89.053004   15.053004
9422          48    158      73   76.950129    3.950129
9423          48    159      72   82.943670   10.943670
9424          48    160      71   75.804268    4.804268
9425          48    161      70   94.755319   24.755319
9426          48    162      69   87.076200   18.076200
9427          48    163      68   74.605489    6.605489
9428          48    164      67   80.242885   13.242885
9429          48    165      66   84.779520   18.779520
9430          48    166      65   77.676694   12.676694
9431          48    167      64   79.999170   15.999170
9432          48    168      63   89.436445   26.436445
9433          48    169      62   76.362538   14.362538
9434          48    170      61   94.724467   33.724467
9435          48    171      60   70.010521   10.010521
9436          48    172      59   89.186448   30.186448
9437          48    173      58   75.180085   17.180085
9438          48    174      57   71.943068   14.943068
9439          48    175      56   79.434110   23.434110
9440          48    176      55   72.440446   17.440446
9441          48    177      54   60.098387    6.098387
9442          48    178      53   59.897618    6.897618
9443          48    179      52   71.887631   19.887631
9444          48    180      51   67.009789   16.009789
9445          48    181      50   62.725055   12.725055
9446          48    182      49   73.820051   24.820051
9447          48    183      48   60.180281   12.180281
9448          48    184      47   65.786934   18.786934
9449          48    185      46   67.982117   21.982117
9450          48    186      45   80.047781   35.047781
9451          48    187      44   57.154625   13.154625
9452          48    188      43   55.989440   12.989440
9453          48    189      42   55.744927   13.744927
9454          48    190      41   56.111893   15.111893
9455          48    191      40   55.364341   15.364341
9456          48    192      39   48.281160    9.281160
9457          48    193      38   55.432943   17.432943
9458          48    194      37   46.456924    9.456924
9459          48    195      36   49.714942   13.714942
9460          48    196      35   36.729092    1.729092
9461          48    197      34   39.517621    5.517621
9462          48    198      33   59.278507   26.278507
9463          48    199      32   43.003933   11.003933
9464          48    200      31   41.556318   10.556318
9465          48    201      30   30.489017    0.489017
9466          48    202      29   39.031118   10.031118
9467          48    203      28   42.856852   14.856852
9468          48    204      27   38.352829   11.352829
9469          48    205      26   36.946020   10.946020
9470          48    206      25   34.558729    9.558729
9471          48    207      24   28.173515    4.173515
9472          48    208      23   21.821622   -1.178378
9473          48    209      22   20.579900   -1.420100
9474          48    210      21   20.579900   -0.420100
9475          48    211      20   19.905253   -0.094747
9476          48    212      19   16.888946   -2.111054
9477          48    213      18   17.141431   -0.858569
9478          48    214      17   16.888946   -0.111054
9479          48    215      16   15.495084   -0.504916
9480          48    216      15   16.945336    1.945336
9481          48    217      14   14.286470    0.286470
9482          48    218      13   14.286470    1.286470
9483          48    219      12   14.286470    2.286470
9484          48    220      11   14.286470    3.286470
9485          48    221      10   14.286470    4.286470
9486          48    222       9   14.286470    5.286470
9487          48    223       8   14.286470    6.286470
9488          48    224       7   14.286470    7.286470
9489          48    225       6   13.526666    7.526666
9490          48    226       5   13.526666    8.526666
9491          48    227       4   13.526666    9.526666
9492          48    228       3   13.526666   10.526666
9493          48    229       2   13.526666   11.526666
9494          48    230       1   12.347853   11.347853
9495          48    231       0   13.243333   13.243333
9496          49      1     214  190.493519  -23.506481
9497          49      2     213  180.548755  -32.451245
9498          49      3     212  170.393789  -41.606211
9499          49      4     211  168.371802  -42.628198
9500          49      5     210  176.858968  -33.141032
9501          49      6     209  178.309267  -30.690733
9502          49      7     208  180.378273  -27.621727
9503          49      8     207  174.169006  -32.830994
9504          49      9     206  171.107376  -34.892624
9505          49     10     205  170.775833  -34.224167
9506          49     11     204  174.850346  -29.149654
9507          49     12     203  176.390553  -26.609447
9508          49     13     202  169.049909  -32.950091
9509          49     14     201  162.479786  -38.520214
9510          49     15     200  172.821450  -27.178550
9511          49     16     199  174.595309  -24.404691
9512          49     17     198  173.177670  -24.822330
9513          49     18     197  173.088205  -23.911795
9514          49     19     196  170.603767  -25.396233
9515          49     20     195  169.529289  -25.470711
9516          49     21     194  173.092330  -20.907670
9517          49     22     193  169.253944  -23.746056
9518          49     23     192  169.856381  -22.143619
9519          49     24     191  163.933825  -27.066175
9520          49     25     190  168.507033  -21.492967
9521          49     26     189  166.356865  -22.643135
9522          49     27     188  164.154938  -23.845062
9523          49     28     187  164.413958  -22.586042
9524          49     29     186  161.554767  -24.445233
9525          49     30     185  162.695383  -22.304617
9526          49     31     184  156.703878  -27.296122
9527          49     32     183  143.468408  -39.531592
9528          49     33     182  152.381964  -29.618036
9529          49     34     181  160.004704  -20.995296
9530          49     35     180  155.721552  -24.278448
9531          49     36     179  159.466358  -19.533642
9532          49     37     178  155.302462  -22.697538
9533          49     38     177  155.855390  -21.144610
9534          49     39     176  155.522792  -20.477208
9535          49     40     175  151.332972  -23.667028
9536          49     41     174  152.095082  -21.904918
9537          49     42     173  153.529181  -19.470819
9538          49     43     172  154.063860  -17.936140
9539          49     44     171  152.193157  -18.806843
9540          49     45     170  151.065277  -18.934723
9541          49     46     169  141.556755  -27.443245
9542          49     47     168  147.184666  -20.815334
9543          49     48     167  148.831666  -18.168334
9544          49     49     166  135.167294  -30.832706
9545          49     50     165  147.696229  -17.303771
9546          49     51     164  146.694111  -17.305889
9547          49     52     163  148.929462  -14.070538
9548          49     53     162  149.125722  -12.874278
9549          49     54     161  143.229402  -17.770598
9550          49     55     160  146.654985  -13.345015
9551          49     56     159  139.958115  -19.041885
9552          49     57     158  131.305525  -26.694475
9553          49     58     157  136.282227  -20.717773
9554          49     59     156  145.157382  -10.842618
9555          49     60     155  143.490514  -11.509486
9556          49     61     154  138.644989  -15.355011
9557          49     62     153  133.448669  -19.551331
9558          49     63     152  119.961314  -32.038686
9559          49     64     151  134.143578  -16.856422
9560          49     65     150  140.970200   -9.029800
9561          49     66     149  128.553309  -20.446691
9562          49     67     148  135.435380  -12.564620
9563          49     68     147  126.477963  -20.522037
9564          49     69     146  134.897243  -11.102757
9565          49     70     145  131.556335  -13.443665
9566          49     71     144  116.597693  -27.402307
9567          49     72     143  124.194624  -18.805376
9568          49     73     142  125.491794  -16.508206
9569          49     74     141  108.715306  -32.284694
9570          49     75     140  118.750371  -21.249629
9571          49     76     139  116.079261  -22.920739
9572          49     77     138  121.608612  -16.391388
9573          49     78     137  119.210985  -17.789015
9574          49     79     136  122.734594  -13.265406
9575          49     80     135  117.786538  -17.213462
9576          49     81     134  120.839950  -13.160050
9577          49     82     133  109.602960  -23.397040
9578          49     83     132  101.050905  -30.949095
9579          49     84     131  121.222462   -9.777538
9580          49     85     130  114.860704  -15.139296
9581          49     86     129  115.695272  -13.304728
9582          49     87     128  105.881623  -22.118377
9583          49     88     127  103.189004  -23.810996
9584          49     89     126  108.957485  -17.042515
9585          49     90     125  108.812976  -16.187024
9586          49     91     124  116.270656   -7.729344
9587          49     92     123  111.120222  -11.879778
9588          49     93     122  115.607787   -6.392213
9589          49     94     121  105.696249  -15.303751
9590          49     95     120  112.564969   -7.435031
9591          49     96     119  111.571550   -7.428450
9592          49     97     118  100.778118  -17.221882
9593          49     98     117   87.926397  -29.073603
9594          49     99     116  111.625219   -4.374781
9595          49    100     115  107.923641   -7.076359
9596          49    101     114  103.641858  -10.358142
9597          49    102     113  104.697752   -8.302248
9598          49    103     112   95.869454  -16.130546
9599          49    104     111  108.708436   -2.291564
9600          49    105     110  106.185027   -3.814973
9601          49    106     109  100.488669   -8.511331
9602          49    107     108  106.878261   -1.121739
9603          49    108     107   97.813279   -9.186721
9604          49    109     106   98.137937   -7.862063
9605          49    110     105   88.046616  -16.953384
9606          49    111     104   89.446160  -14.553840
9607          49    112     103   97.211436   -5.788564
9608          49    113     102   71.200590  -30.799410
9609          49    114     101   69.003129  -31.996871
9610          49    115     100   85.965479  -14.034521
9611          49    116      99   84.585953  -14.414047
9612          49    117      98   86.443449  -11.556551
9613          49    118      97   79.831426  -17.168574
9614          49    119      96   93.546695   -2.453305
9615          49    120      95   96.474402    1.474402
9616          49    121      94   96.125615    2.125615
9617          49    122      93   91.627388   -1.372612
9618          49    123      92   84.843371   -7.156629
9619          49    124      91   99.549245    8.549245
9620          49    125      90   80.330517   -9.669483
9621          49    126      89   96.996217    7.996217
9622          49    127      88  106.485125   18.485125
9623          49    128      87   91.659772    4.659772
9624          49    129      86   99.089068   13.089068
9625          49    130      85   95.089119   10.089119
9626          49    131      84   82.267086   -1.732914
9627          49    132      83   82.570241   -0.429759
9628          49    133      82   84.715554    2.715554
9629          49    134      81   93.673837   12.673837
9630          49    135      80   73.175896   -6.824104
9631          49    136      79   84.317934    5.317934
9632          49    137      78   90.241035   12.241035
9633          49    138      77   81.338850    4.338850
9634          49    139      76   75.940077   -0.059923
9635          49    140      75   82.143667    7.143667
9636          49    141      74   76.687045    2.687045
9637          49    142      73   82.371614    9.371614
9638          49    143      72   95.784302   23.784302
9639          49    144      71   85.313837   14.313837
9640          49    145      70   64.295326   -5.704674
9641          49    146      69   73.660444    4.660444
9642          49    147      68   72.265394    4.265394
9643          49    148      67   50.079746  -16.920254
9644          49    149      66   51.079905  -14.920095
9645          49    150      65   53.600410  -11.399590
9646          49    151      64   43.170673  -20.829327
9647          49    152      63   51.441061  -11.558939
9648          49    153      62   39.276123  -22.723877
9649          49    154      61   57.666710   -3.333290
9650          49    155      60   50.212207   -9.787793
9651          49    156      59   57.673781   -1.326219
9652          49    157      58   43.470019  -14.529981
9653          49    158      57   53.521170   -3.478830
9654          49    159      56   44.177515  -11.822485
9655          49    160      55   68.400328   13.400328
9656          49    161      54   61.540806    7.540806
9657          49    162      53   48.196010   -4.803990
9658          49    163      52   35.390764  -16.609236
9659          49    164      51   40.594724  -10.405276
9660          49    165      50   39.667563  -10.332437
9661          49    166      49   30.147417  -18.852583
9662          49    167      48   37.400836  -10.599164
9663          49    168      47   30.110111  -16.889889
9664          49    169      46   29.579358  -16.420642
9665          49    170      45   35.845421   -9.154579
9666          49    171      44   32.667865  -11.332135
9667          49    172      43   40.609233   -2.390767
9668          49    173      42   32.291737   -9.708263
9669          49    174      41   51.413937   10.413937
9670          49    175      40   33.875479   -6.124521
9671          49    176      39   33.233640   -5.766360
9672          49    177      38   29.490704   -8.509296
9673          49    178      37   27.192551   -9.807449
9674          49    179      36   30.669022   -5.330978
9675          49    180      35   24.813246  -10.186754
9676          49    181      34   28.133860   -5.866140
9677          49    182      33   19.542027  -13.457973
9678          49    183      32   24.133316   -7.866684
9679          49    184      31   24.239335   -6.760665
9680          49    185      30   24.524733   -5.475267
9681          49    186      29   27.504047   -1.495953
9682          49    187      28   37.313990    9.313990
9683          49    188      27   23.961955   -3.038045
9684          49    189      26   22.114135   -3.885865
9685          49    190      25   27.990829    2.990829
9686          49    191      24   25.595916    1.595916
9687          49    192      23   24.882945    1.882945
9688          49    193      22   23.005394    1.005394
9689          49    194      21   21.460818    0.460818
9690          49    195      20   18.421199   -1.578801
9691          49    196      19   20.871871    1.871871
9692          49    197      18   18.421199    0.421199
9693          49    198      17   17.890341    0.890341
9694          49    199      16   19.752370    3.752370
9695          49    200      15   18.837586    3.837586
9696          49    201      14   20.202319    6.202319
9697          49    202      13   18.837586    5.837586
9698          49    203      12   18.837586    6.837586
9699          49    204      11   18.306728    7.306728
9700          49    205      10   20.675001   10.675001
9701          49    206       9   21.205859   12.205859
9702          49    207       8   21.205859   13.205859
9703          49    208       7   20.675001   13.675001
9704          49    209       6   18.306728   12.306728
9705          49    210       5   18.935605   13.935605
9706          49    211       4   18.306728   14.306728
9707          49    212       3   18.306728   15.306728
9708          49    213       2   18.306728   16.306728
9709          49    214       1   18.306728   17.306728
9710          49    215       0   18.306728   18.306728
9711          50      1     197  201.927973    4.927973
9712          50      2     196  197.605143    1.605143
9713          50      3     195  190.550515   -4.449485
9714          50      4     194  185.130785   -8.869215
9715          50      5     193  193.927751    0.927751
9716          50      6     192  166.850219  -25.149781
9717          50      7     191  179.996698  -11.003302
9718          50      8     190  180.177326   -9.822674
9719          50      9     189  181.366469   -7.633531
9720          50     10     188  173.804464  -14.195536
9721          50     11     187  171.043780  -15.956220
9722          50     12     186  181.489375   -4.510625
9723          50     13     185  173.173291  -11.826709
9724          50     14     184  181.313031   -2.686969
9725          50     15     183  183.477014    0.477014
9726          50     16     182  185.183627    3.183627
9727          50     17     181  182.731166    1.731166
9728          50     18     180  181.135391    1.135391
9729          50     19     179  180.195419    1.195419
9730          50     20     178  179.184977    1.184977
9731          50     21     177  170.077160   -6.922840
9732          50     22     176  174.745711   -1.254289
9733          50     23     175  178.835421    3.835421
9734          50     24     174  184.861403   10.861403
9735          50     25     173  171.691652   -1.308348
9736          50     26     172  170.350154   -1.649846
9737          50     27     171  170.613975   -0.386025
9738          50     28     170  160.338009   -9.661991
9739          50     29     169  166.284841   -2.715159
9740          50     30     168  162.510564   -5.489436
9741          50     31     167  156.111263  -10.888737
9742          50     32     166  160.010836   -5.989164
9743          50     33     165  157.071722   -7.928278
9744          50     34     164  161.236649   -2.763351
9745          50     35     163  142.715610  -20.284390
9746          50     36     162  164.344118    2.344118
9747          50     37     161  159.284816   -1.715184
9748          50     38     160  165.215127    5.215127
9749          50     39     159  170.859608   11.859608
9750          50     40     158  170.183416   12.183416
9751          50     41     157  156.351721   -0.648279
9752          50     42     156  165.018387    9.018387
9753          50     43     155  153.957667   -1.042333
9754          50     44     154  160.467151    6.467151
9755          50     45     153  162.468542    9.468542
9756          50     46     152  155.730815    3.730815
9757          50     47     151  148.233368   -2.766632
9758          50     48     150  154.020556    4.020556
9759          50     49     149  152.028081    3.028081
9760          50     50     148  137.834245  -10.165755
9761          50     51     147  147.416960    0.416960
9762          50     52     146  147.911300    1.911300
9763          50     53     145  135.855380   -9.144620
9764          50     54     144  139.048233   -4.951767
9765          50     55     143  131.239992  -11.760008
9766          50     56     142  137.535866   -4.464134
9767          50     57     141  141.263011    0.263011
9768          50     58     140  142.146670    2.146670
9769          50     59     139  142.121600    3.121600
9770          50     60     138  133.417301   -4.582699
9771          50     61     137  147.062227   10.062227
9772          50     62     136  129.718107   -6.281893
9773          50     63     135  118.646252  -16.353748
9774          50     64     134  130.042161   -3.957839
9775          50     65     133  135.412420    2.412420
9776          50     66     132  128.299954   -3.700046
9777          50     67     131  111.402711  -19.597289
9778          50     68     130  114.181617  -15.818383
9779          50     69     129  122.248588   -6.751412
9780          50     70     128  126.079405   -1.920595
9781          50     71     127  129.740833    2.740833
9782          50     72     126  129.541455    3.541455
9783          50     73     125  124.541876   -0.458124
9784          50     74     124  128.961579    4.961579
9785          50     75     123  132.645976    9.645976
9786          50     76     122  123.184068    1.184068
9787          50     77     121  130.263421    9.263421
9788          50     78     120  124.247816    4.247816
9789          50     79     119  125.550141    6.550141
9790          50     80     118  114.459084   -3.540916
9791          50     81     117  111.922244   -5.077756
9792          50     82     116  121.300090    5.300090
9793          50     83     115   98.553198  -16.446802
9794          50     84     114  113.548507   -0.451493
9795          50     85     113  104.110422   -8.889578
9796          50     86     112  100.846920  -11.153080
9797          50     87     111   98.316796  -12.683204
9798          50     88     110  104.373632   -5.626368
9799          50     89     109  106.582744   -2.417256
9800          50     90     108   95.246827  -12.753173
9801          50     91     107   95.638411  -11.361589
9802          50     92     106   96.282950   -9.717050
9803          50     93     105   96.290463   -8.709537
9804          50     94     104  103.350077   -0.649923
9805          50     95     103   99.818536   -3.181464
9806          50     96     102   75.989659  -26.010341
9807          50     97     101   82.142810  -18.857190
9808          50     98     100   87.995154  -12.004846
9809          50     99      99   91.895826   -7.104174
9810          50    100      98   82.582514  -15.417486
9811          50    101      97   98.856860    1.856860
9812          50    102      96   88.053511   -7.946489
9813          50    103      95   84.645139  -10.354861
9814          50    104      94   84.400354   -9.599646
9815          50    105      93  102.606303    9.606303
9816          50    106      92   89.692281   -2.307719
9817          50    107      91   75.998845  -15.001155
9818          50    108      90  109.181102   19.181102
9819          50    109      89   83.037357   -5.962643
9820          50    110      88   90.820456    2.820456
9821          50    111      87   84.112455   -2.887545
9822          50    112      86   92.931723    6.931723
9823          50    113      85   86.362671    1.362671
9824          50    114      84   79.123039   -4.876961
9825          50    115      83   91.694575    8.694575
9826          50    116      82   93.824399   11.824399
9827          50    117      81   74.669651   -6.330349
9828          50    118      80   96.157661   16.157661
9829          50    119      79   86.977228    7.977228
9830          50    120      78   88.462845   10.462845
9831          50    121      77   83.280958    6.280958
9832          50    122      76   93.977697   17.977697
9833          50    123      75   93.808719   18.808719
9834          50    124      74   84.459121   10.459121
9835          50    125      73   86.513923   13.513923
9836          50    126      72   94.311472   22.311472
9837          50    127      71   94.687342   23.687342
9838          50    128      70   78.084975    8.084975
9839          50    129      69   72.841259    3.841259
9840          50    130      68   71.502029    3.502029
9841          50    131      67   56.681033  -10.318967
9842          50    132      66   70.395410    4.395410
9843          50    133      65   72.864160    7.864160
9844          50    134      64   73.888497    9.888497
9845          50    135      63   62.880980   -0.119020
9846          50    136      62   68.876277    6.876277
9847          50    137      61   46.233960  -14.766040
9848          50    138      60   56.197866   -3.802134
9849          50    139      59   48.127170  -10.872830
9850          50    140      58   54.411919   -3.588081
9851          50    141      57   51.066897   -5.933103
9852          50    142      56   48.416382   -7.583618
9853          50    143      55   42.835626  -12.164374
9854          50    144      54   24.313308  -29.686692
9855          50    145      53   44.902120   -8.097880
9856          50    146      52   55.137577    3.137577
9857          50    147      51   41.325214   -9.674786
9858          50    148      50   60.223739   10.223739
9859          50    149      49   65.969061   16.969061
9860          50    150      48   64.829706   16.829706
9861          50    151      47   54.678148    7.678148
9862          50    152      46   49.832454    3.832454
9863          50    153      45   52.759134    7.759134
9864          50    154      44   49.157809    5.157809
9865          50    155      43   55.362411   12.362411
9866          50    156      42   62.046993   20.046993
9867          50    157      41   48.146728    7.146728
9868          50    158      40   59.087826   19.087826
9869          50    159      39   35.450643   -3.549357
9870          50    160      38   35.895876   -2.104124
9871          50    161      37   28.711759   -8.288241
9872          50    162      36   21.683276  -14.316724
9873          50    163      35   20.216980  -14.783020
9874          50    164      34   21.343552  -12.656448
9875          50    165      33   19.535516  -13.464484
9876          50    166      32   17.918661  -14.081339
9877          50    167      31   18.200372  -12.799628
9878          50    168      30   17.428746  -12.571254
9879          50    169      29   17.514265  -11.485735
9880          50    170      28   15.736722  -12.263278
9881          50    171      27   17.428746   -9.571254
9882          50    172      26   16.064013   -9.935987
9883          50    173      25   16.064013   -8.935987
9884          50    174      24   16.064013   -7.935987
9885          50    175      23   16.260108   -6.739892
9886          50    176      22   16.888985   -5.111015
9887          50    177      21   16.260108   -4.739892
9888          50    178      20   16.349369   -3.650631
9889          50    179      19   18.814336   -0.185664
9890          50    180      18   17.345683   -0.654317
9891          50    181      17   16.349369   -0.650631
9892          50    182      16   14.482565   -1.517435
9893          50    183      15   14.482565   -0.517435
9894          50    184      14   14.205282    0.205282
9895          50    185      13   12.543948   -0.456052
9896          50    186      12   12.543948    0.543948
9897          50    187      11   12.729149    1.729149
9898          50    188      10   12.347853    2.347853
9899          50    189       9   12.347853    3.347853
9900          50    190       8   12.347853    4.347853
9901          50    191       7   12.347853    5.347853
9902          50    192       6   12.347853    6.347853
9903          50    193       5   12.347853    7.347853
9904          50    194       4   12.347853    8.347853
9905          50    195       3   12.347853    9.347853
9906          50    196       2   12.347853   10.347853
9907          50    197       1   12.347853   11.347853
9908          50    198       0   12.347853   12.347853
9909          51      1     212  193.817125  -18.182875
9910          51      2     211  195.086382  -15.913618
9911          51      3     210  192.844120  -17.155880
9912          51      4     209  192.796555  -16.203445
9913          51      5     208  201.368976   -6.631024
9914          51      6     207  197.838556   -9.161444
9915          51      7     206  203.421251   -2.578749
9916          51      8     205  196.319580   -8.680420
9917          51      9     204  196.938064   -7.061936
9918          51     10     203  196.123420   -6.876580
9919          51     11     202  194.284309   -7.715691
9920          51     12     201  198.638677   -2.361323
9921          51     13     200  196.795414   -3.204586
9922          51     14     199  195.255390   -3.744610
9923          51     15     198  192.563318   -5.436682
9924          51     16     197  192.747808   -4.252192
9925          51     17     196  191.684695   -4.315305
9926          51     18     195  193.768176   -1.231824
9927          51     19     194  193.470820   -0.529180
9928          51     20     193  179.164186  -13.835814
9929          51     21     192  186.286211   -5.713789
9930          51     22     191  184.467364   -6.532636
9931          51     23     190  185.329323   -4.670677
9932          51     24     189  185.378978   -3.621022
9933          51     25     188  180.644417   -7.355583
9934          51     26     187  180.897173   -6.102827
9935          51     27     186  183.386404   -2.613596
9936          51     28     185  177.995895   -7.004105
9937          51     29     184  186.557129    2.557129
9938          51     30     183  187.919721    4.919721
9939          51     31     182  176.459998   -5.540002
9940          51     32     181  173.309965   -7.690035
9941          51     33     180  177.358331   -2.641669
9942          51     34     179  182.891280    3.891280
9943          51     35     178  177.271964   -0.728036
9944          51     36     177  173.672643   -3.327357
9945          51     37     176  174.275822   -1.724178
9946          51     38     175  181.219384    6.219384
9947          51     39     174  179.235967    5.235967
9948          51     40     173  177.470055    4.470055
9949          51     41     172  174.723366    2.723366
9950          51     42     171  173.917130    2.917130
9951          51     43     170  178.524212    8.524212
9952          51     44     169  176.866984    7.866984
9953          51     45     168  168.231504    0.231504
9954          51     46     167  175.838555    8.838555
9955          51     47     166  170.989274    4.989274
9956          51     48     165  172.652264    7.652264
9957          51     49     164  169.835156    5.835156
9958          51     50     163  159.091370   -3.908630
9959          51     51     162  159.150023   -2.849977
9960          51     52     161  170.638897    9.638897
9961          51     53     160  170.605141   10.605141
9962          51     54     159  170.212721   11.212721
9963          51     55     158  167.707086    9.707086
9964          51     56     157  163.990742    6.990742
9965          51     57     156  153.708282   -2.291718
9966          51     58     155  159.792770    4.792770
9967          51     59     154  164.649371   10.649371
9968          51     60     153  149.930518   -3.069482
9969          51     61     152  163.220582   11.220582
9970          51     62     151  151.986434    0.986434
9971          51     63     150  157.331797    7.331797
9972          51     64     149  153.965196    4.965196
9973          51     65     148  158.347904   10.347904
9974          51     66     147  152.394917    5.394917
9975          51     67     146  146.922304    0.922304
9976          51     68     145  140.604914   -4.395086
9977          51     69     144  145.674293    1.674293
9978          51     70     143  142.523347   -0.476653
9979          51     71     142  148.166499    6.166499
9980          51     72     141  148.772984    7.772984
9981          51     73     140  143.816855    3.816855
9982          51     74     139  144.278564    5.278564
9983          51     75     138  148.024203   10.024203
9984          51     76     137  139.532111    2.532111
9985          51     77     136  136.804394    0.804394
9986          51     78     135  141.340910    6.340910
9987          51     79     134  139.919709    5.919709
9988          51     80     133  138.480919    5.480919
9989          51     81     132  136.899188    4.899188
9990          51     82     131  132.156121    1.156121
9991          51     83     130  135.557402    5.557402
9992          51     84     129  134.232652    5.232652
9993          51     85     128  129.498342    1.498342
9994          51     86     127  135.130246    8.130246
9995          51     87     126  123.461236   -2.538764
9996          51     88     125  129.448560    4.448560
9997          51     89     124  125.513655    1.513655
9998          51     90     123  112.256364  -10.743636
9999          51     91     122  119.764178   -2.235822
10000         51     92     121  112.296360   -8.703640
10001         51     93     120  118.269298   -1.730702
10002         51     94     119  122.754424    3.754424
10003         51     95     118  120.784609    2.784609
10004         51     96     117  117.111714    0.111714
10005         51     97     116  120.068346    4.068346
10006         51     98     115  115.943018    0.943018
10007         51     99     114  108.994840   -5.005160
10008         51    100     113  121.192539    8.192539
10009         51    101     112  113.726568    1.726568
10010         51    102     111  115.563569    4.563569
10011         51    103     110  118.214016    8.214016
10012         51    104     109  117.884543    8.884543
10013         51    105     108  114.659882    6.659882
10014         51    106     107  110.519395    3.519395
10015         51    107     106  110.629444    4.629444
10016         51    108     105  113.552355    8.552355
10017         51    109     104  105.799617    1.799617
10018         51    110     103  107.730981    4.730981
10019         51    111     102  112.344581   10.344581
10020         51    112     101  114.312859   13.312859
10021         51    113     100  104.246819    4.246819
10022         51    114      99  106.350270    7.350270
10023         51    115      98   98.946263    0.946263
10024         51    116      97   99.302339    2.302339
10025         51    117      96  107.925619   11.925619
10026         51    118      95   94.929399   -0.070601
10027         51    119      94  106.240080   12.240080
10028         51    120      93  110.300179   17.300179
10029         51    121      92  106.669699   14.669699
10030         51    122      91  104.736064   13.736064
10031         51    123      90  106.539991   16.539991
10032         51    124      89   97.893051    8.893051
10033         51    125      88   99.417553   11.417553
10034         51    126      87  105.191633   18.191633
10035         51    127      86  110.406996   24.406996
10036         51    128      85  107.698253   22.698253
10037         51    129      84   93.542622    9.542622
10038         51    130      83  104.403691   21.403691
10039         51    131      82  102.804106   20.804106
10040         51    132      81   97.428052   16.428052
10041         51    133      80  106.894107   26.894107
10042         51    134      79  100.083246   21.083246
10043         51    135      78   94.681216   16.681216
10044         51    136      77  100.224533   23.224533
10045         51    137      76   99.524328   23.524328
10046         51    138      75  103.603709   28.603709
10047         51    139      74   89.460767   15.460767
10048         51    140      73   89.455694   16.455694
10049         51    141      72  102.253451   30.253451
10050         51    142      71   96.997111   25.997111
10051         51    143      70   98.567877   28.567877
10052         51    144      69   80.551679   11.551679
10053         51    145      68   86.592534   18.592534
10054         51    146      67   79.828197   12.828197
10055         51    147      66   80.025767   14.025767
10056         51    148      65   78.351043   13.351043
10057         51    149      64   81.304680   17.304680
10058         51    150      63   76.851945   13.851945
10059         51    151      62   83.826050   21.826050
10060         51    152      61   77.111304   16.111304
10061         51    153      60   90.198173   30.198173
10062         51    154      59   70.644297   11.644297
10063         51    155      58   63.873724    5.873724
10064         51    156      57   81.942494   24.942494
10065         51    157      56   70.003616   14.003616
10066         51    158      55   64.922480    9.922480
10067         51    159      54   76.946344   22.946344
10068         51    160      53   74.163220   21.163220
10069         51    161      52   77.625647   25.625647
10070         51    162      51   76.307902   25.307902
10071         51    163      50   75.648398   25.648398
10072         51    164      49   76.194739   27.194739
10073         51    165      48   64.138348   16.138348
10074         51    166      47   67.044371   20.044371
10075         51    167      46   61.993211   15.993211
10076         51    168      45   78.126074   33.126074
10077         51    169      44   82.974679   38.974679
10078         51    170      43   67.313096   24.313096
10079         51    171      42   53.195059   11.195059
10080         51    172      41   54.077923   13.077923
10081         51    173      40   45.963801    5.963801
10082         51    174      39   47.647603    8.647603
10083         51    175      38   51.793274   13.793274
10084         51    176      37   51.886195   14.886195
10085         51    177      36   43.304633    7.304633
10086         51    178      35   38.056666    3.056666
10087         51    179      34   49.415043   15.415043
10088         51    180      33   42.461855    9.461855
10089         51    181      32   50.088768   18.088768
10090         51    182      31   45.179494   14.179494
10091         51    183      30   53.131640   23.131640
10092         51    184      29   37.544679    8.544679
10093         51    185      28   31.507770    3.507770
10094         51    186      27   30.005981    3.005981
10095         51    187      26   33.653479    7.653479
10096         51    188      25   23.067182   -1.932818
10097         51    189      24   23.874463   -0.125537
10098         51    190      23   22.803483   -0.196517
10099         51    191      22   22.294999    0.294999
10100         51    192      21   25.278901    4.278901
10101         51    193      20   20.248715    0.248715
10102         51    194      19   19.050948    0.050948
10103         51    195      18   18.070030    0.070030
10104         51    196      17   24.081133    7.081133
10105         51    197      16   19.047780    3.047780
10106         51    198      15   17.473420    2.473420
10107         51    199      14   16.861417    2.861417
10108         51    200      13   15.146317    2.146317
10109         51    201      12   15.146317    3.146317
10110         51    202      11   14.286470    3.286470
10111         51    203      10   14.286470    4.286470
10112         51    204       9   14.286470    5.286470
10113         51    205       8   14.286470    6.286470
10114         51    206       7   14.286470    7.286470
10115         51    207       6   14.286470    8.286470
10116         51    208       5   14.286470    9.286470
10117         51    209       4   14.286470   10.286470
10118         51    210       3   13.526666   10.526666
10119         51    211       2   12.347853   10.347853
10120         51    212       1   12.347853   11.347853
10121         51    213       0   12.347853   12.347853
10122         52      1     212  191.396555  -20.603445
10123         52      2     211  175.366211  -35.633789
10124         52      3     210  185.615267  -24.384733
10125         52      4     209  182.420348  -26.579652
10126         52      5     208  190.261594  -17.738406
10127         52      6     207  173.917542  -33.082458
10128         52      7     206  170.507651  -35.492349
10129         52      8     205  167.707242  -37.292758
10130         52      9     204  164.047373  -39.952627
10131         52     10     203  169.421322  -33.578678
10132         52     11     202  165.705966  -36.294034
10133         52     12     201  168.730389  -32.269611
10134         52     13     200  172.366817  -27.633183
10135         52     14     199  168.727151  -30.272849
10136         52     15     198  171.245942  -26.754058
10137         52     16     197  171.357805  -25.642195
10138         52     17     196  164.159188  -31.840812
10139         52     18     195  165.948874  -29.051126
10140         52     19     194  165.415569  -28.584431
10141         52     20     193  166.141068  -26.858932
10142         52     21     192  167.858591  -24.141409
10143         52     22     191  163.987928  -27.012072
10144         52     23     190  152.264397  -37.735603
10145         52     24     189  163.121481  -25.878519
10146         52     25     188  170.839379  -17.160621
10147         52     26     187  167.013978  -19.986022
10148         52     27     186  159.632255  -26.367745
10149         52     28     185  166.686729  -18.313271
10150         52     29     184  158.276845  -25.723155
10151         52     30     183  165.580076  -17.419924
10152         52     31     182  162.605977  -19.394023
10153         52     32     181  163.621606  -17.378394
10154         52     33     180  164.695463  -15.304537
10155         52     34     179  162.790035  -16.209965
10156         52     35     178  159.957605  -18.042395
10157         52     36     177  161.103740  -15.896260
10158         52     37     176  154.913237  -21.086763
10159         52     38     175  147.635946  -27.364054
10160         52     39     174  156.297162  -17.702838
10161         52     40     173  158.517805  -14.482195
10162         52     41     172  145.808203  -26.191797
10163         52     42     171  142.759205  -28.240795
10164         52     43     170  147.887864  -22.112136
10165         52     44     169  154.849337  -14.150663
10166         52     45     168  149.392803  -18.607197
10167         52     46     167  155.536775  -11.463225
10168         52     47     166  139.745204  -26.254796
10169         52     48     165  144.272500  -20.727500
10170         52     49     164  149.119628  -14.880372
10171         52     50     163  144.667862  -18.332138
10172         52     51     162  143.195096  -18.804904
10173         52     52     161  141.363161  -19.636839
10174         52     53     160  144.563202  -15.436798
10175         52     54     159  151.824979   -7.175021
10176         52     55     158  150.174530   -7.825470
10177         52     56     157  152.772763   -4.227237
10178         52     57     156  149.329224   -6.670776
10179         52     58     155  148.462401   -6.537599
10180         52     59     154  144.322252   -9.677748
10181         52     60     153  148.059014   -4.940986
10182         52     61     152  138.985465  -13.014535
10183         52     62     151  140.208017  -10.791983
10184         52     63     150  133.056954  -16.943046
10185         52     64     149  135.723986  -13.276014
10186         52     65     148  137.864090  -10.135910
10187         52     66     147  131.707335  -15.292665
10188         52     67     146  124.405849  -21.594151
10189         52     68     145  130.984433  -14.015567
10190         52     69     144  127.610237  -16.389763
10191         52     70     143  132.543855  -10.456145
10192         52     71     142  134.052004   -7.947996
10193         52     72     141  132.009562   -8.990438
10194         52     73     140  131.490796   -8.509204
10195         52     74     139  134.646401   -4.353599
10196         52     75     138  139.585551    1.585551
10197         52     76     137  135.044120   -1.955880
10198         52     77     136  129.574019   -6.425981
10199         52     78     135  135.058439    0.058439
10200         52     79     134  137.773234    3.773234
10201         52     80     133  134.657019    1.657019
10202         52     81     132  129.538434   -2.461566
10203         52     82     131  125.126019   -5.873981
10204         52     83     130  131.293375    1.293375
10205         52     84     129  121.613063   -7.386937
10206         52     85     128  122.947165   -5.052835
10207         52     86     127  122.283963   -4.716037
10208         52     87     126  114.820757  -11.179243
10209         52     88     125  119.258224   -5.741776
10210         52     89     124  116.133607   -7.866393
10211         52     90     123  111.411864  -11.588136
10212         52     91     122  112.297089   -9.702911
10213         52     92     121  115.988075   -5.011925
10214         52     93     120  112.234250   -7.765750
10215         52     94     119  107.738255  -11.261745
10216         52     95     118   96.260214  -21.739786
10217         52     96     117  104.106805  -12.893195
10218         52     97     116   97.020097  -18.979903
10219         52     98     115  100.266491  -14.733509
10220         52     99     114  105.084772   -8.915228
10221         52    100     113   95.720039  -17.279961
10222         52    101     112   81.968403  -30.031597
10223         52    102     111   97.607447  -13.392553
10224         52    103     110   95.122307  -14.877693
10225         52    104     109   84.417070  -24.582930
10226         52    105     108   95.933236  -12.066764
10227         52    106     107   95.962613  -11.037387
10228         52    107     106   87.804770  -18.195230
10229         52    108     105   97.242560   -7.757440
10230         52    109     104   79.690167  -24.309833
10231         52    110     103   96.086293   -6.913707
10232         52    111     102   84.463698  -17.536302
10233         52    112     101   90.049536  -10.950464
10234         52    113     100  103.423493    3.423493
10235         52    114      99   90.134144   -8.865856
10236         52    115      98  105.400435    7.400435
10237         52    116      97   96.724866   -0.275134
10238         52    117      96   82.821577  -13.178423
10239         52    118      95   83.790004  -11.209996
10240         52    119      94   93.043859   -0.956141
10241         52    120      93   95.304522    2.304522
10242         52    121      92   85.382105   -6.617895
10243         52    122      91   93.898942    2.898942
10244         52    123      90   89.400858   -0.599142
10245         52    124      89   76.726730  -12.273270
10246         52    125      88   88.208059    0.208059
10247         52    126      87   85.684961   -1.315039
10248         52    127      86   76.412855   -9.587145
10249         52    128      85   83.208507   -1.791493
10250         52    129      84   98.704844   14.704844
10251         52    130      83   73.205441   -9.794559
10252         52    131      82   87.404167    5.404167
10253         52    132      81   89.057791    8.057791
10254         52    133      80   88.529504    8.529504
10255         52    134      79   88.211292    9.211292
10256         52    135      78   75.658137   -2.341863
10257         52    136      77   74.245352   -2.754648
10258         52    137      76   77.829793    1.829793
10259         52    138      75   75.202107    0.202107
10260         52    139      74   74.800958    0.800958
10261         52    140      73   61.072785  -11.927215
10262         52    141      72   74.677843    2.677843
10263         52    142      71   78.015903    7.015903
10264         52    143      70   73.827696    3.827696
10265         52    144      69   73.886685    4.886685
10266         52    145      68   62.887751   -5.112249
10267         52    146      67   73.853369    6.853369
10268         52    147      66   71.018299    5.018299
10269         52    148      65   83.372930   18.372930
10270         52    149      64   62.552384   -1.447616
10271         52    150      63   64.764384    1.764384
10272         52    151      62   62.336818    0.336818
10273         52    152      61   63.946993    2.946993
10274         52    153      60   48.508812  -11.491188
10275         52    154      59   45.886992  -13.113008
10276         52    155      58   39.966885  -18.033115
10277         52    156      57   53.397279   -3.602721
10278         52    157      56   30.936804  -25.063196
10279         52    158      55   41.799818  -13.200182
10280         52    159      54   51.613829   -2.386171
10281         52    160      53   37.976519  -15.023481
10282         52    161      52   36.712854  -15.287146
10283         52    162      51   23.554560  -27.445440
10284         52    163      50   36.523691  -13.476309
10285         52    164      49   40.594042   -8.405958
10286         52    165      48   47.766099   -0.233901
10287         52    166      47   32.090124  -14.909876
10288         52    167      46   36.188926   -9.811074
10289         52    168      45   26.982656  -18.017344
10290         52    169      44   36.478444   -7.521556
10291         52    170      43   21.713148  -21.286852
10292         52    171      42   24.581080  -17.418920
10293         52    172      41   30.358727  -10.641273
10294         52    173      40   21.219584  -18.780416
10295         52    174      39   26.032814  -12.967186
10296         52    175      38   20.255477  -17.744523
10297         52    176      37   15.720295  -21.279705
10298         52    177      36   15.369051  -20.630949
10299         52    178      35   16.067057  -18.932943
10300         52    179      34   17.275671  -16.724329
10301         52    180      33   15.499624  -17.500376
10302         52    181      32   15.354532  -16.645468
10303         52    182      31   21.505358   -9.494642
10304         52    183      30   18.292998  -11.707002
10305         52    184      29   14.715798  -14.284202
10306         52    185      28   14.100644  -13.899356
10307         52    186      27   14.715798  -12.284202
10308         52    187      26   13.734881  -12.265119
10309         52    188      25   19.759725   -5.240275
10310         52    189      24   17.943593   -6.056407
10311         52    190      23   17.618909   -5.381091
10312         52    191      22   17.753779   -4.246221
10313         52    192      21   14.088576   -6.911424
10314         52    193      20   13.328771   -6.671229
10315         52    194      19   13.328771   -5.671229
10316         52    195      18   14.797423   -3.202577
10317         52    196      17   14.797423   -2.202577
10318         52    197      16   16.963982    0.963982
10319         52    198      15   17.917553    2.917553
10320         52    199      14   15.097178    1.097178
10321         52    200      13   16.050748    3.050748
10322         52    201      12   14.012600    2.012600
10323         52    202      11   14.410753    3.410753
10324         52    203      10   14.595953    4.595953
10325         52    204       9   14.595953    5.595953
10326         52    205       8   13.328771    5.328771
10327         52    206       7   13.328771    6.328771
10328         52    207       6   14.595953    8.595953
10329         52    208       5   14.595953    9.595953
10330         52    209       4   14.410753   10.410753
10331         52    210       3   14.410753   11.410753
10332         52    211       2   14.410753   12.410753
10333         52    212       1   14.410753   13.410753
10334         52    213       0   12.543948   12.543948
10335         53      1     194  186.252052   -7.747948
10336         53      2     193  194.944087    1.944087
10337         53      3     192  185.960616   -6.039384
10338         53      4     191  184.608449   -6.391551
10339         53      5     190  188.288803   -1.711197
10340         53      6     189  182.434439   -6.565561
10341         53      7     188  181.693706   -6.306294
10342         53      8     187  182.012717   -4.987283
10343         53      9     186  183.241449   -2.758551
10344         53     10     185  186.717108    1.717108
10345         53     11     184  181.922662   -2.077338
10346         53     12     183  182.554073   -0.445927
10347         53     13     182  180.248237   -1.751763
10348         53     14     181  183.236896    2.236896
10349         53     15     180  186.946985    6.946985
10350         53     16     179  186.196911    7.196911
10351         53     17     178  190.502403   12.502403
10352         53     18     177  190.399202   13.399202
10353         53     19     176  181.874184    5.874184
10354         53     20     175  182.334911    7.334911
10355         53     21     174  188.181609   14.181609
10356         53     22     173  176.849228    3.849228
10357         53     23     172  181.602291    9.602291
10358         53     24     171  176.254737    5.254737
10359         53     25     170  171.384489    1.384489
10360         53     26     169  171.810006    2.810006
10361         53     27     168  167.968299   -0.031701
10362         53     28     167  166.892301   -0.107699
10363         53     29     166  167.737960    1.737960
10364         53     30     165  168.381839    3.381839
10365         53     31     164  166.329597    2.329597
10366         53     32     163  151.604666  -11.395334
10367         53     33     162  163.976765    1.976765
10368         53     34     161  149.586047  -11.413953
10369         53     35     160  164.727724    4.727724
10370         53     36     159  166.662652    7.662652
10371         53     37     158  166.909314    8.909314
10372         53     38     157  169.490978   12.490978
10373         53     39     156  167.790910   11.790910
10374         53     40     155  163.644628    8.644628
10375         53     41     154  164.649907   10.649907
10376         53     42     153  154.997656    1.997656
10377         53     43     152  170.571627   18.571627
10378         53     44     151  168.838378   17.838378
10379         53     45     150  172.825177   22.825177
10380         53     46     149  165.877982   16.877982
10381         53     47     148  174.015025   26.015025
10382         53     48     147  172.695528   25.695528
10383         53     49     146  170.389810   24.389810
10384         53     50     145  172.553198   27.553198
10385         53     51     144  168.331136   24.331136
10386         53     52     143  159.416748   16.416748
10387         53     53     142  158.347615   16.347615
10388         53     54     141  161.230076   20.230076
10389         53     55     140  147.846014    7.846014
10390         53     56     139  155.589816   16.589816
10391         53     57     138  149.267105   11.267105
10392         53     58     137  141.554268    4.554268
10393         53     59     136  152.530336   16.530336
10394         53     60     135  148.159815   13.159815
10395         53     61     134  155.620043   21.620043
10396         53     62     133  148.675081   15.675081
10397         53     63     132  139.321098    7.321098
10398         53     64     131  135.515885    4.515885
10399         53     65     130  149.018250   19.018250
10400         53     66     129  135.313961    6.313961
10401         53     67     128  141.061310   13.061310
10402         53     68     127  131.712500    4.712500
10403         53     69     126  130.900232    4.900232
10404         53     70     125  126.111929    1.111929
10405         53     71     124  133.985657    9.985657
10406         53     72     123  135.196960   12.196960
10407         53     73     122  111.938863  -10.061137
10408         53     74     121  126.428819    5.428819
10409         53     75     120  128.230569    8.230569
10410         53     76     119  118.258078   -0.741922
10411         53     77     118  115.457594   -2.542406
10412         53     78     117  123.584063    6.584063
10413         53     79     116  124.166998    8.166998
10414         53     80     115  116.980237    1.980237
10415         53     81     114  124.679701   10.679701
10416         53     82     113  120.165688    7.165688
10417         53     83     112  113.711610    1.711610
10418         53     84     111  113.481093    2.481093
10419         53     85     110  119.080863    9.080863
10420         53     86     109  100.014542   -8.985458
10421         53     87     108  115.106564    7.106564
10422         53     88     107  101.038749   -5.961251
10423         53     89     106  110.400579    4.400579
10424         53     90     105   95.342933   -9.657067
10425         53     91     104  109.953598    5.953598
10426         53     92     103  105.155206    2.155206
10427         53     93     102  100.683856   -1.316144
10428         53     94     101  111.719925   10.719925
10429         53     95     100   99.180269   -0.819731
10430         53     96      99   93.282673   -5.717327
10431         53     97      98  116.689384   18.689384
10432         53     98      97  101.867577    4.867577
10433         53     99      96  104.120524    8.120524
10434         53    100      95  113.410510   18.410510
10435         53    101      94  104.737557   10.737557
10436         53    102      93  117.151336   24.151336
10437         53    103      92  111.366227   19.366227
10438         53    104      91   93.375005    2.375005
10439         53    105      90  102.474584   12.474584
10440         53    106      89   97.993910    8.993910
10441         53    107      88   93.488956    5.488956
10442         53    108      87   92.205963    5.205963
10443         53    109      86   96.040907   10.040907
10444         53    110      85  102.944037   17.944037
10445         53    111      84  102.906635   18.906635
10446         53    112      83   97.925056   14.925056
10447         53    113      82   97.517489   15.517489
10448         53    114      81   88.880397    7.880397
10449         53    115      80   92.623275   12.623275
10450         53    116      79   94.603092   15.603092
10451         53    117      78   91.685008   13.685008
10452         53    118      77   95.541900   18.541900
10453         53    119      76   91.572647   15.572647
10454         53    120      75   96.170752   21.170752
10455         53    121      74   84.558187   10.558187
10456         53    122      73   90.931696   17.931696
10457         53    123      72   84.331677   12.331677
10458         53    124      71   81.535114   10.535114
10459         53    125      70   86.367720   16.367720
10460         53    126      69   82.325101   13.325101
10461         53    127      68   74.364134    6.364134
10462         53    128      67   80.359924   13.359924
10463         53    129      66   71.813539    5.813539
10464         53    130      65   85.006767   20.006767
10465         53    131      64   64.114566    0.114566
10466         53    132      63   63.991049    0.991049
10467         53    133      62   73.561802   11.561802
10468         53    134      61   68.021543    7.021543
10469         53    135      60   86.120572   26.120572
10470         53    136      59   53.358591   -5.641409
10471         53    137      58   73.807755   15.807755
10472         53    138      57   67.444504   10.444504
10473         53    139      56   61.671737    5.671737
10474         53    140      55   78.296307   23.296307
10475         53    141      54   69.209676   15.209676
10476         53    142      53   65.149040   12.149040
10477         53    143      52   52.278481    0.278481
10478         53    144      51   59.846020    8.846020
10479         53    145      50   54.536078    4.536078
10480         53    146      49   47.921215   -1.078785
10481         53    147      48   73.681770   25.681770
10482         53    148      47   43.066148   -3.933852
10483         53    149      46   41.561485   -4.438515
10484         53    150      45   47.665455    2.665455
10485         53    151      44   35.776285   -8.223715
10486         53    152      43   49.763302    6.763302
10487         53    153      42   43.518238    1.518238
10488         53    154      41   39.989391   -1.010609
10489         53    155      40   54.225582   14.225582
10490         53    156      39   32.837693   -6.162307
10491         53    157      38   44.995613    6.995613
10492         53    158      37   34.025996   -2.974004
10493         53    159      36   54.302248   18.302248
10494         53    160      35   38.002521    3.002521
10495         53    161      34   26.476632   -7.523368
10496         53    162      33   25.486566   -7.513434
10497         53    163      32   19.226625  -12.773375
10498         53    164      31   17.757973  -13.242027
10499         53    165      30   20.992605   -9.007395
10500         53    166      29   22.909114   -6.090886
10501         53    167      28   24.408313   -3.591687
10502         53    168      27   17.057511   -9.942489
10503         53    169      26   18.242667   -7.757333
10504         53    170      25   16.923860   -8.076140
10505         53    171      24   28.809976    4.809976
10506         53    172      23   15.342412   -7.657588
10507         53    173      22   21.172696   -0.827304
10508         53    174      21   16.214182   -4.785818
10509         53    175      20   14.482565   -5.517435
10510         53    176      19   16.260108   -2.739892
10511         53    177      18   16.842672   -1.157328
10512         53    178      17   16.260108   -0.739892
10513         53    179      16   16.260108    0.260108
10514         53    180      15   16.260108    1.260108
10515         53    181      14   14.482565    0.482565
10516         53    182      13   14.482565    1.482565
10517         53    183      12   13.722760    1.722760
10518         53    184      11   12.543948    1.543948
10519         53    185      10   12.543948    2.543948
10520         53    186       9   12.543948    3.543948
10521         53    187       8   12.543948    4.543948
10522         53    188       7   12.543948    5.543948
10523         53    189       6   12.543948    6.543948
10524         53    190       5   12.729149    7.729149
10525         53    191       4   12.543948    8.543948
10526         53    192       3   12.543948    9.543948
10527         53    193       2   12.347853   10.347853
10528         53    194       1   12.347853   11.347853
10529         53    195       0   12.347853   12.347853
10530         54      1     256  192.915464  -63.084536
10531         54      2     255  200.407079  -54.592921
10532         54      3     254  193.211299  -60.788701
10533         54      4     253  201.352874  -51.647126
10534         54      5     252  198.644638  -53.355362
10535         54      6     251  199.059825  -51.940175
10536         54      7     250  194.276358  -55.723642
10537         54      8     249  194.762138  -54.237862
10538         54      9     248  189.490542  -58.509458
10539         54     10     247  191.376809  -55.623191
10540         54     11     246  190.607800  -55.392200
10541         54     12     245  190.687955  -54.312045
10542         54     13     244  191.890956  -52.109044
10543         54     14     243  190.219285  -52.780715
10544         54     15     242  193.662767  -48.337233
10545         54     16     241  192.658236  -48.341764
10546         54     17     240  192.423088  -47.576912
10547         54     18     239  192.866432  -46.133568
10548         54     19     238  191.980301  -46.019699
10549         54     20     237  181.569831  -55.430169
10550         54     21     236  190.368171  -45.631829
10551         54     22     235  188.306307  -46.693693
10552         54     23     234  186.885184  -47.114816
10553         54     24     233  187.427651  -45.572349
10554         54     25     232  186.885184  -45.114816
10555         54     26     231  175.781118  -55.218882
10556         54     27     230  185.070106  -44.929894
10557         54     28     229  184.784992  -44.215008
10558         54     29     228  169.795449  -58.204551
10559         54     30     227  184.332150  -42.667850
10560         54     31     226  181.337879  -44.662121
10561         54     32     225  175.039271  -49.960729
10562         54     33     224  179.385013  -44.614987
10563         54     34     223  178.551738  -44.448262
10564         54     35     222  177.186047  -44.813953
10565         54     36     221  180.246352  -40.753648
10566         54     37     220  178.274627  -41.725373
10567         54     38     219  177.982574  -41.017426
10568         54     39     218  172.402976  -45.597024
10569         54     40     217  176.700265  -40.299735
10570         54     41     216  156.346346  -59.653654
10571         54     42     215  169.941257  -45.058743
10572         54     43     214  168.385221  -45.614779
10573         54     44     213  164.727591  -48.272409
10574         54     45     212  168.449006  -43.550994
10575         54     46     211  165.611278  -45.388722
10576         54     47     210  168.449006  -41.550994
10577         54     48     209  162.391955  -46.608045
10578         54     49     208  164.179430  -43.820570
10579         54     50     207  165.090742  -41.909258
10580         54     51     206  164.807976  -41.192024
10581         54     52     205  166.222312  -38.777688
10582         54     53     204  164.451186  -39.548814
10583         54     54     203  154.146385  -48.853615
10584         54     55     202  158.378917  -43.621083
10585         54     56     201  161.146436  -39.853564
10586         54     57     200  161.762269  -38.237731
10587         54     58     199  157.361050  -41.638950
10588         54     59     198  158.101578  -39.898422
10589         54     60     197  159.425577  -37.574423
10590         54     61     196  154.012972  -41.987028
10591         54     62     195  154.585110  -40.414890
10592         54     63     194  152.371369  -41.628631
10593         54     64     193  157.162281  -35.837719
10594         54     65     192  158.505923  -33.494077
10595         54     66     191  154.711476  -36.288524
10596         54     67     190  147.799236  -42.200764
10597         54     68     189  149.278815  -39.721185
10598         54     69     188  153.520845  -34.479155
10599         54     70     187  138.041761  -48.958239
10600         54     71     186  149.229719  -36.770281
10601         54     72     185  148.600777  -36.399223
10602         54     73     184  142.005396  -41.994604
10603         54     74     183  142.701301  -40.298699
10604         54     75     182  147.762833  -34.237167
10605         54     76     181  143.382362  -37.617638
10606         54     77     180  143.573535  -36.426465
10607         54     78     179  140.382133  -38.617867
10608         54     79     178  138.012131  -39.987869
10609         54     80     177  142.887311  -34.112689
10610         54     81     176  148.338040  -27.661960
10611         54     82     175  136.973927  -38.026073
10612         54     83     174  148.503972  -25.496028
10613         54     84     173  151.048906  -21.951094
10614         54     85     172  144.995523  -27.004477
10615         54     86     171  146.873034  -24.126966
10616         54     87     170  146.096232  -23.903768
10617         54     88     169  144.188087  -24.811913
10618         54     89     168  146.193216  -21.806784
10619         54     90     167  142.080983  -24.919017
10620         54     91     166  142.644193  -23.355807
10621         54     92     165  141.462669  -23.537331
10622         54     93     164  139.968750  -24.031250
10623         54     94     163  141.782497  -21.217503
10624         54     95     162  142.288455  -19.711545
10625         54     96     161  136.599260  -24.400740
10626         54     97     160  138.028813  -21.971187
10627         54     98     159  138.703111  -20.296889
10628         54     99     158  126.997840  -31.002160
10629         54    100     157  135.822899  -21.177101
10630         54    101     156  126.978196  -29.021804
10631         54    102     155  131.469458  -23.530542
10632         54    103     154  120.296299  -33.703701
10633         54    104     153  120.895967  -32.104033
10634         54    105     152  131.106302  -20.893698
10635         54    106     151  123.116496  -27.883504
10636         54    107     150  129.940027  -20.059973
10637         54    108     149  116.140516  -32.859484
10638         54    109     148  129.557486  -18.442514
10639         54    110     147  127.815898  -19.184102
10640         54    111     146  126.610713  -19.389287
10641         54    112     145  123.715617  -21.284383
10642         54    113     144  126.948861  -17.051139
10643         54    114     143  118.281850  -24.718150
10644         54    115     142  132.720931   -9.279069
10645         54    116     141  118.869461  -22.130539
10646         54    117     140  135.327348   -4.672652
10647         54    118     139  132.065556   -6.934444
10648         54    119     138  122.708027  -15.291973
10649         54    120     137  122.408679  -14.591321
10650         54    121     136  117.826378  -18.173622
10651         54    122     135  122.597819  -12.402181
10652         54    123     134  125.113211   -8.886789
10653         54    124     133  121.531772  -11.468228
10654         54    125     132  124.482065   -7.517935
10655         54    126     131  121.113648   -9.886352
10656         54    127     130  103.508551  -26.491449
10657         54    128     129  122.200598   -6.799402
10658         54    129     128  118.379083   -9.620917
10659         54    130     127  115.646540  -11.353460
10660         54    131     126  107.011337  -18.988663
10661         54    132     125  117.972961   -7.027039
10662         54    133     124  102.078577  -21.921423
10663         54    134     123  103.408505  -19.591495
10664         54    135     122  120.082622   -1.917378
10665         54    136     121  116.419498   -4.580502
10666         54    137     120  107.638272  -12.361728
10667         54    138     119   83.546927  -35.453073
10668         54    139     118  113.088669   -4.911331
10669         54    140     117  106.090861  -10.909139
10670         54    141     116  110.328613   -5.671387
10671         54    142     115  110.767680   -4.232320
10672         54    143     114  106.795426   -7.204574
10673         54    144     113  108.107899   -4.892101
10674         54    145     112   92.690425  -19.309575
10675         54    146     111  103.873204   -7.126796
10676         54    147     110  104.386088   -5.613912
10677         54    148     109   97.481541  -11.518459
10678         54    149     108   98.256349   -9.743651
10679         54    150     107   88.626189  -18.373811
10680         54    151     106   93.059713  -12.940287
10681         54    152     105  100.311766   -4.688234
10682         54    153     104   87.470012  -16.529988
10683         54    154     103  114.254109   11.254109
10684         54    155     102   92.317156   -9.682844
10685         54    156     101  113.457653   12.457653
10686         54    157     100   84.647794  -15.352206
10687         54    158      99  102.746451    3.746451
10688         54    159      98  108.114578   10.114578
10689         54    160      97   93.248721   -3.751279
10690         54    161      96  104.926962    8.926962
10691         54    162      95  106.978016   11.978016
10692         54    163      94   96.343080    2.343080
10693         54    164      93   85.616310   -7.383690
10694         54    165      92   90.789016   -1.210984
10695         54    166      91   94.538750    3.538750
10696         54    167      90   90.543942    0.543942
10697         54    168      89   84.002030   -4.997970
10698         54    169      88   79.976745   -8.023255
10699         54    170      87   71.025404  -15.974596
10700         54    171      86   81.748650   -4.251350
10701         54    172      85   80.139621   -4.860379
10702         54    173      84   82.405943   -1.594057
10703         54    174      83   92.478935    9.478935
10704         54    175      82   71.301805  -10.698195
10705         54    176      81   74.023230   -6.976770
10706         54    177      80   75.499947   -4.500053
10707         54    178      79   73.113007   -5.886993
10708         54    179      78   79.006248    1.006248
10709         54    180      77   66.642303  -10.357697
10710         54    181      76   70.799049   -5.200951
10711         54    182      75   64.059702  -10.940298
10712         54    183      74   59.083288  -14.916712
10713         54    184      73   57.396495  -15.603505
10714         54    185      72   63.589168   -8.410832
10715         54    186      71   60.050826  -10.949174
10716         54    187      70   57.807223  -12.192777
10717         54    188      69   68.020880   -0.979120
10718         54    189      68   74.774153    6.774153
10719         54    190      67   50.161432  -16.838568
10720         54    191      66   55.756688  -10.243312
10721         54    192      65   57.508765   -7.491235
10722         54    193      64   62.733221   -1.266779
10723         54    194      63   57.803315   -5.196685
10724         54    195      62   59.483840   -2.516160
10725         54    196      61   63.891132    2.891132
10726         54    197      60   67.939535    7.939535
10727         54    198      59   61.699742    2.699742
10728         54    199      58   58.109883    0.109883
10729         54    200      57   61.495473    4.495473
10730         54    201      56   48.411907   -7.588093
10731         54    202      55   48.777671   -6.222329
10732         54    203      54   48.465669   -5.534331
10733         54    204      53   49.049907   -3.950093
10734         54    205      52   55.715964    3.715964
10735         54    206      51   48.069645   -2.930355
10736         54    207      50   43.500561   -6.499439
10737         54    208      49   36.963921  -12.036079
10738         54    209      48   40.233819   -7.766181
10739         54    210      47   30.142255  -16.857745
10740         54    211      46   30.142255  -15.857745
10741         54    212      45   26.078222  -18.921778
10742         54    213      44   26.078222  -17.921778
10743         54    214      43   23.887008  -19.112992
10744         54    215      42   24.347004  -17.652996
10745         54    216      41   24.852394  -16.147606
10746         54    217      40   22.576256  -17.423744
10747         54    218      39   23.416783  -15.583217
10748         54    219      38   24.177030  -13.822970
10749         54    220      37   24.856054  -12.143946
10750         54    221      36   25.017347  -10.982653
10751         54    222      35   25.587247   -9.412753
10752         54    223      34   28.330984   -5.669016
10753         54    224      33   25.136421   -7.863579
10754         54    225      32   19.050948  -12.949052
10755         54    226      31   19.992665  -11.007335
10756         54    227      30   18.691293  -11.308707
10757         54    228      29   23.782259   -5.217741
10758         54    229      28   21.845627   -6.154373
10759         54    230      27   18.451326   -8.548674
10760         54    231      26   19.847574   -6.152426
10761         54    232      25   19.962651   -5.037349
10762         54    233      24   21.754452   -2.245548
10763         54    234      23   19.229689   -3.770311
10764         54    235      22   16.861417   -5.138583
10765         54    236      21   18.952407   -2.047593
10766         54    237      20   19.229689   -0.770311
10767         54    238      19   16.654743   -2.345257
10768         54    239      18   16.654743   -1.345257
10769         54    240      17   16.654743   -0.345257
10770         54    241      16   16.654743    0.654743
10771         54    242      15   15.894938    0.894938
10772         54    243      14   15.894938    1.894938
10773         54    244      13   13.526666    0.526666
10774         54    245      12   12.347853    0.347853
10775         54    246      11   12.347853    1.347853
10776         54    247      10   12.347853    2.347853
10777         54    248       9   12.347853    3.347853
10778         54    249       8   12.347853    4.347853
10779         54    250       7   12.347853    5.347853
10780         54    251       6   12.347853    6.347853
10781         54    252       5   12.347853    7.347853
10782         54    253       4   12.347853    8.347853
10783         54    254       3   12.347853    9.347853
10784         54    255       2   12.347853   10.347853
10785         54    256       1   12.347853   11.347853
10786         54    257       0   12.347853   12.347853
10787         55      1     192  190.308275   -1.691725
10788         55      2     191  187.438847   -3.561153
10789         55      3     190  189.063154   -0.936846
10790         55      4     189  182.210765   -6.789235
10791         55      5     188  181.628187   -6.371813
10792         55      6     187  147.636419  -39.363581
10793         55      7     186  183.595471   -2.404529
10794         55      8     185  189.850559    4.850559
10795         55      9     184  174.451440   -9.548560
10796         55     10     183  175.564266   -7.435734
10797         55     11     182  175.362206   -6.637794
10798         55     12     181  180.636759   -0.363241
10799         55     13     180  174.219104   -5.780896
10800         55     14     179  164.068413  -14.931587
10801         55     15     178  179.020715    1.020715
10802         55     16     177  158.545458  -18.454542
10803         55     17     176  177.645515    1.645515
10804         55     18     175  175.952971    0.952971
10805         55     19     174  170.366094   -3.633906
10806         55     20     173  173.462141    0.462141
10807         55     21     172  172.450366    0.450366
10808         55     22     171  154.333006  -16.666994
10809         55     23     170  159.205110  -10.794890
10810         55     24     169  153.251982  -15.748018
10811         55     25     168  166.549839   -1.450161
10812         55     26     167  161.252022   -5.747978
10813         55     27     166  163.754457   -2.245543
10814         55     28     165  159.185221   -5.814779
10815         55     29     164  160.698107   -3.301893
10816         55     30     163  165.656942    2.656942
10817         55     31     162  172.395923   10.395923
10818         55     32     161  171.371503   10.371503
10819         55     33     160  168.901876    8.901876
10820         55     34     159  165.729098    6.729098
10821         55     35     158  171.316025   13.316025
10822         55     36     157  163.344544    6.344544
10823         55     37     156  163.693789    7.693789
10824         55     38     155  161.298301    6.298301
10825         55     39     154  158.611481    4.611481
10826         55     40     153  155.961768    2.961768
10827         55     41     152  135.817784  -16.182216
10828         55     42     151  144.215712   -6.784288
10829         55     43     150  142.485877   -7.514123
10830         55     44     149  151.340888    2.340888
10831         55     45     148  139.842721   -8.157279
10832         55     46     147  149.693406    2.693406
10833         55     47     146  144.334817   -1.665183
10834         55     48     145  144.243312   -0.756688
10835         55     49     144  147.272962    3.272962
10836         55     50     143  144.044967    1.044967
10837         55     51     142  144.343264    2.343264
10838         55     52     141  140.323939   -0.676061
10839         55     53     140  133.309348   -6.690652
10840         55     54     139  141.174393    2.174393
10841         55     55     138  141.960651    3.960651
10842         55     56     137  139.407217    2.407217
10843         55     57     136  138.638228    2.638228
10844         55     58     135  134.361428   -0.638572
10845         55     59     134  133.803571   -0.196429
10846         55     60     133  135.882517    2.882517
10847         55     61     132  133.833738    1.833738
10848         55     62     131  128.692005   -2.307995
10849         55     63     130  123.109388   -6.890612
10850         55     64     129  127.954743   -1.045257
10851         55     65     128  127.004193   -0.995807
10852         55     66     127  132.051205    5.051205
10853         55     67     126  129.819750    3.819750
10854         55     68     125  130.312264    5.312264
10855         55     69     124  121.574391   -2.425609
10856         55     70     123  127.164645    4.164645
10857         55     71     122  113.811451   -8.188549
10858         55     72     121  128.139078    7.139078
10859         55     73     120  125.842633    5.842633
10860         55     74     119  119.436215    0.436215
10861         55     75     118  122.780120    4.780120
10862         55     76     117  125.093610    8.093610
10863         55     77     116  124.120904    8.120904
10864         55     78     115  127.412315   12.412315
10865         55     79     114  131.114317   17.114317
10866         55     80     113  116.740893    3.740893
10867         55     81     112  128.477035   16.477035
10868         55     82     111  126.567301   15.567301
10869         55     83     110  107.955378   -2.044622
10870         55     84     109  111.753954    2.753954
10871         55     85     108  119.193318   11.193318
10872         55     86     107  113.353797    6.353797
10873         55     87     106  116.606233   10.606233
10874         55     88     105  117.175350   12.175350
10875         55     89     104  121.403709   17.403709
10876         55     90     103  106.665462    3.665462
10877         55     91     102  115.840379   13.840379
10878         55     92     101  112.200079   11.200079
10879         55     93     100  111.603685   11.603685
10880         55     94      99  111.152934   12.152934
10881         55     95      98  114.163170   16.163170
10882         55     96      97  100.816597    3.816597
10883         55     97      96  101.934749    5.934749
10884         55     98      95   94.474709   -0.525291
10885         55     99      94  103.266034    9.266034
10886         55    100      93  102.635048    9.635048
10887         55    101      92   91.288282   -0.711718
10888         55    102      91   95.602012    4.602012
10889         55    103      90  103.875469   13.875469
10890         55    104      89   93.389030    4.389030
10891         55    105      88   90.565188    2.565188
10892         55    106      87   82.269070   -4.730930
10893         55    107      86   94.240873    8.240873
10894         55    108      85   88.203558    3.203558
10895         55    109      84   95.063164   11.063164
10896         55    110      83   96.089718   13.089718
10897         55    111      82   98.259133   16.259133
10898         55    112      81   94.622053   13.622053
10899         55    113      80   85.213339    5.213339
10900         55    114      79   94.926368   15.926368
10901         55    115      78   94.915705   16.915705
10902         55    116      77   90.402656   13.402656
10903         55    117      76   98.485560   22.485560
10904         55    118      75   94.902485   19.902485
10905         55    119      74   91.223961   17.223961
10906         55    120      73   90.975822   17.975822
10907         55    121      72   93.502360   21.502360
10908         55    122      71   95.329222   24.329222
10909         55    123      70  103.684233   33.684233
10910         55    124      69  105.451291   36.451291
10911         55    125      68  101.222863   33.222863
10912         55    126      67   89.952251   22.952251
10913         55    127      66   90.279656   24.279656
10914         55    128      65   98.194986   33.194986
10915         55    129      64   85.429319   21.429319
10916         55    130      63   73.288399   10.288399
10917         55    131      62   74.375493   12.375493
10918         55    132      61   73.746698   12.746698
10919         55    133      60   83.580875   23.580875
10920         55    134      59   86.791910   27.791910
10921         55    135      58   85.767061   27.767061
10922         55    136      57   65.860661    8.860661
10923         55    137      56   78.030246   22.030246
10924         55    138      55   79.371648   24.371648
10925         55    139      54   75.822802   21.822802
10926         55    140      53   70.917594   17.917594
10927         55    141      52   80.514479   28.514479
10928         55    142      51   79.170578   28.170578
10929         55    143      50   55.576215    5.576215
10930         55    144      49   75.022116   26.022116
10931         55    145      48   76.655188   28.655188
10932         55    146      47   56.331738    9.331738
10933         55    147      46   77.183579   31.183579
10934         55    148      45   60.197474   15.197474
10935         55    149      44   65.365222   21.365222
10936         55    150      43   72.489133   29.489133
10937         55    151      42   66.125360   24.125360
10938         55    152      41   57.103269   16.103269
10939         55    153      40   40.526295    0.526295
10940         55    154      39   46.393260    7.393260
10941         55    155      38   54.334320   16.334320
10942         55    156      37   33.009036   -3.990964
10943         55    157      36   32.034043   -3.965957
10944         55    158      35   64.051725   29.051725
10945         55    159      34   56.787412   22.787412
10946         55    160      33   36.922986    3.922986
10947         55    161      32   37.851735    5.851735
10948         55    162      31   29.516177   -1.483823
10949         55    163      30   46.851192   16.851192
10950         55    164      29   29.789919    0.789919
10951         55    165      28   22.883324   -5.116676
10952         55    166      27   20.106012   -6.893988
10953         55    167      26   46.156508   20.156508
10954         55    168      25   28.919424    3.919424
10955         55    169      24   36.827953   12.827953
10956         55    170      23   23.960268    0.960268
10957         55    171      22   23.692938    1.692938
10958         55    172      21   19.714409   -1.285591
10959         55    173      20   32.410810   12.410810
10960         55    174      19   20.361153    1.361153
10961         55    175      18   33.060564   15.060564
10962         55    176      17   20.138921    3.138921
10963         55    177      16   29.165859   13.165859
10964         55    178      15   29.324751   14.324751
10965         55    179      14   19.332826    5.332826
10966         55    180      13   17.604850    4.604850
10967         55    181      12   17.041140    5.041140
10968         55    182      11   17.753665    6.753665
10969         55    183      10   14.038689    4.038689
10970         55    184       9   14.234784    5.234784
10971         55    185       8   14.904995    6.904995
10972         55    186       7   12.543948    5.543948
10973         55    187       6   12.543948    6.543948
10974         55    188       5   16.756325   11.756325
10975         55    189       4   12.543948    8.543948
10976         55    190       3   12.543948    9.543948
10977         55    191       2   12.543948   10.543948
10978         55    192       1   12.543948   11.543948
10979         55    193       0   12.543948   12.543948
10980         56      1     274  186.034240  -87.965760
10981         56      2     273  175.194021  -97.805979
10982         56      3     272  186.870598  -85.129402
10983         56      4     271  185.482763  -85.517237
10984         56      5     270  179.508892  -90.491108
10985         56      6     269  181.753710  -87.246290
10986         56      7     268  172.606861  -95.393139
10987         56      8     267  172.520845  -94.479155
10988         56      9     266  179.805152  -86.194848
10989         56     10     265  180.567709  -84.432291
10990         56     11     264  179.966221  -84.033779
10991         56     12     263  179.838978  -83.161022
10992         56     13     262  176.468772  -85.531228
10993         56     14     261  175.123481  -85.876519
10994         56     15     260  180.892554  -79.107446
10995         56     16     259  168.989586  -90.010414
10996         56     17     258  170.581837  -87.418163
10997         56     18     257  172.283134  -84.716866
10998         56     19     256  172.996730  -83.003270
10999         56     20     255  172.240610  -82.759390
11000         56     21     254  174.037020  -79.962980
11001         56     22     253  166.333874  -86.666126
11002         56     23     252  163.313364  -88.686636
11003         56     24     251  172.142836  -78.857164
11004         56     25     250  173.044115  -76.955885
11005         56     26     249  163.448110  -85.551890
11006         56     27     248  165.824634  -82.175366
11007         56     28     247  171.019148  -75.980852
11008         56     29     246  165.283438  -80.716562
11009         56     30     245  171.292378  -73.707622
11010         56     31     244  161.991116  -82.008884
11011         56     32     243  167.957532  -75.042468
11012         56     33     242  162.709407  -79.290593
11013         56     34     241  162.564740  -78.435260
11014         56     35     240  162.350841  -77.649159
11015         56     36     239  158.487990  -80.512010
11016         56     37     238  161.495190  -76.504810
11017         56     38     237  160.692725  -76.307275
11018         56     39     236  161.399053  -74.600947
11019         56     40     235  164.124606  -70.875394
11020         56     41     234  168.983609  -65.016391
11021         56     42     233  166.134954  -66.865046
11022         56     43     232  165.521929  -66.478071
11023         56     44     231  165.447250  -65.552750
11024         56     45     230  159.382177  -70.617823
11025         56     46     229  161.508873  -67.491127
11026         56     47     228  161.364834  -66.635166
11027         56     48     227  160.631534  -66.368466
11028         56     49     226  147.727118  -78.272882
11029         56     50     225  145.343105  -79.656895
11030         56     51     224  147.719585  -76.280415
11031         56     52     223  145.292714  -77.707286
11032         56     53     222  148.359838  -73.640162
11033         56     54     221  145.849850  -75.150150
11034         56     55     220  146.196637  -73.803363
11035         56     56     219  144.214262  -74.785738
11036         56     57     218  145.486502  -72.513498
11037         56     58     217  141.140558  -75.859442
11038         56     59     216  150.212477  -65.787523
11039         56     60     215  151.713227  -63.286773
11040         56     61     214  144.712715  -69.287285
11041         56     62     213  141.848893  -71.151107
11042         56     63     212  138.462746  -73.537254
11043         56     64     211  139.357815  -71.642185
11044         56     65     210  143.168847  -66.831153
11045         56     66     209  138.137504  -70.862496
11046         56     67     208  136.982741  -71.017259
11047         56     68     207  137.641682  -69.358318
11048         56     69     206  136.736390  -69.263610
11049         56     70     205  135.124198  -69.875802
11050         56     71     204  136.443014  -67.556986
11051         56     72     203  132.466369  -70.533631
11052         56     73     202  132.053690  -69.946310
11053         56     74     201  126.221888  -74.778112
11054         56     75     200  136.333402  -63.666598
11055         56     76     199  133.028601  -65.971399
11056         56     77     198  134.270852  -63.729148
11057         56     78     197  133.348192  -63.651808
11058         56     79     196  132.228021  -63.771979
11059         56     80     195  131.852244  -63.147756
11060         56     81     194  133.986400  -60.013600
11061         56     82     193  129.611952  -63.388048
11062         56     83     192  123.269812  -68.730188
11063         56     84     191  127.849278  -63.150722
11064         56     85     190  113.230826  -76.769174
11065         56     86     189  119.372502  -69.627498
11066         56     87     188  127.700857  -60.299143
11067         56     88     187  123.073198  -63.926802
11068         56     89     186  121.567780  -64.432220
11069         56     90     185  123.250546  -61.749454
11070         56     91     184  123.581753  -60.418247
11071         56     92     183  123.126124  -59.873876
11072         56     93     182  126.145243  -55.854757
11073         56     94     181  116.896815  -64.103185
11074         56     95     180  120.896078  -59.103922
11075         56     96     179  113.463460  -65.536540
11076         56     97     178  111.648038  -66.351962
11077         56     98     177  122.000182  -54.999818
11078         56     99     176  117.144405  -58.855595
11079         56    100     175  118.567617  -56.432383
11080         56    101     174  116.297021  -57.702979
11081         56    102     173  114.329161  -58.670839
11082         56    103     172  116.153735  -55.846265
11083         56    104     171  104.574892  -66.425108
11084         56    105     170  109.024642  -60.975358
11085         56    106     169  112.661625  -56.338375
11086         56    107     168  110.772760  -57.227240
11087         56    108     167  106.853584  -60.146416
11088         56    109     166  106.508847  -59.491153
11089         56    110     165   94.331322  -70.668678
11090         56    111     164  105.310349  -58.689651
11091         56    112     163  108.023319  -54.976681
11092         56    113     162   92.781083  -69.218917
11093         56    114     161  107.352881  -53.647119
11094         56    115     160   93.833054  -66.166946
11095         56    116     159  107.581186  -51.418814
11096         56    117     158  103.936389  -54.063611
11097         56    118     157  110.007828  -46.992172
11098         56    119     156  108.147359  -47.852641
11099         56    120     155   96.546184  -58.453816
11100         56    121     154   99.800458  -54.199542
11101         56    122     153  109.324177  -43.675823
11102         56    123     152   95.798244  -56.201756
11103         56    124     151  100.823565  -50.176435
11104         56    125     150  101.320084  -48.679916
11105         56    126     149   86.727468  -62.272532
11106         56    127     148   99.730865  -48.269135
11107         56    128     147  105.685131  -41.314869
11108         56    129     146   92.645871  -53.354129
11109         56    130     145  101.539313  -43.460687
11110         56    131     144  102.414198  -41.585802
11111         56    132     143  103.914004  -39.085996
11112         56    133     142  100.755392  -41.244608
11113         56    134     141   95.934944  -45.065056
11114         56    135     140   98.270124  -41.729876
11115         56    136     139  106.543877  -32.456123
11116         56    137     138  104.768756  -33.231244
11117         56    138     137   96.212434  -40.787566
11118         56    139     136  102.050651  -33.949349
11119         56    140     135   93.650007  -41.349993
11120         56    141     134   96.030473  -37.969527
11121         56    142     133   88.577985  -44.422015
11122         56    143     132   96.388440  -35.611560
11123         56    144     131   88.916037  -42.083963
11124         56    145     130  101.321246  -28.678754
11125         56    146     129   97.613237  -31.386763
11126         56    147     128  103.930105  -24.069895
11127         56    148     127   95.355811  -31.644189
11128         56    149     126   91.683068  -34.316932
11129         56    150     125   95.015237  -29.984763
11130         56    151     124   92.008446  -31.991554
11131         56    152     123   99.448062  -23.551938
11132         56    153     122   95.063605  -26.936395
11133         56    154     121   94.779654  -26.220346
11134         56    155     120   85.161051  -34.838949
11135         56    156     119   90.307893  -28.692107
11136         56    157     118   89.933612  -28.066388
11137         56    158     117   79.606341  -37.393659
11138         56    159     116   94.928292  -21.071708
11139         56    160     115   83.967620  -31.032380
11140         56    161     114   85.342323  -28.657677
11141         56    162     113   84.296806  -28.703194
11142         56    163     112   80.911185  -31.088815
11143         56    164     111   99.262129  -11.737871
11144         56    165     110   91.890267  -18.109733
11145         56    166     109   84.402137  -24.597863
11146         56    167     108   93.231418  -14.768582
11147         56    168     107   82.018351  -24.981649
11148         56    169     106   72.690410  -33.309590
11149         56    170     105   80.902290  -24.097710
11150         56    171     104   84.239265  -19.760735
11151         56    172     103   85.213136  -17.786864
11152         56    173     102   73.296768  -28.703232
11153         56    174     101   76.568787  -24.431213
11154         56    175     100   82.667564  -17.332436
11155         56    176      99   74.009635  -24.990365
11156         56    177      98   80.519005  -17.480995
11157         56    178      97   58.519816  -38.480184
11158         56    179      96   82.076267  -13.923733
11159         56    180      95   65.449991  -29.550009
11160         56    181      94   74.515395  -19.484605
11161         56    182      93   76.562003  -16.437997
11162         56    183      92   75.539367  -16.460633
11163         56    184      91   74.457115  -16.542885
11164         56    185      90   73.087467  -16.912533
11165         56    186      89   81.465837   -7.534163
11166         56    187      88   72.086971  -15.913029
11167         56    188      87   80.695176   -6.304824
11168         56    189      86   72.373225  -13.626775
11169         56    190      85   72.197217  -12.802783
11170         56    191      84   69.568827  -14.431173
11171         56    192      83   49.520072  -33.479928
11172         56    193      82   70.402426  -11.597574
11173         56    194      81   72.874104   -8.125896
11174         56    195      80   66.062507  -13.937493
11175         56    196      79   76.663566   -2.336434
11176         56    197      78   68.912236   -9.087764
11177         56    198      77   54.453176  -22.546824
11178         56    199      76   58.831524  -17.168476
11179         56    200      75   70.863500   -4.136500
11180         56    201      74   72.436683   -1.563317
11181         56    202      73   61.366006  -11.633994
11182         56    203      72   72.044939    0.044939
11183         56    204      71   62.458315   -8.541685
11184         56    205      70   69.729765   -0.270235
11185         56    206      69   69.149542    0.149542
11186         56    207      68   66.195689   -1.804311
11187         56    208      67   71.368733    4.368733
11188         56    209      66   66.797078    0.797078
11189         56    210      65   69.206675    4.206675
11190         56    211      64   53.491036  -10.508964
11191         56    212      63   52.424278  -10.575722
11192         56    213      62   52.563801   -9.436199
11193         56    214      61   56.017524   -4.982476
11194         56    215      60   65.754670    5.754670
11195         56    216      59   65.862077    6.862077
11196         56    217      58   53.377953   -4.622047
11197         56    218      57   56.367851   -0.632149
11198         56    219      56   46.925262   -9.074738
11199         56    220      55   70.769353   15.769353
11200         56    221      54   47.460240   -6.539760
11201         56    222      53   46.712493   -6.287507
11202         56    223      52   36.015601  -15.984399
11203         56    224      51   54.720371    3.720371
11204         56    225      50   33.507613  -16.492387
11205         56    226      49   44.796593   -4.203407
11206         56    227      48   36.499790  -11.500210
11207         56    228      47   31.700797  -15.299203
11208         56    229      46   30.247883  -15.752117
11209         56    230      45   24.173672  -20.826328
11210         56    231      44   35.053931   -8.946069
11211         56    232      43   20.417965  -22.582035
11212         56    233      42   28.865896  -13.134104
11213         56    234      41   28.470339  -12.529661
11214         56    235      40   36.935784   -3.064216
11215         56    236      39   18.978169  -20.021831
11216         56    237      38   14.888879  -23.111121
11217         56    238      37   17.714102  -19.285898
11218         56    239      36   33.694354   -2.305646
11219         56    240      35   20.147922  -14.852078
11220         56    241      34   26.967826   -7.032174
11221         56    242      33   18.731841  -14.268159
11222         56    243      32   30.451664   -1.548336
11223         56    244      31   19.441977  -11.558023
11224         56    245      30   20.941897   -9.058103
11225         56    246      29   21.578112   -7.421888
11226         56    247      28   34.345561    6.345561
11227         56    248      27   39.837912   12.837912
11228         56    249      26   23.461274   -2.538726
11229         56    250      25   33.367048    8.367048
11230         56    251      24   26.452780    2.452780
11231         56    252      23   20.849743   -2.150257
11232         56    253      22   38.787861   16.787861
11233         56    254      21   30.491758    9.491758
11234         56    255      20   26.747887    6.747887
11235         56    256      19   17.551072   -1.448928
11236         56    257      18   15.052969   -2.947031
11237         56    258      17   16.554758   -0.445242
11238         56    259      16   25.281277    9.281277
11239         56    260      15   21.164592    6.164592
11240         56    261      14   19.886566    5.886566
11241         56    262      13   20.737822    7.737822
11242         56    263      12   16.101589    4.101589
11243         56    264      11   18.441657    7.441657
11244         56    265      10   17.729132    7.729132
11245         56    266       9   19.925614   10.925614
11246         56    267       8   18.298070   10.298070
11247         56    268       7   21.250111   14.250111
11248         56    269       6   23.516579   17.516579
11249         56    270       5   14.410753    9.410753
11250         56    271       4   14.410753   10.410753
11251         56    272       3   14.410753   11.410753
11252         56    273       2   14.410753   12.410753
11253         56    274       1   15.914910   14.914910
11254         56    275       0   14.410753   14.410753
11255         57      1     136  194.909018   58.909018
11256         57      2     135  194.675249   59.675249
11257         57      3     134  188.357828   54.357828
11258         57      4     133  184.763376   51.763376
11259         57      5     132  172.573056   40.573056
11260         57      6     131  174.734317   43.734317
11261         57      7     130  175.970224   45.970224
11262         57      8     129  178.401803   49.401803
11263         57      9     128  178.112209   50.112209
11264         57     10     127  183.022985   56.022985
11265         57     11     126  183.913766   57.913766
11266         57     12     125  186.878906   61.878906
11267         57     13     124  181.940952   57.940952
11268         57     14     123  185.664581   62.664581
11269         57     15     122  168.887928   46.887928
11270         57     16     121  185.917251   64.917251
11271         57     17     120  185.584964   65.584964
11272         57     18     119  178.435004   59.435004
11273         57     19     118  156.583057   38.583057
11274         57     20     117  179.127575   62.127575
11275         57     21     116  178.196458   62.196458
11276         57     22     115  173.995824   58.995824
11277         57     23     114  174.932284   60.932284
11278         57     24     113  175.283311   62.283311
11279         57     25     112  145.914672   33.914672
11280         57     26     111  163.076540   52.076540
11281         57     27     110  166.798867   56.798867
11282         57     28     109  165.486223   56.486223
11283         57     29     108  171.478609   63.478609
11284         57     30     107  169.199820   62.199820
11285         57     31     106  147.474774   41.474774
11286         57     32     105  165.251594   60.251594
11287         57     33     104  169.119646   65.119646
11288         57     34     103  166.375396   63.375396
11289         57     35     102  161.152115   59.152115
11290         57     36     101  144.863762   43.863762
11291         57     37     100  162.687016   62.687016
11292         57     38      99  167.329940   68.329940
11293         57     39      98  164.022038   66.022038
11294         57     40      97  167.431195   70.431195
11295         57     41      96  167.365484   71.365484
11296         57     42      95  163.274564   68.274564
11297         57     43      94  152.468597   58.468597
11298         57     44      93  162.949160   69.949160
11299         57     45      92  153.084521   61.084521
11300         57     46      91  156.029985   65.029985
11301         57     47      90  153.963542   63.963542
11302         57     48      89  144.782301   55.782301
11303         57     49      88  144.184018   56.184018
11304         57     50      87  144.070462   57.070462
11305         57     51      86  151.959530   65.959530
11306         57     52      85  143.198202   58.198202
11307         57     53      84  142.544642   58.544642
11308         57     54      83  147.125289   64.125289
11309         57     55      82  141.463702   59.463702
11310         57     56      81  138.051739   57.051739
11311         57     57      80  139.168707   59.168707
11312         57     58      79  142.579151   63.579151
11313         57     59      78  121.183994   43.183994
11314         57     60      77  136.253017   59.253017
11315         57     61      76  116.705090   40.705090
11316         57     62      75  119.754760   44.754760
11317         57     63      74  117.946758   43.946758
11318         57     64      73  128.656388   55.656388
11319         57     65      72  116.084554   44.084554
11320         57     66      71  123.187921   52.187921
11321         57     67      70  110.524476   40.524476
11322         57     68      69  117.556841   48.556841
11323         57     69      68  130.781528   62.781528
11324         57     70      67  129.209243   62.209243
11325         57     71      66  108.705734   42.705734
11326         57     72      65  126.009169   61.009169
11327         57     73      64   97.978066   33.978066
11328         57     74      63  119.259317   56.259317
11329         57     75      62  112.846405   50.846405
11330         57     76      61   94.548179   33.548179
11331         57     77      60  105.043668   45.043668
11332         57     78      59  100.249398   41.249398
11333         57     79      58   93.939817   35.939817
11334         57     80      57  106.546369   49.546369
11335         57     81      56   98.198068   42.198068
11336         57     82      55   96.778820   41.778820
11337         57     83      54  112.320350   58.320350
11338         57     84      53  112.315153   59.315153
11339         57     85      52  101.946336   49.946336
11340         57     86      51  106.468584   55.468584
11341         57     87      50   99.669617   49.669617
11342         57     88      49   98.119396   49.119396
11343         57     89      48   95.695931   47.695931
11344         57     90      47  105.159497   58.159497
11345         57     91      46   92.821322   46.821322
11346         57     92      45   86.381215   41.381215
11347         57     93      44   78.460876   34.460876
11348         57     94      43   66.991177   23.991177
11349         57     95      42   82.754513   40.754513
11350         57     96      41   65.913738   24.913738
11351         57     97      40   60.330866   20.330866
11352         57     98      39   64.434009   25.434009
11353         57     99      38   90.521908   52.521908
11354         57    100      37   67.948470   30.948470
11355         57    101      36   72.398416   36.398416
11356         57    102      35   54.548472   19.548472
11357         57    103      34   47.086221   13.086221
11358         57    104      33   37.987884    4.987884
11359         57    105      32   41.153014    9.153014
11360         57    106      31   37.735097    6.735097
11361         57    107      30   33.478886    3.478886
11362         57    108      29   33.478886    4.478886
11363         57    109      28   23.464940   -4.535060
11364         57    110      27   22.024021   -4.975979
11365         57    111      26   22.735795   -3.264205
11366         57    112      25   25.364594    0.364594
11367         57    113      24   22.877391   -1.122609
11368         57    114      23   22.877391   -0.122609
11369         57    115      22   22.735795    0.735795
11370         57    116      21   31.327576   10.327576
11371         57    117      20   22.735795    2.735795
11372         57    118      19   20.438538    1.438538
11373         57    119      18   19.904688    1.904688
11374         57    120      17   18.760773    1.760773
11375         57    121      16   16.131974    0.131974
11376         57    122      15   16.991821    1.991821
11377         57    123      14   14.923360    0.923360
11378         57    124      13   16.330169    3.330169
11379         57    125      12   14.923360    2.923360
11380         57    126      11   14.923360    3.923360
11381         57    127      10   14.163556    4.163556
11382         57    128       9   14.163556    5.163556
11383         57    129       8   14.163556    6.163556
11384         57    130       7   12.984744    5.984744
11385         57    131       6   12.984744    6.984744
11386         57    132       5   12.984744    7.984744
11387         57    133       4   12.984744    8.984744
11388         57    134       3   12.984744    9.984744
11389         57    135       2   12.984744   10.984744
11390         57    136       1   12.984744   11.984744
11391         57    137       0   12.984744   12.984744
11392         58      1     146  193.715071   47.715071
11393         58      2     145  183.942041   38.942041
11394         58      3     144  186.520971   42.520971
11395         58      4     143  189.633486   46.633486
11396         58      5     142  189.624255   47.624255
11397         58      6     141  185.685926   44.685926
11398         58      7     140  184.001050   44.001050
11399         58      8     139  188.443503   49.443503
11400         58      9     138  179.940255   41.940255
11401         58     10     137  183.014306   46.014306
11402         58     11     136  186.801485   50.801485
11403         58     12     135  181.202999   46.202999
11404         58     13     134  185.564979   51.564979
11405         58     14     133  186.490685   53.490685
11406         58     15     132  184.929895   52.929895
11407         58     16     131  183.900806   52.900806
11408         58     17     130  184.322219   54.322219
11409         58     18     129  184.819700   55.819700
11410         58     19     128  187.552325   59.552325
11411         58     20     127  181.339600   54.339600
11412         58     21     126  191.019571   65.019571
11413         58     22     125  175.557125   50.557125
11414         58     23     124  184.732386   60.732386
11415         58     24     123  179.617671   56.617671
11416         58     25     122  183.633220   61.633220
11417         58     26     121  178.081281   57.081281
11418         58     27     120  184.122973   64.122973
11419         58     28     119  181.715346   62.715346
11420         58     29     118  176.252133   58.252133
11421         58     30     117  174.582284   57.582284
11422         58     31     116  170.260090   54.260090
11423         58     32     115  172.570086   57.570086
11424         58     33     114  168.855740   54.855740
11425         58     34     113  172.277652   59.277652
11426         58     35     112  171.363782   59.363782
11427         58     36     111  171.729546   60.729546
11428         58     37     110  165.472105   55.472105
11429         58     38     109  164.818061   55.818061
11430         58     39     108  164.179901   56.179901
11431         58     40     107  157.415834   50.415834
11432         58     41     106  151.613180   45.613180
11433         58     42     105  155.742281   50.742281
11434         58     43     104  163.004216   59.004216
11435         58     44     103  160.181634   57.181634
11436         58     45     102  159.707591   57.707591
11437         58     46     101  144.818800   43.818800
11438         58     47     100  153.029037   53.029037
11439         58     48      99  150.238673   51.238673
11440         58     49      98  141.786766   43.786766
11441         58     50      97  146.946103   49.946103
11442         58     51      96  149.583722   53.583722
11443         58     52      95  147.998151   52.998151
11444         58     53      94  139.734543   45.734543
11445         58     54      93  141.793145   48.793145
11446         58     55      92  150.995690   58.995690
11447         58     56      91  132.276386   41.276386
11448         58     57      90  142.800538   52.800538
11449         58     58      89  133.008852   44.008852
11450         58     59      88  141.588643   53.588643
11451         58     60      87  137.343578   50.343578
11452         58     61      86  145.380008   59.380008
11453         58     62      85  142.393155   57.393155
11454         58     63      84  134.197705   50.197705
11455         58     64      83  147.154235   64.154235
11456         58     65      82  135.425894   53.425894
11457         58     66      81  137.613846   56.613846
11458         58     67      80  128.546370   48.546370
11459         58     68      79  125.674973   46.674973
11460         58     69      78  132.361768   54.361768
11461         58     70      77  128.128070   51.128070
11462         58     71      76  123.265965   47.265965
11463         58     72      75  116.133292   41.133292
11464         58     73      74  120.598047   46.598047
11465         58     74      73  107.298315   34.298315
11466         58     75      72  117.291472   45.291472
11467         58     76      71  120.740677   49.740677
11468         58     77      70  116.684533   46.684533
11469         58     78      69  111.133088   42.133088
11470         58     79      68  122.193528   54.193528
11471         58     80      67   93.627145   26.627145
11472         58     81      66  109.302898   43.302898
11473         58     82      65  111.774555   46.774555
11474         58     83      64  113.674568   49.674568
11475         58     84      63  104.728097   41.728097
11476         58     85      62   87.531643   25.531643
11477         58     86      61   93.115671   32.115671
11478         58     87      60   92.343385   32.343385
11479         58     88      59   92.693012   33.693012
11480         58     89      58  107.260702   49.260702
11481         58     90      57   79.559119   22.559119
11482         58     91      56   87.464135   31.464135
11483         58     92      55   83.257098   28.257098
11484         58     93      54  101.299153   47.299153
11485         58     94      53   94.017589   41.017589
11486         58     95      52   93.524961   41.524961
11487         58     96      51   91.271109   40.271109
11488         58     97      50   91.438453   41.438453
11489         58     98      49  101.187765   52.187765
11490         58     99      48   88.372134   40.372134
11491         58    100      47   84.114668   37.114668
11492         58    101      46   82.580861   36.580861
11493         58    102      45   86.809099   41.809099
11494         58    103      44   53.298937    9.298937
11495         58    104      43   69.652189   26.652189
11496         58    105      42   70.735980   28.735980
11497         58    106      41   75.999327   34.999327
11498         58    107      40   58.171846   18.171846
11499         58    108      39   72.704764   33.704764
11500         58    109      38   67.292853   29.292853
11501         58    110      37   57.308248   20.308248
11502         58    111      36   46.583915   10.583915
11503         58    112      35   42.717239    7.717239
11504         58    113      34   46.529519   12.529519
11505         58    114      33   47.466562   14.466562
11506         58    115      32   33.641241    1.641241
11507         58    116      31   29.970318   -1.029682
11508         58    117      30   22.453142   -7.546858
11509         58    118      29   27.951348   -1.048652
11510         58    119      28   32.516135    4.516135
11511         58    120      27   27.440364    0.440364
11512         58    121      26   37.502813   11.502813
11513         58    122      25   27.330203    2.330203
11514         58    123      24   28.817367    4.817367
11515         58    124      23   32.070813    9.070813
11516         58    125      22   21.633032   -0.366968
11517         58    126      21   31.598544   10.598544
11518         58    127      20   24.575619    4.575619
11519         58    128      19   24.053070    5.053070
11520         58    129      18   21.550990    3.550990
11521         58    130      17   19.742954    2.742954
11522         58    131      16   18.027854    2.027854
11523         58    132      15   17.533770    2.533770
11524         58    133      14   17.168007    3.168007
11525         58    134      13   17.168007    4.168007
11526         58    135      12   17.168007    5.168007
11527         58    136      11   16.155409    5.155409
11528         58    137      10   14.917998    4.917998
11529         58    138       9   12.984744    3.984744
11530         58    139       8   13.739186    5.739186
11531         58    140       7   12.984744    5.984744
11532         58    141       6   12.984744    6.984744
11533         58    142       5   12.984744    7.984744
11534         58    143       4   12.984744    8.984744
11535         58    144       3   12.984744    9.984744
11536         58    145       2   12.984744   10.984744
11537         58    146       1   12.984744   11.984744
11538         58    147       0   12.984744   12.984744
11539         59      1     230  207.941745  -22.058255
11540         59      2     229  216.193491  -12.806509
11541         59      3     228  215.346253  -12.653747
11542         59      4     227  209.519519  -17.480481
11543         59      5     226  206.430200  -19.569800
11544         59      6     225  211.611116  -13.388884
11545         59      7     224  210.317403  -13.682597
11546         59      8     223  195.019226  -27.980774
11547         59      9     222  200.921674  -21.078326
11548         59     10     221  200.137382  -20.862618
11549         59     11     220  200.698129  -19.301871
11550         59     12     219  205.037005  -13.962995
11551         59     13     218  200.395821  -17.604179
11552         59     14     217  193.728900  -23.271100
11553         59     15     216  202.348101  -13.651899
11554         59     16     215  196.696739  -18.303261
11555         59     17     214  193.225794  -20.774206
11556         59     18     213  197.191504  -15.808496
11557         59     19     212  192.952207  -19.047793
11558         59     20     211  196.518200  -14.481800
11559         59     21     210  196.029447  -13.970553
11560         59     22     209  194.571075  -14.428925
11561         59     23     208  193.375014  -14.624986
11562         59     24     207  175.639386  -31.360614
11563         59     25     206  191.236658  -14.763342
11564         59     26     205  191.792119  -13.207881
11565         59     27     204  180.934344  -23.065656
11566         59     28     203  188.419044  -14.580956
11567         59     29     202  182.466056  -19.533944
11568         59     30     201  188.657374  -12.342626
11569         59     31     200  186.487527  -13.512473
11570         59     32     199  187.304789  -11.695211
11571         59     33     198  186.531027  -11.468973
11572         59     34     197  186.860559  -10.139441
11573         59     35     196  183.951275  -12.048725
11574         59     36     195  184.036858  -10.963142
11575         59     37     194  179.866304  -14.133696
11576         59     38     193  180.803869  -12.196131
11577         59     39     192  174.130396  -17.869604
11578         59     40     191  185.312305   -5.687695
11579         59     41     190  182.553952   -7.446048
11580         59     42     189  165.079412  -23.920588
11581         59     43     188  170.339474  -17.660526
11582         59     44     187  169.446568  -17.553432
11583         59     45     186  177.014868   -8.985132
11584         59     46     185  171.135121  -13.864879
11585         59     47     184  165.769066  -18.230934
11586         59     48     183  161.650114  -21.349886
11587         59     49     182  172.811154   -9.188846
11588         59     50     181  173.153690   -7.846310
11589         59     51     180  170.288013   -9.711987
11590         59     52     179  173.588849   -5.411151
11591         59     53     178  173.328994   -4.671006
11592         59     54     177  172.531746   -4.468254
11593         59     55     176  166.900793   -9.099207
11594         59     56     175  167.186219   -7.813781
11595         59     57     174  168.368665   -5.631335
11596         59     58     173  165.480182   -7.519818
11597         59     59     172  166.069094   -5.930906
11598         59     60     171  170.451025   -0.548975
11599         59     61     170  158.629048  -11.370952
11600         59     62     169  163.882101   -5.117899
11601         59     63     168  162.250538   -5.749462
11602         59     64     167  163.421373   -3.578627
11603         59     65     166  162.865046   -3.134954
11604         59     66     165  163.370636   -1.629364
11605         59     67     164  157.126751   -6.873249
11606         59     68     163  166.751142    3.751142
11607         59     69     162  151.128707  -10.871293
11608         59     70     161  152.697161   -8.302839
11609         59     71     160  156.515777   -3.484223
11610         59     72     159  157.276361   -1.723639
11611         59     73     158  145.175699  -12.824301
11612         59     74     157  160.428231    3.428231
11613         59     75     156  159.403322    3.403322
11614         59     76     155  153.734169   -1.265831
11615         59     77     154  146.428012   -7.571988
11616         59     78     153  142.442267  -10.557733
11617         59     79     152  136.343686  -15.656314
11618         59     80     151  138.459899  -12.540101
11619         59     81     150  136.606115  -13.393885
11620         59     82     149  142.550209   -6.449791
11621         59     83     148  141.290249   -6.709751
11622         59     84     147  143.613793   -3.386207
11623         59     85     146  135.452260  -10.547740
11624         59     86     145  134.239771  -10.760229
11625         59     87     144  137.103495   -6.896505
11626         59     88     143  134.186062   -8.813938
11627         59     89     142  131.896369  -10.103631
11628         59     90     141  137.761133   -3.238867
11629         59     91     140  119.726139  -20.273861
11630         59     92     139  141.038179    2.038179
11631         59     93     138  138.875764    0.875764
11632         59     94     137  138.494948    1.494948
11633         59     95     136  130.148336   -5.851664
11634         59     96     135  132.814754   -2.185246
11635         59     97     134  142.774722    8.774722
11636         59     98     133  129.439086   -3.560914
11637         59     99     132  129.875042   -2.124958
11638         59    100     131  118.936338  -12.063662
11639         59    101     130  132.428558    2.428558
11640         59    102     129  114.435686  -14.564314
11641         59    103     128  128.136693    0.136693
11642         59    104     127  110.223454  -16.776546
11643         59    105     126  132.386471    6.386471
11644         59    106     125  121.127588   -3.872412
11645         59    107     124  125.969926    1.969926
11646         59    108     123  132.326231    9.326231
11647         59    109     122  136.574485   14.574485
11648         59    110     121  133.526462   12.526462
11649         59    111     120  129.255684    9.255684
11650         59    112     119  134.654352   15.654352
11651         59    113     118  127.978635    9.978635
11652         59    114     117  126.044440    9.044440
11653         59    115     116  130.189731   14.189731
11654         59    116     115  138.024137   23.024137
11655         59    117     114  134.273986   20.273986
11656         59    118     113  127.147359   14.147359
11657         59    119     112  133.929061   21.929061
11658         59    120     111  121.753112   10.753112
11659         59    121     110  139.469672   29.469672
11660         59    122     109  120.769821   11.769821
11661         59    123     108  125.605886   17.605886
11662         59    124     107  123.161586   16.161586
11663         59    125     106  118.438392   12.438392
11664         59    126     105  104.260393   -0.739607
11665         59    127     104  114.173118   10.173118
11666         59    128     103  111.070397    8.070397
11667         59    129     102  106.739414    4.739414
11668         59    130     101  101.337680    0.337680
11669         59    131     100   86.235946  -13.764054
11670         59    132      99  113.269679   14.269679
11671         59    133      98  110.852469   12.852469
11672         59    134      97   77.191685  -19.808315
11673         59    135      96  105.269145    9.269145
11674         59    136      95   93.460341   -1.539659
11675         59    137      94  113.272375   19.272375
11676         59    138      93   82.608981  -10.391019
11677         59    139      92  100.581663    8.581663
11678         59    140      91   97.970306    6.970306
11679         59    141      90   84.433658   -5.566342
11680         59    142      89   91.479984    2.479984
11681         59    143      88  100.115862   12.115862
11682         59    144      87   92.435460    5.435460
11683         59    145      86   94.564149    8.564149
11684         59    146      85   91.614200    6.614200
11685         59    147      84   92.782579    8.782579
11686         59    148      83   90.785450    7.785450
11687         59    149      82   96.667710   14.667710
11688         59    150      81   93.889157   12.889157
11689         59    151      80   85.700301    5.700301
11690         59    152      79   86.853438    7.853438
11691         59    153      78   98.251111   20.251111
11692         59    154      77   99.260413   22.260413
11693         59    155      76   83.450569    7.450569
11694         59    156      75   79.764347    4.764347
11695         59    157      74   79.002633    5.002633
11696         59    158      73   86.426407   13.426407
11697         59    159      72   72.381171    0.381171
11698         59    160      71   87.183919   16.183919
11699         59    161      70   79.115036    9.115036
11700         59    162      69   89.498249   20.498249
11701         59    163      68   71.971407    3.971407
11702         59    164      67   77.798806   10.798806
11703         59    165      66   83.773327   17.773327
11704         59    166      65   77.170490   12.170490
11705         59    167      64   85.827706   21.827706
11706         59    168      63   87.487195   24.487195
11707         59    169      62   75.374793   13.374793
11708         59    170      61   67.538479    6.538479
11709         59    171      60   69.654288    9.654288
11710         59    172      59   59.470888    0.470888
11711         59    173      58   58.474574    0.474574
11712         59    174      57   55.476763   -1.523237
11713         59    175      56   54.586483   -1.413517
11714         59    176      55   54.168389   -0.831611
11715         59    177      54   51.882852   -2.117148
11716         59    178      53   53.716967    0.716967
11717         59    179      52   50.988313   -1.011687
11718         59    180      51   45.280914   -5.719086
11719         59    181      50   42.152856   -7.847144
11720         59    182      49   38.720619  -10.279381
11721         59    183      48   38.276163   -9.723837
11722         59    184      47   37.709821   -9.290179
11723         59    185      46   41.254022   -4.745978
11724         59    186      45   38.316001   -6.683999
11725         59    187      44   38.389691   -5.610309
11726         59    188      43   37.373865   -5.626135
11727         59    189      42   40.147742   -1.852258
11728         59    190      41   39.612613   -1.387387
11729         59    191      40   41.810591    1.810591
11730         59    192      39   41.867627    2.867627
11731         59    193      38   33.219593   -4.780407
11732         59    194      37   36.194665   -0.805335
11733         59    195      36   32.014255   -3.985745
11734         59    196      35   32.014255   -2.985745
11735         59    197      34   33.367512   -0.632488
11736         59    198      33   37.065782    4.065782
11737         59    199      32   34.307904    2.307904
11738         59    200      31   29.803267   -1.196733
11739         59    201      30   28.249002   -1.750998
11740         59    202      29   24.288767   -4.711233
11741         59    203      28   23.090999   -4.909001
11742         59    204      27   23.090999   -3.909001
11743         59    205      26   23.090999   -2.909001
11744         59    206      25   23.090999   -1.909001
11745         59    207      24   23.090999   -0.909001
11746         59    208      23   23.090999    0.090999
11747         59    209      22   23.090999    1.090999
11748         59    210      21   23.090999    2.090999
11749         59    211      20   23.090999    3.090999
11750         59    212      19   23.090999    4.090999
11751         59    213      18   23.090999    5.090999
11752         59    214      17   19.142835    2.142835
11753         59    215      16   21.770088    5.770088
11754         59    216      15   20.561474    5.561474
11755         59    217      14   20.857935    6.857935
11756         59    218      13   19.649321    6.649321
11757         59    219      12   17.934222    5.934222
11758         59    220      11   17.934222    6.934222
11759         59    221      10   15.895562    5.895562
11760         59    222       9   15.135758    6.135758
11761         59    223       8   15.135758    7.135758
11762         59    224       7   15.135758    8.135758
11763         59    225       6   14.749934    8.749934
11764         59    226       5   14.749934    9.749934
11765         59    227       4   14.749934   10.749934
11766         59    228       3   14.749934   11.749934
11767         59    229       2   14.749934   12.749934
11768         59    230       1   14.749934   13.749934
11769         59    231       0   14.749934   14.749934
11770         60      1     171  192.903863   21.903863
11771         60      2     170  166.121850   -3.878150
11772         60      3     169  161.773501   -7.226499
11773         60      4     168  171.086231    3.086231
11774         60      5     167  173.863254    6.863254
11775         60      6     166  169.683162    3.683162
11776         60      7     165  174.287467    9.287467
11777         60      8     164  178.854092   14.854092
11778         60      9     163  178.775494   15.775494
11779         60     10     162  178.852113   16.852113
11780         60     11     161  180.110409   19.110409
11781         60     12     160  179.023467   19.023467
11782         60     13     159  176.800389   17.800389
11783         60     14     158  170.286339   12.286339
11784         60     15     157  171.871509   14.871509
11785         60     16     156  171.011141   15.011141
11786         60     17     155  170.701096   15.701096
11787         60     18     154  174.932699   20.932699
11788         60     19     153  172.723915   19.723915
11789         60     20     152  168.789868   16.789868
11790         60     21     151  168.556077   17.556077
11791         60     22     150  165.802118   15.802118
11792         60     23     149  166.069141   17.069141
11793         60     24     148  164.032555   16.032555
11794         60     25     147  162.292765   15.292765
11795         60     26     146  169.453801   23.453801
11796         60     27     145  174.064348   29.064348
11797         60     28     144  163.613517   19.613517
11798         60     29     143  162.044007   19.044007
11799         60     30     142  149.667136    7.667136
11800         60     31     141  160.657665   19.657665
11801         60     32     140  164.202149   24.202149
11802         60     33     139  168.856446   29.856446
11803         60     34     138  161.236908   23.236908
11804         60     35     137  160.228795   23.228795
11805         60     36     136  155.758204   19.758204
11806         60     37     135  158.731610   23.731610
11807         60     38     134  158.387676   24.387676
11808         60     39     133  155.874868   22.874868
11809         60     40     132  155.879660   23.879660
11810         60     41     131  155.824841   24.824841
11811         60     42     130  154.123035   24.123035
11812         60     43     129  154.157797   25.157797
11813         60     44     128  146.335776   18.335776
11814         60     45     127  150.095256   23.095256
11815         60     46     126  136.749857   10.749857
11816         60     47     125  151.713114   26.713114
11817         60     48     124  143.031015   19.031015
11818         60     49     123  151.419798   28.419798
11819         60     50     122  148.985632   26.985632
11820         60     51     121  142.114406   21.114406
11821         60     52     120  129.744181    9.744181
11822         60     53     119  142.740201   23.740201
11823         60     54     118  142.520227   24.520227
11824         60     55     117  142.439123   25.439123
11825         60     56     116  128.709678   12.709678
11826         60     57     115  141.062127   26.062127
11827         60     58     114  131.979881   17.979881
11828         60     59     113  144.090541   31.090541
11829         60     60     112  135.574176   23.574176
11830         60     61     111  137.442079   26.442079
11831         60     62     110  129.914115   19.914115
11832         60     63     109  138.265096   29.265096
11833         60     64     108  125.552751   17.552751
11834         60     65     107  126.010750   19.010750
11835         60     66     106  114.304314    8.304314
11836         60     67     105  113.901912    8.901912
11837         60     68     104  123.394416   19.394416
11838         60     69     103  125.277496   22.277496
11839         60     70     102  122.846762   20.846762
11840         60     71     101  122.255023   21.255023
11841         60     72     100  118.216227   18.216227
11842         60     73      99  121.051800   22.051800
11843         60     74      98  122.232708   24.232708
11844         60     75      97  115.019526   18.019526
11845         60     76      96  124.990995   28.990995
11846         60     77      95  117.495644   22.495644
11847         60     78      94  124.896066   30.896066
11848         60     79      93  124.859084   31.859084
11849         60     80      92  122.841943   30.841943
11850         60     81      91  110.497308   19.497308
11851         60     82      90  108.427528   18.427528
11852         60     83      89  112.677998   23.677998
11853         60     84      88  117.218432   29.218432
11854         60     85      87  118.471182   31.471182
11855         60     86      86  122.850329   36.850329
11856         60     87      85  115.805753   30.805753
11857         60     88      84  115.294638   31.294638
11858         60     89      83   98.709950   15.709950
11859         60     90      82  110.481283   28.481283
11860         60     91      81  117.509378   36.509378
11861         60     92      80  106.234201   26.234201
11862         60     93      79  116.157902   37.157902
11863         60     94      78  115.115685   37.115685
11864         60     95      77  117.731407   40.731407
11865         60     96      76  110.171332   34.171332
11866         60     97      75  107.916164   32.916164
11867         60     98      74   99.308440   25.308440
11868         60     99      73   99.824127   26.824127
11869         60    100      72   98.641621   26.641621
11870         60    101      71   95.944196   24.944196
11871         60    102      70   90.824144   20.824144
11872         60    103      69   95.166278   26.166278
11873         60    104      68   89.271317   21.271317
11874         60    105      67   89.135132   22.135132
11875         60    106      66   83.928125   17.928125
11876         60    107      65   92.377641   27.377641
11877         60    108      64   83.165485   19.165485
11878         60    109      63   86.294914   23.294914
11879         60    110      62   99.089791   37.089791
11880         60    111      61   93.673115   32.673115
11881         60    112      60   91.462515   31.462515
11882         60    113      59   77.678966   18.678966
11883         60    114      58   81.747635   23.747635
11884         60    115      57   98.006406   41.006406
11885         60    116      56   94.603122   38.603122
11886         60    117      55   82.461507   27.461507
11887         60    118      54   77.676857   23.676857
11888         60    119      53   58.194673    5.194673
11889         60    120      52   69.617977   17.617977
11890         60    121      51   66.465748   15.465748
11891         60    122      50   66.025979   16.025979
11892         60    123      49   61.157183   12.157183
11893         60    124      48   64.745393   16.745393
11894         60    125      47   51.192831    4.192831
11895         60    126      46   65.277328   19.277328
11896         60    127      45   52.622487    7.622487
11897         60    128      44   48.840578    4.840578
11898         60    129      43   42.383978   -0.616022
11899         60    130      42   38.189501   -3.810499
11900         60    131      41   49.292907    8.292907
11901         60    132      40   31.168071   -8.831929
11902         60    133      39   35.273104   -3.726896
11903         60    134      38   43.507184    5.507184
11904         60    135      37   31.670163   -5.329837
11905         60    136      36   29.557538   -6.442462
11906         60    137      35   36.987232    1.987232
11907         60    138      34   36.598952    2.598952
11908         60    139      33   29.832006   -3.167994
11909         60    140      32   27.207286   -4.792714
11910         60    141      31   38.342345    7.342345
11911         60    142      30   27.324568   -2.675432
11912         60    143      29   34.654161    5.654161
11913         60    144      28   28.775403    0.775403
11914         60    145      27   27.552237    0.552237
11915         60    146      26   22.771269   -3.228731
11916         60    147      25   26.371401    1.371401
11917         60    148      24   33.846350    9.846350
11918         60    149      23   19.197447   -3.802553
11919         60    150      22   16.070568   -5.929432
11920         60    151      21   23.249790    2.249790
11921         60    152      20   14.482565   -5.517435
11922         60    153      19   14.482565   -4.517435
11923         60    154      18   14.482565   -3.517435
11924         60    155      17   14.482565   -2.517435
11925         60    156      16   17.297550    1.297550
11926         60    157      15   14.482565   -0.517435
11927         60    158      14   14.482565    0.482565
11928         60    159      13   14.848328    1.848328
11929         60    160      12   14.668486    2.668486
11930         60    161      11   13.303753    2.303753
11931         60    162      10   13.303753    3.303753
11932         60    163       9   12.543948    3.543948
11933         60    164       8   12.543948    4.543948
11934         60    165       7   12.417091    5.417091
11935         60    166       6   12.347853    6.347853
11936         60    167       5   17.210959   12.210959
11937         60    168       4   13.262638    9.262638
11938         60    169       3   13.262638   10.262638
11939         60    170       2   12.347853   10.347853
11940         60    171       1   12.347853   11.347853
11941         60    172       0   12.347853   12.347853
11942         61      1     184  206.930314   22.930314
11943         61      2     183  195.706379   12.706379
11944         61      3     182  200.066220   18.066220
11945         61      4     181  195.640387   14.640387
11946         61      5     180  190.830486   10.830486
11947         61      6     179  190.535554   11.535554
11948         61      7     178  197.564485   19.564485
11949         61      8     177  194.959278   17.959278
11950         61      9     176  199.391075   23.391075
11951         61     10     175  200.053019   25.053019
11952         61     11     174  198.793543   24.793543
11953         61     12     173  200.902591   27.902591
11954         61     13     172  192.391087   20.391087
11955         61     14     171  202.947121   31.947121
11956         61     15     170  201.789048   31.789048
11957         61     16     169  202.080582   33.080582
11958         61     17     168  199.534225   31.534225
11959         61     18     167  194.414389   27.414389
11960         61     19     166  200.331049   34.331049
11961         61     20     165  201.102077   36.102077
11962         61     21     164  197.597650   33.597650
11963         61     22     163  198.504520   35.504520
11964         61     23     162  190.805675   28.805675
11965         61     24     161  196.146639   35.146639
11966         61     25     160  190.417400   30.417400
11967         61     26     159  180.638714   21.638714
11968         61     27     158  188.950763   30.950763
11969         61     28     157  190.237170   33.237170
11970         61     29     156  189.575809   33.575809
11971         61     30     155  187.715673   32.715673
11972         61     31     154  186.218269   32.218269
11973         61     32     153  180.571425   27.571425
11974         61     33     152  181.786056   29.786056
11975         61     34     151  182.769664   31.769664
11976         61     35     150  170.103227   20.103227
11977         61     36     149  180.460139   31.460139
11978         61     37     148  175.614792   27.614792
11979         61     38     147  177.564656   30.564656
11980         61     39     146  174.993289   28.993289
11981         61     40     145  173.487529   28.487529
11982         61     41     144  177.081133   33.081133
11983         61     42     143  174.333237   31.333237
11984         61     43     142  166.449802   24.449802
11985         61     44     141  173.303653   32.303653
11986         61     45     140  171.314517   31.314517
11987         61     46     139  173.489730   34.489730
11988         61     47     138  171.736057   33.736057
11989         61     48     137  163.938305   26.938305
11990         61     49     136  168.093038   32.093038
11991         61     50     135  166.309099   31.309099
11992         61     51     134  161.957968   27.957968
11993         61     52     133  151.253962   18.253962
11994         61     53     132  155.960501   23.960501
11995         61     54     131  161.690676   30.690676
11996         61     55     130  161.433066   31.433066
11997         61     56     129  139.935261   10.935261
11998         61     57     128  156.441757   28.441757
11999         61     58     127  153.445587   26.445587
12000         61     59     126  145.059741   19.059741
12001         61     60     125  153.469034   28.469034
12002         61     61     124  147.492335   23.492335
12003         61     62     123  147.583691   24.583691
12004         61     63     122  150.069701   28.069701
12005         61     64     121  146.896936   25.896936
12006         61     65     120  152.862226   32.862226
12007         61     66     119  151.865883   32.865883
12008         61     67     118  143.716998   25.716998
12009         61     68     117  145.166258   28.166258
12010         61     69     116  138.363519   22.363519
12011         61     70     115  147.435393   32.435393
12012         61     71     114  143.395499   29.395499
12013         61     72     113  141.313628   28.313628
12014         61     73     112  145.478324   33.478324
12015         61     74     111  151.751900   40.751900
12016         61     75     110  148.781641   38.781641
12017         61     76     109  131.259579   22.259579
12018         61     77     108  146.081596   38.081596
12019         61     78     107  144.039937   37.039937
12020         61     79     106  146.910047   40.910047
12021         61     80     105  146.637925   41.637925
12022         61     81     104  132.762370   28.762370
12023         61     82     103  146.627964   43.627964
12024         61     83     102  142.012481   40.012481
12025         61     84     101  141.861812   40.861812
12026         61     85     100  143.793656   43.793656
12027         61     86      99  149.877147   50.877147
12028         61     87      98  146.886976   48.886976
12029         61     88      97  142.457012   45.457012
12030         61     89      96  138.497885   42.497885
12031         61     90      95  137.858485   42.858485
12032         61     91      94  141.212952   47.212952
12033         61     92      93  124.405357   31.405357
12034         61     93      92  142.703743   50.703743
12035         61     94      91  129.306716   38.306716
12036         61     95      90  136.717172   46.717172
12037         61     96      89  129.181665   40.181665
12038         61     97      88  122.572502   34.572502
12039         61     98      87  137.275695   50.275695
12040         61     99      86  142.595444   56.595444
12041         61    100      85  139.352460   54.352460
12042         61    101      84  124.741361   40.741361
12043         61    102      83  129.056299   46.056299
12044         61    103      82  135.375228   53.375228
12045         61    104      81  121.500819   40.500819
12046         61    105      80  125.920282   45.920282
12047         61    106      79  133.491786   54.491786
12048         61    107      78  127.742229   49.742229
12049         61    108      77  126.974317   49.974317
12050         61    109      76  123.747229   47.747229
12051         61    110      75  112.781573   37.781573
12052         61    111      74  101.416657   27.416657
12053         61    112      73  118.454851   45.454851
12054         61    113      72  105.004342   33.004342
12055         61    114      71  105.299033   34.299033
12056         61    115      70  105.129352   35.129352
12057         61    116      69  113.529198   44.529198
12058         61    117      68  108.096131   40.096131
12059         61    118      67   95.851873   28.851873
12060         61    119      66   85.965342   19.965342
12061         61    120      65   88.788996   23.788996
12062         61    121      64   81.888394   17.888394
12063         61    122      63   75.617983   12.617983
12064         61    123      62   69.799965    7.799965
12065         61    124      61   80.241885   19.241885
12066         61    125      60   62.012011    2.012011
12067         61    126      59   58.658909   -0.341091
12068         61    127      58   72.461291   14.461291
12069         61    128      57   68.878341   11.878341
12070         61    129      56   68.651489   12.651489
12071         61    130      55   70.023732   15.023732
12072         61    131      54   67.439956   13.439956
12073         61    132      53   67.149046   14.149046
12074         61    133      52   84.388900   32.388900
12075         61    134      51   63.491803   12.491803
12076         61    135      50   60.602929   10.602929
12077         61    136      49   61.424649   12.424649
12078         61    137      48   59.135094   11.135094
12079         61    138      47   54.168137    7.168137
12080         61    139      46   56.718447   10.718447
12081         61    140      45   53.486673    8.486673
12082         61    141      44   52.339256    8.339256
12083         61    142      43   63.743391   20.743391
12084         61    143      42   49.794993    7.794993
12085         61    144      41   48.818781    7.818781
12086         61    145      40   46.603555    6.603555
12087         61    146      39   49.167296   10.167296
12088         61    147      38   48.505205   10.505205
12089         61    148      37   47.962778   10.962778
12090         61    149      36   46.516712   10.516712
12091         61    150      35   43.537080    8.537080
12092         61    151      34   43.025839    9.025839
12093         61    152      33   35.371110    2.371110
12094         61    153      32   40.916304    8.916304
12095         61    154      31   38.343813    7.343813
12096         61    155      30   34.696117    4.696117
12097         61    156      29   28.892307   -0.107693
12098         61    157      28   30.239121    2.239121
12099         61    158      27   23.687910   -3.312090
12100         61    159      26   26.519017    0.519017
12101         61    160      25   26.519017    1.519017
12102         61    161      24   24.142603    0.142603
12103         61    162      23   24.142603    1.142603
12104         61    163      22   22.149335    0.149335
12105         61    164      21   20.160848   -0.839152
12106         61    165      20   21.020695    1.020695
12107         61    166      19   21.332753    2.332753
12108         61    167      18   23.047853    5.047853
12109         61    168      17   20.929271    3.929271
12110         61    169      16   20.216746    4.216746
12111         61    170      15   19.018979    4.018979
12112         61    171      14   17.810365    3.810365
12113         61    172      13   16.095265    3.095265
12114         61    173      12   15.235418    3.235418
12115         61    174      11   14.475614    3.475614
12116         61    175      10   14.475614    4.475614
12117         61    176       9   13.296802    4.296802
12118         61    177       8   13.708695    5.708695
12119         61    178       7   13.296802    6.296802
12120         61    179       6   13.296802    7.296802
12121         61    180       5   13.296802    8.296802
12122         61    181       4   13.296802    9.296802
12123         61    182       3   13.296802   10.296802
12124         61    183       2   13.296802   11.296802
12125         61    184       1   13.296802   12.296802
12126         61    185       0   13.296802   13.296802
12127         62      1     179  177.176207   -1.823793
12128         62      2     178  177.701116   -0.298884
12129         62      3     177  176.785215   -0.214785
12130         62      4     176  180.935186    4.935186
12131         62      5     175  178.216353    3.216353
12132         62      6     174  181.054919    7.054919
12133         62      7     173  181.054919    8.054919
12134         62      8     172  163.576888   -8.423112
12135         62      9     171  175.754573    4.754573
12136         62     10     170  153.213954  -16.786046
12137         62     11     169  175.859399    6.859399
12138         62     12     168  176.479908    8.479908
12139         62     13     167  152.252839  -14.747161
12140         62     14     166  164.517361   -1.482639
12141         62     15     165  163.482402   -1.517598
12142         62     16     164  160.179618   -3.820382
12143         62     17     163  163.972146    0.972146
12144         62     18     162  168.653356    6.653356
12145         62     19     161  165.023193    4.023193
12146         62     20     160  166.045919    6.045919
12147         62     21     159  156.955565   -2.044435
12148         62     22     158  152.882678   -5.117322
12149         62     23     157  159.676989    2.676989
12150         62     24     156  160.837621    4.837621
12151         62     25     155  157.712304    2.712304
12152         62     26     154  161.237584    7.237584
12153         62     27     153  157.759084    4.759084
12154         62     28     152  159.067150    7.067150
12155         62     29     151  158.029915    7.029915
12156         62     30     150  157.496247    7.496247
12157         62     31     149  157.299687    8.299687
12158         62     32     148  157.874351    9.874351
12159         62     33     147  153.635580    6.635580
12160         62     34     146  148.585268    2.585268
12161         62     35     145  147.011208    2.011208
12162         62     36     144  150.953203    6.953203
12163         62     37     143  151.626610    8.626610
12164         62     38     142  128.556094  -13.443906
12165         62     39     141  146.894788    5.894788
12166         62     40     140  154.023525   14.023525
12167         62     41     139  154.678678   15.678678
12168         62     42     138  153.115828   15.115828
12169         62     43     137  152.571901   15.571901
12170         62     44     136  154.904705   18.904705
12171         62     45     135  152.211039   17.211039
12172         62     46     134  147.113320   13.113320
12173         62     47     133  152.113687   19.113687
12174         62     48     132  143.352441   11.352441
12175         62     49     131  144.896030   13.896030
12176         62     50     130  143.760969   13.760969
12177         62     51     129  144.075951   15.075951
12178         62     52     128  146.242058   18.242058
12179         62     53     127  143.413428   16.413428
12180         62     54     126  147.767422   21.767422
12181         62     55     125  138.220706   13.220706
12182         62     56     124  134.247653   10.247653
12183         62     57     123  133.133495   10.133495
12184         62     58     122  131.074759    9.074759
12185         62     59     121  130.685247    9.685247
12186         62     60     120  136.220525   16.220525
12187         62     61     119  132.584348   13.584348
12188         62     62     118  127.571842    9.571842
12189         62     63     117  122.290304    5.290304
12190         62     64     116  123.285551    7.285551
12191         62     65     115  129.631021   14.631021
12192         62     66     114  125.708139   11.708139
12193         62     67     113  123.011170   10.011170
12194         62     68     112  126.234088   14.234088
12195         62     69     111  119.953017    8.953017
12196         62     70     110  120.479821   10.479821
12197         62     71     109  122.033548   13.033548
12198         62     72     108  116.316815    8.316815
12199         62     73     107  114.462063    7.462063
12200         62     74     106  122.250734   16.250734
12201         62     75     105  118.546504   13.546504
12202         62     76     104  123.224862   19.224862
12203         62     77     103  123.971252   20.971252
12204         62     78     102  126.700702   24.700702
12205         62     79     101  113.287676   12.287676
12206         62     80     100  122.500259   22.500259
12207         62     81      99  122.332734   23.332734
12208         62     82      98  120.807931   22.807931
12209         62     83      97  124.106643   27.106643
12210         62     84      96  121.692504   25.692504
12211         62     85      95  119.434230   24.434230
12212         62     86      94  103.874382    9.874382
12213         62     87      93   95.011087    2.011087
12214         62     88      92  119.041930   27.041930
12215         62     89      91  110.494140   19.494140
12216         62     90      90  100.201719   10.201719
12217         62     91      89  112.034029   23.034029
12218         62     92      88  105.598009   17.598009
12219         62     93      87   95.928439    8.928439
12220         62     94      86  102.584840   16.584840
12221         62     95      85  105.345648   20.345648
12222         62     96      84   93.590777    9.590777
12223         62     97      83   84.993314    1.993314
12224         62     98      82  100.940037   18.940037
12225         62     99      81   89.116224    8.116224
12226         62    100      80   95.538349   15.538349
12227         62    101      79   94.604272   15.604272
12228         62    102      78   92.319633   14.319633
12229         62    103      77   72.265217   -4.734783
12230         62    104      76   80.832762    4.832762
12231         62    105      75   81.908305    6.908305
12232         62    106      74   90.352583   16.352583
12233         62    107      73   94.853323   21.853323
12234         62    108      72   87.673098   15.673098
12235         62    109      71   92.950218   21.950218
12236         62    110      70   76.802090    6.802090
12237         62    111      69   93.038183   24.038183
12238         62    112      68   60.153175   -7.846825
12239         62    113      67   75.595930    8.595930
12240         62    114      66   69.651091    3.651091
12241         62    115      65   79.676873   14.676873
12242         62    116      64   87.797275   23.797275
12243         62    117      63   77.361511   14.361511
12244         62    118      62   61.710427   -0.289573
12245         62    119      61   72.925119   11.925119
12246         62    120      60   68.110858    8.110858
12247         62    121      59   62.790474    3.790474
12248         62    122      58   68.182758   10.182758
12249         62    123      57   80.128843   23.128843
12250         62    124      56   70.282346   14.282346
12251         62    125      55   51.788274   -3.211726
12252         62    126      54   73.353882   19.353882
12253         62    127      53   42.678523  -10.321477
12254         62    128      52   35.072798  -16.927202
12255         62    129      51   64.687769   13.687769
12256         62    130      50   61.360104   11.360104
12257         62    131      49   63.347884   14.347884
12258         62    132      48   56.066653    8.066653
12259         62    133      47   66.436235   19.436235
12260         62    134      46   54.539593    8.539593
12261         62    135      45   41.518432   -3.481568
12262         62    136      44   40.506839   -3.493161
12263         62    137      43   60.474325   17.474325
12264         62    138      42   44.235520    2.235520
12265         62    139      41   59.803426   18.803426
12266         62    140      40   61.738005   21.738005
12267         62    141      39   62.219255   23.219255
12268         62    142      38   55.706087   17.706087
12269         62    143      37   39.987628    2.987628
12270         62    144      36   67.096766   31.096766
12271         62    145      35   37.017523    2.017523
12272         62    146      34   48.060772   14.060772
12273         62    147      33   36.540446    3.540446
12274         62    148      32   27.524731   -4.475269
12275         62    149      31   32.054222    1.054222
12276         62    150      30   29.570514   -0.429486
12277         62    151      29   21.635778   -7.364222
12278         62    152      28   30.102641    2.102641
12279         62    153      27   21.605215   -5.394785
12280         62    154      26   28.411602    2.411602
12281         62    155      25   22.139483   -2.860517
12282         62    156      24   22.417633   -1.582367
12283         62    157      23   27.188003    4.188003
12284         62    158      22   25.063099    3.063099
12285         62    159      21   21.107537    0.107537
12286         62    160      20   19.032871   -0.967129
12287         62    161      19   24.074815    5.074815
12288         62    162      18   29.569969   11.569969
12289         62    163      17   17.782384    0.782384
12290         62    164      16   16.603572    0.603572
12291         62    165      15   17.091649    2.091649
12292         62    166      14   14.927052    0.927052
12293         62    167      13   20.230926    7.230926
12294         62    168      12   20.428418    8.428418
12295         62    169      11   18.926192    7.926192
12296         62    170      10   16.813049    6.813049
12297         62    171       9   21.467992   12.467992
12298         62    172       8   19.883837   11.883837
12299         62    173       7   19.337728   12.337728
12300         62    174       6   16.086873   10.086873
12301         62    175       5   19.361101   14.361101
12302         62    176       4   19.659956   15.659956
12303         62    177       3   21.777916   18.777916
12304         62    178       2   21.943728   19.943728
12305         62    179       1   21.774045   20.774045
12306         62    180       0   16.086873   16.086873
12307         63      1     173  192.849167   19.849167
12308         63      2     172  181.820354    9.820354
12309         63      3     171  193.149511   22.149511
12310         63      4     170  178.483212    8.483212
12311         63      5     169  178.862908    9.862908
12312         63      6     168  179.197712   11.197712
12313         63      7     167  179.425278   12.425278
12314         63      8     166  172.243550    6.243550
12315         63      9     165  163.588664   -1.411336
12316         63     10     164  163.430379   -0.569621
12317         63     11     163  172.025031    9.025031
12318         63     12     162  166.722254    4.722254
12319         63     13     161  171.346098   10.346098
12320         63     14     160  169.318837    9.318837
12321         63     15     159  166.625385    7.625385
12322         63     16     158  162.922296    4.922296
12323         63     17     157  154.469074   -2.530926
12324         63     18     156  161.746281    5.746281
12325         63     19     155  164.960805    9.960805
12326         63     20     154  166.501820   12.501820
12327         63     21     153  167.743123   14.743123
12328         63     22     152  162.046334   10.046334
12329         63     23     151  163.021227   12.021227
12330         63     24     150  163.454251   13.454251
12331         63     25     149  159.992290   10.992290
12332         63     26     148  152.960656    4.960656
12333         63     27     147  156.919128    9.919128
12334         63     28     146  154.746798    8.746798
12335         63     29     145  156.349096   11.349096
12336         63     30     144  158.811506   14.811506
12337         63     31     143  156.714940   13.714940
12338         63     32     142  161.944047   19.944047
12339         63     33     141  157.565036   16.565036
12340         63     34     140  163.978480   23.978480
12341         63     35     139  160.966696   21.966696
12342         63     36     138  152.082637   14.082637
12343         63     37     137  159.584284   22.584284
12344         63     38     136  159.092967   23.092967
12345         63     39     135  155.213314   20.213314
12346         63     40     134  163.591031   29.591031
12347         63     41     133  159.310625   26.310625
12348         63     42     132  151.534330   19.534330
12349         63     43     131  158.385721   27.385721
12350         63     44     130  160.779156   30.779156
12351         63     45     129  156.360541   27.360541
12352         63     46     128  156.264969   28.264969
12353         63     47     127  160.329553   33.329553
12354         63     48     126  153.280673   27.280673
12355         63     49     125  151.312384   26.312384
12356         63     50     124  151.388653   27.388653
12357         63     51     123  151.315747   28.315747
12358         63     52     122  164.470282   42.470282
12359         63     53     121  164.795405   43.795405
12360         63     54     120  171.666009   51.666009
12361         63     55     119  163.304786   44.304786
12362         63     56     118  158.333378   40.333378
12363         63     57     117  155.391242   38.391242
12364         63     58     116  150.306895   34.306895
12365         63     59     115  155.259860   40.259860
12366         63     60     114  142.360959   28.360959
12367         63     61     113  149.353564   36.353564
12368         63     62     112  136.744412   24.744412
12369         63     63     111  124.089595   13.089595
12370         63     64     110  125.677074   15.677074
12371         63     65     109  132.059229   23.059229
12372         63     66     108  114.953537    6.953537
12373         63     67     107  130.008842   23.008842
12374         63     68     106  140.663171   34.663171
12375         63     69     105  133.877923   28.877923
12376         63     70     104  116.960659   12.960659
12377         63     71     103  123.069610   20.069610
12378         63     72     102  129.345119   27.345119
12379         63     73     101  129.660797   28.660797
12380         63     74     100  123.535113   23.535113
12381         63     75      99  134.267726   35.267726
12382         63     76      98  118.040182   20.040182
12383         63     77      97  122.059247   25.059247
12384         63     78      96  124.372446   28.372446
12385         63     79      95  128.383115   33.383115
12386         63     80      94  120.309792   26.309792
12387         63     81      93  115.137756   22.137756
12388         63     82      92  109.104584   17.104584
12389         63     83      91  121.590050   30.590050
12390         63     84      90  115.049487   25.049487
12391         63     85      89  103.626278   14.626278
12392         63     86      88  115.721187   27.721187
12393         63     87      87  109.926734   22.926734
12394         63     88      86  108.563966   22.563966
12395         63     89      85  110.200908   25.200908
12396         63     90      84  107.226528   23.226528
12397         63     91      83   97.655000   14.655000
12398         63     92      82  104.778100   22.778100
12399         63     93      81  107.716125   26.716125
12400         63     94      80  108.044678   28.044678
12401         63     95      79  113.036702   34.036702
12402         63     96      78  108.493758   30.493758
12403         63     97      77   96.924185   19.924185
12404         63     98      76   96.758594   20.758594
12405         63     99      75  101.096191   26.096191
12406         63    100      74   74.109597    0.109597
12407         63    101      73   97.728213   24.728213
12408         63    102      72   92.358647   20.358647
12409         63    103      71   83.422547   12.422547
12410         63    104      70   78.293051    8.293051
12411         63    105      69   76.118267    7.118267
12412         63    106      68   79.155622   11.155622
12413         63    107      67   79.649744   12.649744
12414         63    108      66   82.696866   16.696866
12415         63    109      65   79.449397   14.449397
12416         63    110      64   76.058326   12.058326
12417         63    111      63   71.132108    8.132108
12418         63    112      62   62.383251    0.383251
12419         63    113      61   77.757236   16.757236
12420         63    114      60   75.692297   15.692297
12421         63    115      59   64.028230    5.028230
12422         63    116      58   58.345769    0.345769
12423         63    117      57   67.776706   10.776706
12424         63    118      56   70.101556   14.101556
12425         63    119      55   68.960179   13.960179
12426         63    120      54   76.199316   22.199316
12427         63    121      53   55.481084    2.481084
12428         63    122      52   58.666963    6.666963
12429         63    123      51   62.219431   11.219431
12430         63    124      50   65.274019   15.274019
12431         63    125      49   60.577856   11.577856
12432         63    126      48   65.242873   17.242873
12433         63    127      47   61.522013   14.522013
12434         63    128      46   59.559138   13.559138
12435         63    129      45   61.344870   16.344870
12436         63    130      44   49.957470    5.957470
12437         63    131      43   53.769078   10.769078
12438         63    132      42   42.485376    0.485376
12439         63    133      41   71.125083   30.125083
12440         63    134      40   60.092854   20.092854
12441         63    135      39   38.558385   -0.441615
12442         63    136      38   46.565179    8.565179
12443         63    137      37   36.596350   -0.403650
12444         63    138      36   36.898030    0.898030
12445         63    139      35   55.717756   20.717756
12446         63    140      34   40.183158    6.183158
12447         63    141      33   32.737674   -0.262326
12448         63    142      32   31.574496   -0.425504
12449         63    143      31   30.820714   -0.179286
12450         63    144      30   31.091513    1.091513
12451         63    145      29   26.130926   -2.869074
12452         63    146      28   40.461329   12.461329
12453         63    147      27   24.951874   -2.048126
12454         63    148      26   31.019854    5.019854
12455         63    149      25   26.091624    1.091624
12456         63    150      24   36.075191   12.075191
12457         63    151      23   28.917287    5.917287
12458         63    152      22   31.368439    9.368439
12459         63    153      21   41.007116   20.007116
12460         63    154      20   21.330881    1.330881
12461         63    155      19   27.098140    8.098140
12462         63    156      18   14.955330   -3.044670
12463         63    157      17   14.955330   -2.044670
12464         63    158      16   15.495566   -0.504434
12465         63    159      15   15.495566    0.495566
12466         63    160      14   15.183026    1.183026
12467         63    161      13   29.012693   16.012693
12468         63    162      12   17.584129    5.584129
12469         63    163      11   14.955330    3.955330
12470         63    164      10   15.667855    5.667855
12471         63    165       9   14.195526    5.195526
12472         63    166       8   13.526666    5.526666
12473         63    167       7   13.526666    6.526666
12474         63    168       6   13.526666    7.526666
12475         63    169       5   12.347853    7.347853
12476         63    170       4   12.347853    8.347853
12477         63    171       3   12.347853    9.347853
12478         63    172       2   12.347853   10.347853
12479         63    173       1   12.347853   11.347853
12480         63    174       0   12.347853   12.347853
12481         64      1     282  194.859057  -87.140943
12482         64      2     281  177.475013 -103.524987
12483         64      3     280  181.183572  -98.816428
12484         64      4     279  187.897819  -91.102181
12485         64      5     278  193.984229  -84.015771
12486         64      6     277  183.699467  -93.300533
12487         64      7     276  183.488094  -92.511906
12488         64      8     275  185.252538  -89.747462
12489         64      9     274  176.504413  -97.495587
12490         64     10     273  179.967174  -93.032826
12491         64     11     272  178.676620  -93.323380
12492         64     12     271  173.530975  -97.469025
12493         64     13     270  164.293105 -105.706895
12494         64     14     269  175.691174  -93.308826
12495         64     15     268  182.183625  -85.816375
12496         64     16     267  183.912565  -83.087435
12497         64     17     266  184.445172  -81.554828
12498         64     18     265  190.003918  -74.996082
12499         64     19     264  193.720759  -70.279241
12500         64     20     263  185.089171  -77.910829
12501         64     21     262  190.429807  -71.570193
12502         64     22     261  188.445691  -72.554309
12503         64     23     260  189.836889  -70.163111
12504         64     24     259  186.611203  -72.388797
12505         64     25     258  187.541592  -70.458408
12506         64     26     257  177.361650  -79.638350
12507         64     27     256  170.903194  -85.096806
12508         64     28     255  172.076852  -82.923148
12509         64     29     254  174.379710  -79.620290
12510         64     30     253  167.588588  -85.411412
12511         64     31     252  175.023826  -76.976174
12512         64     32     251  173.775334  -77.224666
12513         64     33     250  168.556784  -81.443216
12514         64     34     249  171.380264  -77.619736
12515         64     35     248  166.766400  -81.233600
12516         64     36     247  167.310591  -79.689409
12517         64     37     246  164.297279  -81.702721
12518         64     38     245  161.783114  -83.216886
12519         64     39     244  165.897578  -78.102422
12520         64     40     243  168.295375  -74.704625
12521         64     41     242  165.911303  -76.088697
12522         64     42     241  156.275328  -84.724672
12523         64     43     240  170.395886  -69.604114
12524         64     44     239  155.834961  -83.165039
12525         64     45     238  155.434163  -82.565837
12526         64     46     237  167.386618  -69.613382
12527         64     47     236  167.951769  -68.048231
12528         64     48     235  164.233708  -70.766292
12529         64     49     234  156.766495  -77.233505
12530         64     50     233  163.627867  -69.372133
12531         64     51     232  159.626281  -72.373719
12532         64     52     231  161.891181  -69.108819
12533         64     53     230  146.226893  -83.773107
12534         64     54     229  147.512325  -81.487675
12535         64     55     228  157.919449  -70.080551
12536         64     56     227  149.297599  -77.702401
12537         64     57     226  146.088707  -79.911293
12538         64     58     225  141.577297  -83.422703
12539         64     59     224  151.268538  -72.731462
12540         64     60     223  146.771180  -76.228820
12541         64     61     222  148.117499  -73.882501
12542         64     62     221  146.363542  -74.636458
12543         64     63     220  132.154431  -87.845569
12544         64     64     219  134.024246  -84.975754
12545         64     65     218  140.827449  -77.172551
12546         64     66     217  132.145693  -84.854307
12547         64     67     216  137.341962  -78.658038
12548         64     68     215  143.781067  -71.218933
12549         64     69     214  138.290610  -75.709390
12550         64     70     213  129.634134  -83.365866
12551         64     71     212  136.330543  -75.669457
12552         64     72     211  129.461599  -81.538401
12553         64     73     210  129.461599  -80.538401
12554         64     74     209  136.526950  -72.473050
12555         64     75     208  133.655921  -74.344079
12556         64     76     207  137.258874  -69.741126
12557         64     77     206  133.991543  -72.008457
12558         64     78     205  124.434521  -80.565479
12559         64     79     204  135.677473  -68.322527
12560         64     80     203  133.501901  -69.498099
12561         64     81     202  136.662400  -65.337600
12562         64     82     201  130.319639  -70.680361
12563         64     83     200  137.992992  -62.007008
12564         64     84     199  141.561579  -57.438421
12565         64     85     198  138.673041  -59.326959
12566         64     86     197  139.681841  -57.318159
12567         64     87     196  136.901314  -59.098686
12568         64     88     195  140.007029  -54.992971
12569         64     89     194  135.355318  -58.644682
12570         64     90     193  137.255262  -55.744738
12571         64     91     192  129.524122  -62.475878
12572         64     92     191  128.881125  -62.118875
12573         64     93     190  129.074600  -60.925400
12574         64     94     189  127.972903  -61.027097
12575         64     95     188  128.686296  -59.313704
12576         64     96     187  115.578997  -71.421003
12577         64     97     186  129.114452  -56.885548
12578         64     98     185  121.288557  -63.711443
12579         64     99     184  108.803740  -75.196260
12580         64    100     183  120.471054  -62.528946
12581         64    101     182  120.221125  -61.778875
12582         64    102     181  123.067719  -57.932281
12583         64    103     180  120.501381  -59.498619
12584         64    104     179  113.614555  -65.385445
12585         64    105     178  111.074698  -66.925302
12586         64    106     177  108.836011  -68.163989
12587         64    107     176  111.353852  -64.646148
12588         64    108     175  106.451871  -68.548129
12589         64    109     174  101.466712  -72.533288
12590         64    110     173  104.155969  -68.844031
12591         64    111     172   99.580171  -72.419829
12592         64    112     171  111.783082  -59.216918
12593         64    113     170  102.403934  -67.596066
12594         64    114     169  115.597791  -53.402209
12595         64    115     168  118.967923  -49.032077
12596         64    116     167  107.514750  -59.485250
12597         64    117     166  109.886560  -56.113440
12598         64    118     165  109.300669  -55.699331
12599         64    119     164  107.443173  -56.556827
12600         64    120     163  121.876124  -41.123876
12601         64    121     162  111.476788  -50.523212
12602         64    122     161  119.490849  -41.509151
12603         64    123     160  113.247848  -46.752152
12604         64    124     159  115.108590  -43.891410
12605         64    125     158  106.432081  -51.567919
12606         64    126     157   97.321535  -59.678465
12607         64    127     156  105.859197  -50.140803
12608         64    128     155  107.503048  -47.496952
12609         64    129     154  103.768425  -50.231575
12610         64    130     153  100.732992  -52.267008
12611         64    131     152   97.041900  -54.958100
12612         64    132     151   97.840050  -53.159950
12613         64    133     150  107.454715  -42.545285
12614         64    134     149   94.205732  -54.794268
12615         64    135     148  108.546239  -39.453761
12616         64    136     147  110.883637  -36.116363
12617         64    137     146  113.686730  -32.313270
12618         64    138     145  110.757223  -34.242777
12619         64    139     144   95.300345  -48.699655
12620         64    140     143  109.492683  -33.507317
12621         64    141     142  108.734377  -33.265623
12622         64    142     141  103.385218  -37.614782
12623         64    143     140  103.086956  -36.913044
12624         64    144     139  101.123267  -37.876733
12625         64    145     138  102.303481  -35.696519
12626         64    146     137  109.098957  -27.901043
12627         64    147     136  106.000281  -29.999719
12628         64    148     135   96.766142  -38.233858
12629         64    149     134   99.134815  -34.865185
12630         64    150     133  106.807552  -26.192448
12631         64    151     132  107.077478  -24.922522
12632         64    152     131  102.997350  -28.002650
12633         64    153     130   94.904533  -35.095467
12634         64    154     129   89.832846  -39.167154
12635         64    155     128   95.040919  -32.959081
12636         64    156     127   84.311899  -42.688101
12637         64    157     126   90.691096  -35.308904
12638         64    158     125   87.859949  -37.140051
12639         64    159     124   88.508244  -35.491756
12640         64    160     123   87.799464  -35.200536
12641         64    161     122   81.202853  -40.797147
12642         64    162     121   72.423196  -48.576804
12643         64    163     120   78.397947  -41.602053
12644         64    164     119   75.520517  -43.479483
12645         64    165     118   92.824339  -25.175661
12646         64    166     117   92.541602  -24.458398
12647         64    167     116   92.561145  -23.438855
12648         64    168     115   94.516927  -20.483073
12649         64    169     114   85.410817  -28.589183
12650         64    170     113   87.269965  -25.730035
12651         64    171     112   94.666610  -17.333390
12652         64    172     111   98.528290  -12.471710
12653         64    173     110   82.952836  -27.047164
12654         64    174     109   85.109756  -23.890244
12655         64    175     108   80.400464  -27.599536
12656         64    176     107   70.966518  -36.033482
12657         64    177     106   68.239590  -37.760410
12658         64    178     105   67.399335  -37.600665
12659         64    179     104   64.656560  -39.343440
12660         64    180     103   75.817106  -27.182894
12661         64    181     102   71.176354  -30.823646
12662         64    182     101   80.085252  -20.914748
12663         64    183     100   77.179963  -22.820037
12664         64    184      99   74.979723  -24.020277
12665         64    185      98   78.727858  -19.272142
12666         64    186      97   61.928404  -35.071596
12667         64    187      96   83.885783  -12.114217
12668         64    188      95   77.761046  -17.238954
12669         64    189      94   74.932179  -19.067821
12670         64    190      93   84.671311   -8.328689
12671         64    191      92   88.891368   -3.108632
12672         64    192      91   63.604250  -27.395750
12673         64    193      90   68.430931  -21.569069
12674         64    194      89   80.576279   -8.423721
12675         64    195      88   64.557080  -23.442920
12676         64    196      87   75.268094  -11.731906
12677         64    197      86   80.401307   -5.598693
12678         64    198      85   57.668141  -27.331859
12679         64    199      84   62.388779  -21.611221
12680         64    200      83   62.487670  -20.512330
12681         64    201      82   69.047184  -12.952816
12682         64    202      81   59.247522  -21.752478
12683         64    203      80   61.705831  -18.294169
12684         64    204      79   60.500877  -18.499123
12685         64    205      78   59.326170  -18.673830
12686         64    206      77   62.779686  -14.220314
12687         64    207      76   53.992275  -22.007725
12688         64    208      75   68.018073   -6.981927
12689         64    209      74   48.528863  -25.471137
12690         64    210      73   56.440336  -16.559664
12691         64    211      72   51.226936  -20.773064
12692         64    212      71   51.570726  -19.429274
12693         64    213      70   48.001016  -21.998984
12694         64    214      69   66.434050   -2.565950
12695         64    215      68   45.335777  -22.664223
12696         64    216      67   54.143886  -12.856114
12697         64    217      66   37.652706  -28.347294
12698         64    218      65   36.751058  -28.248942
12699         64    219      64   39.684213  -24.315787
12700         64    220      63   36.276190  -26.723810
12701         64    221      62   32.862719  -29.137281
12702         64    222      61   35.395742  -25.604258
12703         64    223      60   45.459859  -14.540141
12704         64    224      59   34.172156  -24.827844
12705         64    225      58   25.149700  -32.850300
12706         64    226      57   23.011541  -33.988459
12707         64    227      56   39.300662  -16.699338
12708         64    228      55   34.111268  -20.888732
12709         64    229      54   30.289734  -23.710266
12710         64    230      53   30.899267  -22.100733
12711         64    231      52   33.217726  -18.782274
12712         64    232      51   43.206589   -7.793411
12713         64    233      50   31.823807  -18.176193
12714         64    234      49   33.480203  -15.519797
12715         64    235      48   48.759666    0.759666
12716         64    236      47   37.202634   -9.797366
12717         64    237      46   36.939413   -9.060587
12718         64    238      45   34.792737  -10.207263
12719         64    239      44   53.383282    9.383282
12720         64    240      43   34.295390   -8.704610
12721         64    241      42   32.132946   -9.867054
12722         64    242      41   28.827809  -12.172191
12723         64    243      40   37.063140   -2.936860
12724         64    244      39   45.504172    6.504172
12725         64    245      38   34.817020   -3.182980
12726         64    246      37   28.479434   -8.520566
12727         64    247      36   29.005754   -6.994246
12728         64    248      35   30.604755   -4.395245
12729         64    249      34   25.316583   -8.683417
12730         64    250      33   24.379345   -8.620655
12731         64    251      32   23.504979   -8.495021
12732         64    252      31   26.306664   -4.693336
12733         64    253      30   25.826688   -4.173312
12734         64    254      29   24.339250   -4.660750
12735         64    255      28   19.119161   -8.880839
12736         64    256      27   18.084026   -8.915974
12737         64    257      26   18.076274   -7.923726
12738         64    258      25   19.956762   -5.043238
12739         64    259      24   18.452195   -5.547805
12740         64    260      23   15.152204   -7.847796
12741         64    261      22   16.878992   -5.121008
12742         64    262      21   18.462271   -2.537729
12743         64    263      20   17.992379   -2.007621
12744         64    264      19   15.905647   -3.094353
12745         64    265      18   24.056195    6.056195
12746         64    266      17   14.912221   -2.087779
12747         64    267      16   13.172825   -2.827175
12748         64    268      15   12.543948   -2.456052
12749         64    269      14   12.543948   -1.456052
12750         64    270      13   12.543948   -0.456052
12751         64    271      12   12.729149    0.729149
12752         64    272      11   12.729149    1.729149
12753         64    273      10   12.347853    2.347853
12754         64    274       9   13.932009    4.932009
12755         64    275       8   12.347853    4.347853
12756         64    276       7   12.347853    5.347853
12757         64    277       6   12.347853    6.347853
12758         64    278       5   12.347853    7.347853
12759         64    279       4   12.347853    8.347853
12760         64    280       3   12.347853    9.347853
12761         64    281       2   12.347853   10.347853
12762         64    282       1   12.347853   11.347853
12763         64    283       0   12.347853   12.347853
12764         65      1     152  201.861557   49.861557
12765         65      2     151  194.446394   43.446394
12766         65      3     150  199.714012   49.714012
12767         65      4     149  188.167553   39.167553
12768         65      5     148  193.089244   45.089244
12769         65      6     147  193.728788   46.728788
12770         65      7     146  170.707343   24.707343
12771         65      8     145  191.898812   46.898812
12772         65      9     144  188.528230   44.528230
12773         65     10     143  186.284178   43.284178
12774         65     11     142  187.701782   45.701782
12775         65     12     141  184.432285   43.432285
12776         65     13     140  185.287534   45.287534
12777         65     14     139  181.535504   42.535504
12778         65     15     138  182.792607   44.792607
12779         65     16     137  182.569539   45.569539
12780         65     17     136  177.694758   41.694758
12781         65     18     135  184.944117   49.944117
12782         65     19     134  185.322026   51.322026
12783         65     20     133  184.071631   51.071631
12784         65     21     132  183.004289   51.004289
12785         65     22     131  183.030781   52.030781
12786         65     23     130  167.085964   37.085964
12787         65     24     129  182.007567   53.007567
12788         65     25     128  183.006172   55.006172
12789         65     26     127  177.361679   50.361679
12790         65     27     126  174.620479   48.620479
12791         65     28     125  181.165575   56.165575
12792         65     29     124  177.844961   53.844961
12793         65     30     123  180.795574   57.795574
12794         65     31     122  181.407042   59.407042
12795         65     32     121  165.862872   44.862872
12796         65     33     120  180.051282   60.051282
12797         65     34     119  175.700726   56.700726
12798         65     35     118  165.756228   47.756228
12799         65     36     117  149.133633   32.133633
12800         65     37     116  169.460251   53.460251
12801         65     38     115  147.173174   32.173174
12802         65     39     114  163.227490   49.227490
12803         65     40     113  168.537075   55.537075
12804         65     41     112  164.811736   52.811736
12805         65     42     111  143.684902   32.684902
12806         65     43     110  163.343108   53.343108
12807         65     44     109  161.329232   52.329232
12808         65     45     108  163.529582   55.529582
12809         65     46     107  161.195769   54.195769
12810         65     47     106  158.910245   52.910245
12811         65     48     105  161.920202   56.920202
12812         65     49     104  165.723308   61.723308
12813         65     50     103  164.577831   61.577831
12814         65     51     102  163.714406   61.714406
12815         65     52     101  157.666408   56.666408
12816         65     53     100  159.692347   59.692347
12817         65     54      99  158.500117   59.500117
12818         65     55      98  150.542799   52.542799
12819         65     56      97  153.291813   56.291813
12820         65     57      96  154.559495   58.559495
12821         65     58      95  149.547965   54.547965
12822         65     59      94  140.972415   46.972415
12823         65     60      93  148.911318   55.911318
12824         65     61      92  151.604662   59.604662
12825         65     62      91  148.795446   57.795446
12826         65     63      90  148.403767   58.403767
12827         65     64      89  147.314374   58.314374
12828         65     65      88  139.233108   51.233108
12829         65     66      87  135.844188   48.844188
12830         65     67      86  137.333906   51.333906
12831         65     68      85  139.205336   54.205336
12832         65     69      84  140.435342   56.435342
12833         65     70      83  140.234492   57.234492
12834         65     71      82  125.903792   43.903792
12835         65     72      81  124.037823   43.037823
12836         65     73      80  134.745643   54.745643
12837         65     74      79  129.541584   50.541584
12838         65     75      78  116.445421   38.445421
12839         65     76      77  126.561276   49.561276
12840         65     77      76  110.987059   34.987059
12841         65     78      75  122.956377   47.956377
12842         65     79      74  116.531467   42.531467
12843         65     80      73  114.150135   41.150135
12844         65     81      72  116.720618   44.720618
12845         65     82      71  107.545909   36.545909
12846         65     83      70  120.836037   50.836037
12847         65     84      69  114.313626   45.313626
12848         65     85      68  118.928534   50.928534
12849         65     86      67  118.387117   51.387117
12850         65     87      66  123.333252   57.333252
12851         65     88      65  123.520754   58.520754
12852         65     89      64  123.428449   59.428449
12853         65     90      63  131.219817   68.219817
12854         65     91      62  118.781752   56.781752
12855         65     92      61  116.327502   55.327502
12856         65     93      60  127.480421   67.480421
12857         65     94      59  111.090774   52.090774
12858         65     95      58  125.684505   67.684505
12859         65     96      57  122.176280   65.176280
12860         65     97      56  124.498672   68.498672
12861         65     98      55  113.410703   58.410703
12862         65     99      54  110.830271   56.830271
12863         65    100      53  100.629283   47.629283
12864         65    101      52   98.213092   46.213092
12865         65    102      51   69.998249   18.998249
12866         65    103      50   76.121676   26.121676
12867         65    104      49   78.201387   29.201387
12868         65    105      48   82.086473   34.086473
12869         65    106      47   64.772406   17.772406
12870         65    107      46   64.056013   18.056013
12871         65    108      45   56.939715   11.939715
12872         65    109      44   63.736592   19.736592
12873         65    110      43   59.810396   16.810396
12874         65    111      42   71.085869   29.085869
12875         65    112      41   63.158086   22.158086
12876         65    113      40   50.551737   10.551737
12877         65    114      39   51.541323   12.541323
12878         65    115      38   51.182870   13.182870
12879         65    116      37   46.480203    9.480203
12880         65    117      36   51.523029   15.523029
12881         65    118      35   48.408320   13.408320
12882         65    119      34   50.180130   16.180130
12883         65    120      33   50.259215   17.259215
12884         65    121      32   41.746243    9.746243
12885         65    122      31   42.899558   11.899558
12886         65    123      30   37.477864    7.477864
12887         65    124      29   38.991044    9.991044
12888         65    125      28   40.835230   12.835230
12889         65    126      27   36.661696    9.661696
12890         65    127      26   32.075809    6.075809
12891         65    128      25   38.862781   13.862781
12892         65    129      24   32.535849    8.535849
12893         65    130      23   27.596009    4.596009
12894         65    131      22   26.675246    4.675246
12895         65    132      21   24.818296    3.818296
12896         65    133      20   29.096361    9.096361
12897         65    134      19   22.490143    3.490143
12898         65    135      18   22.490143    4.490143
12899         65    136      17   22.490143    5.490143
12900         65    137      16   18.905115    2.905115
12901         65    138      15   18.905115    3.905115
12902         65    139      14   14.923360    0.923360
12903         65    140      13   15.289124    2.289124
12904         65    141      12   14.923360    2.923360
12905         65    142      11   14.923360    3.923360
12906         65    143      10   15.194800    5.194800
12907         65    144       9   14.923360    5.923360
12908         65    145       8   13.744548    5.744548
12909         65    146       7   13.744548    6.744548
12910         65    147       6   12.984744    6.984744
12911         65    148       5   12.984744    7.984744
12912         65    149       4   12.984744    8.984744
12913         65    150       3   12.984744    9.984744
12914         65    151       2   12.984744   10.984744
12915         65    152       1   14.698533   13.698533
12916         65    153       0   13.739186   13.739186
12917         66      1     201  185.925601  -15.074399
12918         66      2     200  182.355911  -17.644089
12919         66      3     199  166.536059  -32.463941
12920         66      4     198  171.193934  -26.806066
12921         66      5     197  171.408289  -25.591711
12922         66      6     196  171.680602  -24.319398
12923         66      7     195  174.415542  -20.584458
12924         66      8     194  170.451815  -23.548185
12925         66      9     193  175.316821  -17.683179
12926         66     10     192  176.123536  -15.876464
12927         66     11     191  173.338265  -17.661735
12928         66     12     190  171.347108  -18.652892
12929         66     13     189  175.255006  -13.744994
12930         66     14     188  170.213992  -17.786008
12931         66     15     187  167.747911  -19.252089
12932         66     16     186  173.549496  -12.450504
12933         66     17     185  167.777789  -17.222211
12934         66     18     184  173.450643  -10.549357
12935         66     19     183  168.797237  -14.202763
12936         66     20     182  165.560741  -16.439259
12937         66     21     181  167.626998  -13.373002
12938         66     22     180  164.733572  -15.266428
12939         66     23     179  163.538918  -15.461082
12940         66     24     178  168.763671   -9.236329
12941         66     25     177  165.275628  -11.724372
12942         66     26     176  168.323664   -7.676336
12943         66     27     175  161.818946  -13.181054
12944         66     28     174  160.183664  -13.816336
12945         66     29     173  159.430528  -13.569472
12946         66     30     172  163.304110   -8.695890
12947         66     31     171  162.004505   -8.995495
12948         66     32     170  158.608279  -11.391721
12949         66     33     169  162.522456   -6.477544
12950         66     34     168  158.738400   -9.261600
12951         66     35     167  156.982910  -10.017090
12952         66     36     166  165.894139   -0.105861
12953         66     37     165  158.311637   -6.688363
12954         66     38     164  154.505707   -9.494293
12955         66     39     163  157.328116   -5.671884
12956         66     40     162  156.033550   -5.966450
12957         66     41     161  152.910061   -8.089939
12958         66     42     160  149.293545  -10.706455
12959         66     43     159  148.356055  -10.643945
12960         66     44     158  143.031852  -14.968148
12961         66     45     157  135.112489  -21.887511
12962         66     46     156  144.218619  -11.781381
12963         66     47     155  146.819001   -8.180999
12964         66     48     154  141.902210  -12.097790
12965         66     49     153  137.549952  -15.450048
12966         66     50     152  139.204544  -12.795456
12967         66     51     151  137.202404  -13.797596
12968         66     52     150  138.099121  -11.900879
12969         66     53     149  134.017867  -14.982133
12970         66     54     148  136.303368  -11.696632
12971         66     55     147  117.924305  -29.075695
12972         66     56     146  129.938771  -16.061229
12973         66     57     145  127.716509  -17.283491
12974         66     58     144  132.915874  -11.084126
12975         66     59     143  129.736726  -13.263274
12976         66     60     142  131.789171  -10.210829
12977         66     61     141  122.224655  -18.775345
12978         66     62     140  137.540225   -2.459775
12979         66     63     139  121.229502  -17.770498
12980         66     64     138  134.580342   -3.419658
12981         66     65     137  130.351980   -6.648020
12982         66     66     136  131.985890   -4.014110
12983         66     67     135  138.415495    3.415495
12984         66     68     134  132.780276   -1.219724
12985         66     69     133  115.532849  -17.467151
12986         66     70     132  112.032031  -19.967969
12987         66     71     131  119.337523  -11.662477
12988         66     72     130  119.914639  -10.085361
12989         66     73     129  125.327026   -3.672974
12990         66     74     128  119.094406   -8.905594
12991         66     75     127  106.341526  -20.658474
12992         66     76     126  110.695113  -15.304887
12993         66     77     125  108.373744  -16.626256
12994         66     78     124  115.416646   -8.583354
12995         66     79     123  108.549640  -14.450360
12996         66     80     122  116.355714   -5.644286
12997         66     81     121  117.768593   -3.231407
12998         66     82     120  115.658933   -4.341067
12999         66     83     119   95.817975  -23.182025
13000         66     84     118  115.904925   -2.095075
13001         66     85     117  116.195494   -0.804506
13002         66     86     116  111.203384   -4.796616
13003         66     87     115  109.980918   -5.019082
13004         66     88     114  113.482069   -0.517931
13005         66     89     113   97.359726  -15.640274
13006         66     90     112  106.507922   -5.492078
13007         66     91     111  105.324839   -5.675161
13008         66     92     110   93.833951  -16.166049
13009         66     93     109   95.531842  -13.468158
13010         66     94     108  101.274636   -6.725364
13011         66     95     107  102.182470   -4.817530
13012         66     96     106   98.598006   -7.401994
13013         66     97     105   97.059532   -7.940468
13014         66     98     104   86.574983  -17.425017
13015         66     99     103   71.095421  -31.904579
13016         66    100     102   92.319613   -9.680387
13017         66    101     101   91.432091   -9.567909
13018         66    102     100   87.831138  -12.168862
13019         66    103      99   92.562070   -6.437930
13020         66    104      98   94.516325   -3.483675
13021         66    105      97   89.627490   -7.372510
13022         66    106      96   83.440041  -12.559959
13023         66    107      95   94.177094   -0.822906
13024         66    108      94   84.724727   -9.275273
13025         66    109      93   87.654587   -5.345413
13026         66    110      92   86.830315   -5.169685
13027         66    111      91   89.096402   -1.903598
13028         66    112      90   95.190164    5.190164
13029         66    113      89   94.632751    5.632751
13030         66    114      88   96.034750    8.034750
13031         66    115      87   68.539771  -18.460229
13032         66    116      86   90.796193    4.796193
13033         66    117      85   87.548577    2.548577
13034         66    118      84   90.588109    6.588109
13035         66    119      83   67.491330  -15.508670
13036         66    120      82   79.928598   -2.071402
13037         66    121      81   82.815455    1.815455
13038         66    122      80   92.007708   12.007708
13039         66    123      79   82.373210    3.373210
13040         66    124      78   79.489643    1.489643
13041         66    125      77   73.931496   -3.068504
13042         66    126      76   70.581116   -5.418884
13043         66    127      75   75.805365    0.805365
13044         66    128      74   55.894697  -18.105303
13045         66    129      73   72.937690   -0.062310
13046         66    130      72   77.844811    5.844811
13047         66    131      71   71.212565    0.212565
13048         66    132      70   55.033242  -14.966758
13049         66    133      69   43.669241  -25.330759
13050         66    134      68   65.364998   -2.635002
13051         66    135      67   51.702692  -15.297308
13052         66    136      66   58.195885   -7.804115
13053         66    137      65   67.949254    2.949254
13054         66    138      64   82.542552   18.542552
13055         66    139      63   84.357382   21.357382
13056         66    140      62   66.456176    4.456176
13057         66    141      61   42.875399  -18.124601
13058         66    142      60   70.485248   10.485248
13059         66    143      59   58.509219   -0.490781
13060         66    144      58   59.438244    1.438244
13061         66    145      57   77.447233   20.447233
13062         66    146      56   44.552882  -11.447118
13063         66    147      55   57.452024    2.452024
13064         66    148      54   61.576085    7.576085
13065         66    149      53   56.835903    3.835903
13066         66    150      52   69.741406   17.741406
13067         66    151      51   51.228817    0.228817
13068         66    152      50   70.932199   20.932199
13069         66    153      49   58.130019    9.130019
13070         66    154      48   61.089112   13.089112
13071         66    155      47   48.986815    1.986815
13072         66    156      46   51.862275    5.862275
13073         66    157      45   55.415509   10.415509
13074         66    158      44   40.750028   -3.249972
13075         66    159      43   50.734154    7.734154
13076         66    160      42   59.266313   17.266313
13077         66    161      41   46.365402    5.365402
13078         66    162      40   48.226732    8.226732
13079         66    163      39   43.998501    4.998501
13080         66    164      38   51.711343   13.711343
13081         66    165      37   32.757138   -4.242862
13082         66    166      36   45.299338    9.299338
13083         66    167      35   35.428174    0.428174
13084         66    168      34   40.718328    6.718328
13085         66    169      33   37.375960    4.375960
13086         66    170      32   36.474618    4.474618
13087         66    171      31   31.451544    0.451544
13088         66    172      30   36.733471    6.733471
13089         66    173      29   38.253467    9.253467
13090         66    174      28   40.036314   12.036314
13091         66    175      27   34.809525    7.809525
13092         66    176      26   46.282679   20.282679
13093         66    177      25   28.439537    3.439537
13094         66    178      24   27.577552    3.577552
13095         66    179      23   43.487177   20.487177
13096         66    180      22   25.430872    3.430872
13097         66    181      21   30.013716    9.013716
13098         66    182      20   20.376789    0.376789
13099         66    183      19   24.464369    5.464369
13100         66    184      18   25.063948    7.063948
13101         66    185      17   24.060670    7.060670
13102         66    186      16   23.323790    7.323790
13103         66    187      15   21.873538    6.873538
13104         66    188      14   22.648421    8.648421
13105         66    189      13   21.030232    8.030232
13106         66    190      12   19.252689    7.252689
13107         66    191      11   21.873538   10.873538
13108         66    192      10   20.095994   10.095994
13109         66    193       9   19.235627   10.235627
13110         66    194       8   15.345023    7.345023
13111         66    195       7   14.364105    7.364105
13112         66    196       6   15.345023    9.345023
13113         66    197       5   15.345023   10.345023
13114         66    198       4   15.123430   11.123430
13115         66    199       3   14.442091   11.442091
13116         66    200       2   14.442091   12.442091
13117         66    201       1   15.123430   14.123430
13118         66    202       0   15.276258   15.276258
13119         67      1     312  192.805863 -119.194137
13120         67      2     311  198.335980 -112.664020
13121         67      3     310  203.354000 -106.646000
13122         67      4     309  206.939257 -102.060743
13123         67      5     308  201.180514 -106.819486
13124         67      6     307  190.184728 -116.815272
13125         67      7     306  189.565644 -116.434356
13126         67      8     305  187.925844 -117.074156
13127         67      9     304  192.734377 -111.265623
13128         67     10     303  191.978386 -111.021614
13129         67     11     302  197.950566 -104.049434
13130         67     12     301  199.093015 -101.906985
13131         67     13     300  193.710819 -106.289181
13132         67     14     299  187.393166 -111.606834
13133         67     15     298  186.765022 -111.234978
13134         67     16     297  182.775099 -114.224901
13135         67     17     296  191.184508 -104.815492
13136         67     18     295  189.511171 -105.488829
13137         67     19     294  192.299498 -101.700502
13138         67     20     293  186.216584 -106.783416
13139         67     21     292  177.739219 -114.260781
13140         67     22     291  187.727882 -103.272118
13141         67     23     290  173.310000 -116.690000
13142         67     24     289  189.433422  -99.566578
13143         67     25     288  185.029153 -102.970847
13144         67     26     287  185.026310 -101.973690
13145         67     27     286  165.366593 -120.633407
13146         67     28     285  178.311744 -106.688256
13147         67     29     284  176.540068 -107.459932
13148         67     30     283  172.113506 -110.886494
13149         67     31     282  184.731032  -97.268968
13150         67     32     281  171.424488 -109.575512
13151         67     33     280  173.474992 -106.525008
13152         67     34     279  173.191656 -105.808344
13153         67     35     278  156.299457 -121.700543
13154         67     36     277  162.624996 -114.375004
13155         67     37     276  155.380928 -120.619072
13156         67     38     275  162.825731 -112.174269
13157         67     39     274  162.080751 -111.919249
13158         67     40     273  158.579614 -114.420386
13159         67     41     272  166.112908 -105.887092
13160         67     42     271  166.140708 -104.859292
13161         67     43     270  164.761490 -105.238510
13162         67     44     269  164.761490 -104.238510
13163         67     45     268  156.580466 -111.419534
13164         67     46     267  159.821911 -107.178089
13165         67     47     266  158.729786 -107.270214
13166         67     48     265  156.946783 -108.053217
13167         67     49     264  157.297199 -106.702801
13168         67     50     263  158.164968 -104.835032
13169         67     51     262  160.663434 -101.336566
13170         67     52     261  160.636337 -100.363663
13171         67     53     260  140.688353 -119.311647
13172         67     54     259  148.837358 -110.162642
13173         67     55     258  157.045595 -100.954405
13174         67     56     257  156.936694 -100.063306
13175         67     57     256  151.465304 -104.534696
13176         67     58     255  150.845965 -104.154035
13177         67     59     254  149.796418 -104.203582
13178         67     60     253  153.326442  -99.673558
13179         67     61     252  148.784884 -103.215116
13180         67     62     251  146.444717 -104.555283
13181         67     63     250  146.984427 -103.015573
13182         67     64     249  146.498195 -102.501805
13183         67     65     248  153.859841  -94.140159
13184         67     66     247  139.760763 -107.239237
13185         67     67     246  144.712267 -101.287733
13186         67     68     245  148.952103  -96.047897
13187         67     69     244  146.982788  -97.017212
13188         67     70     243  134.420957 -108.579043
13189         67     71     242  138.529478 -103.470522
13190         67     72     241  141.661867  -99.338133
13191         67     73     240  136.786666 -103.213334
13192         67     74     239  125.789198 -113.210802
13193         67     75     238  140.961707  -97.038293
13194         67     76     237  136.039771 -100.960229
13195         67     77     236  138.066928  -97.933072
13196         67     78     235  141.572904  -93.427096
13197         67     79     234  132.806847 -101.193153
13198         67     80     233  131.732305 -101.267695
13199         67     81     232  141.182694  -90.817306
13200         67     82     231  130.358183 -100.641817
13201         67     83     230  136.535462  -93.464538
13202         67     84     229  141.788588  -87.211412
13203         67     85     228  124.725251 -103.274749
13204         67     86     227  140.641501  -86.358499
13205         67     87     226  135.834462  -90.165538
13206         67     88     225  136.067272  -88.932728
13207         67     89     224  136.856562  -87.143438
13208         67     90     223  132.959679  -90.040321
13209         67     91     222  136.613635  -85.386365
13210         67     92     221  131.254093  -89.745907
13211         67     93     220  129.915044  -90.084956
13212         67     94     219  133.351447  -85.648553
13213         67     95     218  133.967874  -84.032126
13214         67     96     217  132.560038  -84.439962
13215         67     97     216  129.728164  -86.271836
13216         67     98     215  132.222119  -82.777881
13217         67     99     214  122.183884  -91.816116
13218         67    100     213  140.511526  -72.488474
13219         67    101     212  133.766942  -78.233058
13220         67    102     211  132.951045  -78.048955
13221         67    103     210  139.387583  -70.612417
13222         67    104     209  138.320148  -70.679852
13223         67    105     208  133.411398  -74.588602
13224         67    106     207  128.361795  -78.638205
13225         67    107     206  109.458895  -96.541105
13226         67    108     205  123.257233  -81.742767
13227         67    109     204  126.020875  -77.979125
13228         67    110     203  123.650326  -79.349674
13229         67    111     202  129.340843  -72.659157
13230         67    112     201  124.705246  -76.294754
13231         67    113     200  119.641242  -80.358758
13232         67    114     199  130.460510  -68.539490
13233         67    115     198  120.115573  -77.884427
13234         67    116     197  125.563855  -71.436145
13235         67    117     196  124.128249  -71.871751
13236         67    118     195  123.143756  -71.856244
13237         67    119     194  119.446656  -74.553344
13238         67    120     193  122.452072  -70.547928
13239         67    121     192  124.094059  -67.905941
13240         67    122     191  119.573245  -71.426755
13241         67    123     190  126.758227  -63.241773
13242         67    124     189  111.392178  -77.607822
13243         67    125     188  123.110251  -64.889749
13244         67    126     187  107.794816  -79.205184
13245         67    127     186  115.781128  -70.218872
13246         67    128     185  108.907474  -76.092526
13247         67    129     184  104.598930  -79.401070
13248         67    130     183  108.258527  -74.741473
13249         67    131     182  115.330180  -66.669820
13250         67    132     181  103.632835  -77.367165
13251         67    133     180  108.778022  -71.221978
13252         67    134     179  115.731500  -63.268500
13253         67    135     178  107.527711  -70.472289
13254         67    136     177  123.100572  -53.899428
13255         67    137     176  122.148356  -53.851644
13256         67    138     175  116.776358  -58.223642
13257         67    139     174  121.589510  -52.410490
13258         67    140     173  126.606731  -46.393269
13259         67    141     172  123.432015  -48.567985
13260         67    142     171  112.974970  -58.025030
13261         67    143     170  123.845539  -46.154461
13262         67    144     169  114.144229  -54.855771
13263         67    145     168  115.685178  -52.314822
13264         67    146     167  114.759361  -52.240639
13265         67    147     166  102.876535  -63.123465
13266         67    148     165  111.382683  -53.617317
13267         67    149     164  108.286981  -55.713019
13268         67    150     163  113.202821  -49.797179
13269         67    151     162  116.157431  -45.842569
13270         67    152     161  110.412356  -50.587644
13271         67    153     160  104.949093  -55.050907
13272         67    154     159  107.630411  -51.369589
13273         67    155     158  114.036980  -43.963020
13274         67    156     157   98.889912  -58.110088
13275         67    157     156  108.882788  -47.117212
13276         67    158     155  105.729960  -49.270040
13277         67    159     154  116.766573  -37.233427
13278         67    160     153  111.231487  -41.768513
13279         67    161     152  121.772461  -30.227539
13280         67    162     151  109.807244  -41.192756
13281         67    163     150  114.012831  -35.987169
13282         67    164     149  108.935299  -40.064701
13283         67    165     148  116.888305  -31.111695
13284         67    166     147   93.498780  -53.501220
13285         67    167     146  101.619736  -44.380264
13286         67    168     145  115.417939  -29.582061
13287         67    169     144  112.057086  -31.942914
13288         67    170     143  103.325671  -39.674329
13289         67    171     142  115.499527  -26.500473
13290         67    172     141  107.257063  -33.742937
13291         67    173     140  104.380406  -35.619594
13292         67    174     139   97.807017  -41.192983
13293         67    175     138  102.002704  -35.997296
13294         67    176     137   96.850732  -40.149268
13295         67    177     136  107.587651  -28.412349
13296         67    178     135   96.258954  -38.741046
13297         67    179     134  107.111116  -26.888884
13298         67    180     133  109.547524  -23.452476
13299         67    181     132   91.663010  -40.336990
13300         67    182     131  101.638556  -29.361444
13301         67    183     130  102.371019  -27.628981
13302         67    184     129   94.552604  -34.447396
13303         67    185     128   76.751753  -51.248247
13304         67    186     127   94.393935  -32.606065
13305         67    187     126   96.573676  -29.426324
13306         67    188     125   90.797024  -34.202976
13307         67    189     124   86.685833  -37.314167
13308         67    190     123   94.776145  -28.223855
13309         67    191     122   90.905601  -31.094399
13310         67    192     121   75.521887  -45.478113
13311         67    193     120   91.248535  -28.751465
13312         67    194     119   79.197005  -39.802995
13313         67    195     118   98.064077  -19.935923
13314         67    196     117   95.033850  -21.966150
13315         67    197     116   78.822343  -37.177657
13316         67    198     115   96.683822  -18.316178
13317         67    199     114   74.947995  -39.052005
13318         67    200     113   77.386801  -35.613199
13319         67    201     112   85.222007  -26.777993
13320         67    202     111   94.744199  -16.255801
13321         67    203     110  105.780083   -4.219917
13322         67    204     109   81.651075  -27.348925
13323         67    205     108   89.906514  -18.093486
13324         67    206     107   77.202115  -29.797885
13325         67    207     106   93.350335  -12.649665
13326         67    208     105   92.676532  -12.323468
13327         67    209     104   80.313481  -23.686519
13328         67    210     103   77.051642  -25.948358
13329         67    211     102   81.345670  -20.654330
13330         67    212     101   63.635509  -37.364491
13331         67    213     100   76.766424  -23.233576
13332         67    214      99   74.510633  -24.489367
13333         67    215      98   60.374140  -37.625860
13334         67    216      97   62.704553  -34.295447
13335         67    217      96   79.808971  -16.191029
13336         67    218      95   65.290123  -29.709877
13337         67    219      94   69.666518  -24.333482
13338         67    220      93   86.102532   -6.897468
13339         67    221      92   70.252702  -21.747298
13340         67    222      91   92.231873    1.231873
13341         67    223      90   82.094194   -7.905806
13342         67    224      89   86.055696   -2.944304
13343         67    225      88   72.774061  -15.225939
13344         67    226      87   92.197830    5.197830
13345         67    227      86   61.949578  -24.050422
13346         67    228      85   58.522729  -26.477271
13347         67    229      84   56.297268  -27.702732
13348         67    230      83   55.664460  -27.335540
13349         67    231      82   66.599632  -15.400368
13350         67    232      81   49.654939  -31.345061
13351         67    233      80   49.899872  -30.100128
13352         67    234      79   43.652798  -35.347202
13353         67    235      78   45.359795  -32.640205
13354         67    236      77   50.916583  -26.083417
13355         67    237      76   48.401997  -27.598003
13356         67    238      75   45.362050  -29.637950
13357         67    239      74   52.886659  -21.113341
13358         67    240      73   61.282099  -11.717901
13359         67    241      72   46.795280  -25.204720
13360         67    242      71   35.389535  -35.610465
13361         67    243      70   47.117145  -22.882855
13362         67    244      69   46.022513  -22.977487
13363         67    245      68   38.370229  -29.629771
13364         67    246      67   43.978782  -23.021218
13365         67    247      66   31.787939  -34.212061
13366         67    248      65   42.209684  -22.790316
13367         67    249      64   28.551678  -35.448322
13368         67    250      63   32.354584  -30.645416
13369         67    251      62   29.642858  -32.357142
13370         67    252      61   50.035589  -10.964411
13371         67    253      60   47.514322  -12.485678
13372         67    254      59   42.084708  -16.915292
13373         67    255      58   40.264463  -17.735537
13374         67    256      57   39.981953  -17.018047
13375         67    257      56   40.960863  -15.039137
13376         67    258      55   39.214777  -15.785223
13377         67    259      54   39.921387  -14.078613
13378         67    260      53   43.245945   -9.754055
13379         67    261      52   34.594567  -17.405433
13380         67    262      51   29.366942  -21.633058
13381         67    263      50   27.529336  -22.470664
13382         67    264      49   26.993897  -22.006103
13383         67    265      48   30.426541  -17.573459
13384         67    266      47   32.898688  -14.101312
13385         67    267      46   38.044622   -7.955378
13386         67    268      45   34.845314  -10.154686
13387         67    269      44   37.907642   -6.092358
13388         67    270      43   38.044622   -4.955378
13389         67    271      42   38.478911   -3.521089
13390         67    272      41   33.903647   -7.096353
13391         67    273      40   29.899984  -10.100016
13392         67    274      39   32.082168   -6.917832
13393         67    275      38   33.085488   -4.914512
13394         67    276      37   30.841951   -6.158049
13395         67    277      36   29.790035   -6.209965
13396         67    278      35   31.936715   -3.063285
13397         67    279      34   26.376686   -7.623314
13398         67    280      33   26.376686   -6.623314
13399         67    281      32   27.845339   -4.154661
13400         67    282      31   29.123682   -1.876318
13401         67    283      30   27.944870   -2.055130
13402         67    284      29   26.949878   -2.050122
13403         67    285      28   26.949878   -1.050122
13404         67    286      27   26.949878   -0.050122
13405         67    287      26   23.443078   -2.556922
13406         67    288      25   34.481185    9.481185
13407         67    289      24   32.004453    8.004453
13408         67    290      23   37.721310   14.721310
13409         67    291      22   27.020374    5.020374
13410         67    292      21   24.823893    3.823893
13411         67    293      20   21.704942    1.704942
13412         67    294      19   21.210014    2.210014
13413         67    295      18   21.210014    3.210014
13414         67    296      17   22.122166    5.122166
13415         67    297      16   15.135758   -0.864242
13416         67    298      15   15.135758    0.135758
13417         67    299      14   16.047911    2.047911
13418         67    300      13   16.047911    3.047911
13419         67    301      12   17.368822    5.368822
13420         67    302      11   17.368822    6.368822
13421         67    303      10   17.368822    7.368822
13422         67    304       9   17.368822    8.368822
13423         67    305       8   20.095994   12.095994
13424         67    306       7   20.095994   13.095994
13425         67    307       6   22.292476   16.292476
13426         67    308       5   26.270996   21.270996
13427         67    309       4   22.292476   18.292476
13428         67    310       3   20.095994   17.095994
13429         67    311       2   21.067092   19.067092
13430         67    312       1   23.673527   22.673527
13431         67    313       0   24.368049   24.368049
13432         68      1     198  190.631212   -7.368788
13433         68      2     197  186.381632  -10.618368
13434         68      3     196  181.527326  -14.472674
13435         68      4     195  194.346782   -0.653218
13436         68      5     194  197.444915    3.444915
13437         68      6     193  191.196281   -1.803719
13438         68      7     192  191.393786   -0.606214
13439         68      8     191  191.067904    0.067904
13440         68      9     190  185.144451   -4.855549
13441         68     10     189  186.212207   -2.787793
13442         68     11     188  178.375338   -9.624662
13443         68     12     187  186.535433   -0.464567
13444         68     13     186  181.344655   -4.655345
13445         68     14     185  180.802587   -4.197413
13446         68     15     184  179.787317   -4.212683
13447         68     16     183  181.448175   -1.551825
13448         68     17     182  188.148840    6.148840
13449         68     18     181  189.227121    8.227121
13450         68     19     180  182.891658    2.891658
13451         68     20     179  179.193305    0.193305
13452         68     21     178  167.290374  -10.709626
13453         68     22     177  177.253577    0.253577
13454         68     23     176  172.375434   -3.624566
13455         68     24     175  175.459382    0.459382
13456         68     25     174  169.239951   -4.760049
13457         68     26     173  167.486803   -5.513197
13458         68     27     172  167.077738   -4.922262
13459         68     28     171  167.040045   -3.959955
13460         68     29     170  167.928271   -2.071729
13461         68     30     169  167.764363   -1.235637
13462         68     31     168  168.027913    0.027913
13463         68     32     167  167.716616    0.716616
13464         68     33     166  166.585593    0.585593
13465         68     34     165  168.196122    3.196122
13466         68     35     164  171.561005    7.561005
13467         68     36     163  165.533980    2.533980
13468         68     37     162  164.665144    2.665144
13469         68     38     161  160.018564   -0.981436
13470         68     39     160  159.235019   -0.764981
13471         68     40     159  156.526141   -2.473859
13472         68     41     158  163.163698    5.163698
13473         68     42     157  154.014642   -2.985358
13474         68     43     156  160.389559    4.389559
13475         68     44     155  155.395063    0.395063
13476         68     45     154  153.400950   -0.599050
13477         68     46     153  132.197670  -20.802330
13478         68     47     152  152.649258    0.649258
13479         68     48     151  151.393102    0.393102
13480         68     49     150  152.200385    2.200385
13481         68     50     149  153.545547    4.545547
13482         68     51     148  143.329798   -4.670202
13483         68     52     147  151.040269    4.040269
13484         68     53     146  156.658781   10.658781
13485         68     54     145  137.776068   -7.223932
13486         68     55     144  149.763198    5.763198
13487         68     56     143  146.336145    3.336145
13488         68     57     142  148.956188    6.956188
13489         68     58     141  147.790343    6.790343
13490         68     59     140  144.447036    4.447036
13491         68     60     139  140.492907    1.492907
13492         68     61     138  143.492592    5.492592
13493         68     62     137  140.038075    3.038075
13494         68     63     136  129.287342   -6.712658
13495         68     64     135  143.409086    8.409086
13496         68     65     134  141.652439    7.652439
13497         68     66     133  135.408928    2.408928
13498         68     67     132  125.580807   -6.419193
13499         68     68     131  128.138341   -2.861659
13500         68     69     130  132.556371    2.556371
13501         68     70     129  136.565258    7.565258
13502         68     71     128  130.853631    2.853631
13503         68     72     127  134.904792    7.904792
13504         68     73     126  123.432826   -2.567174
13505         68     74     125  122.211792   -2.788208
13506         68     75     124  118.581220   -5.418780
13507         68     76     123  118.243291   -4.756709
13508         68     77     122  117.732914   -4.267086
13509         68     78     121  125.218884    4.218884
13510         68     79     120  124.813011    4.813011
13511         68     80     119  121.797501    2.797501
13512         68     81     118  121.857908    3.857908
13513         68     82     117  124.733685    7.733685
13514         68     83     116  126.749141   10.749141
13515         68     84     115  114.431101   -0.568899
13516         68     85     114  120.191419    6.191419
13517         68     86     113  119.967236    6.967236
13518         68     87     112  124.125577   12.125577
13519         68     88     111  109.295490   -1.704510
13520         68     89     110  119.945238    9.945238
13521         68     90     109  108.250560   -0.749440
13522         68     91     108  107.310584   -0.689416
13523         68     92     107  104.696902   -2.303098
13524         68     93     106  111.935145    5.935145
13525         68     94     105  101.299548   -3.700452
13526         68     95     104  106.237624    2.237624
13527         68     96     103  112.193508    9.193508
13528         68     97     102  112.514972   10.514972
13529         68     98     101  105.605551    4.605551
13530         68     99     100  114.055027   14.055027
13531         68    100      99  108.372111    9.372111
13532         68    101      98  114.481391   16.481391
13533         68    102      97  111.744648   14.744648
13534         68    103      96  102.146098    6.146098
13535         68    104      95   95.380806    0.380806
13536         68    105      94   90.678541   -3.321459
13537         68    106      93  100.006475    7.006475
13538         68    107      92   94.987503    2.987503
13539         68    108      91   93.651330    2.651330
13540         68    109      90   95.042615    5.042615
13541         68    110      89   89.295279    0.295279
13542         68    111      88   84.144288   -3.855712
13543         68    112      87   94.587545    7.587545
13544         68    113      86   92.050888    6.050888
13545         68    114      85   82.842450   -2.157550
13546         68    115      84   73.478230  -10.521770
13547         68    116      83   89.441983    6.441983
13548         68    117      82   96.272718   14.272718
13549         68    118      81   79.798872   -1.201128
13550         68    119      80   89.344014    9.344014
13551         68    120      79   67.637823  -11.362177
13552         68    121      78   88.743957   10.743957
13553         68    122      77   88.081011   11.081011
13554         68    123      76   87.682020   11.682020
13555         68    124      75   63.501233  -11.498767
13556         68    125      74   89.636855   15.636855
13557         68    126      73   73.062944    0.062944
13558         68    127      72   73.481367    1.481367
13559         68    128      71   83.691592   12.691592
13560         68    129      70   64.303290   -5.696710
13561         68    130      69   83.972156   14.972156
13562         68    131      68   85.378476   17.378476
13563         68    132      67   86.302640   19.302640
13564         68    133      66   80.247242   14.247242
13565         68    134      65   73.779835    8.779835
13566         68    135      64   77.208352   13.208352
13567         68    136      63   74.965246   11.965246
13568         68    137      62   65.661208    3.661208
13569         68    138      61   44.174693  -16.825307
13570         68    139      60   63.161670    3.161670
13571         68    140      59   74.228984   15.228984
13572         68    141      58   64.778767    6.778767
13573         68    142      57   68.204360   11.204360
13574         68    143      56   38.094231  -17.905769
13575         68    144      55   40.895371  -14.104629
13576         68    145      54   56.095598    2.095598
13577         68    146      53   47.309892   -5.690108
13578         68    147      52   63.339067   11.339067
13579         68    148      51   59.378927    8.378927
13580         68    149      50   71.002947   21.002947
13581         68    150      49   56.578686    7.578686
13582         68    151      48   53.396725    5.396725
13583         68    152      47   44.051390   -2.948610
13584         68    153      46   67.207898   21.207898
13585         68    154      45   43.640437   -1.359563
13586         68    155      44   55.377164   11.377164
13587         68    156      43   28.879094  -14.120906
13588         68    157      42   32.686672   -9.313328
13589         68    158      41   30.109770  -10.890230
13590         68    159      40   45.359875    5.359875
13591         68    160      39   25.707241  -13.292759
13592         68    161      38   23.093808  -14.906192
13593         68    162      37   27.399622   -9.600378
13594         68    163      36   23.395571  -12.604429
13595         68    164      35   25.676230   -9.323770
13596         68    165      34   31.991357   -2.008643
13597         68    166      33   20.285306  -12.714694
13598         68    167      32   37.165022    5.165022
13599         68    168      31   34.588519    3.588519
13600         68    169      30   46.872127   16.872127
13601         68    170      29   27.198980   -1.801020
13602         68    171      28   42.614010   14.614010
13603         68    172      27   26.364408   -0.635592
13604         68    173      26   25.988259   -0.011741
13605         68    174      25   23.588391   -1.411609
13606         68    175      24   32.898183    8.898183
13607         68    176      23   23.588391    0.588391
13608         68    177      22   27.146032    5.146032
13609         68    178      21   22.524371    1.524371
13610         68    179      20   18.352361   -1.647639
13611         68    180      19   21.039684    2.039684
13612         68    181      18   13.722760   -4.277240
13613         68    182      17   20.437148    3.437148
13614         68    183      16   16.585879    0.585879
13615         68    184      15   13.722760   -1.277240
13616         68    185      14   15.919242    1.919242
13617         68    186      13   13.722760    0.722760
13618         68    187      12   14.757895    2.757895
13619         68    188      11   13.722760    2.722760
13620         68    189      10   12.347853    2.347853
13621         68    190       9   14.093882    5.093882
13622         68    191       8   12.543948    4.543948
13623         68    192       7   12.543948    5.543948
13624         68    193       6   12.543948    6.543948
13625         68    194       5   12.729149    7.729149
13626         68    195       4   12.347853    8.347853
13627         68    196       3   12.347853    9.347853
13628         68    197       2   12.347853   10.347853
13629         68    198       1   12.347853   11.347853
13630         68    199       0   12.347853   12.347853
13631         69      1     361  202.198785 -158.801215
13632         69      2     360  204.311365 -155.688635
13633         69      3     359  193.511861 -165.488139
13634         69      4     358  200.045281 -157.954719
13635         69      5     357  186.354241 -170.645759
13636         69      6     356  193.154856 -162.845144
13637         69      7     355  191.759558 -163.240442
13638         69      8     354  190.415327 -163.584673
13639         69      9     353  198.815806 -154.184194
13640         69     10     352  197.415679 -154.584321
13641         69     11     351  203.408339 -147.591661
13642         69     12     350  191.609930 -158.390070
13643         69     13     349  193.421389 -155.578611
13644         69     14     348  193.861146 -154.138854
13645         69     15     347  195.658442 -151.341558
13646         69     16     346  189.947639 -156.052361
13647         69     17     345  197.429941 -147.570059
13648         69     18     344  192.228202 -151.771798
13649         69     19     343  190.540609 -152.459391
13650         69     20     342  190.130200 -151.869800
13651         69     21     341  180.672193 -160.327807
13652         69     22     340  187.037162 -152.962838
13653         69     23     339  183.615846 -155.384154
13654         69     24     338  179.392413 -158.607587
13655         69     25     337  187.339176 -149.660824
13656         69     26     336  185.091097 -150.908903
13657         69     27     335  184.524080 -150.475920
13658         69     28     334  185.346480 -148.653520
13659         69     29     333  185.128320 -147.871680
13660         69     30     332  185.264815 -146.735185
13661         69     31     331  184.321786 -146.678214
13662         69     32     330  181.961497 -148.038503
13663         69     33     329  182.600912 -146.399088
13664         69     34     328  161.114771 -166.885229
13665         69     35     327  177.468256 -149.531744
13666         69     36     326  172.437378 -153.562622
13667         69     37     325  177.817773 -147.182227
13668         69     38     324  178.197810 -145.802190
13669         69     39     323  172.040749 -150.959251
13670         69     40     322  171.406524 -150.593476
13671         69     41     321  168.635593 -152.364407
13672         69     42     320  166.854498 -153.145502
13673         69     43     319  160.985067 -158.014933
13674         69     44     318  168.517619 -149.482381
13675         69     45     317  158.394007 -158.605993
13676         69     46     316  161.148970 -154.851030
13677         69     47     315  161.971370 -153.028630
13678         69     48     314  160.484487 -153.515513
13679         69     49     313  164.305489 -148.694511
13680         69     50     312  167.236344 -144.763656
13681         69     51     311  154.045045 -156.954955
13682         69     52     310  153.072627 -156.927373
13683         69     53     309  153.398795 -155.601205
13684         69     54     308  159.153480 -148.846520
13685         69     55     307  156.043177 -150.956823
13686         69     56     306  157.108981 -148.891019
13687         69     57     305  133.683860 -171.316140
13688         69     58     304  158.038479 -145.961521
13689         69     59     303  155.251293 -147.748707
13690         69     60     302  154.982347 -147.017653
13691         69     61     301  152.677039 -148.322961
13692         69     62     300  153.878578 -146.121422
13693         69     63     299  152.822162 -146.177838
13694         69     64     298  152.374601 -145.625399
13695         69     65     297  147.257723 -149.742277
13696         69     66     296  148.609065 -147.390935
13697         69     67     295  145.778666 -149.221334
13698         69     68     294  150.291833 -143.708167
13699         69     69     293  141.367993 -151.632007
13700         69     70     292  128.947538 -163.052462
13701         69     71     291  143.964398 -147.035602
13702         69     72     290  144.626131 -145.373869
13703         69     73     289  142.263681 -146.736319
13704         69     74     288  142.263681 -145.736319
13705         69     75     287  146.148344 -140.851656
13706         69     76     286  143.563143 -142.436857
13707         69     77     285  145.131417 -139.868583
13708         69     78     284  144.488799 -139.511201
13709         69     79     283  150.338752 -132.661248
13710         69     80     282  159.050315 -122.949685
13711         69     81     281  152.368549 -128.631451
13712         69     82     280  155.816305 -124.183695
13713         69     83     279  156.706104 -122.293896
13714         69     84     278  149.125197 -128.874803
13715         69     85     277  151.748154 -125.251846
13716         69     86     276  151.270168 -124.729832
13717         69     87     275  144.934474 -130.065526
13718         69     88     274  149.319077 -124.680923
13719         69     89     273  144.828260 -128.171740
13720         69     90     272  143.763699 -128.236301
13721         69     91     271  145.826908 -125.173092
13722         69     92     270  143.448238 -126.551762
13723         69     93     269  137.163019 -131.836981
13724         69     94     268  147.304613 -120.695387
13725         69     95     267  122.681955 -144.318045
13726         69     96     266  127.289427 -138.710573
13727         69     97     265  137.527992 -127.472008
13728         69     98     264  119.064948 -144.935052
13729         69     99     263  137.344562 -125.655438
13730         69    100     262  134.145725 -127.854275
13731         69    101     261  136.252307 -124.747693
13732         69    102     260  129.112609 -130.887391
13733         69    103     259  133.731742 -125.268258
13734         69    104     258  122.684378 -135.315622
13735         69    105     257  122.334886 -134.665114
13736         69    106     256  133.262550 -122.737450
13737         69    107     255  127.363003 -127.636997
13738         69    108     254  134.802646 -119.197354
13739         69    109     253  140.061582 -112.938418
13740         69    110     252  138.773285 -113.226715
13741         69    111     251  134.133053 -116.866947
13742         69    112     250  130.147084 -119.852916
13743         69    113     249  135.321571 -113.678429
13744         69    114     248  137.287145 -110.712855
13745         69    115     247  132.270203 -114.729797
13746         69    116     246  129.651472 -116.348528
13747         69    117     245  129.278406 -115.721594
13748         69    118     244  132.456327 -111.543673
13749         69    119     243  123.724033 -119.275967
13750         69    120     242  123.523237 -118.476763
13751         69    121     241  121.423780 -119.576220
13752         69    122     240  123.687864 -116.312136
13753         69    123     239  123.229454 -115.770546
13754         69    124     238  122.419482 -115.580518
13755         69    125     237  113.004515 -123.995485
13756         69    126     236  119.189042 -116.810958
13757         69    127     235  125.883305 -109.116695
13758         69    128     234  119.094511 -114.905489
13759         69    129     233  114.072240 -118.927760
13760         69    130     232  119.996269 -112.003731
13761         69    131     231  115.694520 -115.305480
13762         69    132     230  118.640409 -111.359591
13763         69    133     229  116.458496 -112.541504
13764         69    134     228  125.489172 -102.510828
13765         69    135     227  120.109173 -106.890827
13766         69    136     226  119.614155 -106.385845
13767         69    137     225  124.954569 -100.045431
13768         69    138     224  126.867641  -97.132359
13769         69    139     223  124.969514  -98.030486
13770         69    140     222  114.671417 -107.328583
13771         69    141     221  121.972886  -99.027114
13772         69    142     220  125.037829  -94.962171
13773         69    143     219  125.853937  -93.146063
13774         69    144     218  123.245648  -94.754352
13775         69    145     217  128.008296  -88.991704
13776         69    146     216  117.755793  -98.244207
13777         69    147     215  107.707524 -107.292476
13778         69    148     214  116.637084  -97.362916
13779         69    149     213  104.350178 -108.649822
13780         69    150     212  107.033149 -104.966851
13781         69    151     211  118.037230  -92.962770
13782         69    152     210  107.817861 -102.182139
13783         69    153     209  116.149044  -92.850956
13784         69    154     208  119.168574  -88.831426
13785         69    155     207  123.422620  -83.577380
13786         69    156     206  109.238493  -96.761507
13787         69    157     205  118.874145  -86.125855
13788         69    158     204  119.901442  -84.098558
13789         69    159     203  107.678781  -95.321219
13790         69    160     202  108.180157  -93.819843
13791         69    161     201   99.167516 -101.832484
13792         69    162     200  107.608448  -92.391552
13793         69    163     199   99.453698  -99.546302
13794         69    164     198  114.565441  -83.434559
13795         69    165     197  101.413008  -95.586992
13796         69    166     196  100.860981  -95.139019
13797         69    167     195   89.168456 -105.831544
13798         69    168     194  102.816532  -91.183468
13799         69    169     193  108.044315  -84.955685
13800         69    170     192  116.917965  -75.082035
13801         69    171     191   95.129991  -95.870009
13802         69    172     190   95.779411  -94.220589
13803         69    173     189   97.739420  -91.260580
13804         69    174     188  108.245475  -79.754525
13805         69    175     187  112.185572  -74.814428
13806         69    176     186  102.685947  -83.314053
13807         69    177     185  103.575952  -81.424048
13808         69    178     184  100.305388  -83.694612
13809         69    179     183  111.317587  -71.682413
13810         69    180     182  107.639451  -74.360549
13811         69    181     181   92.497928  -88.502072
13812         69    182     180  108.360492  -71.639508
13813         69    183     179  109.719776  -69.280224
13814         69    184     178  120.848057  -57.151943
13815         69    185     177  107.157915  -69.842085
13816         69    186     176  109.972780  -66.027220
13817         69    187     175  106.675379  -68.324621
13818         69    188     174  106.941199  -67.058801
13819         69    189     173  103.461528  -69.538472
13820         69    190     172   99.400909  -72.599091
13821         69    191     171  106.667875  -64.332125
13822         69    192     170  100.028543  -69.971457
13823         69    193     169   87.311091  -81.688909
13824         69    194     168  106.077260  -61.922740
13825         69    195     167  107.459751  -59.540249
13826         69    196     166  111.281408  -54.718592
13827         69    197     165  100.271118  -64.728882
13828         69    198     164  101.510083  -62.489917
13829         69    199     163  101.909086  -61.090914
13830         69    200     162   99.444337  -62.555663
13831         69    201     161  100.159831  -60.840169
13832         69    202     160   88.595379  -71.404621
13833         69    203     159   94.247681  -64.752319
13834         69    204     158   90.101623  -67.898377
13835         69    205     157   96.533389  -60.466611
13836         69    206     156  106.801313  -49.198687
13837         69    207     155   95.475266  -59.524734
13838         69    208     154   90.526197  -63.473803
13839         69    209     153   95.882693  -57.117307
13840         69    210     152  100.111640  -51.888360
13841         69    211     151   99.832696  -51.167304
13842         69    212     150  103.269942  -46.730058
13843         69    213     149  110.979927  -38.020073
13844         69    214     148  110.386530  -37.613470
13845         69    215     147  102.666072  -44.333928
13846         69    216     146  105.229736  -40.770264
13847         69    217     145   92.806175  -52.193825
13848         69    218     144   93.304553  -50.695447
13849         69    219     143  104.400598  -38.599402
13850         69    220     142   99.459788  -42.540212
13851         69    221     141   99.887833  -41.112167
13852         69    222     140  105.718590  -34.281410
13853         69    223     139   88.619790  -50.380210
13854         69    224     138  101.040904  -36.959096
13855         69    225     137  106.303799  -30.696201
13856         69    226     136  110.130258  -25.869742
13857         69    227     135   96.030929  -38.969071
13858         69    228     134  108.238824  -25.761176
13859         69    229     133  103.360369  -29.639631
13860         69    230     132  118.736471  -13.263529
13861         69    231     131   86.729245  -44.270755
13862         69    232     130  108.872013  -21.127987
13863         69    233     129   95.457647  -33.542353
13864         69    234     128   92.393185  -35.606815
13865         69    235     127  100.236529  -26.763471
13866         69    236     126  102.374074  -23.625926
13867         69    237     125   80.375240  -44.624760
13868         69    238     124   95.748333  -28.251667
13869         69    239     123   88.459966  -34.540034
13870         69    240     122   86.392310  -35.607690
13871         69    241     121   82.814897  -38.185103
13872         69    242     120   71.145888  -48.854112
13873         69    243     119   87.964644  -31.035356
13874         69    244     118   96.368484  -21.631516
13875         69    245     117   86.572052  -30.427948
13876         69    246     116   95.874298  -20.125702
13877         69    247     115   79.371475  -35.628525
13878         69    248     114   79.466931  -34.533069
13879         69    249     113   84.771342  -28.228658
13880         69    250     112   71.301069  -40.698931
13881         69    251     111   93.087192  -17.912808
13882         69    252     110   83.634128  -26.365872
13883         69    253     109   67.915505  -41.084495
13884         69    254     108   71.630518  -36.369482
13885         69    255     107   71.514707  -35.485293
13886         69    256     106   76.625709  -29.374291
13887         69    257     105   66.466505  -38.533495
13888         69    258     104   77.383415  -26.616585
13889         69    259     103   61.993585  -41.006415
13890         69    260     102   67.514099  -34.485901
13891         69    261     101   93.762220   -7.237780
13892         69    262     100   76.157896  -23.842104
13893         69    263      99   72.973749  -26.026251
13894         69    264      98   69.106608  -28.893392
13895         69    265      97   60.522325  -36.477675
13896         69    266      96   82.648808  -13.351192
13897         69    267      95   58.169006  -36.830994
13898         69    268      94   69.035323  -24.964677
13899         69    269      93   81.488557  -11.511443
13900         69    270      92   69.181418  -22.818582
13901         69    271      91   62.725089  -28.274911
13902         69    272      90   49.303388  -40.696612
13903         69    273      89   62.366555  -26.633445
13904         69    274      88   58.210721  -29.789279
13905         69    275      87   55.470016  -31.529984
13906         69    276      86   53.851480  -32.148520
13907         69    277      85   54.984168  -30.015832
13908         69    278      84   50.833951  -33.166049
13909         69    279      83   44.407192  -38.592808
13910         69    280      82   52.153555  -29.846445
13911         69    281      81   47.990258  -33.009742
13912         69    282      80   47.729675  -32.270325
13913         69    283      79   51.264188  -27.735812
13914         69    284      78   48.588967  -29.411033
13915         69    285      77   47.375451  -29.624549
13916         69    286      76   42.575612  -33.424388
13917         69    287      75   42.496076  -32.503924
13918         69    288      74   32.354950  -41.645050
13919         69    289      73   47.901951  -25.098049
13920         69    290      72   41.768501  -30.231499
13921         69    291      71   35.098746  -35.901254
13922         69    292      70   34.464433  -35.535567
13923         69    293      69   41.862237  -27.137763
13924         69    294      68   24.397196  -43.602804
13925         69    295      67   27.903862  -39.096138
13926         69    296      66   30.939805  -35.060195
13927         69    297      65   28.563491  -36.436509
13928         69    298      64   30.756916  -33.243084
13929         69    299      63   33.331574  -29.668426
13930         69    300      62   36.228594  -25.771406
13931         69    301      61   39.327229  -21.672771
13932         69    302      60   39.089271  -20.910729
13933         69    303      59   37.143851  -21.856149
13934         69    304      58   37.598610  -20.401390
13935         69    305      57   41.641867  -15.358133
13936         69    306      56   35.340329  -20.659671
13937         69    307      55   36.372771  -18.627229
13938         69    308      54   36.372771  -17.627229
13939         69    309      53   34.690277  -18.309723
13940         69    310      52   38.281586  -13.718414
13941         69    311      51   37.691825  -13.308175
13942         69    312      50   26.130549  -23.869451
13943         69    313      49   29.323174  -19.676826
13944         69    314      48   30.495958  -17.504042
13945         69    315      47   25.589074  -21.410926
13946         69    316      46   23.321422  -22.678578
13947         69    317      45   25.240674  -19.759326
13948         69    318      44   23.579816  -20.420184
13949         69    319      43   28.705366  -14.294634
13950         69    320      42   32.519831   -9.480169
13951         69    321      41   28.624443  -12.375557
13952         69    322      40   20.801265  -19.198735
13953         69    323      39   21.670446  -17.329554
13954         69    324      38   18.896589  -19.103411
13955         69    325      37   20.841689  -16.158311
13956         69    326      36   23.590421  -12.409579
13957         69    327      35   19.845375  -15.154625
13958         69    328      34   22.883754  -11.116246
13959         69    329      33   22.619726  -10.380274
13960         69    330      32   21.704942  -10.295058
13961         69    331      31   20.786005  -10.213995
13962         69    332      30   19.845375  -10.154625
13963         69    333      29   18.810210  -10.189790
13964         69    334      28   17.717777  -10.282223
13965         69    335      27   21.564758   -5.435242
13966         69    336      26   20.704391   -5.295609
13967         69    337      25   22.561072   -2.438928
13968         69    338      24   19.003077   -4.996923
13969         69    339      23   17.717777   -5.282223
13970         69    340      22   17.717777   -4.282223
13971         69    341      21   19.186429   -1.813571
13972         69    342      20   20.271006    0.271006
13973         69    343      19   20.364209    1.364209
13974         69    344      18   24.665950    6.665950
13975         69    345      17   22.344386    5.344386
13976         69    346      16   20.192627    4.192627
13977         69    347      15   21.753208    6.753208
13978         69    348      14   19.775381    5.775381
13979         69    349      13   18.306728    5.306728
13980         69    350      12   20.173533    8.173533
13981         69    351      11   20.173533    9.173533
13982         69    352      10   20.859958   10.859958
13983         69    353       9   20.859958   11.859958
13984         69    354       8   20.859958   12.859958
13985         69    355       7   22.175922   15.175922
13986         69    356       6   24.042726   18.042726
13987         69    357       5   22.175922   17.175922
13988         69    358       4   22.175922   18.175922
13989         69    359       3   20.757638   17.757638
13990         69    360       2   17.953039   15.953039
13991         69    361       1   18.421199   17.421199
13992         69    362       0   18.421199   18.421199
13993         70      1     136  198.303318   62.303318
13994         70      2     135  197.007831   62.007831
13995         70      3     134  191.945917   57.945917
13996         70      4     133  189.656739   56.656739
13997         70      5     132  186.125258   54.125258
13998         70      6     131  173.004077   42.004077
13999         70      7     130  179.943358   49.943358
14000         70      8     129  175.017725   46.017725
14001         70      9     128  180.347288   52.347288
14002         70     10     127  175.406728   48.406728
14003         70     11     126  172.012994   46.012994
14004         70     12     125  168.692906   43.692906
14005         70     13     124  172.398366   48.398366
14006         70     14     123  170.438374   47.438374
14007         70     15     122  166.469204   44.469204
14008         70     16     121  168.824643   47.824643
14009         70     17     120  173.394423   53.394423
14010         70     18     119  171.358038   52.358038
14011         70     19     118  175.227094   57.227094
14012         70     20     117  178.345281   61.345281
14013         70     21     116  175.701500   59.701500
14014         70     22     115  177.591770   62.591770
14015         70     23     114  175.497194   61.497194
14016         70     24     113  174.623817   61.623817
14017         70     25     112  183.368068   71.368068
14018         70     26     111  171.983227   60.983227
14019         70     27     110  172.850786   62.850786
14020         70     28     109  150.004946   41.004946
14021         70     29     108  170.328471   62.328471
14022         70     30     107  154.727267   47.727267
14023         70     31     106  172.024558   66.024558
14024         70     32     105  167.967442   62.967442
14025         70     33     104  153.168348   49.168348
14026         70     34     103  163.998921   60.998921
14027         70     35     102  164.901203   62.901203
14028         70     36     101  163.507396   62.507396
14029         70     37     100  152.944413   52.944413
14030         70     38      99  158.434103   59.434103
14031         70     39      98  148.338213   50.338213
14032         70     40      97  159.696682   62.696682
14033         70     41      96  154.825472   58.825472
14034         70     42      95  153.094302   58.094302
14035         70     43      94  155.679501   61.679501
14036         70     44      93  154.162838   61.162838
14037         70     45      92  144.299202   52.299202
14038         70     46      91  148.360398   57.360398
14039         70     47      90  116.737869   26.737869
14040         70     48      89  145.136318   56.136318
14041         70     49      88  141.814504   53.814504
14042         70     50      87  141.638642   54.638642
14043         70     51      86  135.110932   49.110932
14044         70     52      85  142.372627   57.372627
14045         70     53      84  139.190276   55.190276
14046         70     54      83  140.594742   57.594742
14047         70     55      82  143.518093   61.518093
14048         70     56      81  134.568829   53.568829
14049         70     57      80  136.504081   56.504081
14050         70     58      79  113.922921   34.922921
14051         70     59      78  135.307300   57.307300
14052         70     60      77  113.905625   36.905625
14053         70     61      76  133.902061   57.902061
14054         70     62      75  129.266155   54.266155
14055         70     63      74  126.286707   52.286707
14056         70     64      73  113.266582   40.266582
14057         70     65      72  134.750039   62.750039
14058         70     66      71  131.673412   60.673412
14059         70     67      70  129.879968   59.879968
14060         70     68      69  117.713073   48.713073
14061         70     69      68  126.484263   58.484263
14062         70     70      67  117.548275   50.548275
14063         70     71      66  113.426701   47.426701
14064         70     72      65  107.755841   42.755841
14065         70     73      64  110.531940   46.531940
14066         70     74      63  110.454184   47.454184
14067         70     75      62  109.231075   47.231075
14068         70     76      61  107.576698   46.576698
14069         70     77      60  112.136576   52.136576
14070         70     78      59  106.212906   47.212906
14071         70     79      58  108.633705   50.633705
14072         70     80      57   94.045523   37.045523
14073         70     81      56  112.679424   56.679424
14074         70     82      55  109.536799   54.536799
14075         70     83      54  104.272109   50.272109
14076         70     84      53  106.523301   53.523301
14077         70     85      52  112.027673   60.027673
14078         70     86      51  107.791658   56.791658
14079         70     87      50   94.229700   44.229700
14080         70     88      49   93.332158   44.332158
14081         70     89      48  102.869726   54.869726
14082         70     90      47   88.774162   41.774162
14083         70     91      46   81.702690   35.702690
14084         70     92      45   86.432010   41.432010
14085         70     93      44   80.916850   36.916850
14086         70     94      43   81.002891   38.002891
14087         70     95      42   82.824347   40.824347
14088         70     96      41   70.774258   29.774258
14089         70     97      40   55.140460   15.140460
14090         70     98      39   57.319538   18.319538
14091         70     99      38   50.517176   12.517176
14092         70    100      37   38.590480    1.590480
14093         70    101      36   44.101039    8.101039
14094         70    102      35   35.504640    0.504640
14095         70    103      34   30.531738   -3.468262
14096         70    104      33   46.289654   13.289654
14097         70    105      32   37.920061    5.920061
14098         70    106      31   42.047247   11.047247
14099         70    107      30   31.538586    1.538586
14100         70    108      29   32.600473    3.600473
14101         70    109      28   29.427736    1.427736
14102         70    110      27   30.126831    3.126831
14103         70    111      26   24.223654   -1.776346
14104         70    112      25   20.177218   -4.822782
14105         70    113      24   17.435041   -6.564959
14106         70    114      23   17.236847   -5.763153
14107         70    115      22   15.750950   -6.249050
14108         70    116      21   19.092274   -1.907726
14109         70    117      20   25.995849    5.995849
14110         70    118      19   22.854785    3.854785
14111         70    119      18   24.745800    6.745800
14112         70    120      17   17.743332    0.743332
14113         70    121      16   16.983528    0.983528
14114         70    122      15   15.634192    0.634192
14115         70    123      14   15.770658    1.770658
14116         70    124      13   16.099417    3.099417
14117         70    125      12   16.099417    4.099417
14118         70    126      11   16.465180    5.465180
14119         70    127      10   13.458732    3.458732
14120         70    128       9   13.032110    4.032110
14121         70    129       8   13.032110    5.032110
14122         70    130       7   12.035796    5.035796
14123         70    131       6   12.035796    6.035796
14124         70    132       5   12.035796    7.035796
14125         70    133       4   12.035796    8.035796
14126         70    134       3   12.035796    9.035796
14127         70    135       2   12.035796   10.035796
14128         70    136       1   12.035796   11.035796
14129         70    137       0   12.035796   12.035796
14130         71      1     207  181.696600  -25.303400
14131         71      2     206  178.010026  -27.989974
14132         71      3     205  179.912287  -25.087713
14133         71      4     204  180.919729  -23.080271
14134         71      5     203  183.763471  -19.236529
14135         71      6     202  180.038497  -21.961503
14136         71      7     201  188.153194  -12.846806
14137         71      8     200  187.524250  -12.475750
14138         71      9     199  187.356572  -11.643428
14139         71     10     198  184.224391  -13.775609
14140         71     11     197  179.224069  -17.775931
14141         71     12     196  164.805193  -31.194807
14142         71     13     195  182.274859  -12.725141
14143         71     14     194  181.493543  -12.506457
14144         71     15     193  183.483385   -9.516615
14145         71     16     192  182.835125   -9.164875
14146         71     17     191  174.727796  -16.272204
14147         71     18     190  172.038233  -17.961767
14148         71     19     189  176.150735  -12.849265
14149         71     20     188  176.568611  -11.431389
14150         71     21     187  177.632383   -9.367617
14151         71     22     186  170.783399  -15.216601
14152         71     23     185  176.499731   -8.500269
14153         71     24     184  169.339869  -14.660131
14154         71     25     183  181.708116   -1.291884
14155         71     26     182  174.424919   -7.575081
14156         71     27     181  167.763380  -13.236620
14157         71     28     180  164.441068  -15.558932
14158         71     29     179  165.878579  -13.121421
14159         71     30     178  166.636851  -11.363149
14160         71     31     177  149.434135  -27.565865
14161         71     32     176  166.563194   -9.436806
14162         71     33     175  166.926986   -8.073014
14163         71     34     174  162.376488  -11.623512
14164         71     35     173  163.741200   -9.258800
14165         71     36     172  159.320146  -12.679854
14166         71     37     171  155.194987  -15.805013
14167         71     38     170  155.924262  -14.075738
14168         71     39     169  157.591573  -11.408427
14169         71     40     168  155.457757  -12.542243
14170         71     41     167  152.597942  -14.402058
14171         71     42     166  153.761032  -12.238968
14172         71     43     165  137.977739  -27.022261
14173         71     44     164  147.942252  -16.057748
14174         71     45     163  135.074939  -27.925061
14175         71     46     162  143.708711  -18.291289
14176         71     47     161  145.244599  -15.755401
14177         71     48     160  141.230684  -18.769316
14178         71     49     159  140.094254  -18.905746
14179         71     50     158  133.970699  -24.029301
14180         71     51     157  145.751440  -11.248560
14181         71     52     156  135.576080  -20.423920
14182         71     53     155  142.310818  -12.689182
14183         71     54     154  141.052231  -12.947769
14184         71     55     153  132.645016  -20.354984
14185         71     56     152  134.354340  -17.645660
14186         71     57     151  125.387896  -25.612104
14187         71     58     150  135.053353  -14.946647
14188         71     59     149  134.084434  -14.915566
14189         71     60     148  137.015663  -10.984337
14190         71     61     147  138.556454   -8.443546
14191         71     62     146  137.026115   -8.973885
14192         71     63     145  133.934692  -11.065308
14193         71     64     144  131.250735  -12.749265
14194         71     65     143  129.565394  -13.434606
14195         71     66     142  131.151241  -10.848759
14196         71     67     141  130.870021  -10.129979
14197         71     68     140  130.870021   -9.129979
14198         71     69     139  131.572478   -7.427522
14199         71     70     138  135.623667   -2.376333
14200         71     71     137  131.159619   -5.840381
14201         71     72     136  118.183578  -17.816422
14202         71     73     135  128.609377   -6.390623
14203         71     74     134  125.848082   -8.151918
14204         71     75     133  118.143133  -14.856867
14205         71     76     132  114.601346  -17.398654
14206         71     77     131  117.994735  -13.005265
14207         71     78     130  118.888309  -11.111691
14208         71     79     129  126.700663   -2.299337
14209         71     80     128  122.078004   -5.921996
14210         71     81     127  114.739780  -12.260220
14211         71     82     126  114.754216  -11.245784
14212         71     83     125  123.311340   -1.688660
14213         71     84     124  110.165721  -13.834279
14214         71     85     123  110.206344  -12.793656
14215         71     86     122  116.718287   -5.281713
14216         71     87     121  113.817798   -7.182202
14217         71     88     120  122.683116    2.683116
14218         71     89     119  124.069906    5.069906
14219         71     90     118  120.041351    2.041351
14220         71     91     117  109.076129   -7.923871
14221         71     92     116  108.987621   -7.012379
14222         71     93     115   98.690163  -16.309837
14223         71     94     114  107.089649   -6.910351
14224         71     95     113  114.010850    1.010850
14225         71     96     112   99.584055  -12.415945
14226         71     97     111  108.870505   -2.129495
14227         71     98     110  108.634318   -1.365682
14228         71     99     109  110.346234    1.346234
14229         71    100     108  109.965903    1.965903
14230         71    101     107  109.047242    2.047242
14231         71    102     106  107.327415    1.327415
14232         71    103     105  100.889133   -4.110867
14233         71    104     104   99.781405   -4.218595
14234         71    105     103   99.574203   -3.425797
14235         71    106     102  105.255593    3.255593
14236         71    107     101  101.134951    0.134951
14237         71    108     100  101.794605    1.794605
14238         71    109      99  102.541601    3.541601
14239         71    110      98   94.514266   -3.485734
14240         71    111      97   98.628553    1.628553
14241         71    112      96   88.626682   -7.373318
14242         71    113      95   94.904304   -0.095696
14243         71    114      94  102.638154    8.638154
14244         71    115      93   96.105989    3.105989
14245         71    116      92   85.393775   -6.606225
14246         71    117      91   89.389288   -1.610712
14247         71    118      90   86.572000   -3.428000
14248         71    119      89   93.015657    4.015657
14249         71    120      88  100.017202   12.017202
14250         71    121      87   96.651394    9.651394
14251         71    122      86   86.991811    0.991811
14252         71    123      85   74.067992  -10.932008
14253         71    124      84   83.345430   -0.654570
14254         71    125      83   90.009800    7.009800
14255         71    126      82   86.363891    4.363891
14256         71    127      81   69.645746  -11.354254
14257         71    128      80   82.296181    2.296181
14258         71    129      79   86.535913    7.535913
14259         71    130      78   80.286988    2.286988
14260         71    131      77   91.782788   14.782788
14261         71    132      76   89.118547   13.118547
14262         71    133      75   71.625673   -3.374327
14263         71    134      74   83.481397    9.481397
14264         71    135      73   71.718565   -1.281435
14265         71    136      72   76.101056    4.101056
14266         71    137      71   76.660368    5.660368
14267         71    138      70   73.753802    3.753802
14268         71    139      69   84.517768   15.517768
14269         71    140      68   82.223000   14.223000
14270         71    141      67   81.709724   14.709724
14271         71    142      66   87.404553   21.404553
14272         71    143      65   63.712258   -1.287742
14273         71    144      64   77.183961   13.183961
14274         71    145      63   84.137173   21.137173
14275         71    146      62   72.882932   10.882932
14276         71    147      61   73.535991   12.535991
14277         71    148      60   70.814055   10.814055
14278         71    149      59   74.910346   15.910346
14279         71    150      58   79.759312   21.759312
14280         71    151      57   76.906899   19.906899
14281         71    152      56   61.033992    5.033992
14282         71    153      55   69.362942   14.362942
14283         71    154      54   67.982653   13.982653
14284         71    155      53   48.438228   -4.561772
14285         71    156      52   65.777764   13.777764
14286         71    157      51   58.643526    7.643526
14287         71    158      50   48.764942   -1.235058
14288         71    159      49   43.277052   -5.722948
14289         71    160      48   49.497101    1.497101
14290         71    161      47   44.956434   -2.043566
14291         71    162      46   39.708704   -6.291296
14292         71    163      45   37.960278   -7.039722
14293         71    164      44   57.202158   13.202158
14294         71    165      43   34.840087   -8.159913
14295         71    166      42   36.159420   -5.840580
14296         71    167      41   41.514369    0.514369
14297         71    168      40   33.925462   -6.074538
14298         71    169      39   38.860329   -0.139671
14299         71    170      38   52.187107   14.187107
14300         71    171      37   30.099299   -6.900701
14301         71    172      36   25.440126  -10.559874
14302         71    173      35   26.287749   -8.712251
14303         71    174      34   40.511062    6.511062
14304         71    175      33   23.942920   -9.057080
14305         71    176      32   27.889512   -4.110488
14306         71    177      31   23.408956   -7.591044
14307         71    178      30   19.981361  -10.018639
14308         71    179      29   23.569086   -5.430914
14309         71    180      28   25.350618   -2.649382
14310         71    181      27   23.463363   -3.536637
14311         71    182      26   20.371983   -5.628017
14312         71    183      25   16.715133   -8.284867
14313         71    184      24   33.574579    9.574579
14314         71    185      23   16.349369   -6.650631
14315         71    186      22   17.589499   -4.410501
14316         71    187      21   21.484754    0.484754
14317         71    188      20   16.141754   -3.858246
14318         71    189      19   14.507583   -4.492417
14319         71    190      18   17.957769   -0.042231
14320         71    191      17   16.409234   -0.590766
14321         71    192      16   14.507583   -1.492417
14322         71    193      15   14.507583   -0.492417
14323         71    194      14   14.507583    0.507583
14324         71    195      13   19.507665    6.507665
14325         71    196      12   19.507665    7.507665
14326         71    197      11   14.325085    3.325085
14327         71    198      10   19.477922    9.477922
14328         71    199       9   19.002479   10.002479
14329         71    200       8   18.522855   10.522855
14330         71    201       7   17.224936   10.224936
14331         71    202       6   21.453680   15.453680
14332         71    203       5   12.347853    7.347853
14333         71    204       4   16.046124   12.046124
14334         71    205       3   13.344167   10.344167
14335         71    206       2   15.019607   13.019607
14336         71    207       1   14.325085   13.325085
14337         71    208       0   13.344167   13.344167
14338         72      1     212  197.152755  -14.847245
14339         72      2     211  195.953903  -15.046097
14340         72      3     210  191.445441  -18.554559
14341         72      4     209  190.551023  -18.448977
14342         72      5     208  187.031779  -20.968221
14343         72      6     207  187.038761  -19.961239
14344         72      7     206  189.410499  -16.589501
14345         72      8     205  172.997806  -32.002194
14346         72      9     204  185.024319  -18.975681
14347         72     10     203  190.400648  -12.599352
14348         72     11     202  190.685827  -11.314173
14349         72     12     201  183.607501  -17.392499
14350         72     13     200  180.281263  -19.718737
14351         72     14     199  189.396911   -9.603089
14352         72     15     198  187.607650  -10.392350
14353         72     16     197  189.818267   -7.181733
14354         72     17     196  181.166655  -14.833345
14355         72     18     195  184.669323  -10.330677
14356         72     19     194  182.063100  -11.936900
14357         72     20     193  190.226284   -2.773716
14358         72     21     192  188.388440   -3.611560
14359         72     22     191  180.542849  -10.457151
14360         72     23     190  181.416903   -8.583097
14361         72     24     189  176.624463  -12.375537
14362         72     25     188  179.802092   -8.197908
14363         72     26     187  173.718638  -13.281362
14364         72     27     186  170.086259  -15.913741
14365         72     28     185  174.695866  -10.304134
14366         72     29     184  162.253838  -21.746162
14367         72     30     183  171.375159  -11.624841
14368         72     31     182  173.251488   -8.748512
14369         72     32     181  176.563130   -4.436870
14370         72     33     180  173.129179   -6.870821
14371         72     34     179  167.696194  -11.303806
14372         72     35     178  175.297114   -2.702886
14373         72     36     177  177.387567    0.387567
14374         72     37     176  178.007628    2.007628
14375         72     38     175  176.932592    1.932592
14376         72     39     174  178.372179    4.372179
14377         72     40     173  167.617420   -5.382580
14378         72     41     172  165.936936   -6.063064
14379         72     42     171  157.811648  -13.188352
14380         72     43     170  163.461598   -6.538402
14381         72     44     169  152.061378  -16.938622
14382         72     45     168  160.020486   -7.979514
14383         72     46     167  156.833665  -10.166335
14384         72     47     166  154.430516  -11.569484
14385         72     48     165  149.380987  -15.619013
14386         72     49     164  149.778260  -14.221740
14387         72     50     163  157.406323   -5.593677
14388         72     51     162  156.539056   -5.460944
14389         72     52     161  146.452875  -14.547125
14390         72     53     160  161.866947    1.866947
14391         72     54     159  157.882268   -1.117732
14392         72     55     158  152.002284   -5.997716
14393         72     56     157  150.437412   -6.562588
14394         72     57     156  146.798727   -9.201273
14395         72     58     155  144.106004  -10.893996
14396         72     59     154  146.262580   -7.737420
14397         72     60     153  140.464388  -12.535612
14398         72     61     152  141.248680  -10.751320
14399         72     62     151  144.250021   -6.749979
14400         72     63     150  146.928887   -3.071113
14401         72     64     149  149.145772    0.145772
14402         72     65     148  145.469807   -2.530193
14403         72     66     147  140.015424   -6.984576
14404         72     67     146  149.797825    3.797825
14405         72     68     145  152.664745    7.664745
14406         72     69     144  153.445056    9.445056
14407         72     70     143  149.913737    6.913737
14408         72     71     142  150.757897    8.757897
14409         72     72     141  152.574672   11.574672
14410         72     73     140  144.307678    4.307678
14411         72     74     139  146.537074    7.537074
14412         72     75     138  138.468536    0.468536
14413         72     76     137  132.401428   -4.598572
14414         72     77     136  129.148542   -6.851458
14415         72     78     135  135.101629    0.101629
14416         72     79     134  122.708559  -11.291441
14417         72     80     133  132.614525   -0.385475
14418         72     81     132  140.870338    8.870338
14419         72     82     131  129.567303   -1.432697
14420         72     83     130  120.153237   -9.846763
14421         72     84     129  133.654042    4.654042
14422         72     85     128  131.850201    3.850201
14423         72     86     127  135.287717    8.287717
14424         72     87     126  134.102498    8.102498
14425         72     88     125  127.818673    2.818673
14426         72     89     124  135.213318   11.213318
14427         72     90     123  128.319690    5.319690
14428         72     91     122  126.345982    4.345982
14429         72     92     121  120.519326   -0.480674
14430         72     93     120  117.435635   -2.564365
14431         72     94     119  108.957007  -10.042993
14432         72     95     118  114.515295   -3.484705
14433         72     96     117   90.360486  -26.639514
14434         72     97     116   92.310856  -23.689144
14435         72     98     115  103.560034  -11.439966
14436         72     99     114  102.814266  -11.185734
14437         72    100     113  100.686478  -12.313522
14438         72    101     112   97.747655  -14.252345
14439         72    102     111   97.592666  -13.407334
14440         72    103     110   98.894021  -11.105979
14441         72    104     109  100.564958   -8.435042
14442         72    105     108   94.975040  -13.024960
14443         72    106     107   98.012307   -8.987693
14444         72    107     106  107.166333    1.166333
14445         72    108     105   93.328305  -11.671695
14446         72    109     104  100.012981   -3.987019
14447         72    110     103  107.727605    4.727605
14448         72    111     102  105.821089    3.821089
14449         72    112     101  105.793743    4.793743
14450         72    113     100   96.202049   -3.797951
14451         72    114      99  101.025233    2.025233
14452         72    115      98  109.593334   11.593334
14453         72    116      97  100.896839    3.896839
14454         72    117      96  110.615024   14.615024
14455         72    118      95  118.938435   23.938435
14456         72    119      94   99.222594    5.222594
14457         72    120      93  114.741284   21.741284
14458         72    121      92  107.496301   15.496301
14459         72    122      91   92.695295    1.695295
14460         72    123      90  113.834097   23.834097
14461         72    124      89  105.040136   16.040136
14462         72    125      88  111.933853   23.933853
14463         72    126      87  101.195501   14.195501
14464         72    127      86   92.493826    6.493826
14465         72    128      85   93.412567    8.412567
14466         72    129      84  113.338139   29.338139
14467         72    130      83   81.842457   -1.157543
14468         72    131      82  100.879300   18.879300
14469         72    132      81   87.340528    6.340528
14470         72    133      80   73.493761   -6.506239
14471         72    134      79   84.455442    5.455442
14472         72    135      78   83.825832    5.825832
14473         72    136      77   95.942891   18.942891
14474         72    137      76   94.849375   18.849375
14475         72    138      75   83.653722    8.653722
14476         72    139      74   64.542517   -9.457483
14477         72    140      73   78.027763    5.027763
14478         72    141      72   86.150324   14.150324
14479         72    142      71   73.311620    2.311620
14480         72    143      70   59.373330  -10.626670
14481         72    144      69   68.366112   -0.633888
14482         72    145      68   75.157776    7.157776
14483         72    146      67   77.922039   10.922039
14484         72    147      66   76.358118   10.358118
14485         72    148      65   92.756690   27.756690
14486         72    149      64   68.730758    4.730758
14487         72    150      63   95.140459   32.140459
14488         72    151      62   74.037042   12.037042
14489         72    152      61   86.394746   25.394746
14490         72    153      60   73.005115   13.005115
14491         72    154      59   75.515255   16.515255
14492         72    155      58   75.705995   17.705995
14493         72    156      57   83.397814   26.397814
14494         72    157      56   64.526726    8.526726
14495         72    158      55   64.422673    9.422673
14496         72    159      54   55.698190    1.698190
14497         72    160      53   58.672244    5.672244
14498         72    161      52   47.808687   -4.191313
14499         72    162      51   45.810190   -5.189810
14500         72    163      50   47.702555   -2.297445
14501         72    164      49   34.464249  -14.535751
14502         72    165      48   44.937131   -3.062869
14503         72    166      47   34.409783  -12.590217
14504         72    167      46   31.415651  -14.584349
14505         72    168      45   27.153623  -17.846377
14506         72    169      44   31.197232  -12.802768
14507         72    170      43   27.180343  -15.819657
14508         72    171      42   37.216205   -4.783795
14509         72    172      41   32.891892   -8.108108
14510         72    173      40   28.388847  -11.611153
14511         72    174      39   33.703723   -5.296277
14512         72    175      38   33.338097   -4.661903
14513         72    176      37   31.403769   -5.596231
14514         72    177      36   27.868383   -8.131617
14515         72    178      35   28.410797   -6.589203
14516         72    179      34   23.668717  -10.331283
14517         72    180      33   22.987253  -10.012747
14518         72    181      32   24.191720   -7.808280
14519         72    182      31   23.000629   -7.999371
14520         72    183      30   23.241826   -6.758174
14521         72    184      29   25.881442   -3.118558
14522         72    185      28   26.486487   -1.513513
14523         72    186      27   24.754870   -2.245130
14524         72    187      26   23.651494   -2.348506
14525         72    188      25   23.742797   -1.257203
14526         72    189      24   23.742797   -0.257203
14527         72    190      23   24.019517    1.019517
14528         72    191      22   19.664613   -2.335387
14529         72    192      21   17.268050   -3.731950
14530         72    193      20   18.298281   -1.701719
14531         72    194      19   18.216239   -0.783761
14532         72    195      18   18.976044    0.976044
14533         72    196      17   17.037427    0.037427
14534         72    197      16   15.910855   -0.089145
14535         72    198      15   15.910855    0.910855
14536         72    199      14   13.296802   -0.703198
14537         72    200      13   13.296802    0.296802
14538         72    201      12   13.296802    1.296802
14539         72    202      11   15.263566    4.263566
14540         72    203      10   13.978266    3.978266
14541         72    204       9   14.582102    5.582102
14542         72    205       8   14.582102    6.582102
14543         72    206       7   13.296802    6.296802
14544         72    207       6   13.296802    7.296802
14545         72    208       5   13.296802    8.296802
14546         72    209       4   13.296802    9.296802
14547         72    210       3   13.296802   10.296802
14548         72    211       2   13.296802   11.296802
14549         72    212       1   13.296802   12.296802
14550         72    213       0   13.296802   13.296802
14551         73      1     212  181.288756  -30.711244
14552         73      2     211  179.964061  -31.035939
14553         73      3     210  179.229742  -30.770258
14554         73      4     209  180.315360  -28.684640
14555         73      5     208  175.417375  -32.582625
14556         73      6     207  183.431072  -23.568928
14557         73      7     206  173.444011  -32.555989
14558         73      8     205  176.889760  -28.110240
14559         73      9     204  184.521742  -19.478258
14560         73     10     203  178.855060  -24.144940
14561         73     11     202  178.322850  -23.677150
14562         73     12     201  179.937910  -21.062090
14563         73     13     200  182.563972  -17.436028
14564         73     14     199  178.641973  -20.358027
14565         73     15     198  176.523855  -21.476145
14566         73     16     197  170.756456  -26.243544
14567         73     17     196  178.716351  -17.283649
14568         73     18     195  178.313066  -16.686934
14569         73     19     194  169.545082  -24.454918
14570         73     20     193  176.176926  -16.823074
14571         73     21     192  172.107099  -19.892901
14572         73     22     191  176.932750  -14.067250
14573         73     23     190  175.075560  -14.924440
14574         73     24     189  173.225926  -15.774074
14575         73     25     188  176.559026  -11.440974
14576         73     26     187  177.851107   -9.148893
14577         73     27     186  175.910593  -10.089407
14578         73     28     185  176.601527   -8.398473
14579         73     29     184  168.956118  -15.043882
14580         73     30     183  170.467510  -12.532490
14581         73     31     182  157.060198  -24.939802
14582         73     32     181  171.781800   -9.218200
14583         73     33     180  164.740530  -15.259470
14584         73     34     179  165.498428  -13.501572
14585         73     35     178  164.167886  -13.832114
14586         73     36     177  166.600668  -10.399332
14587         73     37     176  158.835702  -17.164298
14588         73     38     175  161.662906  -13.337094
14589         73     39     174  151.676774  -22.323226
14590         73     40     173  163.998225   -9.001775
14591         73     41     172  158.732713  -13.267287
14592         73     42     171  158.417730  -12.582270
14593         73     43     170  155.937058  -14.062942
14594         73     44     169  158.796282  -10.203718
14595         73     45     168  137.076569  -30.923431
14596         73     46     167  151.039020  -15.960980
14597         73     47     166  154.716986  -11.283014
14598         73     48     165  142.342475  -22.657525
14599         73     49     164  148.663332  -15.336668
14600         73     50     163  142.248519  -20.751481
14601         73     51     162  141.724168  -20.275832
14602         73     52     161  141.872305  -19.127695
14603         73     53     160  128.860793  -31.139207
14604         73     54     159  134.216964  -24.783036
14605         73     55     158  137.148542  -20.851458
14606         73     56     157  138.244641  -18.755359
14607         73     57     156  131.214902  -24.785098
14608         73     58     155  123.440599  -31.559401
14609         73     59     154  135.128052  -18.871948
14610         73     60     153  127.467607  -25.532393
14611         73     61     152  131.539807  -20.460193
14612         73     62     151  114.522335  -36.477665
14613         73     63     150  124.227691  -25.772309
14614         73     64     149  121.066409  -27.933591
14615         73     65     148  119.775991  -28.224009
14616         73     66     147  113.730583  -33.269417
14617         73     67     146  114.476251  -31.523749
14618         73     68     145  112.380274  -32.619726
14619         73     69     144  117.082900  -26.917100
14620         73     70     143  117.362827  -25.637173
14621         73     71     142  116.456481  -25.543519
14622         73     72     141  122.021800  -18.978200
14623         73     73     140  115.454522  -24.545478
14624         73     74     139  121.325272  -17.674728
14625         73     75     138  121.938898  -16.061102
14626         73     76     137  112.117788  -24.882212
14627         73     77     136  115.468751  -20.531249
14628         73     78     135  106.476331  -28.523669
14629         73     79     134  116.628851  -17.371149
14630         73     80     133  114.967069  -18.032931
14631         73     81     132  117.649493  -14.350507
14632         73     82     131  122.136636   -8.863364
14633         73     83     130  125.685066   -4.314934
14634         73     84     129  117.491398  -11.508602
14635         73     85     128  111.531222  -16.468778
14636         73     86     127  121.084674   -5.915326
14637         73     87     126  105.172537  -20.827463
14638         73     88     125  107.713936  -17.286064
14639         73     89     124  105.754908  -18.245092
14640         73     90     123  118.031554   -4.968446
14641         73     91     122  106.339349  -15.660651
14642         73     92     121  113.769268   -7.230732
14643         73     93     120  112.158722   -7.841278
14644         73     94     119   97.702635  -21.297365
14645         73     95     118  110.485320   -7.514680
14646         73     96     117  105.018594  -11.981406
14647         73     97     116  107.818499   -8.181501
14648         73     98     115  104.215438  -10.784562
14649         73     99     114  107.418251   -6.581749
14650         73    100     113   75.037554  -37.962446
14651         73    101     112  101.223466  -10.776534
14652         73    102     111  113.108121    2.108121
14653         73    103     110  102.048329   -7.951671
14654         73    104     109  109.820428    0.820428
14655         73    105     108  103.190771   -4.809229
14656         73    106     107  101.455806   -5.544194
14657         73    107     106  107.615477    1.615477
14658         73    108     105  104.850413   -0.149587
14659         73    109     104   99.971264   -4.028736
14660         73    110     103   90.396508  -12.603492
14661         73    111     102   89.897991  -12.102009
14662         73    112     101   94.110102   -6.889898
14663         73    113     100   84.638659  -15.361341
14664         73    114      99   84.229437  -14.770563
14665         73    115      98   88.875578   -9.124422
14666         73    116      97   92.230901   -4.769099
14667         73    117      96   76.002666  -19.997334
14668         73    118      95   87.658062   -7.341938
14669         73    119      94   81.479684  -12.520316
14670         73    120      93   72.440184  -20.559816
14671         73    121      92   85.922351   -6.077649
14672         73    122      91   74.240676  -16.759324
14673         73    123      90   66.738602  -23.261398
14674         73    124      89   89.958412    0.958412
14675         73    125      88   80.273980   -7.726020
14676         73    126      87   77.555630   -9.444370
14677         73    127      86   66.301787  -19.698213
14678         73    128      85   78.517427   -6.482573
14679         73    129      84   71.862076  -12.137924
14680         73    130      83   81.686979   -1.313021
14681         73    131      82   74.946604   -7.053396
14682         73    132      81   72.580506   -8.419494
14683         73    133      80   64.744155  -15.255845
14684         73    134      79   81.551943    2.551943
14685         73    135      78   69.502136   -8.497864
14686         73    136      77   59.642724  -17.357276
14687         73    137      76   63.519128  -12.480872
14688         73    138      75   78.195223    3.195223
14689         73    139      74   60.304070  -13.695930
14690         73    140      73   57.210012  -15.789988
14691         73    141      72   66.145217   -5.854783
14692         73    142      71   64.432143   -6.567857
14693         73    143      70   71.898564    1.898564
14694         73    144      69   70.518475    1.518475
14695         73    145      68   52.264110  -15.735890
14696         73    146      67   59.832622   -7.167378
14697         73    147      66   72.642643    6.642643
14698         73    148      65   82.150033   17.150033
14699         73    149      64   68.813822    4.813822
14700         73    150      63   81.828461   18.828461
14701         73    151      62   81.614214   19.614214
14702         73    152      61   65.490253    4.490253
14703         73    153      60   63.162161    3.162161
14704         73    154      59   67.405262    8.405262
14705         73    155      58   57.385649   -0.614351
14706         73    156      57   45.257019  -11.742981
14707         73    157      56   63.128471    7.128471
14708         73    158      55   62.080864    7.080864
14709         73    159      54   57.603403    3.603403
14710         73    160      53   47.517405   -5.482595
14711         73    161      52   38.482393  -13.517607
14712         73    162      51   40.009850  -10.990150
14713         73    163      50   48.005565   -1.994435
14714         73    164      49   46.359520   -2.640480
14715         73    165      48   64.177571   16.177571
14716         73    166      47   63.927134   16.927134
14717         73    167      46   50.733201    4.733201
14718         73    168      45   50.276621    5.276621
14719         73    169      44   37.413937   -6.586063
14720         73    170      43   28.213508  -14.786492
14721         73    171      42   33.603314   -8.396686
14722         73    172      41   36.721263   -4.278737
14723         73    173      40   42.229425    2.229425
14724         73    174      39   25.627452  -13.372548
14725         73    175      38   19.904596  -18.095404
14726         73    176      37   48.359370   11.359370
14727         73    177      36   32.715044   -3.284956
14728         73    178      35   28.801049   -6.198951
14729         73    179      34   21.901534  -12.098466
14730         73    180      33   19.476516  -13.523484
14731         73    181      32   27.941515   -4.058485
14732         73    182      31   51.824332   20.824332
14733         73    183      30   28.239633   -1.760367
14734         73    184      29   30.447629    1.447629
14735         73    185      28   32.481612    4.481612
14736         73    186      27   29.504822    2.504822
14737         73    187      26   21.132259   -4.867741
14738         73    188      25   24.611477   -0.388523
14739         73    189      24   24.362732    0.362732
14740         73    190      23   24.960526    1.960526
14741         73    191      22   20.766831   -1.233169
14742         73    192      21   25.849015    4.849015
14743         73    193      20   19.889851   -0.110149
14744         73    194      19   19.889851    0.889851
14745         73    195      18   21.644595    3.644595
14746         73    196      17   22.156504    5.156504
14747         73    197      16   22.664558    6.664558
14748         73    198      15   19.032870    4.032870
14749         73    199      14   23.856470    9.856470
14750         73    200      13   20.155288    7.155288
14751         73    201      12   22.262279   10.262279
14752         73    202      11   23.712531   12.712531
14753         73    203      10   23.662088   13.662088
14754         73    204       9   21.726787   12.726787
14755         73    205       8   19.447270   11.447270
14756         73    206       7   19.447270   12.447270
14757         73    207       6   19.281458   13.281458
14758         73    208       5   21.122743   16.122743
14759         73    209       4   20.239103   16.239103
14760         73    210       3   17.037921   14.037921
14761         73    211       2   16.408891   14.408891
14762         73    212       1   18.250176   17.250176
14763         73    213       0   20.239103   20.239103
14764         74      1     165  203.112284   38.112284
14765         74      2     164  186.009458   22.009458
14766         74      3     163  189.926681   26.926681
14767         74      4     162  189.479204   27.479204
14768         74      5     161  176.826878   15.826878
14769         74      6     160  185.075327   25.075327
14770         74      7     159  177.838628   18.838628
14771         74      8     158  178.459063   20.459063
14772         74      9     157  174.078757   17.078757
14773         74     10     156  177.089827   21.089827
14774         74     11     155  175.821066   20.821066
14775         74     12     154  174.436542   20.436542
14776         74     13     153  168.980666   15.980666
14777         74     14     152  175.789336   23.789336
14778         74     15     151  176.281759   25.281759
14779         74     16     150  179.931428   29.931428
14780         74     17     149  176.094300   27.094300
14781         74     18     148  175.782601   27.782601
14782         74     19     147  179.343220   32.343220
14783         74     20     146  171.937614   25.937614
14784         74     21     145  172.581781   27.581781
14785         74     22     144  169.357248   25.357248
14786         74     23     143  173.789169   30.789169
14787         74     24     142  174.605637   32.605637
14788         74     25     141  175.909782   34.909782
14789         74     26     140  168.468499   28.468499
14790         74     27     139  168.963316   29.963316
14791         74     28     138  168.383236   30.383236
14792         74     29     137  170.595143   33.595143
14793         74     30     136  159.544518   23.544518
14794         74     31     135  171.362870   36.362870
14795         74     32     134  167.242581   33.242581
14796         74     33     133  170.050410   37.050410
14797         74     34     132  151.381523   19.381523
14798         74     35     131  170.689026   39.689026
14799         74     36     130  167.251614   37.251614
14800         74     37     129  162.894938   33.894938
14801         74     38     128  166.165637   38.165637
14802         74     39     127  161.583944   34.583944
14803         74     40     126  164.465445   38.465445
14804         74     41     125  160.199194   35.199194
14805         74     42     124  162.225697   38.225697
14806         74     43     123  156.468662   33.468662
14807         74     44     122  164.661697   42.661697
14808         74     45     121  156.428063   35.428063
14809         74     46     120  160.059610   40.059610
14810         74     47     119  150.429344   31.429344
14811         74     48     118  155.342323   37.342323
14812         74     49     117  152.143427   35.143427
14813         74     50     116  149.579801   33.579801
14814         74     51     115  148.083625   33.083625
14815         74     52     114  147.909477   33.909477
14816         74     53     113  147.898737   34.898737
14817         74     54     112  152.483021   40.483021
14818         74     55     111  150.008624   39.008624
14819         74     56     110  145.908623   35.908623
14820         74     57     109  132.298823   23.298823
14821         74     58     108  143.498508   35.498508
14822         74     59     107  147.134673   40.134673
14823         74     60     106  147.090037   41.090037
14824         74     61     105  150.002105   45.002105
14825         74     62     104  144.429922   40.429922
14826         74     63     103  141.886639   38.886639
14827         74     64     102  146.711218   44.711218
14828         74     65     101  145.370008   44.370008
14829         74     66     100  139.558462   39.558462
14830         74     67      99  133.809322   34.809322
14831         74     68      98  134.181392   36.181392
14832         74     69      97  119.609338   22.609338
14833         74     70      96  121.209414   25.209414
14834         74     71      95  122.343880   27.343880
14835         74     72      94  130.291070   36.291070
14836         74     73      93  122.603270   29.603270
14837         74     74      92  132.001796   40.001796
14838         74     75      91  126.281167   35.281167
14839         74     76      90  122.518478   32.518478
14840         74     77      89  134.625081   45.625081
14841         74     78      88  114.351795   26.351795
14842         74     79      87  122.039468   35.039468
14843         74     80      86  122.174712   36.174712
14844         74     81      85  119.362569   34.362569
14845         74     82      84  121.996125   37.996125
14846         74     83      83  127.714749   44.714749
14847         74     84      82  124.189344   42.189344
14848         74     85      81  110.273457   29.273457
14849         74     86      80  117.591018   37.591018
14850         74     87      79   92.813200   13.813200
14851         74     88      78  122.159220   44.159220
14852         74     89      77  106.611422   29.611422
14853         74     90      76  114.658093   38.658093
14854         74     91      75  116.500916   41.500916
14855         74     92      74  121.494148   47.494148
14856         74     93      73  114.828554   41.828554
14857         74     94      72  118.614299   46.614299
14858         74     95      71  109.818529   38.818529
14859         74     96      70  117.628384   47.628384
14860         74     97      69  107.337922   38.337922
14861         74     98      68  107.746743   39.746743
14862         74     99      67   82.933281   15.933281
14863         74    100      66  105.986867   39.986867
14864         74    101      65   97.883887   32.883887
14865         74    102      64   78.080526   14.080526
14866         74    103      63   88.753475   25.753475
14867         74    104      62  100.207599   38.207599
14868         74    105      61   95.236875   34.236875
14869         74    106      60  103.028203   43.028203
14870         74    107      59   88.718352   29.718352
14871         74    108      58  108.051994   50.051994
14872         74    109      57   94.315643   37.315643
14873         74    110      56   77.938749   21.938749
14874         74    111      55   72.504768   17.504768
14875         74    112      54   80.598290   26.598290
14876         74    113      53   85.550719   32.550719
14877         74    114      52   88.023500   36.023500
14878         74    115      51   64.242423   13.242423
14879         74    116      50   70.624304   20.624304
14880         74    117      49   64.516214   15.516214
14881         74    118      48   63.597305   15.597305
14882         74    119      47   62.657836   15.657836
14883         74    120      46   51.788102    5.788102
14884         74    121      45   52.301915    7.301915
14885         74    122      44   54.558817   10.558817
14886         74    123      43   61.636037   18.636037
14887         74    124      42   59.047598   17.047598
14888         74    125      41   57.615670   16.615670
14889         74    126      40   69.922433   29.922433
14890         74    127      39   54.666577   15.666577
14891         74    128      38   46.776354    8.776354
14892         74    129      37   50.182147   13.182147
14893         74    130      36   50.427901   14.427901
14894         74    131      35   43.192826    8.192826
14895         74    132      34   42.840676    8.840676
14896         74    133      33   40.652847    7.652847
14897         74    134      32   34.728225    2.728225
14898         74    135      31   30.772033   -0.227967
14899         74    136      30   27.972150   -2.027850
14900         74    137      29   29.259669    0.259669
14901         74    138      28   25.981559   -2.018441
14902         74    139      27   24.999915   -2.000085
14903         74    140      26   23.150453   -2.849547
14904         74    141      25   24.185587   -0.814413
14905         74    142      24   18.830778   -5.169222
14906         74    143      23   18.830778   -4.169222
14907         74    144      22   20.545877   -1.454123
14908         74    145      21   21.581011    0.581011
14909         74    146      20   18.830778   -1.169222
14910         74    147      19   17.199278   -1.800722
14911         74    148      18   19.213710    1.213710
14912         74    149      17   16.952239   -0.047761
14913         74    150      16   15.545431   -0.454569
14914         74    151      15   15.990664    0.990664
14915         74    152      14   14.864091    0.864091
14916         74    153      13   14.182627    1.182627
14917         74    154      12   14.182627    2.182627
14918         74    155      11   18.494303    7.494303
14919         74    156      10   16.731397    6.731397
14920         74    157       9   15.552585    6.552585
14921         74    158       8   15.107352    7.107352
14922         74    159       7   14.792780    7.792780
14923         74    160       6   14.347547    8.347547
14924         74    161       5   13.666208    8.666208
14925         74    162       4   13.666208    9.666208
14926         74    163       3   12.984744    9.984744
14927         74    164       2   12.984744   10.984744
14928         74    165       1   12.984744   11.984744
14929         74    166       0   13.296802   13.296802
14930         75      1     228  186.224844  -41.775156
14931         75      2     227  184.200297  -42.799703
14932         75      3     226  189.277157  -36.722843
14933         75      4     225  186.466989  -38.533011
14934         75      5     224  180.407836  -43.592164
14935         75      6     223  181.531213  -41.468787
14936         75      7     222  180.669473  -41.330527
14937         75      8     221  181.559351  -39.440649
14938         75      9     220  174.809124  -45.190876
14939         75     10     219  179.978638  -39.021362
14940         75     11     218  175.264861  -42.735139
14941         75     12     217  176.103123  -40.896877
14942         75     13     216  183.360264  -32.639736
14943         75     14     215  175.663233  -39.336767
14944         75     15     214  176.371975  -37.628025
14945         75     16     213  174.575366  -38.424634
14946         75     17     212  172.812939  -39.187061
14947         75     18     211  172.782883  -38.217117
14948         75     19     210  171.214516  -38.785484
14949         75     20     209  165.791754  -43.208246
14950         75     21     208  159.942489  -48.057511
14951         75     22     207  169.139675  -37.860325
14952         75     23     206  166.227394  -39.772606
14953         75     24     205  169.541186  -35.458814
14954         75     25     204  170.298506  -33.701494
14955         75     26     203  164.034298  -38.965702
14956         75     27     202  166.538836  -35.461164
14957         75     28     201  171.993283  -29.006717
14958         75     29     200  171.811443  -28.188557
14959         75     30     199  167.298796  -31.701204
14960         75     31     198  164.431326  -33.568674
14961         75     32     197  165.033029  -31.966971
14962         75     33     196  149.371470  -46.628530
14963         75     34     195  163.931928  -31.068072
14964         75     35     194  161.730518  -32.269482
14965         75     36     193  163.905793  -29.094207
14966         75     37     192  162.296776  -29.703224
14967         75     38     191  154.747511  -36.252489
14968         75     39     190  156.602882  -33.397118
14969         75     40     189  161.287037  -27.712963
14970         75     41     188  159.883176  -28.116824
14971         75     42     187  158.397006  -28.602994
14972         75     43     186  157.964985  -28.035015
14973         75     44     185  158.577102  -26.422898
14974         75     45     184  137.111062  -46.888938
14975         75     46     183  148.823091  -34.176909
14976         75     47     182  154.781511  -27.218489
14977         75     48     181  148.123295  -32.876705
14978         75     49     180  151.093979  -28.906021
14979         75     50     179  149.197651  -29.802349
14980         75     51     178  146.781217  -31.218783
14981         75     52     177  148.513719  -28.486281
14982         75     53     176  153.813713  -22.186287
14983         75     54     175  136.046077  -38.953923
14984         75     55     174  152.550671  -21.449329
14985         75     56     173  149.299813  -23.700187
14986         75     57     172  147.921255  -24.078745
14987         75     58     171  143.119210  -27.880790
14988         75     59     170  144.462066  -25.537934
14989         75     60     169  142.383486  -26.616514
14990         75     61     168  146.112787  -21.887213
14991         75     62     167  142.161136  -24.838864
14992         75     63     166  132.628967  -33.371033
14993         75     64     165  136.335597  -28.664403
14994         75     65     164  136.544386  -27.455614
14995         75     66     163  134.620558  -28.379442
14996         75     67     162  133.918865  -28.081135
14997         75     68     161  128.888924  -32.111076
14998         75     69     160  123.477612  -36.522388
14999         75     70     159  125.802608  -33.197392
15000         75     71     158  125.162417  -32.837583
15001         75     72     157  131.972472  -25.027528
15002         75     73     156  122.850883  -33.149117
15003         75     74     155  120.291510  -34.708490
15004         75     75     154  120.073942  -33.926058
15005         75     76     153  122.058808  -30.941192
15006         75     77     152  118.940953  -33.059047
15007         75     78     151  127.173249  -23.826751
15008         75     79     150  120.524552  -29.475448
15009         75     80     149  122.986869  -26.013131
15010         75     81     148  103.070462  -44.929538
15011         75     82     147  114.895290  -32.104710
15012         75     83     146  115.602461  -30.397539
15013         75     84     145  117.552976  -27.447024
15014         75     85     144  110.765724  -33.234276
15015         75     86     143  110.828744  -32.171256
15016         75     87     142  113.019495  -28.980505
15017         75     88     141  114.105087  -26.894913
15018         75     89     140  111.422840  -28.577160
15019         75     90     139  114.781042  -24.218958
15020         75     91     138  111.193321  -26.806679
15021         75     92     137  106.161048  -30.838952
15022         75     93     136  112.111915  -23.888085
15023         75     94     135  107.480827  -27.519173
15024         75     95     134   93.296726  -40.703274
15025         75     96     133  103.358490  -29.641510
15026         75     97     132  111.177381  -20.822619
15027         75     98     131  112.506925  -18.493075
15028         75     99     130  109.629385  -20.370615
15029         75    100     129  112.915095  -16.084905
15030         75    101     128  118.348401   -9.651599
15031         75    102     127  111.667818  -15.332182
15032         75    103     126  115.688201  -10.311799
15033         75    104     125  103.885188  -21.114812
15034         75    105     124  103.496742  -20.503258
15035         75    106     123  110.115563  -12.884437
15036         75    107     122  101.407940  -20.592060
15037         75    108     121  105.266678  -15.733322
15038         75    109     120  106.000994  -13.999006
15039         75    110     119   93.151776  -25.848224
15040         75    111     118   85.064459  -32.935541
15041         75    112     117  104.102895  -12.897105
15042         75    113     116   92.156005  -23.843995
15043         75    114     115  100.113301  -14.886699
15044         75    115     114   83.992793  -30.007207
15045         75    116     113   92.194239  -20.805761
15046         75    117     112   96.996732  -15.003268
15047         75    118     111   96.276324  -14.723676
15048         75    119     110   95.545822  -14.454178
15049         75    120     109   98.820657  -10.179343
15050         75    121     108   95.200833  -12.799167
15051         75    122     107   79.120103  -27.879897
15052         75    123     106   77.179999  -28.820001
15053         75    124     105   87.281514  -17.718486
15054         75    125     104   80.644382  -23.355618
15055         75    126     103   96.782640   -6.217360
15056         75    127     102   87.990741  -14.009259
15057         75    128     101   66.364026  -34.635974
15058         75    129     100   85.277244  -14.722756
15059         75    130      99   68.668447  -30.331553
15060         75    131      98   69.102230  -28.897770
15061         75    132      97   86.977880  -10.022120
15062         75    133      96   90.533661   -5.466339
15063         75    134      95   91.305666   -3.694334
15064         75    135      94   85.451461   -8.548539
15065         75    136      93   91.551667   -1.448333
15066         75    137      92   78.488249  -13.511751
15067         75    138      91   72.795554  -18.204446
15068         75    139      90   71.423659  -18.576341
15069         75    140      89   83.002781   -5.997219
15070         75    141      88   70.359523  -17.640477
15071         75    142      87   78.959206   -8.040794
15072         75    143      86   84.004816   -1.995184
15073         75    144      85   84.685997   -0.314003
15074         75    145      84   67.058665  -16.941335
15075         75    146      83   80.043777   -2.956223
15076         75    147      82   84.779140    2.779140
15077         75    148      81   94.580600   13.580600
15078         75    149      80   66.534898  -13.465102
15079         75    150      79   80.136340    1.136340
15080         75    151      78   89.205715   11.205715
15081         75    152      77   84.430380    7.430380
15082         75    153      76   90.077688   14.077688
15083         75    154      75   82.696972    7.696972
15084         75    155      74   72.465258   -1.534742
15085         75    156      73   90.806878   17.806878
15086         75    157      72   78.100251    6.100251
15087         75    158      71   88.148509   17.148509
15088         75    159      70   88.929025   18.929025
15089         75    160      69   81.968235   12.968235
15090         75    161      68   85.660094   17.660094
15091         75    162      67   76.093683    9.093683
15092         75    163      66   78.047163   12.047163
15093         75    164      65   71.154231    6.154231
15094         75    165      64   72.765257    8.765257
15095         75    166      63   75.581201   12.581201
15096         75    167      62   61.764856   -0.235144
15097         75    168      61   60.966285   -0.033715
15098         75    169      60   70.901839   10.901839
15099         75    170      59   85.394377   26.394377
15100         75    171      58   47.145045  -10.854955
15101         75    172      57   29.532749  -27.467251
15102         75    173      56   30.797878  -25.202122
15103         75    174      55   50.219563   -4.780437
15104         75    175      54   38.040922  -15.959078
15105         75    176      53   31.752138  -21.247862
15106         75    177      52   26.603348  -25.396652
15107         75    178      51   30.845993  -20.154007
15108         75    179      50   26.785512  -23.214488
15109         75    180      49   26.231617  -22.768383
15110         75    181      48   30.783887  -17.216113
15111         75    182      47   22.233823  -24.766177
15112         75    183      46   22.676478  -23.323522
15113         75    184      45   23.757128  -21.242872
15114         75    185      44   24.387668  -19.612332
15115         75    186      43   26.873054  -16.126946
15116         75    187      42   26.827032  -15.172968
15117         75    188      41   24.222642  -16.777358
15118         75    189      40   24.608471  -15.391529
15119         75    190      39   24.016054  -14.983946
15120         75    191      38   26.360361  -11.639639
15121         75    192      37   21.600674  -15.399326
15122         75    193      36   23.132566  -12.867434
15123         75    194      35   19.214959  -15.785041
15124         75    195      34   18.824647  -15.175353
15125         75    196      33   27.429608   -5.570392
15126         75    197      32   21.304697  -10.695303
15127         75    198      31   22.282111   -8.717889
15128         75    199      30   25.128046   -4.871954
15129         75    200      29   34.392387    5.392387
15130         75    201      28   26.338634   -1.661366
15131         75    202      27   21.839162   -5.160838
15132         75    203      26   22.238350   -3.761650
15133         75    204      25   20.513844   -4.486156
15134         75    205      24   23.365462   -0.634538
15135         75    206      23   24.485833    1.485833
15136         75    207      22   19.939964   -2.060036
15137         75    208      21   18.162421   -2.837579
15138         75    209      20   17.301390   -2.698610
15139         75    210      19   16.441022   -2.558978
15140         75    211      18   16.471586   -1.528414
15141         75    212      17   16.441022   -0.558978
15142         75    213      16   16.441022    0.441022
15143         75    214      15   17.223010    2.223010
15144         75    215      14   18.837729    4.837729
15145         75    216      13   16.775968    3.775968
15146         75    217      12   18.595700    6.595700
15147         75    218      11   23.937339   12.937339
15148         75    219      10   15.490668    5.490668
15149         75    220       9   15.460104    6.460104
15150         75    221       8   15.460104    7.460104
15151         75    222       7   16.692153    9.692153
15152         75    223       6   16.692153   10.692153
15153         75    224       5   17.890341   12.890341
15154         75    225       4   17.890341   13.890341
15155         75    226       3   18.519218   15.519218
15156         75    227       2   17.890341   15.890341
15157         75    228       1   18.519218   17.519218
15158         75    229       0   17.890341   17.890341
15159         76      1     209  180.231737  -28.768263
15160         76      2     208  189.997275  -18.002725
15161         76      3     207  184.123992  -22.876008
15162         76      4     206  185.028241  -20.971759
15163         76      5     205  180.264557  -24.735443
15164         76      6     204  168.383103  -35.616897
15165         76      7     203  182.005340  -20.994660
15166         76      8     202  176.903300  -25.096700
15167         76      9     201  182.762392  -18.237608
15168         76     10     200  184.229385  -15.770615
15169         76     11     199  182.255526  -16.744474
15170         76     12     198  183.629799  -14.370201
15171         76     13     197  189.621368   -7.378632
15172         76     14     196  176.319187  -19.680813
15173         76     15     195  183.227026  -11.772974
15174         76     16     194  178.348791  -15.651209
15175         76     17     193  179.571751  -13.428249
15176         76     18     192  176.974397  -15.025603
15177         76     19     191  169.859958  -21.140042
15178         76     20     190  168.314732  -21.685268
15179         76     21     189  164.346807  -24.653193
15180         76     22     188  161.285647  -26.714353
15181         76     23     187  160.242366  -26.757634
15182         76     24     186  156.278916  -29.721084
15183         76     25     185  158.835657  -26.164343
15184         76     26     184  157.089074  -26.910926
15185         76     27     183  159.084022  -23.915978
15186         76     28     182  151.084703  -30.915297
15187         76     29     181  166.320020  -14.679980
15188         76     30     180  164.071564  -15.928436
15189         76     31     179  164.203846  -14.796154
15190         76     32     178  162.367304  -15.632696
15191         76     33     177  157.610560  -19.389440
15192         76     34     176  162.005314  -13.994686
15193         76     35     175  159.929621  -15.070379
15194         76     36     174  159.774441  -14.225559
15195         76     37     173  157.507122  -15.492878
15196         76     38     172  157.507122  -14.492878
15197         76     39     171  151.738575  -19.261425
15198         76     40     170  160.417608   -9.582392
15199         76     41     169  159.053425   -9.946575
15200         76     42     168  153.603886  -14.396114
15201         76     43     167  156.592324  -10.407676
15202         76     44     166  157.227039   -8.772961
15203         76     45     165  154.571362  -10.428638
15204         76     46     164  151.604399  -12.395601
15205         76     47     163  146.597196  -16.402804
15206         76     48     162  148.683103  -13.316897
15207         76     49     161  147.514991  -13.485009
15208         76     50     160  137.484616  -22.515384
15209         76     51     159  138.152409  -20.847591
15210         76     52     158  134.918609  -23.081391
15211         76     53     157  137.714607  -19.285393
15212         76     54     156  140.622957  -15.377043
15213         76     55     155  136.533491  -18.466509
15214         76     56     154  137.887473  -16.112527
15215         76     57     153  135.943334  -17.056666
15216         76     58     152  123.215615  -28.784385
15217         76     59     151  113.496271  -37.503729
15218         76     60     150  128.968245  -21.031755
15219         76     61     149  124.885269  -24.114731
15220         76     62     148  123.841077  -24.158923
15221         76     63     147  124.075474  -22.924526
15222         76     64     146  118.055266  -27.944734
15223         76     65     145  127.137503  -17.862497
15224         76     66     144  113.654038  -30.345962
15225         76     67     143  111.294606  -31.705394
15226         76     68     142  109.391807  -32.608193
15227         76     69     141  118.930688  -22.069312
15228         76     70     140  122.804362  -17.195638
15229         76     71     139  113.497022  -25.502978
15230         76     72     138  114.219123  -23.780877
15231         76     73     137  102.846977  -34.153023
15232         76     74     136  111.126711  -24.873289
15233         76     75     135  119.923973  -15.076027
15234         76     76     134  119.602119  -14.397881
15235         76     77     133  118.300448  -14.699552
15236         76     78     132  113.055026  -18.944974
15237         76     79     131  108.818055  -22.181945
15238         76     80     130  113.014247  -16.985753
15239         76     81     129  111.572747  -17.427253
15240         76     82     128  115.826783  -12.173217
15241         76     83     127  117.360362   -9.639638
15242         76     84     126  120.102859   -5.897141
15243         76     85     125  107.636554  -17.363446
15244         76     86     124  119.975212   -4.024788
15245         76     87     123  119.051753   -3.948247
15246         76     88     122  121.434030   -0.565970
15247         76     89     121  112.674634   -8.325366
15248         76     90     120  107.968320  -12.031680
15249         76     91     119  108.490859  -10.509141
15250         76     92     118  110.413905   -7.586095
15251         76     93     117  101.478956  -15.521044
15252         76     94     116  112.863628   -3.136372
15253         76     95     115  118.196975    3.196975
15254         76     96     114  110.113238   -3.886762
15255         76     97     113  107.747589   -5.252411
15256         76     98     112   98.461836  -13.538164
15257         76     99     111  102.369946   -8.630054
15258         76    100     110   83.202907  -26.797093
15259         76    101     109   94.690547  -14.309453
15260         76    102     108  107.444647   -0.555353
15261         76    103     107  108.738451    1.738451
15262         76    104     106   94.497175  -11.502825
15263         76    105     105   97.583644   -7.416356
15264         76    106     104  112.041936    8.041936
15265         76    107     103   88.485339  -14.514661
15266         76    108     102  108.960931    6.960931
15267         76    109     101   98.748992   -2.251008
15268         76    110     100  107.380123    7.380123
15269         76    111      99  103.719364    4.719364
15270         76    112      98  102.454338    4.454338
15271         76    113      97  102.412457    5.412457
15272         76    114      96   96.371307    0.371307
15273         76    115      95   89.951276   -5.048724
15274         76    116      94   97.701922    3.701922
15275         76    117      93   84.012556   -8.987444
15276         76    118      92   90.915997   -1.084003
15277         76    119      91   91.971649    0.971649
15278         76    120      90   83.320096   -6.679904
15279         76    121      89   79.835941   -9.164059
15280         76    122      88   89.764922    1.764922
15281         76    123      87   99.908065   12.908065
15282         76    124      86   83.860200   -2.139800
15283         76    125      85   98.913025   13.913025
15284         76    126      84   91.799596    7.799596
15285         76    127      83  102.965379   19.965379
15286         76    128      82  103.667900   21.667900
15287         76    129      81   92.257291   11.257291
15288         76    130      80   95.398950   15.398950
15289         76    131      79   77.953532   -1.046468
15290         76    132      78   77.302363   -0.697637
15291         76    133      77   70.170442   -6.829558
15292         76    134      76   89.627541   13.627541
15293         76    135      75   90.031520   15.031520
15294         76    136      74   84.910391   10.910391
15295         76    137      73   63.081719   -9.918281
15296         76    138      72   72.781480    0.781480
15297         76    139      71   53.686074  -17.313926
15298         76    140      70   87.054956   17.054956
15299         76    141      69   81.321099   12.321099
15300         76    142      68   58.830343   -9.169657
15301         76    143      67   70.465947    3.465947
15302         76    144      66   67.070713    1.070713
15303         76    145      65   80.512685   15.512685
15304         76    146      64   61.927577   -2.072423
15305         76    147      63   68.811134    5.811134
15306         76    148      62   64.069644    2.069644
15307         76    149      61   60.189508   -0.810492
15308         76    150      60   54.471655   -5.528345
15309         76    151      59   53.469139   -5.530861
15310         76    152      58   65.484424    7.484424
15311         76    153      57   56.814910   -0.185090
15312         76    154      56   42.990796  -13.009204
15313         76    155      55   62.362003    7.362003
15314         76    156      54   50.739567   -3.260433
15315         76    157      53   53.777654    0.777654
15316         76    158      52   69.002288   17.002288
15317         76    159      51   42.688068   -8.311932
15318         76    160      50   42.252863   -7.747137
15319         76    161      49   74.468672   25.468672
15320         76    162      48   51.719612    3.719612
15321         76    163      47   43.861906   -3.138094
15322         76    164      46   47.822876    1.822876
15323         76    165      45   44.314802   -0.685198
15324         76    166      44   54.671662   10.671662
15325         76    167      43   38.181553   -4.818447
15326         76    168      42   36.124559   -5.875441
15327         76    169      41   34.281356   -6.718644
15328         76    170      40   44.805982    4.805982
15329         76    171      39   30.887487   -8.112513
15330         76    172      38   49.728607   11.728607
15331         76    173      37   30.971253   -6.028747
15332         76    174      36   29.730119   -6.269881
15333         76    175      35   23.626707  -11.373293
15334         76    176      34   36.328597    2.328597
15335         76    177      33   23.529778   -9.470222
15336         76    178      32   25.974218   -6.025782
15337         76    179      31   32.010110    1.010110
15338         76    180      30   40.931842   10.931842
15339         76    181      29   23.678195   -5.321805
15340         76    182      28   23.909359   -4.090641
15341         76    183      27   30.580090    3.580090
15342         76    184      26   21.733253   -4.266747
15343         76    185      25   22.422793   -2.577207
15344         76    186      24   25.911193    1.911193
15345         76    187      23   23.180748    0.180748
15346         76    188      22   19.369985   -2.630015
15347         76    189      21   19.889851   -1.110149
15348         76    190      20   21.340103    1.340103
15349         76    191      19   21.927999    2.927999
15350         76    192      18   18.421199    0.421199
15351         76    193      17   23.292732    6.292732
15352         76    194      16   21.927999    5.927999
15353         76    195      15   21.927999    6.927999
15354         76    196      14   24.378671   10.378671
15355         76    197      13   21.927999    8.927999
15356         76    198      12   19.889851    7.889851
15357         76    199      11   18.421199    7.421199
15358         76    200      10   18.421199    8.421199
15359         76    201       9   18.421199    9.421199
15360         76    202       8   18.451763   10.451763
15361         76    203       7   18.421199   11.421199
15362         76    204       6   18.421199   12.421199
15363         76    205       5   18.421199   13.421199
15364         76    206       4   18.421199   14.421199
15365         76    207       3   21.148371   18.148371
15366         76    208       2   21.148371   19.148371
15367         76    209       1   21.178935   20.178935
15368         76    210       0   21.148371   21.148371
15369         77      1     153  176.759820   23.759820
15370         77      2     152  170.736959   18.736959
15371         77      3     151  178.035672   27.035672
15372         77      4     150  185.359459   35.359459
15373         77      5     149  182.494095   33.494095
15374         77      6     148  186.142263   38.142263
15375         77      7     147  178.741798   31.741798
15376         77      8     146  186.942272   40.942272
15377         77      9     145  191.303065   46.303065
15378         77     10     144  171.729198   27.729198
15379         77     11     143  174.314149   31.314149
15380         77     12     142  176.740966   34.740966
15381         77     13     141  178.414476   37.414476
15382         77     14     140  178.389949   38.389949
15383         77     15     139  173.146506   34.146506
15384         77     16     138  178.302470   40.302470
15385         77     17     137  174.473874   37.473874
15386         77     18     136  174.183533   38.183533
15387         77     19     135  173.276749   38.276749
15388         77     20     134  172.915424   38.915424
15389         77     21     133  170.025158   37.025158
15390         77     22     132  165.398394   33.398394
15391         77     23     131  163.680840   32.680840
15392         77     24     130  164.814790   34.814790
15393         77     25     129  165.043838   36.043838
15394         77     26     128  157.614386   29.614386
15395         77     27     127  155.726357   28.726357
15396         77     28     126  153.202907   27.202907
15397         77     29     125  143.020914   18.020914
15398         77     30     124  161.369959   37.369959
15399         77     31     123  158.690440   35.690440
15400         77     32     122  158.903322   36.903322
15401         77     33     121  139.500063   18.500063
15402         77     34     120  144.067032   24.067032
15403         77     35     119  135.343562   16.343562
15404         77     36     118  146.798772   28.798772
15405         77     37     117  140.057828   23.057828
15406         77     38     116  145.136693   29.136693
15407         77     39     115  135.305995   20.305995
15408         77     40     114  142.965552   28.965552
15409         77     41     113  143.478514   30.478514
15410         77     42     112  141.222469   29.222469
15411         77     43     111  142.595328   31.595328
15412         77     44     110  144.159613   34.159613
15413         77     45     109  128.618156   19.618156
15414         77     46     108  142.385009   34.385009
15415         77     47     107  138.613697   31.613697
15416         77     48     106  141.454491   35.454491
15417         77     49     105  132.572474   27.572474
15418         77     50     104  139.248001   35.248001
15419         77     51     103  141.629278   38.629278
15420         77     52     102  138.981580   36.981580
15421         77     53     101  139.396626   38.396626
15422         77     54     100  131.724631   31.724631
15423         77     55      99  137.779320   38.779320
15424         77     56      98  140.878615   42.878615
15425         77     57      97  140.700991   43.700991
15426         77     58      96  136.450888   40.450888
15427         77     59      95  132.149908   37.149908
15428         77     60      94  134.223892   40.223892
15429         77     61      93  124.649460   31.649460
15430         77     62      92  127.996112   35.996112
15431         77     63      91  119.480445   28.480445
15432         77     64      90  124.576037   34.576037
15433         77     65      89  130.103810   41.103810
15434         77     66      88  121.272862   33.272862
15435         77     67      87  111.667788   24.667788
15436         77     68      86  108.994367   22.994367
15437         77     69      85  101.227202   16.227202
15438         77     70      84  102.987567   18.987567
15439         77     71      83  117.837109   34.837109
15440         77     72      82  108.320462   26.320462
15441         77     73      81  116.671524   35.671524
15442         77     74      80  108.561870   28.561870
15443         77     75      79  103.977749   24.977749
15444         77     76      78  112.743400   34.743400
15445         77     77      77  113.344490   36.344490
15446         77     78      76  110.512964   34.512964
15447         77     79      75  100.943200   25.943200
15448         77     80      74  100.363869   26.363869
15449         77     81      73  111.154117   38.154117
15450         77     82      72  103.971102   31.971102
15451         77     83      71  105.170646   34.170646
15452         77     84      70  101.343000   31.343000
15453         77     85      69  101.297004   32.297004
15454         77     86      68  101.038254   33.038254
15455         77     87      67  104.007620   37.007620
15456         77     88      66  105.749798   39.749798
15457         77     89      65  101.202443   36.202443
15458         77     90      64  102.361645   38.361645
15459         77     91      63   95.910254   32.910254
15460         77     92      62  104.413800   42.413800
15461         77     93      61   91.370445   30.370445
15462         77     94      60   76.291369   16.291369
15463         77     95      59   64.472980    5.472980
15464         77     96      58   92.406038   34.406038
15465         77     97      57   79.029842   22.029842
15466         77     98      56   54.848212   -1.151788
15467         77     99      55   61.707391    6.707391
15468         77    100      54   65.547786   11.547786
15469         77    101      53   71.268426   18.268426
15470         77    102      52   70.393098   18.393098
15471         77    103      51   73.015205   22.015205
15472         77    104      50   80.653151   30.653151
15473         77    105      49   73.457588   24.457588
15474         77    106      48   63.248975   15.248975
15475         77    107      47   66.015383   19.015383
15476         77    108      46   72.611525   26.611525
15477         77    109      45   65.257604   20.257604
15478         77    110      44   66.520532   22.520532
15479         77    111      43   53.104566   10.104566
15480         77    112      42   63.049768   21.049768
15481         77    113      41   32.295033   -8.704967
15482         77    114      40   45.780326    5.780326
15483         77    115      39   46.624453    7.624453
15484         77    116      38   54.567961   16.567961
15485         77    117      37   68.453270   31.453270
15486         77    118      36   39.676240    3.676240
15487         77    119      35   55.229186   20.229186
15488         77    120      34   54.869059   20.869059
15489         77    121      33   40.492899    7.492899
15490         77    122      32   61.675540   29.675540
15491         77    123      31   52.476934   21.476934
15492         77    124      30   48.100229   18.100229
15493         77    125      29   35.818716    6.818716
15494         77    126      28   32.155059    4.155059
15495         77    127      27   29.153404    2.153404
15496         77    128      26   27.580152    1.580152
15497         77    129      25   25.662361    0.662361
15498         77    130      24   22.159375   -1.840625
15499         77    131      23   28.879022    5.879022
15500         77    132      22   19.866580   -2.133420
15501         77    133      21   36.275820   15.275820
15502         77    134      20   25.542899    5.542899
15503         77    135      19   16.286164   -2.713836
15504         77    136      18   23.819267    5.819267
15505         77    137      17   16.731397   -0.268603
15506         77    138      16   16.731397    0.731397
15507         77    139      15   16.376493    1.376493
15508         77    140      14   15.990664    1.990664
15509         77    141      13   17.459316    4.459316
15510         77    142      12   15.545431    3.545431
15511         77    143      11   13.685279    2.685279
15512         77    144      10   14.298195    4.298195
15513         77    145       9   13.003815    4.003815
15514         77    146       8   12.244010    4.244010
15515         77    147       7   12.244010    5.244010
15516         77    148       6   12.244010    6.244010
15517         77    149       5   12.244010    7.244010
15518         77    150       4   12.244010    8.244010
15519         77    151       3   12.244010    9.244010
15520         77    152       2   12.244010   10.244010
15521         77    153       1   12.244010   11.244010
15522         77    154       0   12.244010   12.244010
15523         78      1     230  206.418601  -23.581399
15524         78      2     229  207.540924  -21.459076
15525         78      3     228  214.646245  -13.353755
15526         78      4     227  198.357463  -28.642537
15527         78      5     226  197.075782  -28.924218
15528         78      6     225  192.817345  -32.182655
15529         78      7     224  193.936228  -30.063772
15530         78      8     223  194.672303  -28.327697
15531         78      9     222  196.224970  -25.775030
15532         78     10     221  193.975574  -27.024426
15533         78     11     220  196.863205  -23.136795
15534         78     12     219  195.808931  -23.191069
15535         78     13     218  193.516073  -24.483927
15536         78     14     217  199.527273  -17.472727
15537         78     15     216  180.339112  -35.660888
15538         78     16     215  193.771024  -21.228976
15539         78     17     214  193.099064  -20.900936
15540         78     18     213  192.268633  -20.731367
15541         78     19     212  187.092377  -24.907623
15542         78     20     211  192.704612  -18.295388
15543         78     21     210  193.005652  -16.994348
15544         78     22     209  187.478872  -21.521128
15545         78     23     208  187.415443  -20.584557
15546         78     24     207  184.386399  -22.613601
15547         78     25     206  189.133641  -16.866359
15548         78     26     205  187.036022  -17.963978
15549         78     27     204  186.771376  -17.228624
15550         78     28     203  186.305348  -16.694652
15551         78     29     202  187.948258  -14.051742
15552         78     30     201  192.943408   -8.056592
15553         78     31     200  189.741932  -10.258068
15554         78     32     199  191.286343   -7.713657
15555         78     33     198  186.754384  -11.245616
15556         78     34     197  189.449895   -7.550105
15557         78     35     196  184.153729  -11.846271
15558         78     36     195  188.661860   -6.338140
15559         78     37     194  184.768828   -9.231172
15560         78     38     193  183.988545   -9.011455
15561         78     39     192  181.076438  -10.923562
15562         78     40     191  182.002788   -8.997212
15563         78     41     190  178.798947  -11.201053
15564         78     42     189  180.880850   -8.119150
15565         78     43     188  180.207327   -7.792673
15566         78     44     187  179.284638   -7.715362
15567         78     45     186  174.259841  -11.740159
15568         78     46     185  175.637888   -9.362112
15569         78     47     184  175.274444   -8.725556
15570         78     48     183  169.241660  -13.758340
15571         78     49     182  167.965706  -14.034294
15572         78     50     181  176.221840   -4.778160
15573         78     51     180  168.324624  -11.675376
15574         78     52     179  175.417930   -3.582070
15575         78     53     178  172.710379   -5.289621
15576         78     54     177  173.798630   -3.201370
15577         78     55     176  171.829997   -4.170003
15578         78     56     175  166.868735   -8.131265
15579         78     57     174  160.285174  -13.714826
15580         78     58     173  151.964192  -21.035808
15581         78     59     172  162.454318   -9.545682
15582         78     60     171  160.936750  -10.063250
15583         78     61     170  161.836325   -8.163675
15584         78     62     169  154.203486  -14.796514
15585         78     63     168  149.152264  -18.847736
15586         78     64     167  159.012291   -7.987709
15587         78     65     166  151.884794  -14.115206
15588         78     66     165  137.532750  -27.467250
15589         78     67     164  152.819892  -11.180108
15590         78     68     163  157.325006   -5.674994
15591         78     69     162  157.260542   -4.739458
15592         78     70     161  160.171086   -0.828914
15593         78     71     160  157.965905   -2.034095
15594         78     72     159  155.715514   -3.284486
15595         78     73     158  157.945578   -0.054422
15596         78     74     157  155.440200   -1.559800
15597         78     75     156  153.411261   -2.588739
15598         78     76     155  148.245426   -6.754574
15599         78     77     154  147.116335   -6.883665
15600         78     78     153  149.550257   -3.449743
15601         78     79     152  150.755245   -1.244755
15602         78     80     151  131.917290  -19.082710
15603         78     81     150  144.225109   -5.774891
15604         78     82     149  141.874411   -7.125589
15605         78     83     148  141.878419   -6.121581
15606         78     84     147  147.136412    0.136412
15607         78     85     146  134.648400  -11.351600
15608         78     86     145  145.783219    0.783219
15609         78     87     144  141.537833   -2.462167
15610         78     88     143  141.908400   -1.091600
15611         78     89     142  144.867765    2.867765
15612         78     90     141  114.707313  -26.292687
15613         78     91     140  120.020807  -19.979193
15614         78     92     139  134.814334   -4.185666
15615         78     93     138  125.486560  -12.513440
15616         78     94     137  133.532833   -3.467167
15617         78     95     136  135.842718   -0.157282
15618         78     96     135  112.735089  -22.264911
15619         78     97     134  126.509425   -7.490575
15620         78     98     133  119.549049  -13.450951
15621         78     99     132  130.475237   -1.524763
15622         78    100     131  124.292618   -6.707382
15623         78    101     130  131.727502    1.727502
15624         78    102     129  128.981964   -0.018036
15625         78    103     128  118.963737   -9.036263
15626         78    104     127  114.732899  -12.267101
15627         78    105     126  105.370084  -20.629916
15628         78    106     125  109.184468  -15.815532
15629         78    107     124  117.922374   -6.077626
15630         78    108     123  127.351690    4.351690
15631         78    109     122  113.612806   -8.387194
15632         78    110     121  117.470228   -3.529772
15633         78    111     120  115.328475   -4.671525
15634         78    112     119  123.042717    4.042717
15635         78    113     118  128.298322   10.298322
15636         78    114     117  123.218916    6.218916
15637         78    115     116  114.378800   -1.621200
15638         78    116     115  119.191013    4.191013
15639         78    117     114  113.714929   -0.285071
15640         78    118     113  106.875440   -6.124560
15641         78    119     112  115.336795    3.336795
15642         78    120     111  123.483249   12.483249
15643         78    121     110  122.675052   12.675052
15644         78    122     109  125.812306   16.812306
15645         78    123     108   97.509021  -10.490979
15646         78    124     107  110.301310    3.301310
15647         78    125     106  102.521038   -3.478962
15648         78    126     105   93.418842  -11.581158
15649         78    127     104  102.854325   -1.145675
15650         78    128     103   94.829875   -8.170125
15651         78    129     102  104.405477    2.405477
15652         78    130     101   90.718079  -10.281921
15653         78    131     100  111.626077   11.626077
15654         78    132      99  121.448784   22.448784
15655         78    133      98  108.922203   10.922203
15656         78    134      97  109.930975   12.930975
15657         78    135      96  124.675436   28.675436
15658         78    136      95  121.480597   26.480597
15659         78    137      94  103.372179    9.372179
15660         78    138      93  102.546031    9.546031
15661         78    139      92  104.045173   12.045173
15662         78    140      91   93.173146    2.173146
15663         78    141      90  102.892244   12.892244
15664         78    142      89   94.421486    5.421486
15665         78    143      88   88.273376    0.273376
15666         78    144      87   95.687033    8.687033
15667         78    145      86   86.929522    0.929522
15668         78    146      85   97.552797   12.552797
15669         78    147      84   96.856603   12.856603
15670         78    148      83   96.867223   13.867223
15671         78    149      82   90.739038    8.739038
15672         78    150      81  102.252342   21.252342
15673         78    151      80   89.353754    9.353754
15674         78    152      79   94.746586   15.746586
15675         78    153      78   78.742887    0.742887
15676         78    154      77   94.400970   17.400970
15677         78    155      76   73.020414   -2.979586
15678         78    156      75   83.713602    8.713602
15679         78    157      74   87.807704   13.807704
15680         78    158      73  100.969562   27.969562
15681         78    159      72   80.183465    8.183465
15682         78    160      71   72.096438    1.096438
15683         78    161      70   75.663790    5.663790
15684         78    162      69   74.624277    5.624277
15685         78    163      68   64.954392   -3.045608
15686         78    164      67   69.782672    2.782672
15687         78    165      66   81.647652   15.647652
15688         78    166      65   68.141483    3.141483
15689         78    167      64   72.780262    8.780262
15690         78    168      63   62.683302   -0.316698
15691         78    169      62   64.862392    2.862392
15692         78    170      61   63.022782    2.022782
15693         78    171      60   77.690865   17.690865
15694         78    172      59   62.778554    3.778554
15695         78    173      58   57.945711   -0.054289
15696         78    174      57   61.580421    4.580421
15697         78    175      56   56.350522    0.350522
15698         78    176      55   68.057442   13.057442
15699         78    177      54   61.681114    7.681114
15700         78    178      53   57.959884    4.959884
15701         78    179      52   56.669646    4.669646
15702         78    180      51   58.229666    7.229666
15703         78    181      50   47.993457   -2.006543
15704         78    182      49   47.849489   -1.150511
15705         78    183      48   44.834646   -3.165354
15706         78    184      47   39.033159   -7.966841
15707         78    185      46   38.387562   -7.612438
15708         78    186      45   41.693322   -3.306678
15709         78    187      44   39.903034   -4.096966
15710         78    188      43   40.204390   -2.795610
15711         78    189      42   33.019296   -8.980704
15712         78    190      41   37.701322   -3.298678
15713         78    191      40   37.091646   -2.908354
15714         78    192      39   37.433072   -1.566928
15715         78    193      38   38.994423    0.994423
15716         78    194      37   37.789765    0.789765
15717         78    195      36   38.459294    2.459294
15718         78    196      35   40.449885    5.449885
15719         78    197      34   43.762378    9.762378
15720         78    198      33   36.163316    3.163316
15721         78    199      32   31.177089   -0.822911
15722         78    200      31   28.969466   -2.030534
15723         78    201      30   22.690857   -7.309143
15724         78    202      29   25.521964   -3.478036
15725         78    203      28   25.067272   -2.932728
15726         78    204      27   21.564285   -5.435715
15727         78    205      26   21.564285   -4.435715
15728         78    206      25   18.959710   -6.040290
15729         78    207      24   18.278245   -5.721755
15730         78    208      23   18.278245   -4.721755
15731         78    209      22   18.959710   -3.040290
15732         78    210      21   17.751096   -3.248904
15733         78    211      20   16.035996   -3.964004
15734         78    212      19   17.162569   -1.837431
15735         78    213      18   16.094507   -1.905493
15736         78    214      17   17.340183    0.340183
15737         78    215      16   15.687347   -0.312653
15738         78    216      15   15.687347    0.687347
15739         78    217      14   15.687347    1.687347
15740         78    218      13   14.927543    1.927543
15741         78    219      12   14.927543    2.927543
15742         78    220      11   14.541720    3.541720
15743         78    221      10   14.541720    4.541720
15744         78    222       9   14.155890    5.155890
15745         78    223       8   13.029318    5.029318
15746         78    224       7   12.347853    5.347853
15747         78    225       6   12.347853    6.347853
15748         78    226       5   12.347853    7.347853
15749         78    227       4   12.347853    8.347853
15750         78    228       3   12.347853    9.347853
15751         78    229       2   12.347853   10.347853
15752         78    230       1   12.347853   11.347853
15753         78    231       0   12.347853   12.347853
15754         79      1     198  207.964378    9.964378
15755         79      2     197  214.832244   17.832244
15756         79      3     196  205.834639    9.834639
15757         79      4     195  206.766031   11.766031
15758         79      5     194  205.440064   11.440064
15759         79      6     193  206.201488   13.201488
15760         79      7     192  201.199820    9.199820
15761         79      8     191  201.031924   10.031924
15762         79      9     190  205.557476   15.557476
15763         79     10     189  204.890094   15.890094
15764         79     11     188  202.582457   14.582457
15765         79     12     187  190.352877    3.352877
15766         79     13     186  203.111549   17.111549
15767         79     14     185  197.990390   12.990390
15768         79     15     184  204.273972   20.273972
15769         79     16     183  203.343506   20.343506
15770         79     17     182  201.126919   19.126919
15771         79     18     181  204.361281   23.361281
15772         79     19     180  195.217962   15.217962
15773         79     20     179  200.549704   21.549704
15774         79     21     178  198.877952   20.877952
15775         79     22     177  199.478638   22.478638
15776         79     23     176  198.002994   22.002994
15777         79     24     175  192.655635   17.655635
15778         79     25     174  197.755400   23.755400
15779         79     26     173  194.900210   21.900210
15780         79     27     172  195.190653   23.190653
15781         79     28     171  195.916382   24.916382
15782         79     29     170  194.650578   24.650578
15783         79     30     169  190.291545   21.291545
15784         79     31     168  188.802114   20.802114
15785         79     32     167  171.402147    4.402147
15786         79     33     166  190.098931   24.098931
15787         79     34     165  190.519934   25.519934
15788         79     35     164  190.464523   26.464523
15789         79     36     163  187.543012   24.543012
15790         79     37     162  182.476900   20.476900
15791         79     38     161  181.186243   20.186243
15792         79     39     160  181.084316   21.084316
15793         79     40     159  180.702392   21.702392
15794         79     41     158  179.306259   21.306259
15795         79     42     157  168.705363   11.705363
15796         79     43     156  174.855371   18.855371
15797         79     44     155  173.065588   18.065588
15798         79     45     154  162.828632    8.828632
15799         79     46     153  168.922841   15.922841
15800         79     47     152  172.501352   20.501352
15801         79     48     151  171.362464   20.362464
15802         79     49     150  169.540254   19.540254
15803         79     50     149  167.478673   18.478673
15804         79     51     148  161.516802   13.516802
15805         79     52     147  161.338228   14.338228
15806         79     53     146  165.037895   19.037895
15807         79     54     145  155.706253   10.706253
15808         79     55     144  157.435833   13.435833
15809         79     56     143  158.795029   15.795029
15810         79     57     142  157.568737   15.568737
15811         79     58     141  156.464764   15.464764
15812         79     59     140  148.169617    8.169617
15813         79     60     139  155.128895   16.128895
15814         79     61     138  156.801626   18.801626
15815         79     62     137  150.823955   13.823955
15816         79     63     136  148.603565   12.603565
15817         79     64     135  152.000738   17.000738
15818         79     65     134  156.162218   22.162218
15819         79     66     133  144.993131   11.993131
15820         79     67     132  153.954318   21.954318
15821         79     68     131  152.884592   21.884592
15822         79     69     130  148.543110   18.543110
15823         79     70     129  147.811447   18.811447
15824         79     71     128  150.626602   22.626602
15825         79     72     127  145.846966   18.846966
15826         79     73     126  149.820042   23.820042
15827         79     74     125  150.900740   25.900740
15828         79     75     124  151.086649   27.086649
15829         79     76     123  149.291257   26.291257
15830         79     77     122  126.020611    4.020611
15831         79     78     121  145.174887   24.174887
15832         79     79     120  144.822979   24.822979
15833         79     80     119  144.127690   25.127690
15834         79     81     118  147.439591   29.439591
15835         79     82     117  148.706654   31.706654
15836         79     83     116  148.443445   32.443445
15837         79     84     115  143.930835   28.930835
15838         79     85     114  138.638569   24.638569
15839         79     86     113  133.963355   20.963355
15840         79     87     112  127.176943   15.176943
15841         79     88     111  138.019353   27.019353
15842         79     89     110  135.416647   25.416647
15843         79     90     109  115.983609    6.983609
15844         79     91     108  129.930407   21.930407
15845         79     92     107  121.717698   14.717698
15846         79     93     106  119.019037   13.019037
15847         79     94     105  116.174248   11.174248
15848         79     95     104  124.980500   20.980500
15849         79     96     103  118.827137   15.827137
15850         79     97     102  115.554042   13.554042
15851         79     98     101  114.353848   13.353848
15852         79     99     100  121.596570   21.596570
15853         79    100      99  127.130171   28.130171
15854         79    101      98  113.210036   15.210036
15855         79    102      97  103.637730    6.637730
15856         79    103      96   94.557838   -1.442162
15857         79    104      95   96.659220    1.659220
15858         79    105      94  105.821277   11.821277
15859         79    106      93  113.076170   20.076170
15860         79    107      92   86.764507   -5.235493
15861         79    108      91   91.791682    0.791682
15862         79    109      90  101.427709   11.427709
15863         79    110      89  105.650946   16.650946
15864         79    111      88   98.899731   10.899731
15865         79    112      87  102.398069   15.398069
15866         79    113      86   96.190231   10.190231
15867         79    114      85  101.214828   16.214828
15868         79    115      84   94.839646   10.839646
15869         79    116      83   95.735572   12.735572
15870         79    117      82   91.568805    9.568805
15871         79    118      81   97.807747   16.807747
15872         79    119      80   79.669824   -0.330176
15873         79    120      79   86.752595    7.752595
15874         79    121      78  101.729582   23.729582
15875         79    122      77  105.786086   28.786086
15876         79    123      76   80.972123    4.972123
15877         79    124      75   87.699561   12.699561
15878         79    125      74   91.228772   17.228772
15879         79    126      73   87.409855   14.409855
15880         79    127      72   88.903245   16.903245
15881         79    128      71  106.968914   35.968914
15882         79    129      70   99.815763   29.815763
15883         79    130      69  100.012855   31.012855
15884         79    131      68   98.099312   30.099312
15885         79    132      67   80.981105   13.981105
15886         79    133      66   67.254765    1.254765
15887         79    134      65   77.261148   12.261148
15888         79    135      64   64.839639    0.839639
15889         79    136      63   64.793395    1.793395
15890         79    137      62   59.640775   -2.359225
15891         79    138      61   72.598367   11.598367
15892         79    139      60   58.960218   -1.039782
15893         79    140      59   61.006913    2.006913
15894         79    141      58   57.478618   -0.521382
15895         79    142      57   62.981818    5.981818
15896         79    143      56   62.571831    6.571831
15897         79    144      55   89.243152   34.243152
15898         79    145      54   65.934399   11.934399
15899         79    146      53   70.581480   17.581480
15900         79    147      52   65.322112   13.322112
15901         79    148      51   66.357425   15.357425
15902         79    149      50   66.618704   16.618704
15903         79    150      49   61.512153   12.512153
15904         79    151      48   67.955189   19.955189
15905         79    152      47   62.827857   15.827857
15906         79    153      46   64.082083   18.082083
15907         79    154      45   68.435968   23.435968
15908         79    155      44   60.309803   16.309803
15909         79    156      43   60.232035   17.232035
15910         79    157      42   55.077031   13.077031
15911         79    158      41   62.329317   21.329317
15912         79    159      40   58.714650   18.714650
15913         79    160      39   63.611270   24.611270
15914         79    161      38   61.934928   23.934928
15915         79    162      37   53.347130   16.347130
15916         79    163      36   50.575812   14.575812
15917         79    164      35   44.780613    9.780613
15918         79    165      34   47.782432   13.782432
15919         79    166      33   36.087011    3.087011
15920         79    167      32   40.596343    8.596343
15921         79    168      31   38.092421    7.092421
15922         79    169      30   35.541218    5.541218
15923         79    170      29   33.674413    4.674413
15924         79    171      28   30.517272    2.517272
15925         79    172      27   29.986415    2.986415
15926         79    173      26   29.986415    3.986415
15927         79    174      25   26.289089    1.289089
15928         79    175      24   24.882281    0.882281
15929         79    176      23   24.500986    1.500986
15930         79    177      22   21.926039   -0.073961
15931         79    178      21   21.331995    0.331995
15932         79    179      20   18.436950   -1.563050
15933         79    180      19   17.417690   -1.582310
15934         79    181      18   19.432834    1.432834
15935         79    182      17   16.354931   -0.645069
15936         79    183      16   14.667765   -1.332235
15937         79    184      15   14.482565   -0.517435
15938         79    185      14   14.286470    0.286470
15939         79    186      13   14.286470    1.286470
15940         79    187      12   14.286470    2.286470
15941         79    188      11   13.107658    2.107658
15942         79    189      10   12.347853    2.347853
15943         79    190       9   12.347853    3.347853
15944         79    191       8   12.347853    4.347853
15945         79    192       7   12.347853    5.347853
15946         79    193       6   12.347853    6.347853
15947         79    194       5   12.347853    7.347853
15948         79    195       4   12.347853    8.347853
15949         79    196       3   12.347853    9.347853
15950         79    197       2   12.347853   10.347853
15951         79    198       1   12.347853   11.347853
15952         79    199       0   12.347853   12.347853
15953         80      1     184  182.439646   -1.560354
15954         80      2     183  176.869293   -6.130707
15955         80      3     182  182.440717    0.440717
15956         80      4     181  171.743551   -9.256449
15957         80      5     180  166.312062  -13.687938
15958         80      6     179  177.092951   -1.907049
15959         80      7     178  179.777474    1.777474
15960         80      8     177  177.227165    0.227165
15961         80      9     176  170.851288   -5.148712
15962         80     10     175  169.143017   -5.856983
15963         80     11     174  176.667619    2.667619
15964         80     12     173  159.756416  -13.243584
15965         80     13     172  160.262918  -11.737082
15966         80     14     171  168.490448   -2.509552
15967         80     15     170  175.522407    5.522407
15968         80     16     169  173.791051    4.791051
15969         80     17     168  175.471827    7.471827
15970         80     18     167  157.347775   -9.652225
15971         80     19     166  172.920699    6.920699
15972         80     20     165  173.070023    8.070023
15973         80     21     164  160.650213   -3.349787
15974         80     22     163  162.448625   -0.551375
15975         80     23     162  162.801776    0.801776
15976         80     24     161  165.029716    4.029716
15977         80     25     160  166.374958    6.374958
15978         80     26     159  169.094050   10.094050
15979         80     27     158  167.795353    9.795353
15980         80     28     157  169.160020   12.160020
15981         80     29     156  165.144127    9.144127
15982         80     30     155  162.509114    7.509114
15983         80     31     154  165.693880   11.693880
15984         80     32     153  165.564248   12.564248
15985         80     33     152  156.412008    4.412008
15986         80     34     151  163.365716   12.365716
15987         80     35     150  152.006868    2.006868
15988         80     36     149  158.605061    9.605061
15989         80     37     148  150.201201    2.201201
15990         80     38     147  152.652298    5.652298
15991         80     39     146  156.839115   10.839115
15992         80     40     145  145.065280    0.065280
15993         80     41     144  149.268927    5.268927
15994         80     42     143  145.234200    2.234200
15995         80     43     142  142.515727    0.515727
15996         80     44     141  139.059979   -1.940021
15997         80     45     140  137.424718   -2.575282
15998         80     46     139  135.762323   -3.237677
15999         80     47     138  143.588447    5.588447
16000         80     48     137  134.175547   -2.824453
16001         80     49     136  135.305942   -0.694058
16002         80     50     135  135.323913    0.323913
16003         80     51     134  135.078047    1.078047
16004         80     52     133  136.688695    3.688695
16005         80     53     132  139.392255    7.392255
16006         80     54     131  145.169663   14.169663
16007         80     55     130  140.104923   10.104923
16008         80     56     129  139.230970   10.230970
16009         80     57     128  140.396831   12.396831
16010         80     58     127  138.117529   11.117529
16011         80     59     126  138.721273   12.721273
16012         80     60     125  137.854756   12.854756
16013         80     61     124  130.989552    6.989552
16014         80     62     123  132.368260    9.368260
16015         80     63     122  128.499275    6.499275
16016         80     64     121  133.258059   12.258059
16017         80     65     120  133.677026   13.677026
16018         80     66     119  133.801566   14.801566
16019         80     67     118  133.770204   15.770204
16020         80     68     117  125.742294    8.742294
16021         80     69     116  121.311682    5.311682
16022         80     70     115  129.130610   14.130610
16023         80     71     114  128.852163   14.852163
16024         80     72     113  115.401589    2.401589
16025         80     73     112  120.354287    8.354287
16026         80     74     111  123.363983   12.363983
16027         80     75     110  121.099359   11.099359
16028         80     76     109  119.856855   10.856855
16029         80     77     108  121.755759   13.755759
16030         80     78     107  124.080240   17.080240
16031         80     79     106  117.207626   11.207626
16032         80     80     105  114.241051    9.241051
16033         80     81     104  115.026694   11.026694
16034         80     82     103  114.999348   11.999348
16035         80     83     102  109.311887    7.311887
16036         80     84     101  110.358537    9.358537
16037         80     85     100  120.753200   20.753200
16038         80     86      99  115.586886   16.586886
16039         80     87      98  108.462104   10.462104
16040         80     88      97  113.590662   16.590662
16041         80     89      96  115.385079   19.385079
16042         80     90      95  115.232782   20.232782
16043         80     91      94  118.912851   24.912851
16044         80     92      93  106.038622   13.038622
16045         80     93      92  112.103313   20.103313
16046         80     94      91  114.753322   23.753322
16047         80     95      90  114.959747   24.959747
16048         80     96      89  117.258978   28.258978
16049         80     97      88  112.744044   24.744044
16050         80     98      87  104.029552   17.029552
16051         80     99      86   97.057182   11.057182
16052         80    100      85  100.178787   15.178787
16053         80    101      84  101.616806   17.616806
16054         80    102      83   94.274792   11.274792
16055         80    103      82   99.348364   17.348364
16056         80    104      81   89.204079    8.204079
16057         80    105      80  102.419396   22.419396
16058         80    106      79   91.196486   12.196486
16059         80    107      78   93.732862   15.732862
16060         80    108      77   85.973123    8.973123
16061         80    109      76   88.531086   12.531086
16062         80    110      75   85.716862   10.716862
16063         80    111      74   84.589072   10.589072
16064         80    112      73   84.309984   11.309984
16065         80    113      72   93.043816   21.043816
16066         80    114      71   82.139907   11.139907
16067         80    115      70   80.366323   10.366323
16068         80    116      69   83.844375   14.844375
16069         80    117      68   68.964882    0.964882
16070         80    118      67   78.897110   11.897110
16071         80    119      66   67.383719    1.383719
16072         80    120      65   78.511078   13.511078
16073         80    121      64   70.881769    6.881769
16074         80    122      63   72.965692    9.965692
16075         80    123      62   64.778668    2.778668
16076         80    124      61   56.076596   -4.923404
16077         80    125      60   71.780906   11.780906
16078         80    126      59   60.327188    1.327188
16079         80    127      58   69.395258   11.395258
16080         80    128      57   54.838155   -2.161845
16081         80    129      56   63.793693    7.793693
16082         80    130      55   69.250242   14.250242
16083         80    131      54   76.059953   22.059953
16084         80    132      53   67.142969   14.142969
16085         80    133      52   63.977984   11.977984
16086         80    134      51   67.453437   16.453437
16087         80    135      50   57.677288    7.677288
16088         80    136      49   60.311029   11.311029
16089         80    137      48   69.731299   21.731299
16090         80    138      47   80.973656   33.973656
16091         80    139      46   63.010729   17.010729
16092         80    140      45   67.417847   22.417847
16093         80    141      44   56.029126   12.029126
16094         80    142      43   65.606569   22.606569
16095         80    143      42   71.025376   29.025376
16096         80    144      41   63.860621   22.860621
16097         80    145      40   63.002537   23.002537
16098         80    146      39   36.343051   -2.656949
16099         80    147      38   60.552444   22.552444
16100         80    148      37   63.211927   26.211927
16101         80    149      36   43.033230    7.033230
16102         80    150      35   51.143996   16.143996
16103         80    151      34   47.006956   13.006956
16104         80    152      33   35.173631    2.173631
16105         80    153      32   53.186211   21.186211
16106         80    154      31   46.092154   15.092154
16107         80    155      30   41.953006   11.953006
16108         80    156      29   29.326181    0.326181
16109         80    157      28   38.654895   10.654895
16110         80    158      27   27.202743    0.202743
16111         80    159      26   35.258197    9.258197
16112         80    160      25   55.547445   30.547445
16113         80    161      24   39.984811   15.984811
16114         80    162      23   40.507847   17.507847
16115         80    163      22   34.800558   12.800558
16116         80    164      21   40.444503   19.444503
16117         80    165      20   21.909398    1.909398
16118         80    166      19   27.854951    8.854951
16119         80    167      18   26.546301    8.546301
16120         80    168      17   24.566869    7.566869
16121         80    169      16   23.114976    7.114976
16122         80    170      15   28.251052   13.251052
16123         80    171      14   21.717584    7.717584
16124         80    172      13   20.561746    7.561746
16125         80    173      12   25.346629   13.346629
16126         80    174      11   17.184610    6.184610
16127         80    175      10   26.318945   16.318945
16128         80    176       9   31.085312   22.085312
16129         80    177       8   18.007010   10.007010
16130         80    178       7   19.728595   12.728595
16131         80    179       6   16.101589   10.101589
16132         80    180       5   14.410753    9.410753
16133         80    181       4   14.410753   10.410753
16134         80    182       3   14.410753   11.410753
16135         80    183       2   12.347853   10.347853
16136         80    184       1   12.729149   11.729149
16137         80    185       0   12.347853   12.347853