       engine_id  cycle  target  prediction    residual
0              1      1     191  228.353959   37.353959
1              1      2     190  215.707135   25.707135
2              1      3     189  208.303082   19.303082
3              1      4     188  204.471834   16.471834
4              1      5     187  194.909136    7.909136
5              1      6     186  200.869786   14.869786
6              1      7     185  194.656946    9.656946
7              1      8     184  193.490511    9.490511
8              1      9     183  190.506466    7.506466
9              1     10     182  191.683636    9.683636
10             1     11     181  192.945953   11.945953
11             1     12     180  192.363194   12.363194
12             1     13     179  178.748792   -0.251208
13             1     14     178  183.908871    5.908871
14             1     15     177  180.651582    3.651582
15             1     16     176  184.842711    8.842711
16             1     17     175  177.253211    2.253211
17             1     18     174  180.458528    6.458528
18             1     19     173  175.248426    2.248426
19             1     20     172  182.584721   10.584721
20             1     21     171  177.193356    6.193356
21             1     22     170  172.970034    2.970034
22             1     23     169  176.883962    7.883962
23             1     24     168  169.921813    1.921813
24             1     25     167  172.701905    5.701905
25             1     26     166  170.858974    4.858974
26             1     27     165  167.594293    2.594293
27             1     28     164  164.946416    0.946416
28             1     29     163  167.841326    4.841326
29             1     30     162  169.757738    7.757738
30             1     31     161  164.381586    3.381586
31             1     32     160  170.882370   10.882370
32             1     33     159  168.485251    9.485251
33             1     34     158  164.883647    6.883647
34             1     35     157  170.513278   13.513278
35             1     36     156  171.945279   15.945279
36             1     37     155  171.853550   16.853550
37             1     38     154  175.260304   21.260304
38             1     39     153  172.696064   19.696064
39             1     40     152  172.962789   20.962789
40             1     41     151  171.786494   20.786494
41             1     42     150  163.878320   13.878320
42             1     43     149  166.286791   17.286791
43             1     44     148  171.505601   23.505601
44             1     45     147  163.160109   16.160109
45             1     46     146  163.921417   17.921417
46             1     47     145  169.813647   24.813647
47             1     48     144  162.679336   18.679336
48             1     49     143  168.105696   25.105696
49             1     50     142  160.463756   18.463756
50             1     51     141  161.471467   20.471467
51             1     52     140  158.489049   18.489049
52             1     53     139  158.138237   19.138237
53             1     54     138  155.283145   17.283145
54             1     55     137  159.221677   22.221677
55             1     56     136  158.651486   22.651486
56             1     57     135  149.857558   14.857558
57             1     58     134  150.019717   16.019717
58             1     59     133  149.599929   16.599929
59             1     60     132  149.301097   17.301097
60             1     61     131  144.901417   13.901417
61             1     62     130  145.360246   15.360246
62             1     63     129  139.063124   10.063124
63             1     64     128  142.612293   14.612293
64             1     65     127  138.022301   11.022301
65             1     66     126  143.330615   17.330615
66             1     67     125  141.061908   16.061908
67             1     68     124  140.173411   16.173411
68             1     69     123  144.997567   21.997567
69             1     70     122  143.147940   21.147940
70             1     71     121  145.768147   24.768147
71             1     72     120  143.346478   23.346478
72             1     73     119  148.607969   29.607969
73             1     74     118  144.946693   26.946693
74             1     75     117  144.771008   27.771008
75             1     76     116  146.171804   30.171804
76             1     77     115  141.989590   26.989590
77             1     78     114  142.428489   28.428489
78             1     79     113  138.551647   25.551647
79             1     80     112  134.550539   22.550539
80             1     81     111  134.992804   23.992804
81             1     82     110  138.555849   28.555849
82             1     83     109  136.989646   27.989646
83             1     84     108  131.461335   23.461335
84             1     85     107  135.610514   28.610514
85             1     86     106  132.199460   26.199460
86             1     87     105  126.890877   21.890877
87             1     88     104  128.263003   24.263003
88             1     89     103  125.453029   22.453029
89             1     90     102  127.630374   25.630374
90             1     91     101  126.554458   25.554458
91             1     92     100  123.406686   23.406686
92             1     93      99  118.377997   19.377997
93             1     94      98  116.950095   18.950095
94             1     95      97  118.980229   21.980229
95             1     96      96  119.957591   23.957591
96             1     97      95  120.120570   25.120570
97             1     98      94  122.784750   28.784750
98             1     99      93  117.242089   24.242089
99             1    100      92  120.969257   28.969257
100            1    101      91  116.748723   25.748723
101            1    102      90  114.665179   24.665179
102            1    103      89  112.673369   23.673369
103            1    104      88  120.501860   32.501860
104            1    105      87  117.409935   30.409935
105            1    106      86  115.428091   29.428091
106            1    107      85  118.364124   33.364124
107            1    108      84  118.263636   34.263636
108            1    109      83  118.328879   35.328879
109            1    110      82  116.658440   34.658440
110            1    111      81  108.870814   27.870814
111            1    112      80  116.291561   36.291561
112            1    113      79  108.098838   29.098838
113            1    114      78  112.471400   34.471400
114            1    115      77  110.127535   33.127535
115            1    116      76  114.596063   38.596063
116            1    117      75  107.323280   32.323280
117            1    118      74  106.932707   32.932707
118            1    119      73  107.317381   34.317381
119            1    120      72  104.795097   32.795097
120            1    121      71  107.038254   36.038254
121            1    122      70   93.183132   23.183132
122            1    123      69   91.551158   22.551158
123            1    124      68   86.092696   18.092696
124            1    125      67   91.445721   24.445721
125            1    126      66   94.938415   28.938415
126            1    127      65   92.101395   27.101395
127            1    128      64   86.481830   22.481830
128            1    129      63   84.719525   21.719525
129            1    130      62   89.040033   27.040033
130            1    131      61   83.389464   22.389464
131            1    132      60   76.264656   16.264656
132            1    133      59   78.678382   19.678382
133            1    134      58   78.567882   20.567882
134            1    135      57   78.087703   21.087703
135            1    136      56   79.214419   23.214419
136            1    137      55   70.856532   15.856532
137            1    138      54   75.585790   21.585790
138            1    139      53   74.692543   21.692543
139            1    140      52   73.545235   21.545235
140            1    141      51   72.690285   21.690285
141            1    142      50   70.058635   20.058635
142            1    143      49   71.485242   22.485242
143            1    144      48   67.477213   19.477213
144            1    145      47   63.627293   16.627293
145            1    146      46   66.406966   20.406966
146            1    147      45   63.651204   18.651204
147            1    148      44   65.233686   21.233686
148            1    149      43   57.161577   14.161577
149            1    150      42   55.361780   13.361780
150            1    151      41   53.915777   12.915777
151            1    152      40   50.514703   10.514703
152            1    153      39   47.644911    8.644911
153            1    154      38   46.565265    8.565265
154            1    155      37   46.790537    9.790537
155            1    156      36   44.273923    8.273923
156            1    157      35   44.930179    9.930179
157            1    158      34   44.633127   10.633127
158            1    159      33   41.728558    8.728558
159            1    160      32   33.951748    1.951748
160            1    161      31   36.143331    5.143331
161            1    162      30   29.986551   -0.013449
162            1    163      29   24.461849   -4.538151
163            1    164      28   24.697190   -3.302810
164            1    165      27   26.270738   -0.729262
165            1    166      26   22.192461   -3.807539
166            1    167      25   26.281861    1.281861
167            1    168      24   25.211809    1.211809
168            1    169      23   21.804385   -1.195615
169            1    170      22   21.162416   -0.837584
170            1    171      21   19.898421   -1.101579
171            1    172      20   13.812872   -6.187128
172            1    173      19   13.324827   -5.675173
173            1    174      18   13.814842   -4.185158
174            1    175      17   13.105946   -3.894054
175            1    176      16   14.500890   -1.499110
176            1    177      15   14.288021   -0.711979
177            1    178      14   16.018331    2.018331
178            1    179      13   12.749230   -0.250770
179            1    180      12    9.229258   -2.770742
180            1    181      11    8.020343   -2.979657
181            1    182      10    4.726406   -5.273594
182            1    183       9    2.970971   -6.029029
183            1    184       8   -4.531857  -12.531857
184            1    185       7   -6.003458  -13.003458
185            1    186       6   -2.112789   -8.112789
186            1    187       5  -10.392943  -15.392943
187            1    188       4   -9.049303  -13.049303
188            1    189       3  -12.211907  -15.211907
189            1    190       2  -11.390239  -13.390239
190            1    191       1  -14.608720  -15.608720
191            1    192       0  -15.487971  -15.487971
192            2      1     286  257.776633  -28.223367
193            2      2     285  236.404629  -48.595371
194            2      3     284  246.323582  -37.676418
195            2      4     283  241.631288  -41.368712
196            2      5     282  239.564590  -42.435410
197            2      6     281  244.628003  -36.371997
198            2      7     280  235.634438  -44.365562
199            2      8     279  231.257461  -47.742539
200            2      9     278  234.617820  -43.382180
201            2     10     277  230.232443  -46.767557
202            2     11     276  219.342188  -56.657812
203            2     12     275  222.525356  -52.474644
204            2     13     274  220.954256  -53.045744
205            2     14     273  219.661098  -53.338902
206            2     15     272  210.892387  -61.107613
207            2     16     271  213.605226  -57.394774
208            2     17     270  208.894562  -61.105438
209            2     18     269  206.560952  -62.439048
210            2     19     268  207.913631  -60.086369
211            2     20     267  208.514907  -58.485093
212            2     21     266  209.678801  -56.321199
213            2     22     265  201.608235  -63.391765
214            2     23     264  197.394157  -66.605843
215            2     24     263  196.888865  -66.111135
216            2     25     262  196.066711  -65.933289
217            2     26     261  202.375312  -58.624688
218            2     27     260  194.061472  -65.938528
219            2     28     259  202.590903  -56.409097
220            2     29     258  196.545900  -61.454100
221            2     30     257  193.614256  -63.385744
222            2     31     256  194.558307  -61.441693
223            2     32     255  191.687296  -63.312704
224            2     33     254  189.234893  -64.765107
225            2     34     253  188.464778  -64.535222
226            2     35     252  186.011088  -65.988912
227            2     36     251  185.698872  -65.301128
228            2     37     250  184.435376  -65.564624
229            2     38     249  177.956204  -71.043796
230            2     39     248  177.953001  -70.046999
231            2     40     247  175.324079  -71.675921
232            2     41     246  169.752611  -76.247389
233            2     42     245  180.813761  -64.186239
234            2     43     244  177.049698  -66.950302
235            2     44     243  170.925606  -72.074394
236            2     45     242  170.718541  -71.281459
237            2     46     241  173.063138  -67.936862
238            2     47     240  172.356780  -67.643220
239            2     48     239  172.936842  -66.063158
240            2     49     238  174.250607  -63.749393
241            2     50     237  169.984559  -67.015441
242            2     51     236  170.768305  -65.231695
243            2     52     235  171.607722  -63.392278
244            2     53     234  179.861894  -54.138106
245            2     54     233  173.709255  -59.290745
246            2     55     232  177.126875  -54.873125
247            2     56     231  180.695231  -50.304769
248            2     57     230  177.078313  -52.921687
249            2     58     229  176.977020  -52.022980
250            2     59     228  174.791550  -53.208450
251            2     60     227  170.379050  -56.620950
252            2     61     226  170.262340  -55.737660
253            2     62     225  168.355797  -56.644203
254            2     63     224  165.699878  -58.300122
255            2     64     223  170.380776  -52.619224
256            2     65     222  164.861451  -57.138549
257            2     66     221  166.306220  -54.693780
258            2     67     220  168.690028  -51.309972
259            2     68     219  164.479753  -54.520247
260            2     69     218  161.140291  -56.859709
261            2     70     217  160.183076  -56.816924
262            2     71     216  158.383970  -57.616030
263            2     72     215  162.443778  -52.556222
264            2     73     214  169.168162  -44.831838
265            2     74     213  168.479305  -44.520695
266            2     75     212  174.267625  -37.732375
267            2     76     211  166.985038  -44.014962
268            2     77     210  167.831674  -42.168326
269            2     78     209  172.715230  -36.284770
270            2     79     208  160.041680  -47.958320
271            2     80     207  169.419687  -37.580313
272            2     81     206  167.911849  -38.088151
273            2     82     205  165.275498  -39.724502
274            2     83     204  164.000073  -39.999927
275            2     84     203  162.589642  -40.410358
276            2     85     202  166.900789  -35.099211
277            2     86     201  162.581558  -38.418442
278            2     87     200  160.217275  -39.782725
279            2     88     199  168.303544  -30.696456
280            2     89     198  161.988565  -36.011435
281            2     90     197  161.784824  -35.215176
282            2     91     196  159.669909  -36.330091
283            2     92     195  156.310523  -38.689477
284            2     93     194  155.853865  -38.146135
285            2     94     193  154.834921  -38.165079
286            2     95     192  154.885015  -37.114985
287            2     96     191  151.223358  -39.776642
288            2     97     190  147.647002  -42.352998
289            2     98     189  153.389759  -35.610241
290            2     99     188  147.448551  -40.551449
291            2    100     187  143.528691  -43.471309
292            2    101     186  148.194169  -37.805831
293            2    102     185  142.887414  -42.112586
294            2    103     184  143.682252  -40.317748
295            2    104     183  140.903740  -42.096260
296            2    105     182  135.185175  -46.814825
297            2    106     181  134.162826  -46.837174
298            2    107     180  141.554354  -38.445646
299            2    108     179  137.525955  -41.474045
300            2    109     178  130.892683  -47.107317
301            2    110     177  133.722824  -43.277176
302            2    111     176  140.423788  -35.576212
303            2    112     175  133.702172  -41.297828
304            2    113     174  142.254666  -31.745334
305            2    114     173  143.953762  -29.046238
306            2    115     172  138.567379  -33.432621
307            2    116     171  144.561791  -26.438209
308            2    117     170  141.610402  -28.389598
309            2    118     169  137.779834  -31.220166
310            2    119     168  133.264207  -34.735793
311            2    120     167  138.460890  -28.539110
312            2    121     166  141.597652  -24.402348
313            2    122     165  136.420167  -28.579833
314            2    123     164  138.415797  -25.584203
315            2    124     163  140.930860  -22.069140
316            2    125     162  138.503841  -23.496159
317            2    126     161  134.565350  -26.434650
318            2    127     160  132.384244  -27.615756
319            2    128     159  143.353014  -15.646986
320            2    129     158  144.132235  -13.867765
321            2    130     157  140.458338  -16.541662
322            2    131     156  144.454511  -11.545489
323            2    132     155  137.339696  -17.660304
324            2    133     154  133.653281  -20.346719
325            2    134     153  136.553872  -16.446128
326            2    135     152  137.019113  -14.980887
327            2    136     151  143.049407   -7.950593
328            2    137     150  136.055245  -13.944755
329            2    138     149  138.412485  -10.587515
330            2    139     148  136.934503  -11.065497
331            2    140     147  139.323675   -7.676325
332            2    141     146  133.619696  -12.380304
333            2    142     145  135.047505   -9.952495
334            2    143     144  132.745253  -11.254747
335            2    144     143  135.393822   -7.606178
336            2    145     142  135.389376   -6.610624
337            2    146     141  135.633334   -5.366666
338            2    147     140  129.264367  -10.735633
339            2    148     139  133.005891   -5.994109
340            2    149     138  128.597551   -9.402449
341            2    150     137  132.374964   -4.625036
342            2    151     136  129.376506   -6.623494
343            2    152     135  127.717015   -7.282985
344            2    153     134  119.760845  -14.239155
345            2    154     133  130.519842   -2.480158
346            2    155     132  127.654598   -4.345402
347            2    156     131  130.119253   -0.880747
348            2    157     130  118.032977  -11.967023
349            2    158     129  124.048598   -4.951402
350            2    159     128  122.319777   -5.680223
351            2    160     127  118.449899   -8.550101
352            2    161     126  120.206725   -5.793275
353            2    162     125  117.750633   -7.249367
354            2    163     124  117.618287   -6.381713
355            2    164     123  115.995540   -7.004460
356            2    165     122  115.649783   -6.350217
357            2    166     121  113.759169   -7.240831
358            2    167     120  114.163773   -5.836227
359            2    168     119  114.374792   -4.625208
360            2    169     118  107.658996  -10.341004
361            2    170     117  113.144825   -3.855175
362            2    171     116  111.137889   -4.862111
363            2    172     115  111.134724   -3.865276
364            2    173     114  111.378823   -2.621177
365            2    174     113  107.345539   -5.654461
366            2    175     112  107.630732   -4.369268
367            2    176     111  111.149765    0.149765
368            2    177     110  108.301408   -1.698592
369            2    178     109  106.623571   -2.376429
370            2    179     108  108.112709    0.112709
371            2    180     107  104.214405   -2.785595
372            2    181     106  112.685518    6.685518
373            2    182     105  101.560981   -3.439019
374            2    183     104  103.270216   -0.729784
375            2    184     103  103.385447    0.385447
376            2    185     102  104.922526    2.922526
377            2    186     101   98.143865   -2.856135
378            2    187     100   95.201624   -4.798376
379            2    188      99   99.234939    0.234939
380            2    189      98   93.969570   -4.030430
381            2    190      97   97.443192    0.443192
382            2    191      96   90.743482   -5.256518
383            2    192      95   89.387725   -5.612275
384            2    193      94   88.602696   -5.397304
385            2    194      93   85.711631   -7.288369
386            2    195      92   92.348379    0.348379
387            2    196      91   89.893216   -1.106784
388            2    197      90   89.421880   -0.578120
389            2    198      89   87.636690   -1.363310
390            2    199      88   78.699320   -9.300680
391            2    200      87   81.996761   -5.003239
392            2    201      86   82.004015   -3.995985
393            2    202      85   73.991681  -11.008319
394            2    203      84   67.972418  -16.027582
395            2    204      83   74.245444   -8.754556
396            2    205      82   70.405409  -11.594591
397            2    206      81   79.574688   -1.425312
398            2    207      80   72.731190   -7.268810
399            2    208      79   68.879334  -10.120666
400            2    209      78   69.094520   -8.905480
401            2    210      77   68.924036   -8.075964
402            2    211      76   63.838321  -12.161679
403            2    212      75   61.406411  -13.593589
404            2    213      74   67.156523   -6.843477
405            2    214      73   68.176535   -4.823465
406            2    215      72   58.402546  -13.597454
407            2    216      71   63.782289   -7.217711
408            2    217      70   57.311268  -12.688732
409            2    218      69   63.158562   -5.841438
410            2    219      68   61.532264   -6.467736
411            2    220      67   59.500194   -7.499806
412            2    221      66   58.979825   -7.020175
413            2    222      65   55.085335   -9.914665
414            2    223      64   50.997592  -13.002408
415            2    224      63   45.463968  -17.536032
416            2    225      62   48.674410  -13.325590
417            2    226      61   54.995198   -6.004802
418            2    227      60   50.122669   -9.877331
419            2    228      59   49.318308   -9.681692
420            2    229      58   46.721909  -11.278091
421            2    230      57   46.483038  -10.516962
422            2    231      56   47.544821   -8.455179
423            2    232      55   43.302141  -11.697859
424            2    233      54   44.855442   -9.144558
425            2    234      53   42.575424  -10.424576
426            2    235      52   34.192577  -17.807423
427            2    236      51   41.479643   -9.520357
428            2    237      50   36.157511  -13.842489
429            2    238      49   36.273411  -12.726589
430            2    239      48   37.190076  -10.809924
431            2    240      47   38.363968   -8.636032
432            2    241      46   32.453913  -13.546087
433            2    242      45   37.406418   -7.593582
434            2    243      44   34.075174   -9.924826
435            2    244      43   31.849365  -11.150635
436            2    245      42   28.931598  -13.068402
437            2    246      41   31.968434   -9.031566
438            2    247      40   29.917105  -10.082895
439            2    248      39   26.116697  -12.883303
440            2    249      38   28.071779   -9.928221
441            2    250      37   31.102470   -5.897530
442            2    251      36   28.872948   -7.127052
443            2    252      35   25.861479   -9.138521
444            2    253      34   27.753927   -6.246073
445            2    254      33   21.395063  -11.604937
446            2    255      32   25.894521   -6.105479
447            2    256      31   23.759463   -7.240537
448            2    257      30   23.430995   -6.569005
449            2    258      29   22.465938   -6.534062
450            2    259      28   18.106637   -9.893363
451            2    260      27   19.392239   -7.607761
452            2    261      26   17.174554   -8.825446
453            2    262      25   23.002262   -1.997738
454            2    263      24   21.290658   -2.709342
455            2    264      23   20.123547   -2.876453
456            2    265      22   19.352153   -2.647847
457            2    266      21   25.436544    4.436544
458            2    267      20   24.785534    4.785534
459            2    268      19   23.638869    4.638869
460            2    269      18   14.878344   -3.121656
461            2    270      17   19.655653    2.655653
462            2    271      16   12.431684   -3.568316
463            2    272      15   19.244201    4.244201
464            2    273      14   17.551394    3.551394
465            2    274      13   15.405372    2.405372
466            2    275      12   15.576965    3.576965
467            2    276      11   17.566402    6.566402
468            2    277      10   15.796465    5.796465
469            2    278       9   14.786383    5.786383
470            2    279       8   13.277152    5.277152
471            2    280       7   17.974921   10.974921
472            2    281       6   13.736298    7.736298
473            2    282       5   14.448366    9.448366
474            2    283       4   13.792845    9.792845
475            2    284       3    9.720508    6.720508
476            2    285       2    9.033835    7.033835
477            2    286       1    9.621759    8.621759
478            2    287       0   10.467561   10.467561
479            3      1     178  226.826019   48.826019
480            3      2     177  205.712437   28.712437
481            3      3     176  207.945308   31.945308
482            3      4     175  196.936867   21.936867
483            3      5     174  201.147330   27.147330
484            3      6     173  198.324699   25.324699
485            3      7     172  185.634806   13.634806
486            3      8     171  185.384263   14.384263
487            3      9     170  186.180658   16.180658
488            3     10     169  180.173671   11.173671
489            3     11     168  180.890867   12.890867
490            3     12     167  176.981538    9.981538
491            3     13     166  181.549911   15.549911
492            3     14     165  177.429265   12.429265
493            3     15     164  179.469558   15.469558
494            3     16     163  179.894532   16.894532
495            3     17     162  177.171756   15.171756
496            3     18     161  173.772353   12.772353
497            3     19     160  175.591755   15.591755
498            3     20     159  175.740673   16.740673
499            3     21     158  175.441026   17.441026
500            3     22     157  171.720079   14.720079
501            3     23     156  175.381526   19.381526
502            3     24     155  172.184486   17.184486
503            3     25     154  176.671712   22.671712
504            3     26     153  169.376139   16.376139
505            3     27     152  172.196663   20.196663
506            3     28     151  170.691576   19.691576
507            3     29     150  171.015780   21.015780
508            3     30     149  169.869856   20.869856
509            3     31     148  161.549057   13.549057
510            3     32     147  162.529091   15.529091
511            3     33     146  168.130175   22.130175
512            3     34     145  167.739293   22.739293
513            3     35     144  165.751019   21.751019
514            3     36     143  165.534571   22.534571
515            3     37     142  164.686289   22.686289
516            3     38     141  157.254622   16.254622
517            3     39     140  163.581218   23.581218
518            3     40     139  162.573392   23.573392
519            3     41     138  162.450047   24.450047
520            3     42     137  165.148776   28.148776
521            3     43     136  153.574976   17.574976
522            3     44     135  162.508148   27.508148
523            3     45     134  159.742012   25.742012
524            3     46     133  148.584772   15.584772
525            3     47     132  157.165111   25.165111
526            3     48     131  154.657260   23.657260
527            3     49     130  156.436210   26.436210
528            3     50     129  153.226196   24.226196
529            3     51     128  157.141222   29.141222
530            3     52     127  152.715437   25.715437
531            3     53     126  151.127193   25.127193
532            3     54     125  145.905300   20.905300
533            3     55     124  148.972565   24.972565
534            3     56     123  149.788000   26.788000
535            3     57     122  143.656461   21.656461
536            3     58     121  141.353454   20.353454
537            3     59     120  150.637700   30.637700
538            3     60     119  136.897666   17.897666
539            3     61     118  143.060973   25.060973
540            3     62     117  141.414315   24.414315
541            3     63     116  146.030341   30.030341
542            3     64     115  140.793749   25.793749
543            3     65     114  149.249884   35.249884
544            3     66     113  148.115295   35.115295
545            3     67     112  144.722515   32.722515
546            3     68     111  146.049764   35.049764
547            3     69     110  144.511386   34.511386
548            3     70     109  142.555724   33.555724
549            3     71     108  139.834249   31.834249
550            3     72     107  135.485418   28.485418
551            3     73     106  148.142099   42.142099
552            3     74     105  142.427666   37.427666
553            3     75     104  142.560372   38.560372
554            3     76     103  139.189335   36.189335
555            3     77     102  133.441151   31.441151
556            3     78     101  128.810187   27.810187
557            3     79     100  134.969625   34.969625
558            3     80      99  135.408356   36.408356
559            3     81      98  127.918932   29.918932
560            3     82      97  128.270972   31.270972
561            3     83      96  130.060542   34.060542
562            3     84      95  126.230570   31.230570
563            3     85      94  122.794989   28.794989
564            3     86      93  122.220650   29.220650
565            3     87      92  123.800787   31.800787
566            3     88      91  118.468269   27.468269
567            3     89      90  121.343375   31.343375
568            3     90      89  114.620844   25.620844
569            3     91      88  117.510377   29.510377
570            3     92      87  119.617619   32.617619
571            3     93      86  108.800516   22.800516
572            3     94      85  116.879658   31.879658
573            3     95      84  114.982928   30.982928
574            3     96      83  110.798117   27.798117
575            3     97      82  106.689154   24.689154
576            3     98      81  103.406784   22.406784
577            3     99      80  106.410207   26.410207
578            3    100      79  108.273940   29.273940
579            3    101      78  103.983725   25.983725
580            3    102      77  106.279177   29.279177
581            3    103      76  100.697190   24.697190
582            3    104      75   98.484895   23.484895
583            3    105      74  100.254324   26.254324
584            3    106      73  100.912797   27.912797
585            3    107      72   94.297880   22.297880
586            3    108      71   94.503357   23.503357
587            3    109      70   98.064323   28.064323
588            3    110      69   94.183043   25.183043
589            3    111      68  100.089934   32.089934
590            3    112      67   98.756318   31.756318
591            3    113      66   99.139596   33.139596
592            3    114      65   98.410106   33.410106
593            3    115      64   89.277589   25.277589
594            3    116      63   94.611255   31.611255
595            3    117      62   89.273843   27.273843
596            3    118      61   86.011816   25.011816
597            3    119      60   85.427312   25.427312
598            3    120      59   86.912217   27.912217
599            3    121      58   84.524028   26.524028
600            3    122      57   82.954443   25.954443
601            3    123      56   87.244803   31.244803
602            3    124      55   78.982160   23.982160
603            3    125      54   77.665472   23.665472
604            3    126      53   77.362790   24.362790
605            3    127      52   74.622254   22.622254
606            3    128      51   74.226684   23.226684
607            3    129      50   75.038858   25.038858
608            3    130      49   68.181920   19.181920
609            3    131      48   72.346549   24.346549
610            3    132      47   69.690649   22.690649
611            3    133      46   74.681354   28.681354
612            3    134      45   69.701940   24.701940
613            3    135      44   73.126535   29.126535
614            3    136      43   66.717369   23.717369
615            3    137      42   67.879503   25.879503
616            3    138      41   65.626724   24.626724
617            3    139      40   62.786364   22.786364
618            3    140      39   60.646966   21.646966
619            3    141      38   53.975031   15.975031
620            3    142      37   51.445273   14.445273
621            3    143      36   53.854732   17.854732
622            3    144      35   50.615796   15.615796
623            3    145      34   54.514165   20.514165
624            3    146      33   57.882793   24.882793
625            3    147      32   55.181674   23.181674
626            3    148      31   49.870361   18.870361
627            3    149      30   47.260724   17.260724
628            3    150      29   42.145100   13.145100
629            3    151      28   40.662288   12.662288
630            3    152      27   42.844283   15.844283
631            3    153      26   39.266673   13.266673
632            3    154      25   37.508194   12.508194
633            3    155      24   34.960758   10.960758
634            3    156      23   36.795094   13.795094
635            3    157      22   31.367046    9.367046
636            3    158      21   29.376803    8.376803
637            3    159      20   30.784459   10.784459
638            3    160      19   30.435381   11.435381
639            3    161      18   23.166862    5.166862
640            3    162      17   21.238386    4.238386
641            3    163      16   21.322065    5.322065
642            3    164      15   16.118984    1.118984
643            3    165      14   16.242933    2.242933
644            3    166      13   10.892560   -2.107440
645            3    167      12   10.286511   -1.713489
646            3    168      11    6.783115   -4.216885
647            3    169      10    3.541078   -6.458922
648            3    170       9    2.963399   -6.036601
649            3    171       8   -4.383956  -12.383956
650            3    172       7   -2.265395   -9.265395
651            3    173       6   -6.638439  -12.638439
652            3    174       5  -12.822587  -17.822587
653            3    175       4  -13.886046  -17.886046
654            3    176       3  -13.675177  -16.675177
655            3    177       2  -19.611351  -21.611351
656            3    178       1  -19.664580  -20.664580
657            3    179       0  -28.248366  -28.248366
658            4      1     188  197.321568    9.321568
659            4      2     187  196.162250    9.162250
660            4      3     186  193.627981    7.627981
661            4      4     185  191.667625    6.667625
662            4      5     184  189.579336    5.579336
663            4      6     183  192.002618    9.002618
664            4      7     182  189.913956    7.913956
665            4      8     181  194.299286   13.299286
666            4      9     180  191.851606   11.851606
667            4     10     179  184.413366    5.413366
668            4     11     178  189.488026   11.488026
669            4     12     177  183.217167    6.217167
670            4     13     176  183.538357    7.538357
671            4     14     175  182.458419    7.458419
672            4     15     174  185.832833   11.832833
673            4     16     173  181.837015    8.837015
674            4     17     172  176.755208    4.755208
675            4     18     171  175.718652    4.718652
676            4     19     170  176.218858    6.218858
677            4     20     169  177.558705    8.558705
678            4     21     168  170.193942    2.193942
679            4     22     167  161.049875   -5.950125
680            4     23     166  164.851999   -1.148001
681            4     24     165  156.149259   -8.850741
682            4     25     164  159.208631   -4.791369
683            4     26     163  157.645206   -5.354794
684            4     27     162  158.900141   -3.099859
685            4     28     161  151.726238   -9.273762
686            4     29     160  155.293608   -4.706392
687            4     30     159  150.292953   -8.707047
688            4     31     158  152.406088   -5.593912
689            4     32     157  150.227433   -6.772567
690            4     33     156  150.493934   -5.506066
691            4     34     155  146.974744   -8.025256
692            4     35     154  147.875225   -6.124775
693            4     36     153  144.784116   -8.215884
694            4     37     152  151.258441   -0.741559
695            4     38     151  149.062010   -1.937990
696            4     39     150  144.385279   -5.614721
697            4     40     149  148.629546   -0.370454
698            4     41     148  152.687695    4.687695
699            4     42     147  150.666484    3.666484
700            4     43     146  146.595526    0.595526
701            4     44     145  150.619914    5.619914
702            4     45     144  151.218602    7.218602
703            4     46     143  145.834462    2.834462
704            4     47     142  144.003939    2.003939
705            4     48     141  149.841125    8.841125
706            4     49     140  145.697378    5.697378
707            4     50     139  138.358987   -0.641013
708            4     51     138  146.416678    8.416678
709            4     52     137  140.635566    3.635566
710            4     53     136  140.958309    4.958309
711            4     54     135  132.450312   -2.549688
712            4     55     134  136.099560    2.099560
713            4     56     133  135.849063    2.849063
714            4     57     132  134.018625    2.018625
715            4     58     131  131.745579    0.745579
716            4     59     130  142.231567   12.231567
717            4     60     129  141.541060   12.541060
718            4     61     128  139.370388   11.370388
719            4     62     127  140.760848   13.760848
720            4     63     126  141.320450   15.320450
721            4     64     125  142.991659   17.991659
722            4     65     124  147.172396   23.172396
723            4     66     123  139.262217   16.262217
724            4     67     122  137.586072   15.586072
725            4     68     121  136.201604   15.201604
726            4     69     120  136.669593   16.669593
727            4     70     119  132.386249   13.386249
728            4     71     118  132.563757   14.563757
729            4     72     117  133.660997   16.660997
730            4     73     116  125.057721    9.057721
731            4     74     115  124.123781    9.123781
732            4     75     114  121.853900    7.853900
733            4     76     113  117.595995    4.595995
734            4     77     112  115.603401    3.603401
735            4     78     111  117.426957    6.426957
736            4     79     110  114.661057    4.661057
737            4     80     109  116.600968    7.600968
738            4     81     108  114.324332    6.324332
739            4     82     107  115.397733    8.397733
740            4     83     106  116.274921   10.274921
741            4     84     105  109.821235    4.821235
742            4     85     104  111.937485    7.937485
743            4     86     103  108.400373    5.400373
744            4     87     102  106.917077    4.917077
745            4     88     101  102.356907    1.356907
746            4     89     100  112.503567   12.503567
747            4     90      99  113.029060   14.029060
748            4     91      98  111.950320   13.950320
749            4     92      97  107.570787   10.570787
750            4     93      96  110.479054   14.479054
751            4     94      95  106.914772   11.914772
752            4     95      94  107.628166   13.628166
753            4     96      93  108.678051   15.678051
754            4     97      92  104.101697   12.101697
755            4     98      91  105.170831   14.170831
756            4     99      90  103.503837   13.503837
757            4    100      89  104.760214   15.760214
758            4    101      88  102.042798   14.042798
759            4    102      87   98.363100   11.363100
760            4    103      86  106.918397   20.918397
761            4    104      85  106.900359   21.900359
762            4    105      84  104.862058   20.862058
763            4    106      83  101.261982   18.261982
764            4    107      82  101.781158   19.781158
765            4    108      81  101.469222   20.469222
766            4    109      80   96.847035   16.847035
767            4    110      79  102.420715   23.420715
768            4    111      78   97.411868   19.411868
769            4    112      77   92.589467   15.589467
770            4    113      76   91.669592   15.669592
771            4    114      75   92.945988   17.945988
772            4    115      74   89.773759   15.773759
773            4    116      73   88.130609   15.130609
774            4    117      72   85.185183   13.185183
775            4    118      71   91.707516   20.707516
776            4    119      70   79.542777    9.542777
777            4    120      69   79.483645   10.483645
778            4    121      68   80.533851   12.533851
779            4    122      67   81.000726   14.000726
780            4    123      66   80.007681   14.007681
781            4    124      65   79.317969   14.317969
782            4    125      64   84.965808   20.965808
783            4    126      63   78.160400   15.160400
784            4    127      62   77.467239   15.467239
785            4    128      61   71.212548   10.212548
786            4    129      60   80.961884   20.961884
787            4    130      59   81.460564   22.460564
788            4    131      58   75.806486   17.806486
789            4    132      57   70.475886   13.475886
790            4    133      56   71.189268   15.189268
791            4    134      55   73.893096   18.893096
792            4    135      54   67.141659   13.141659
793            4    136      53   65.654456   12.654456
794            4    137      52   67.394453   15.394453
795            4    138      51   66.710393   15.710393
796            4    139      50   68.376219   18.376219
797            4    140      49   62.686363   13.686363
798            4    141      48   63.658167   15.658167
799            4    142      47   58.769285   11.769285
800            4    143      46   61.238256   15.238256
801            4    144      45   60.297705   15.297705
802            4    145      44   60.144171   16.144171
803            4    146      43   55.141163   12.141163
804            4    147      42   53.354202   11.354202
805            4    148      41   62.059811   21.059811
806            4    149      40   55.663706   15.663706
807            4    150      39   60.319814   21.319814
808            4    151      38   59.800526   21.800526
809            4    152      37   59.620097   22.620097
810            4    153      36   55.510024   19.510024
811            4    154      35   56.621303   21.621303
812            4    155      34   50.778674   16.778674
813            4    156      33   50.168177   17.168177
814            4    157      32   50.032074   18.032074
815            4    158      31   41.932978   10.932978
816            4    159      30   40.436143   10.436143
817            4    160      29   41.337289   12.337289
818            4    161      28   36.828076    8.828076
819            4    162      27   37.094234   10.094234
820            4    163      26   31.149318    5.149318
821            4    164      25   26.981735    1.981735
822            4    165      24   30.467952    6.467952
823            4    166      23   26.255886    3.255886
824            4    167      22   24.484230    2.484230
825            4    168      21   27.244416    6.244416
826            4    169      20   23.353610    3.353610
827            4    170      19   21.422592    2.422592
828            4    171      18   20.611670    2.611670
829            4    172      17   16.625831   -0.374169
830            4    173      16   17.743447    1.743447
831            4    174      15   13.812829   -1.187171
832            4    175      14   10.740241   -3.259759
833            4    176      13    9.869406   -3.130594
834            4    177      12    7.716858   -4.283142
835            4    178      11    3.674841   -7.325159
836            4    179      10    2.231392   -7.768608
837            4    180       9    0.478216   -8.521784
838            4    181       8   -5.678133  -13.678133
839            4    182       7   -5.813615  -12.813615
840            4    183       6   -7.272717  -13.272717
841            4    184       5   -9.133418  -14.133418
842            4    185       4  -12.939342  -16.939342
843            4    186       3  -14.254980  -17.254980
844            4    187       2  -24.706804  -26.706804
845            4    188       1  -22.833656  -23.833656
846            4    189       0  -23.070370  -23.070370
847            5      1     268  235.575636  -32.424364
848            5      2     267  219.701374  -47.298626
849            5      3     266  213.971578  -52.028422
850            5      4     265  212.228662  -52.771338
851            5      5     264  213.193688  -50.806312
852            5      6     263  207.060879  -55.939121
853            5      7     262  209.778711  -52.221289
854            5      8     261  207.459744  -53.540256
855            5      9     260  205.846656  -54.153344
856            5     10     259  208.032086  -50.967914
857            5     11     258  207.204297  -50.795703
858            5     12     257  206.106141  -50.893859
859            5     13     256  203.871062  -52.128938
860            5     14     255  196.903731  -58.096269
861            5     15     254  200.345026  -53.654974
862            5     16     253  204.663401  -48.336599
863            5     17     252  200.140710  -51.859290
864            5     18     251  198.689601  -52.310399
865            5     19     250  196.931216  -53.068784
866            5     20     249  193.171879  -55.828121
867            5     21     248  190.913977  -57.086023
868            5     22     247  192.189435  -54.810565
869            5     23     246  191.803376  -54.196624
870            5     24     245  188.469601  -56.530399
871            5     25     244  190.192556  -53.807444
872            5     26     243  192.820320  -50.179680
873            5     27     242  190.068558  -51.931442
874            5     28     241  184.422173  -56.577827
875            5     29     240  192.627370  -47.372630
876            5     30     239  186.246252  -52.753748
877            5     31     238  187.213507  -50.786493
878            5     32     237  181.679675  -55.320325
879            5     33     236  176.034222  -59.965778
880            5     34     235  177.254322  -57.745678
881            5     35     234  177.421237  -56.578763
882            5     36     233  180.555650  -52.444350
883            5     37     232  180.739135  -51.260865
884            5     38     231  175.462678  -55.537322
885            5     39     230  178.481914  -51.518086
886            5     40     229  168.628438  -60.371562
887            5     41     228  169.420637  -58.579363
888            5     42     227  169.476572  -57.523428
889            5     43     226  175.598358  -50.401642
890            5     44     225  174.119630  -50.880370
891            5     45     224  176.817222  -47.182778
892            5     46     223  166.570757  -56.429243
893            5     47     222  177.566624  -44.433376
894            5     48     221  177.671401  -43.328599
895            5     49     220  174.914606  -45.085394
896            5     50     219  171.484571  -47.515429
897            5     51     218  172.185127  -45.814873
898            5     52     217  167.461100  -49.538900
899            5     53     216  168.089687  -47.910313
900            5     54     215  166.594465  -48.405535
901            5     55     214  174.002898  -39.997102
902            5     56     213  173.183982  -39.816018
903            5     57     212  168.644366  -43.355634
904            5     58     211  161.100967  -49.899033
905            5     59     210  165.457452  -44.542548
906            5     60     209  165.757800  -43.242200
907            5     61     208  167.679056  -40.320944
908            5     62     207  166.055384  -40.944616
909            5     63     206  167.092237  -38.907763
910            5     64     205  166.703486  -38.296514
911            5     65     204  168.327717  -35.672283
912            5     66     203  162.776357  -40.223643
913            5     67     202  164.839061  -37.160939
914            5     68     201  161.816624  -39.183376
915            5     69     200  167.112719  -32.887281
916            5     70     199  171.603474  -27.396526
917            5     71     198  157.556727  -40.443273
918            5     72     197  165.076777  -31.923223
919            5     73     196  159.651554  -36.348446
920            5     74     195  160.129284  -34.870716
921            5     75     194  154.088717  -39.911283
922            5     76     193  152.423982  -40.576018
923            5     77     192  151.645690  -40.354310
924            5     78     191  150.954294  -40.045706
925            5     79     190  150.627930  -39.372070
926            5     80     189  149.108449  -39.891551
927            5     81     188  148.099386  -39.900614
928            5     82     187  146.379222  -40.620778
929            5     83     186  148.057028  -37.942972
930            5     84     185  145.782739  -39.217261
931            5     85     184  137.361377  -46.638623
932            5     86     183  143.080738  -39.919262
933            5     87     182  148.328094  -33.671906
934            5     88     181  143.189564  -37.810436
935            5     89     180  144.876277  -35.123723
936            5     90     179  146.913713  -32.086287
937            5     91     178  145.150995  -32.849005
938            5     92     177  145.406836  -31.593164
939            5     93     176  142.004688  -33.995312
940            5     94     175  139.599410  -35.400590
941            5     95     174  136.993304  -37.006696
942            5     96     173  136.437187  -36.562813
943            5     97     172  145.688918  -26.311082
944            5     98     171  145.383637  -25.616363
945            5     99     170  143.646433  -26.353567
946            5    100     169  143.595288  -25.404712
947            5    101     168  135.490283  -32.509717
948            5    102     167  142.001640  -24.998360
949            5    103     166  139.696746  -26.303254
950            5    104     165  142.475452  -22.524548
951            5    105     164  140.381858  -23.618142
952            5    106     163  144.287491  -18.712509
953            5    107     162  139.187057  -22.812943
954            5    108     161  137.791973  -23.208027
955            5    109     160  136.216525  -23.783475
956            5    110     159  142.128968  -16.871032
957            5    111     158  137.141289  -20.858711
958            5    112     157  138.023336  -18.976664
959            5    113     156  138.052855  -17.947145
960            5    114     155  134.446835  -20.553165
961            5    115     154  148.274050   -5.725950
962            5    116     153  145.699310   -7.300690
963            5    117     152  134.861630  -17.138370
964            5    118     151  136.008513  -14.991487
965            5    119     150  133.088872  -16.911128
966            5    120     149  127.562373  -21.437627
967            5    121     148  130.478938  -17.521062
968            5    122     147  136.621442  -10.378558
969            5    123     146  139.311005   -6.688995
970            5    124     145  128.736410  -16.263590
971            5    125     144  131.779580  -12.220420
972            5    126     143  131.499366  -11.500634
973            5    127     142  133.646738   -8.353262
974            5    128     141  121.551621  -19.448379
975            5    129     140  129.443035  -10.556965
976            5    130     139  122.962398  -16.037602
977            5    131     138  119.712104  -18.287896
978            5    132     137  122.794032  -14.205968
979            5    133     136  118.996129  -17.003871
980            5    134     135  125.807865   -9.192135
981            5    135     134  126.281458   -7.718542
982            5    136     133  125.785936   -7.214064
983            5    137     132  118.086701  -13.913299
984            5    138     131  125.262669   -5.737331
985            5    139     130  121.273108   -8.726892
986            5    140     129  116.029185  -12.970815
987            5    141     128  117.286387  -10.713613
988            5    142     127  116.480388  -10.519612
989            5    143     126  122.816098   -3.183902
990            5    144     125  116.546945   -8.453055
991            5    145     124  118.104214   -5.895786
992            5    146     123  112.424618  -10.575382
993            5    147     122  119.255260   -2.744740
994            5    148     121  120.571750   -0.428250
995            5    149     120  114.225338   -5.774662
996            5    150     119  106.840092  -12.159908
997            5    151     118  108.687598   -9.312402
998            5    152     117  106.984113  -10.015887
999            5    153     116  108.012691   -7.987309
1000           5    154     115  111.292573   -3.707427
1001           5    155     114  106.375214   -7.624786
1002           5    156     113  100.588645  -12.411355
1003           5    157     112  101.993414  -10.006586
1004           5    158     111   99.714624  -11.285376
1005           5    159     110   97.528938  -12.471062
1006           5    160     109   96.852040  -12.147960
1007           5    161     108   98.813733   -9.186267
1008           5    162     107  103.815789   -3.184211
1009           5    163     106   92.303037  -13.696963
1010           5    164     105   92.157235  -12.842765
1011           5    165     104   86.122903  -17.877097
1012           5    166     103   86.795274  -16.204726
1013           5    167     102   91.063572  -10.936428
1014           5    168     101   84.815328  -16.184672
1015           5    169     100   80.341716  -19.658284
1016           5    170      99   82.992095  -16.007905
1017           5    171      98   74.936461  -23.063539
1018           5    172      97   75.142148  -21.857852
1019           5    173      96   83.496234  -12.503766
1020           5    174      95   83.955389  -11.044611
1021           5    175      94   76.242926  -17.757074
1022           5    176      93   74.901772  -18.098228
1023           5    177      92   84.380798   -7.619202
1024           5    178      91   85.016564   -5.983436
1025           5    179      90   83.712993   -6.287007
1026           5    180      89   86.776159   -2.223841
1027           5    181      88   85.131793   -2.868207
1028           5    182      87   82.020041   -4.979959
1029           5    183      86   77.065929   -8.934071
1030           5    184      85   78.670786   -6.329214
1031           5    185      84   77.740092   -6.259908
1032           5    186      83   80.729273   -2.270727
1033           5    187      82   75.340699   -6.659301
1034           5    188      81   73.008504   -7.991496
1035           5    189      80   76.507396   -3.492604
1036           5    190      79   72.388326   -6.611674
1037           5    191      78   76.152646   -1.847354
1038           5    192      77   73.317984   -3.682016
1039           5    193      76   67.798717   -8.201283
1040           5    194      75   70.664939   -4.335061
1041           5    195      74   70.531465   -3.468535
1042           5    196      73   69.397274   -3.602726
1043           5    197      72   72.170702    0.170702
1044           5    198      71   67.068815   -3.931185
1045           5    199      70   61.282106   -8.717894
1046           5    200      69   63.336773   -5.663227
1047           5    201      68   60.667663   -7.332337
1048           5    202      67   59.921370   -7.078630
1049           5    203      66   61.299036   -4.700964
1050           5    204      65   62.125913   -2.874087
1051           5    205      64   62.273882   -1.726118
1052           5    206      63   56.287662   -6.712338
1053           5    207      62   60.598980   -1.401020
1054           5    208      61   58.628170   -2.371830
1055           5    209      60   58.395467   -1.604533
1056           5    210      59   57.131733   -1.868267
1057           5    211      58   48.592572   -9.407428
1058           5    212      57   43.342619  -13.657381
1059           5    213      56   45.851266  -10.148734
1060           5    214      55   48.457247   -6.542753
1061           5    215      54   42.376521  -11.623479
1062           5    216      53   46.261081   -6.738919
1063           5    217      52   42.451751   -9.548249
1064           5    218      51   43.538384   -7.461616
1065           5    219      50   42.859562   -7.140438
1066           5    220      49   40.090368   -8.909632
1067           5    221      48   39.496355   -8.503645
1068           5    222      47   38.902834   -8.097166
1069           5    223      46   37.178216   -8.821784
1070           5    224      45   40.384588   -4.615412
1071           5    225      44   32.161031  -11.838969
1072           5    226      43   38.155455   -4.844545
1073           5    227      42   31.813377  -10.186623
1074           5    228      41   31.923188   -9.076812
1075           5    229      40   33.768235   -6.231765
1076           5    230      39   32.197509   -6.802491
1077           5    231      38   34.514174   -3.485826
1078           5    232      37   30.002704   -6.997296
1079           5    233      36   31.023769   -4.976231
1080           5    234      35   31.173087   -3.826913
1081           5    235      34   30.454855   -3.545145
1082           5    236      33   29.825376   -3.174624
1083           5    237      32   30.777118   -1.222882
1084           5    238      31   28.342709   -2.657291
1085           5    239      30   30.511805    0.511805
1086           5    240      29   26.650866   -2.349134
1087           5    241      28   26.575779   -1.424221
1088           5    242      27   23.909264   -3.090736
1089           5    243      26   16.694264   -9.305736
1090           5    244      25   17.512178   -7.487822
1091           5    245      24   19.364502   -4.635498
1092           5    246      23   17.164043   -5.835957
1093           5    247      22   12.713854   -9.286146
1094           5    248      21   15.339170   -5.660830
1095           5    249      20    9.585269  -10.414731
1096           5    250      19   14.290386   -4.709614
1097           5    251      18   10.353781   -7.646219
1098           5    252      17   13.173890   -3.826110
1099           5    253      16    9.080532   -6.919468
1100           5    254      15    4.511317  -10.488683
1101           5    255      14    7.286556   -6.713444
1102           5    256      13    3.859179   -9.140821
1103           5    257      12    5.260351   -6.739649
1104           5    258      11    6.076836   -4.923164
1105           5    259      10    0.402202   -9.597798
1106           5    260       9    3.031796   -5.968204
1107           5    261       8    4.875478   -3.124522
1108           5    262       7    4.431438   -2.568562
1109           5    263       6    5.153811   -0.846189
1110           5    264       5    1.739017   -3.260983
1111           5    265       4   -2.473380   -6.473380
1112           5    266       3    4.232592    1.232592
1113           5    267       2   -1.203644   -3.203644
1114           5    268       1    2.020596    1.020596
1115           5    269       0   -2.446030   -2.446030
1116           6      1     187  186.090887   -0.909113
1117           6      2     186  199.756841   13.756841
1118           6      3     185  193.598486    8.598486
1119           6      4     184  203.231077   19.231077
1120           6      5     183  193.489564   10.489564
1121           6      6     182  193.706759   11.706759
1122           6      7     181  194.685977   13.685977
1123           6      8     180  189.290572    9.290572
1124           6      9     179  186.956855    7.956855
1125           6     10     178  182.893553    4.893553
1126           6     11     177  179.600925    2.600925
1127           6     12     176  184.175889    8.175889
1128           6     13     175  181.628765    6.628765
1129           6     14     174  180.158730    6.158730
1130           6     15     173  177.883184    4.883184
1131           6     16     172  175.508306    3.508306
1132           6     17     171  172.997118    1.997118
1133           6     18     170  171.741580    1.741580
1134           6     19     169  171.059851    2.059851
1135           6     20     168  170.082368    2.082368
1136           6     21     167  169.274425    2.274425
1137           6     22     166  166.985044    0.985044
1138           6     23     165  161.728318   -3.271682
1139           6     24     164  161.292282   -2.707718
1140           6     25     163  163.657619    0.657619
1141           6     26     162  160.804250   -1.195750
1142           6     27     161  161.816727    0.816727
1143           6     28     160  158.390588   -1.609412
1144           6     29     159  156.327411   -2.672589
1145           6     30     158  162.395886    4.395886
1146           6     31     157  164.426704    7.426704
1147           6     32     156  172.866799   16.866799
1148           6     33     155  164.606222    9.606222
1149           6     34     154  159.090362    5.090362
1150           6     35     153  158.942389    5.942389
1151           6     36     152  155.793149    3.793149
1152           6     37     151  156.649070    5.649070
1153           6     38     150  155.545737    5.545737
1154           6     39     149  154.942936    5.942936
1155           6     40     148  156.543642    8.543642
1156           6     41     147  148.105071    1.105071
1157           6     42     146  152.831273    6.831273
1158           6     43     145  151.348098    6.348098
1159           6     44     144  150.098260    6.098260
1160           6     45     143  143.797186    0.797186
1161           6     46     142  142.147525    0.147525
1162           6     47     141  145.564243    4.564243
1163           6     48     140  145.135371    5.135371
1164           6     49     139  142.383669    3.383669
1165           6     50     138  138.040042    0.040042
1166           6     51     137  142.381035    5.381035
1167           6     52     136  143.094829    7.094829
1168           6     53     135  142.341425    7.341425
1169           6     54     134  142.838429    8.838429
1170           6     55     133  139.352488    6.352488
1171           6     56     132  134.702306    2.702306
1172           6     57     131  137.201637    6.201637
1173           6     58     130  129.878260   -0.121740
1174           6     59     129  130.914159    1.914159
1175           6     60     128  131.091171    3.091171
1176           6     61     127  123.853406   -3.146594
1177           6     62     126  129.237848    3.237848
1178           6     63     125  135.923292   10.923292
1179           6     64     124  131.863456    7.863456
1180           6     65     123  130.621449    7.621449
1181           6     66     122  128.119990    6.119990
1182           6     67     121  128.383050    7.383050
1183           6     68     120  124.549044    4.549044
1184           6     69     119  127.126407    8.126407
1185           6     70     118  125.494266    7.494266
1186           6     71     117  120.071327    3.071327
1187           6     72     116  120.073848    4.073848
1188           6     73     115  115.484422    0.484422
1189           6     74     114  121.680625    7.680625
1190           6     75     113  111.652114   -1.347886
1191           6     76     112  120.715058    8.715058
1192           6     77     111  124.071986   13.071986
1193           6     78     110  121.064294   11.064294
1194           6     79     109  116.993149    7.993149
1195           6     80     108  122.331991   14.331991
1196           6     81     107  124.170178   17.170178
1197           6     82     106  117.544999   11.544999
1198           6     83     105  119.245148   14.245148
1199           6     84     104  120.968638   16.968638
1200           6     85     103  114.550797   11.550797
1201           6     86     102  117.892584   15.892584
1202           6     87     101  117.519259   16.519259
1203           6     88     100  117.885605   17.885605
1204           6     89      99  108.145467    9.145467
1205           6     90      98  110.080897   12.080897
1206           6     91      97  113.428034   16.428034
1207           6     92      96  110.396929   14.396929
1208           6     93      95  116.269822   21.269822
1209           6     94      94  109.951596   15.951596
1210           6     95      93  114.716104   21.716104
1211           6     96      92  104.393702   12.393702
1212           6     97      91  103.169745   12.169745
1213           6     98      90  105.139249   15.139249
1214           6     99      89  102.985380   13.985380
1215           6    100      88  104.206695   16.206695
1216           6    101      87  101.146871   14.146871
1217           6    102      86  103.119249   17.119249
1218           6    103      85   99.547669   14.547669
1219           6    104      84  101.650331   17.650331
1220           6    105      83  102.985890   19.985890
1221           6    106      82  102.577808   20.577808
1222           6    107      81  103.888881   22.888881
1223           6    108      80   99.568566   19.568566
1224           6    109      79  106.176057   27.176057
1225           6    110      78  104.678621   26.678621
1226           6    111      77  101.238516   24.238516
1227           6    112      76  102.260940   26.260940
1228           6    113      75  102.719215   27.719215
1229           6    114      74  101.212621   27.212621
1230           6    115      73  101.572408   28.572408
1231           6    116      72  100.796367   28.796367
1232           6    117      71   96.442971   25.442971
1233           6    118      70   98.286792   28.286792
1234           6    119      69   97.896890   28.896890
1235           6    120      68   94.971251   26.971251
1236           6    121      67  100.254285   33.254285
1237           6    122      66  104.388197   38.388197
1238           6    123      65   98.339597   33.339597
1239           6    124      64   94.301467   30.301467
1240           6    125      63   95.928437   32.928437
1241           6    126      62   83.351829   21.351829
1242           6    127      61   84.565085   23.565085
1243           6    128      60   82.601671   22.601671
1244           6    129      59   85.155026   26.155026
1245           6    130      58   79.046154   21.046154
1246           6    131      57   78.550217   21.550217
1247           6    132      56   78.225272   22.225272
1248           6    133      55   76.336637   21.336637
1249           6    134      54   74.650061   20.650061
1250           6    135      53   73.019839   20.019839
1251           6    136      52   73.718172   21.718172
1252           6    137      51   73.768208   22.768208
1253           6    138      50   68.600994   18.600994
1254           6    139      49   67.375147   18.375147
1255           6    140      48   68.998346   20.998346
1256           6    141      47   65.161231   18.161231
1257           6    142      46   57.795778   11.795778
1258           6    143      45   58.986131   13.986131
1259           6    144      44   55.423989   11.423989
1260           6    145      43   56.793886   13.793886
1261           6    146      42   51.750682    9.750682
1262           6    147      41   51.349114   10.349114
1263           6    148      40   50.566086   10.566086
1264           6    149      39   47.031673    8.031673
1265           6    150      38   49.141331   11.141331
1266           6    151      37   45.003012    8.003012
1267           6    152      36   43.254564    7.254564
1268           6    153      35   39.761977    4.761977
1269           6    154      34   40.711275    6.711275
1270           6    155      33   36.212594    3.212594
1271           6    156      32   34.591301    2.591301
1272           6    157      31   31.747029    0.747029
1273           6    158      30   36.650280    6.650280
1274           6    159      29   35.549434    6.549434
1275           6    160      28   32.008965    4.008965
1276           6    161      27   26.710918   -0.289082
1277           6    162      26   32.101650    6.101650
1278           6    163      25   23.777438   -1.222562
1279           6    164      24   28.368124    4.368124
1280           6    165      23   22.421128   -0.578872
1281           6    166      22   20.993902   -1.006098
1282           6    167      21   23.241876    2.241876
1283           6    168      20   19.366515   -0.633485
1284           6    169      19   20.002851    1.002851
1285           6    170      18   11.313755   -6.686245
1286           6    171      17   13.351218   -3.648782
1287           6    172      16   11.351456   -4.648544
1288           6    173      15    8.826257   -6.173743
1289           6    174      14   10.982684   -3.017316
1290           6    175      13    5.288840   -7.711160
1291           6    176      12    5.340269   -6.659731
1292           6    177      11    4.076607   -6.923393
1293           6    178      10   -1.923030  -11.923030
1294           6    179       9   -3.380518  -12.380518
1295           6    180       8   -2.818183  -10.818183
1296           6    181       7    0.157234   -6.842766
1297           6    182       6   -7.766380  -13.766380
1298           6    183       5   -9.095717  -14.095717
1299           6    184       4   -6.383053  -10.383053
1300           6    185       3   -9.231871  -12.231871
1301           6    186       2  -15.989196  -17.989196
1302           6    187       1  -17.261832  -18.261832
1303           6    188       0  -20.423641  -20.423641
1304           7      1     258  207.212854  -50.787146
1305           7      2     257  193.422139  -63.577861
1306           7      3     256  194.784975  -61.215025
1307           7      4     255  187.963149  -67.036851
1308           7      5     254  188.297810  -65.702190
1309           7      6     253  183.516515  -69.483485
1310           7      7     252  188.602557  -63.397443
1311           7      8     251  183.977656  -67.022344
1312           7      9     250  185.851124  -64.148876
1313           7     10     249  186.187426  -62.812574
1314           7     11     248  179.914217  -68.085783
1315           7     12     247  184.247753  -62.752247
1316           7     13     246  190.577531  -55.422469
1317           7     14     245  192.000652  -52.999348
1318           7     15     244  183.582117  -60.417883
1319           7     16     243  186.216979  -56.783021
1320           7     17     242  184.857687  -57.142313
1321           7     18     241  182.886061  -58.113939
1322           7     19     240  183.281881  -56.718119
1323           7     20     239  181.594770  -57.405230
1324           7     21     238  177.271224  -60.728776
1325           7     22     237  180.938959  -56.061041
1326           7     23     236  181.258613  -54.741387
1327           7     24     235  179.000003  -55.999997
1328           7     25     234  175.235485  -58.764515
1329           7     26     233  183.704088  -49.295912
1330           7     27     232  174.000504  -57.999496
1331           7     28     231  169.324217  -61.675783
1332           7     29     230  182.458733  -47.541267
1333           7     30     229  178.949906  -50.050094
1334           7     31     228  175.960531  -52.039469
1335           7     32     227  182.935094  -44.064906
1336           7     33     226  179.335708  -46.664292
1337           7     34     225  175.736550  -49.263450
1338           7     35     224  170.845688  -53.154312
1339           7     36     223  169.623608  -53.376392
1340           7     37     222  170.892356  -51.107644
1341           7     38     221  166.949559  -54.050441
1342           7     39     220  155.908762  -64.091238
1343           7     40     219  165.352912  -53.647088
1344           7     41     218  159.704937  -58.295063
1345           7     42     217  154.804371  -62.195629
1346           7     43     216  156.913849  -59.086151
1347           7     44     215  158.856389  -56.143611
1348           7     45     214  158.130772  -55.869228
1349           7     46     213  157.964867  -55.035133
1350           7     47     212  153.678879  -58.321121
1351           7     48     211  155.474315  -55.525685
1352           7     49     210  153.768946  -56.231054
1353           7     50     209  154.021027  -54.978973
1354           7     51     208  141.510813  -66.489187
1355           7     52     207  154.687572  -52.312428
1356           7     53     206  143.850595  -62.149405
1357           7     54     205  145.087451  -59.912549
1358           7     55     204  151.609586  -52.390414
1359           7     56     203  144.387659  -58.612341
1360           7     57     202  144.490480  -57.509520
1361           7     58     201  153.125473  -47.874527
1362           7     59     200  151.037860  -48.962140
1363           7     60     199  149.307213  -49.692787
1364           7     61     198  148.954134  -49.045866
1365           7     62     197  148.479440  -48.520560
1366           7     63     196  151.347917  -44.652083
1367           7     64     195  150.820838  -44.179162
1368           7     65     194  152.890944  -41.109056
1369           7     66     193  150.894884  -42.105116
1370           7     67     192  143.877870  -48.122130
1371           7     68     191  148.848535  -42.151465
1372           7     69     190  147.325837  -42.674163
1373           7     70     189  153.452608  -35.547392
1374           7     71     188  155.538950  -32.461050
1375           7     72     187  155.057342  -31.942658
1376           7     73     186  153.229831  -32.770169
1377           7     74     185  146.951103  -38.048897
1378           7     75     184  144.020801  -39.979199
1379           7     76     183  145.189662  -37.810338
1380           7     77     182  143.377693  -38.622307
1381           7     78     181  145.889082  -35.110918
1382           7     79     180  137.993731  -42.006269
1383           7     80     179  142.205454  -36.794546
1384           7     81     178  144.146979  -33.853021
1385           7     82     177  140.980388  -36.019612
1386           7     83     176  136.502737  -39.497263
1387           7     84     175  136.142276  -38.857724
1388           7     85     174  140.190047  -33.809953
1389           7     86     173  139.142653  -33.857347
1390           7     87     172  135.790292  -36.209708
1391           7     88     171  129.358022  -41.641978
1392           7     89     170  134.399603  -35.600397
1393           7     90     169  136.276932  -32.723068
1394           7     91     168  131.740481  -36.259519
1395           7     92     167  136.473072  -30.526928
1396           7     93     166  126.995270  -39.004730
1397           7     94     165  130.609397  -34.390603
1398           7     95     164  137.797366  -26.202634
1399           7     96     163  141.403722  -21.596278
1400           7     97     162  139.324941  -22.675059
1401           7     98     161  133.877159  -27.122841
1402           7     99     160  129.093891  -30.906109
1403           7    100     159  134.481945  -24.518055
1404           7    101     158  134.081149  -23.918851
1405           7    102     157  132.827454  -24.172546
1406           7    103     156  131.374550  -24.625450
1407           7    104     155  130.452363  -24.547637
1408           7    105     154  133.019839  -20.980161
1409           7    106     153  135.769045  -17.230955
1410           7    107     152  126.798015  -25.201985
1411           7    108     151  129.351471  -21.648529
1412           7    109     150  135.104412  -14.895588
1413           7    110     149  124.186899  -24.813101
1414           7    111     148  124.137032  -23.862968
1415           7    112     147  123.004997  -23.995003
1416           7    113     146  118.108006  -27.891994
1417           7    114     145  121.153375  -23.846625
1418           7    115     144  111.989674  -32.010326
1419           7    116     143  117.915332  -25.084668
1420           7    117     142  115.863849  -26.136151
1421           7    118     141  108.899213  -32.100787
1422           7    119     140  112.009403  -27.990597
1423           7    120     139  113.601052  -25.398948
1424           7    121     138  114.534623  -23.465377
1425           7    122     137  114.217565  -22.782435
1426           7    123     136  114.572665  -21.427335
1427           7    124     135  108.967496  -26.032504
1428           7    125     134  112.029368  -21.970632
1429           7    126     133  111.495685  -21.504315
1430           7    127     132  110.110714  -21.889286
1431           7    128     131  109.068815  -21.931185
1432           7    129     130  110.409258  -19.590742
1433           7    130     129  113.571249  -15.428751
1434           7    131     128  111.761829  -16.238171
1435           7    132     127  104.310720  -22.689280
1436           7    133     126  103.217633  -22.782367
1437           7    134     125   98.622596  -26.377404
1438           7    135     124   98.363804  -25.636196
1439           7    136     123   99.449086  -23.550914
1440           7    137     122   98.630839  -23.369161
1441           7    138     121   92.906069  -28.093931
1442           7    139     120  104.829202  -15.170798
1443           7    140     119  104.255837  -14.744163
1444           7    141     118  103.865183  -14.134817
1445           7    142     117  102.437536  -14.562464
1446           7    143     116  101.751869  -14.248131
1447           7    144     115  100.925885  -14.074115
1448           7    145     114   99.499676  -14.500324
1449           7    146     113   97.750938  -15.249062
1450           7    147     112   94.889015  -17.110985
1451           7    148     111   94.761280  -16.238720
1452           7    149     110   92.536364  -17.463636
1453           7    150     109   88.979507  -20.020493
1454           7    151     108   88.595107  -19.404893
1455           7    152     107   95.253466  -11.746534
1456           7    153     106   89.196050  -16.803950
1457           7    154     105   89.564780  -15.435220
1458           7    155     104   90.247062  -13.752938
1459           7    156     103   86.820507  -16.179493
1460           7    157     102   84.849148  -17.150852
1461           7    158     101   82.924983  -18.075017
1462           7    159     100   81.038991  -18.961009
1463           7    160      99   83.553631  -15.446369
1464           7    161      98   88.073378   -9.926622
1465           7    162      97   80.941825  -16.058175
1466           7    163      96   80.401135  -15.598865
1467           7    164      95   81.264456  -13.735544
1468           7    165      94   85.653692   -8.346308
1469           7    166      93   85.111553   -7.888447
1470           7    167      92   77.780131  -14.219869
1471           7    168      91   80.413614  -10.586386
1472           7    169      90   84.513746   -5.486254
1473           7    170      89   82.461252   -6.538748
1474           7    171      88   82.302292   -5.697708
1475           7    172      87   78.322236   -8.677764
1476           7    173      86   72.369299  -13.630701
1477           7    174      85   78.836025   -6.163975
1478           7    175      84   72.143231  -11.856769
1479           7    176      83   72.576534  -10.423466
1480           7    177      82   77.093554   -4.906446
1481           7    178      81   75.662558   -5.337442
1482           7    179      80   70.883498   -9.116502
1483           7    180      79   69.218539   -9.781461
1484           7    181      78   66.949319  -11.050681
1485           7    182      77   67.804415   -9.195585
1486           7    183      76   66.263463   -9.736537
1487           7    184      75   68.627068   -6.372932
1488           7    185      74   69.970802   -4.029198
1489           7    186      73   65.204873   -7.795127
1490           7    187      72   63.800095   -8.199905
1491           7    188      71   61.363577   -9.636423
1492           7    189      70   59.532987  -10.467013
1493           7    190      69   59.655110   -9.344890
1494           7    191      68   51.857905  -16.142095
1495           7    192      67   57.147495   -9.852505
1496           7    193      66   54.841788  -11.158212
1497           7    194      65   53.996274  -11.003726
1498           7    195      64   51.398609  -12.601391
1499           7    196      63   46.438472  -16.561528
1500           7    197      62   48.831404  -13.168596
1501           7    198      61   45.408595  -15.591405
1502           7    199      60   54.223978   -5.776022
1503           7    200      59   47.227451  -11.772549
1504           7    201      58   45.555955  -12.444045
1505           7    202      57   46.715077  -10.284923
1506           7    203      56   44.719480  -11.280520
1507           7    204      55   41.306363  -13.693637
1508           7    205      54   40.804267  -13.195733
1509           7    206      53   46.384219   -6.615781
1510           7    207      52   42.749650   -9.250350
1511           7    208      51   44.078219   -6.921781
1512           7    209      50   45.328418   -4.671582
1513           7    210      49   47.568603   -1.431397
1514           7    211      48   46.141457   -1.858543
1515           7    212      47   45.282153   -1.717847
1516           7    213      46   41.197528   -4.802472
1517           7    214      45   44.473409   -0.526591
1518           7    215      44   42.368304   -1.631696
1519           7    216      43   41.713422   -1.286578
1520           7    217      42   36.007444   -5.992556
1521           7    218      41   34.768658   -6.231342
1522           7    219      40   37.108724   -2.891276
1523           7    220      39   41.437139    2.437139
1524           7    221      38   41.594606    3.594606
1525           7    222      37   36.635706   -0.364294
1526           7    223      36   38.247254    2.247254
1527           7    224      35   32.787296   -2.212704
1528           7    225      34   31.151813   -2.848187
1529           7    226      33   28.369176   -4.630824
1530           7    227      32   26.605641   -5.394359
1531           7    228      31   29.336752   -1.663248
1532           7    229      30   23.489562   -6.510438
1533           7    230      29   24.482728   -4.517272
1534           7    231      28   25.221219   -2.778781
1535           7    232      27   21.258293   -5.741707
1536           7    233      26   20.084775   -5.915225
1537           7    234      25   22.286806   -2.713194
1538           7    235      24   22.680336   -1.319664
1539           7    236      23   28.466948    5.466948
1540           7    237      22   19.489258   -2.510742
1541           7    238      21   26.482450    5.482450
1542           7    239      20   25.937535    5.937535
1543           7    240      19   21.360737    2.360737
1544           7    241      18   20.889353    2.889353
1545           7    242      17   21.347302    4.347302
1546           7    243      16   18.731278    2.731278
1547           7    244      15   21.119645    6.119645
1548           7    245      14   19.200058    5.200058
1549           7    246      13   16.892750    3.892750
1550           7    247      12   14.456068    2.456068
1551           7    248      11    9.301493   -1.698507
1552           7    249      10   11.978352    1.978352
1553           7    250       9    9.746498    0.746498
1554           7    251       8   11.366701    3.366701
1555           7    252       7    8.537122    1.537122
1556           7    253       6   10.393294    4.393294
1557           7    254       5    5.986449    0.986449
1558           7    255       4   10.710202    6.710202
1559           7    256       3   11.396628    8.396628
1560           7    257       2    7.653344    5.653344
1561           7    258       1    7.501824    6.501824
1562           7    259       0    9.110596    9.110596
1563           8      1     149  164.387521   15.387521
1564           8      2     148  164.858867   16.858867
1565           8      3     147  171.325754   24.325754
1566           8      4     146  168.939305   22.939305
1567           8      5     145  171.576585   26.576585
1568           8      6     144  168.652912   24.652912
1569           8      7     143  173.195378   30.195378
1570           8      8     142  161.762554   19.762554
1571           8      9     141  158.380983   17.380983
1572           8     10     140  161.801661   21.801661
1573           8     11     139  161.659502   22.659502
1574           8     12     138  162.916175   24.916175
1575           8     13     137  166.577576   29.577576
1576           8     14     136  161.910008   25.910008
1577           8     15     135  156.955373   21.955373
1578           8     16     134  164.812026   30.812026
1579           8     17     133  163.499179   30.499179
1580           8     18     132  158.665759   26.665759
1581           8     19     131  161.139086   30.139086
1582           8     20     130  161.884717   31.884717
1583           8     21     129  160.104782   31.104782
1584           8     22     128  155.767041   27.767041
1585           8     23     127  151.066109   24.066109
1586           8     24     126  154.192543   28.192543
1587           8     25     125  151.486931   26.486931
1588           8     26     124  155.883044   31.883044
1589           8     27     123  143.878995   20.878995
1590           8     28     122  148.789272   26.789272
1591           8     29     121  143.831230   22.831230
1592           8     30     120  145.662978   25.662978
1593           8     31     119  144.629448   25.629448
1594           8     32     118  137.787732   19.787732
1595           8     33     117  138.221311   21.221311
1596           8     34     116  138.179506   22.179506
1597           8     35     115  138.857423   23.857423
1598           8     36     114  139.507538   25.507538
1599           8     37     113  140.451940   27.451940
1600           8     38     112  139.311162   27.311162
1601           8     39     111  140.792203   29.792203
1602           8     40     110  141.187316   31.187316
1603           8     41     109  136.218980   27.218980
1604           8     42     108  140.647061   32.647061
1605           8     43     107  139.247704   32.247704
1606           8     44     106  140.056815   34.056815
1607           8     45     105  144.576130   39.576130
1608           8     46     104  139.726705   35.726705
1609           8     47     103  136.142870   33.142870
1610           8     48     102  136.728729   34.728729
1611           8     49     101  132.138983   31.138983
1612           8     50     100  126.066160   26.066160
1613           8     51      99  122.455749   23.455749
1614           8     52      98  125.322689   27.322689
1615           8     53      97  124.144360   27.144360
1616           8     54      96  123.803050   27.803050
1617           8     55      95  121.478571   26.478571
1618           8     56      94  130.804899   36.804899
1619           8     57      93  126.762411   33.762411
1620           8     58      92  118.492052   26.492052
1621           8     59      91  122.755361   31.755361
1622           8     60      90  118.309097   28.309097
1623           8     61      89  123.525157   34.525157
1624           8     62      88  117.021649   29.021649
1625           8     63      87  119.489755   32.489755
1626           8     64      86  114.224893   28.224893
1627           8     65      85  117.311074   32.311074
1628           8     66      84  111.687833   27.687833
1629           8     67      83  117.539236   34.539236
1630           8     68      82  120.635516   38.635516
1631           8     69      81  115.572016   34.572016
1632           8     70      80  115.314183   35.314183
1633           8     71      79  114.500217   35.500217
1634           8     72      78  111.690796   33.690796
1635           8     73      77  109.429362   32.429362
1636           8     74      76  108.200888   32.200888
1637           8     75      75  110.765354   35.765354
1638           8     76      74  112.095319   38.095319
1639           8     77      73  106.371126   33.371126
1640           8     78      72  106.540107   34.540107
1641           8     79      71  101.231868   30.231868
1642           8     80      70  105.133903   35.133903
1643           8     81      69  104.624711   35.624711
1644           8     82      68  106.817646   38.817646
1645           8     83      67  103.392507   36.392507
1646           8     84      66  106.535242   40.535242
1647           8     85      65   99.355386   34.355386
1648           8     86      64   95.573253   31.573253
1649           8     87      63   96.989351   33.989351
1650           8     88      62   94.466805   32.466805
1651           8     89      61   97.958229   36.958229
1652           8     90      60   92.387526   32.387526
1653           8     91      59   96.926497   37.926497
1654           8     92      58   92.808190   34.808190
1655           8     93      57   96.781055   39.781055
1656           8     94      56   94.467862   38.467862
1657           8     95      55   92.586152   37.586152
1658           8     96      54   94.178528   40.178528
1659           8     97      53   88.079456   35.079456
1660           8     98      52   91.524708   39.524708
1661           8     99      51   89.548273   38.548273
1662           8    100      50   86.636977   36.636977
1663           8    101      49   89.999237   40.999237
1664           8    102      48   87.932323   39.932323
1665           8    103      47   89.786733   42.786733
1666           8    104      46   84.712182   38.712182
1667           8    105      45   85.942459   40.942459
1668           8    106      44   81.199678   37.199678
1669           8    107      43   83.977725   40.977725
1670           8    108      42   82.393420   40.393420
1671           8    109      41   78.287765   37.287765
1672           8    110      40   78.324755   38.324755
1673           8    111      39   78.649815   39.649815
1674           8    112      38   78.161970   40.161970
1675           8    113      37   75.328527   38.328527
1676           8    114      36   79.312476   43.312476
1677           8    115      35   76.408355   41.408355
1678           8    116      34   71.458404   37.458404
1679           8    117      33   64.116476   31.116476
1680           8    118      32   65.220884   33.220884
1681           8    119      31   65.995324   34.995324
1682           8    120      30   62.169755   32.169755
1683           8    121      29   54.660347   25.660347
1684           8    122      28   49.500376   21.500376
1685           8    123      27   50.215130   23.215130
1686           8    124      26   47.146229   21.146229
1687           8    125      25   47.311877   22.311877
1688           8    126      24   47.813104   23.813104
1689           8    127      23   51.214817   28.214817
1690           8    128      22   43.732356   21.732356
1691           8    129      21   39.926680   18.926680
1692           8    130      20   36.386725   16.386725
1693           8    131      19   31.695706   12.695706
1694           8    132      18   30.165734   12.165734
1695           8    133      17   29.032675   12.032675
1696           8    134      16   29.332342   13.332342
1697           8    135      15   27.850910   12.850910
1698           8    136      14   25.071690   11.071690
1699           8    137      13   19.756194    6.756194
1700           8    138      12   24.610498   12.610498
1701           8    139      11   25.931607   14.931607
1702           8    140      10   21.640469   11.640469
1703           8    141       9   22.811853   13.811853
1704           8    142       8   19.323280   11.323280
1705           8    143       7   17.634795   10.634795
1706           8    144       6   12.313552    6.313552
1707           8    145       5   12.794666    7.794666
1708           8    146       4   10.069886    6.069886
1709           8    147       3   10.840297    7.840297
1710           8    148       2    9.102989    7.102989
1711           8    149       1    8.624736    7.624736
1712           8    150       0    4.812506    4.812506
1713           9      1     200  212.439116   12.439116
1714           9      2     199  214.672722   15.672722
1715           9      3     198  205.919650    7.919650
1716           9      4     197  207.020775   10.020775
1717           9      5     196  206.004237   10.004237
1718           9      6     195  199.977778    4.977778
1719           9      7     194  195.866983    1.866983
1720           9      8     193  200.687174    7.687174
1721           9      9     192  202.078749   10.078749
1722           9     10     191  200.675227    9.675227
1723           9     11     190  197.121224    7.121224
1724           9     12     189  198.780043    9.780043
1725           9     13     188  196.230813    8.230813
1726           9     14     187  193.948029    6.948029
1727           9     15     186  197.366760   11.366760
1728           9     16     185  195.226577   10.226577
1729           9     17     184  194.781114   10.781114
1730           9     18     183  190.798074    7.798074
1731           9     19     182  188.122882    6.122882
1732           9     20     181  190.770233    9.770233
1733           9     21     180  189.397284    9.397284
1734           9     22     179  189.680035   10.680035
1735           9     23     178  186.676070    8.676070
1736           9     24     177  185.883589    8.883589
1737           9     25     176  186.955953   10.955953
1738           9     26     175  184.483859    9.483859
1739           9     27     174  184.346634   10.346634
1740           9     28     173  181.022823    8.022823
1741           9     29     172  178.097438    6.097438
1742           9     30     171  177.246875    6.246875
1743           9     31     170  178.814209    8.814209
1744           9     32     169  174.326314    5.326314
1745           9     33     168  173.498862    5.498862
1746           9     34     167  177.513289   10.513289
1747           9     35     166  179.332049   13.332049
1748           9     36     165  176.223709   11.223709
1749           9     37     164  170.064854    6.064854
1750           9     38     163  179.783595   16.783595
1751           9     39     162  173.951290   11.951290
1752           9     40     161  176.726568   15.726568
1753           9     41     160  173.421511   13.421511
1754           9     42     159  162.798221    3.798221
1755           9     43     158  173.126808   15.126808
1756           9     44     157  172.363427   15.363427
1757           9     45     156  173.709304   17.709304
1758           9     46     155  177.435552   22.435552
1759           9     47     154  178.138935   24.138935
1760           9     48     153  178.989778   25.989778
1761           9     49     152  170.080800   18.080800
1762           9     50     151  163.850900   12.850900
1763           9     51     150  164.406864   14.406864
1764           9     52     149  167.441157   18.441157
1765           9     53     148  168.311886   20.311886
1766           9     54     147  168.664405   21.664405
1767           9     55     146  167.804012   21.804012
1768           9     56     145  162.266414   17.266414
1769           9     57     144  162.270728   18.270728
1770           9     58     143  163.054979   20.054979
1771           9     59     142  167.012589   25.012589
1772           9     60     141  157.110927   16.110927
1773           9     61     140  161.160832   21.160832
1774           9     62     139  155.212916   16.212916
1775           9     63     138  156.348140   18.348140
1776           9     64     137  158.932115   21.932115
1777           9     65     136  155.436853   19.436853
1778           9     66     135  155.437648   20.437648
1779           9     67     134  152.493201   18.493201
1780           9     68     133  154.431749   21.431749
1781           9     69     132  151.770214   19.770214
1782           9     70     131  149.572545   18.572545
1783           9     71     130  144.436916   14.436916
1784           9     72     129  150.300241   21.300241
1785           9     73     128  147.039462   19.039462
1786           9     74     127  155.711990   28.711990
1787           9     75     126  151.560054   25.560054
1788           9     76     125  144.599577   19.599577
1789           9     77     124  145.548091   21.548091
1790           9     78     123  150.277254   27.277254
1791           9     79     122  150.497253   28.497253
1792           9     80     121  146.654391   25.654391
1793           9     81     120  143.029980   23.029980
1794           9     82     119  140.906530   21.906530
1795           9     83     118  144.644759   26.644759
1796           9     84     117  146.971965   29.971965
1797           9     85     116  145.963995   29.963995
1798           9     86     115  147.094234   32.094234
1799           9     87     114  149.008926   35.008926
1800           9     88     113  147.457358   34.457358
1801           9     89     112  150.502039   38.502039
1802           9     90     111  146.631149   35.631149
1803           9     91     110  149.029173   39.029173
1804           9     92     109  152.863863   43.863863
1805           9     93     108  148.492227   40.492227
1806           9     94     107  148.805961   41.805961
1807           9     95     106  143.976795   37.976795
1808           9     96     105  143.368635   38.368635
1809           9     97     104  140.831805   36.831805
1810           9     98     103  140.224522   37.224522
1811           9     99     102  137.661623   35.661623
1812           9    100     101  137.492735   36.492735
1813           9    101     100  130.086858   30.086858
1814           9    102      99  134.531359   35.531359
1815           9    103      98  132.235007   34.235007
1816           9    104      97  129.530735   32.530735
1817           9    105      96  129.318982   33.318982
1818           9    106      95  128.424310   33.424310
1819           9    107      94  129.197535   35.197535
1820           9    108      93  128.971571   35.971571
1821           9    109      92  121.185851   29.185851
1822           9    110      91  125.425738   34.425738
1823           9    111      90  126.817294   36.817294
1824           9    112      89  118.868976   29.868976
1825           9    113      88  120.801254   32.801254
1826           9    114      87  118.071526   31.071526
1827           9    115      86  117.883069   31.883069
1828           9    116      85  112.688626   27.688626
1829           9    117      84  113.945662   29.945662
1830           9    118      83  113.802814   30.802814
1831           9    119      82  117.682997   35.682997
1832           9    120      81  115.814533   34.814533
1833           9    121      80  107.254392   27.254392
1834           9    122      79  106.694313   27.694313
1835           9    123      78  107.841721   29.841721
1836           9    124      77  103.634796   26.634796
1837           9    125      76  106.249904   30.249904
1838           9    126      75  104.481247   29.481247
1839           9    127      74  106.981465   32.981465
1840           9    128      73  103.408418   30.408418
1841           9    129      72  101.041726   29.041726
1842           9    130      71  100.951858   29.951858
1843           9    131      70   95.641069   25.641069
1844           9    132      69   91.448756   22.448756
1845           9    133      68   92.670535   24.670535
1846           9    134      67   90.236456   23.236456
1847           9    135      66   88.225953   22.225953
1848           9    136      65   84.174973   19.174973
1849           9    137      64   84.999263   20.999263
1850           9    138      63   89.156535   26.156535
1851           9    139      62   83.572773   21.572773
1852           9    140      61   85.655943   24.655943
1853           9    141      60   83.499335   23.499335
1854           9    142      59   79.635030   20.635030
1855           9    143      58   83.432073   25.432073
1856           9    144      57   77.351760   20.351760
1857           9    145      56   78.407043   22.407043
1858           9    146      55   76.889962   21.889962
1859           9    147      54   76.026284   22.026284
1860           9    148      53   73.583627   20.583627
1861           9    149      52   79.813025   27.813025
1862           9    150      51   75.793763   24.793763
1863           9    151      50   75.770936   25.770936
1864           9    152      49   73.110818   24.110818
1865           9    153      48   71.275749   23.275749
1866           9    154      47   68.881367   21.881367
1867           9    155      46   67.309546   21.309546
1868           9    156      45   67.232732   22.232732
1869           9    157      44   62.792609   18.792609
1870           9    158      43   67.952034   24.952034
1871           9    159      42   69.305923   27.305923
1872           9    160      41   66.568215   25.568215
1873           9    161      40   66.973860   26.973860
1874           9    162      39   63.839323   24.839323
1875           9    163      38   58.653055   20.653055
1876           9    164      37   63.812856   26.812856
1877           9    165      36   56.601259   20.601259
1878           9    166      35   55.647565   20.647565
1879           9    167      34   49.769272   15.769272
1880           9    168      33   52.119274   19.119274
1881           9    169      32   53.922670   21.922670
1882           9    170      31   47.189608   16.189608
1883           9    171      30   38.500000    8.500000
1884           9    172      29   40.156833   11.156833
1885           9    173      28   42.654765   14.654765
1886           9    174      27   36.570213    9.570213
1887           9    175      26   38.148434   12.148434
1888           9    176      25   39.435637   14.435637
1889           9    177      24   38.213537   14.213537
1890           9    178      23   36.440974   13.440974
1891           9    179      22   36.683258   14.683258
1892           9    180      21   27.505345    6.505345
1893           9    181      20   29.621551    9.621551
1894           9    182      19   24.794474    5.794474
1895           9    183      18   23.303204    5.303204
1896           9    184      17   22.573902    5.573902
1897           9    185      16   15.439172   -0.560828
1898           9    186      15   16.528785    1.528785
1899           9    187      14   12.550506   -1.449494
1900           9    188      13   10.711510   -2.288490
1901           9    189      12    4.931210   -7.068790
1902           9    190      11    1.849565   -9.150435
1903           9    191      10    1.414161   -8.585839
1904           9    192       9   -1.203002  -10.203002
1905           9    193       8   -5.371966  -13.371966
1906           9    194       7   -5.329407  -12.329407
1907           9    195       6  -11.156844  -17.156844
1908           9    196       5  -11.737419  -16.737419
1909           9    197       4   -7.510650  -11.510650
1910           9    198       3  -11.219089  -14.219089
1911           9    199       2  -17.136494  -19.136494
1912           9    200       1    0.812350   -0.187650
1913           9    201       0    2.699999    2.699999
1914          10      1     221  225.048388    4.048388
1915          10      2     220  215.473090   -4.526910
1916          10      3     219  211.367716   -7.632284
1917          10      4     218  206.847387  -11.152613
1918          10      5     217  212.896808   -4.103192
1919          10      6     216  213.794771   -2.205229
1920          10      7     215  210.347353   -4.652647
1921          10      8     214  210.190562   -3.809438
1922          10      9     213  212.857562   -0.142438
1923          10     10     212  212.112799    0.112799
1924          10     11     211  205.101028   -5.898972
1925          10     12     210  208.253773   -1.746227
1926          10     13     209  206.182085   -2.817915
1927          10     14     208  200.359513   -7.640487
1928          10     15     207  199.777343   -7.222657
1929          10     16     206  203.399438   -2.600562
1930          10     17     205  200.157362   -4.842638
1931          10     18     204  193.155916  -10.844084
1932          10     19     203  198.514592   -4.485408
1933          10     20     202  191.916998  -10.083002
1934          10     21     201  191.682129   -9.317871
1935          10     22     200  199.541405   -0.458595
1936          10     23     199  192.184311   -6.815689
1937          10     24     198  189.430848   -8.569152
1938          10     25     197  187.554215   -9.445785
1939          10     26     196  190.272192   -5.727808
1940          10     27     195  180.922307  -14.077693
1941          10     28     194  188.129210   -5.870790
1942          10     29     193  187.671204   -5.328796
1943          10     30     192  180.339313  -11.660687
1944          10     31     191  183.777104   -7.222896
1945          10     32     190  183.598122   -6.401878
1946          10     33     189  174.895543  -14.104457
1947          10     34     188  168.961906  -19.038094
1948          10     35     187  173.034450  -13.965550
1949          10     36     186  171.719901  -14.280099
1950          10     37     185  177.058569   -7.941431
1951          10     38     184  171.988301  -12.011699
1952          10     39     183  177.008606   -5.991394
1953          10     40     182  172.005746   -9.994254
1954          10     41     181  170.821170  -10.178830
1955          10     42     180  172.761604   -7.238396
1956          10     43     179  170.407947   -8.592053
1957          10     44     178  170.628089   -7.371911
1958          10     45     177  168.613217   -8.386783
1959          10     46     176  167.556155   -8.443845
1960          10     47     175  167.867744   -7.132256
1961          10     48     174  167.193788   -6.806212
1962          10     49     173  166.922825   -6.077175
1963          10     50     172  162.186983   -9.813017
1964          10     51     171  162.246528   -8.753472
1965          10     52     170  158.176805  -11.823195
1966          10     53     169  157.299678  -11.700322
1967          10     54     168  162.453378   -5.546622
1968          10     55     167  159.013098   -7.986902
1969          10     56     166  162.795964   -3.204036
1970          10     57     165  159.517166   -5.482834
1971          10     58     164  159.085304   -4.914696
1972          10     59     163  159.168555   -3.831445
1973          10     60     162  158.795083   -3.204917
1974          10     61     161  163.930733    2.930733
1975          10     62     160  156.343929   -3.656071
1976          10     63     159  155.665200   -3.334800
1977          10     64     158  161.169514    3.169514
1978          10     65     157  159.340149    2.340149
1979          10     66     156  153.918267   -2.081733
1980          10     67     155  157.580963    2.580963
1981          10     68     154  155.577731    1.577731
1982          10     69     153  154.364718    1.364718
1983          10     70     152  149.552300   -2.447700
1984          10     71     151  149.063674   -1.936326
1985          10     72     150  149.009070   -0.990930
1986          10     73     149  145.874266   -3.125734
1987          10     74     148  149.592392    1.592392
1988          10     75     147  147.046979    0.046979
1989          10     76     146  147.864032    1.864032
1990          10     77     145  145.616888    0.616888
1991          10     78     144  145.472410    1.472410
1992          10     79     143  140.380951   -2.619049
1993          10     80     142  144.056160    2.056160
1994          10     81     141  146.043093    5.043093
1995          10     82     140  141.663973    1.663973
1996          10     83     139  134.275995   -4.724005
1997          10     84     138  139.289347    1.289347
1998          10     85     137  136.930699   -0.069301
1999          10     86     136  138.451068    2.451068
2000          10     87     135  137.469418    2.469418
2001          10     88     134  128.868491   -5.131509
2002          10     89     133  132.618868   -0.381132
2003          10     90     132  138.515620    6.515620
2004          10     91     131  138.239608    7.239608
2005          10     92     130  142.017240   12.017240
2006          10     93     129  133.552717    4.552717
2007          10     94     128  137.437056    9.437056
2008          10     95     127  135.139947    8.139947
2009          10     96     126  132.384021    6.384021
2010          10     97     125  127.687864    2.687864
2011          10     98     124  126.306896    2.306896
2012          10     99     123  132.607078    9.607078
2013          10    100     122  128.413444    6.413444
2014          10    101     121  132.281389   11.281389
2015          10    102     120  129.527077    9.527077
2016          10    103     119  130.455780   11.455780
2017          10    104     118  122.033451    4.033451
2018          10    105     117  126.806966    9.806966
2019          10    106     116  125.478881    9.478881
2020          10    107     115  120.385390    5.385390
2021          10    108     114  120.609807    6.609807
2022          10    109     113  119.698238    6.698238
2023          10    110     112  110.166329   -1.833671
2024          10    111     111  114.454942    3.454942
2025          10    112     110  107.472633   -2.527367
2026          10    113     109  113.925777    4.925777
2027          10    114     108  109.279599    1.279599
2028          10    115     107  103.784710   -3.215290
2029          10    116     106  108.332050    2.332050
2030          10    117     105  104.328892   -0.671108
2031          10    118     104  103.509506   -0.490494
2032          10    119     103  100.938891   -2.061109
2033          10    120     102   97.194770   -4.805230
2034          10    121     101  101.721517    0.721517
2035          10    122     100   91.707793   -8.292207
2036          10    123      99   95.628237   -3.371763
2037          10    124      98   96.116877   -1.883123
2038          10    125      97   94.358746   -2.641254
2039          10    126      96   88.030034   -7.969966
2040          10    127      95   89.168492   -5.831508
2041          10    128      94   86.354091   -7.645909
2042          10    129      93   80.122508  -12.877492
2043          10    130      92   76.993456  -15.006544
2044          10    131      91   82.037767   -8.962233
2045          10    132      90   84.372810   -5.627190
2046          10    133      89   84.364979   -4.635021
2047          10    134      88   83.866620   -4.133380
2048          10    135      87   87.344283    0.344283
2049          10    136      86   82.648505   -3.351495
2050          10    137      85   81.766490   -3.233510
2051          10    138      84   83.011108   -0.988892
2052          10    139      83   82.027690   -0.972310
2053          10    140      82   81.770080   -0.229920
2054          10    141      81   77.191605   -3.808395
2055          10    142      80   78.946892   -1.053108
2056          10    143      79   83.333513    4.333513
2057          10    144      78   77.622529   -0.377471
2058          10    145      77   77.765869    0.765869
2059          10    146      76   77.487308    1.487308
2060          10    147      75   74.374847   -0.625153
2061          10    148      74   70.411042   -3.588958
2062          10    149      73   71.294814   -1.705186
2063          10    150      72   77.133463    5.133463
2064          10    151      71   72.149697    1.149697
2065          10    152      70   66.249281   -3.750719
2066          10    153      69   65.427908   -3.572092
2067          10    154      68   64.992148   -3.007852
2068          10    155      67   60.863370   -6.136630
2069          10    156      66   57.510629   -8.489371
2070          10    157      65   54.884683  -10.115317
2071          10    158      64   51.658290  -12.341710
2072          10    159      63   51.839436  -11.160564
2073          10    160      62   51.590693  -10.409307
2074          10    161      61   55.239015   -5.760985
2075          10    162      60   49.179453  -10.820547
2076          10    163      59   44.485199  -14.514801
2077          10    164      58   43.636871  -14.363129
2078          10    165      57   44.395752  -12.604248
2079          10    166      56   39.381940  -16.618060
2080          10    167      55   36.517252  -18.482748
2081          10    168      54   39.412027  -14.587973
2082          10    169      53   36.078914  -16.921086
2083          10    170      52   37.921505  -14.078495
2084          10    171      51   45.436016   -5.563984
2085          10    172      50   36.461342  -13.538658
2086          10    173      49   40.619985   -8.380015
2087          10    174      48   38.535236   -9.464764
2088          10    175      47   32.893279  -14.106721
2089          10    176      46   34.073583  -11.926417
2090          10    177      45   33.660577  -11.339423
2091          10    178      44   35.294996   -8.705004
2092          10    179      43   30.851543  -12.148457
2093          10    180      42   31.489837  -10.510163
2094          10    181      41   30.632126  -10.367874
2095          10    182      40   25.969422  -14.030578
2096          10    183      39   26.564211  -12.435789
2097          10    184      38   23.557348  -14.442652
2098          10    185      37   26.563591  -10.436409
2099          10    186      36   27.371608   -8.628392
2100          10    187      35   22.797851  -12.202149
2101          10    188      34   23.924387  -10.075613
2102          10    189      33   25.233705   -7.766295
2103          10    190      32   18.920385  -13.079615
2104          10    191      31   20.189953  -10.810047
2105          10    192      30   16.556769  -13.443231
2106          10    193      29   13.452299  -15.547701
2107          10    194      28    9.314515  -18.685485
2108          10    195      27   10.302428  -16.697572
2109          10    196      26    9.452877  -16.547123
2110          10    197      25    8.229192  -16.770808
2111          10    198      24    3.848067  -20.151933
2112          10    199      23    5.576613  -17.423387
2113          10    200      22    5.399184  -16.600816
2114          10    201      21    9.059423  -11.940577
2115          10    202      20    7.506112  -12.493888
2116          10    203      19    3.571907  -15.428093
2117          10    204      18    0.127791  -17.872209
2118          10    205      17    2.589346  -14.410654
2119          10    206      16   -0.827378  -16.827378
2120          10    207      15    2.977881  -12.022119
2121          10    208      14    7.044995   -6.955005
2122          10    209      13    6.350332   -6.649668
2123          10    210      12    0.494014  -11.505986
2124          10    211      11    3.876424   -7.123576
2125          10    212      10    1.477225   -8.522775
2126          10    213       9   -3.389125  -12.389125
2127          10    214       8   -9.128345  -17.128345
2128          10    215       7   -7.292536  -14.292536
2129          10    216       6   -3.310002   -9.310002
2130          10    217       5   -8.572608  -13.572608
2131          10    218       4  -10.481789  -14.481789
2132          10    219       3   -6.805218   -9.805218
2133          10    220       2   -7.401407   -9.401407
2134          10    221       1  -12.112742  -13.112742
2135          10    222       0   -7.179516   -7.179516
2136          11      1     239  213.602145  -25.397855
2137          11      2     238  233.264537   -4.735463
2138          11      3     237  218.280108  -18.719892
2139          11      4     236  219.607757  -16.392243
2140          11      5     235  216.244073  -18.755927
2141          11      6     234  215.075922  -18.924078
2142          11      7     233  208.820295  -24.179705
2143          11      8     232  207.177704  -24.822296
2144          11      9     231  209.983817  -21.016183
2145          11     10     230  203.386124  -26.613876
2146          11     11     229  198.475950  -30.524050
2147          11     12     228  201.806279  -26.193721
2148          11     13     227  201.050663  -25.949337
2149          11     14     226  200.688342  -25.311658
2150          11     15     225  191.419681  -33.580319
2151          11     16     224  193.686174  -30.313826
2152          11     17     223  188.717492  -34.282508
2153          11     18     222  191.150796  -30.849204
2154          11     19     221  195.939387  -25.060613
2155          11     20     220  190.727202  -29.272798
2156          11     21     219  191.687835  -27.312165
2157          11     22     218  184.965154  -33.034846
2158          11     23     217  176.340434  -40.659566
2159          11     24     216  178.338803  -37.661197
2160          11     25     215  175.318828  -39.681172
2161          11     26     214  171.702971  -42.297029
2162          11     27     213  171.518852  -41.481148
2163          11     28     212  178.635409  -33.364591
2164          11     29     211  179.444378  -31.555622
2165          11     30     210  180.110740  -29.889260
2166          11     31     209  177.354207  -31.645793
2167          11     32     208  174.484935  -33.515065
2168          11     33     207  179.830045  -27.169955
2169          11     34     206  177.022430  -28.977570
2170          11     35     205  177.654459  -27.345541
2171          11     36     204  170.044108  -33.955892
2172          11     37     203  172.509363  -30.490637
2173          11     38     202  176.969054  -25.030946
2174          11     39     201  173.526599  -27.473401
2175          11     40     200  170.136300  -29.863700
2176          11     41     199  170.919948  -28.080052
2177          11     42     198  165.968729  -32.031271
2178          11     43     197  172.099898  -24.900102
2179          11     44     196  170.082608  -25.917392
2180          11     45     195  172.529820  -22.470180
2181          11     46     194  172.967860  -21.032140
2182          11     47     193  167.047072  -25.952928
2183          11     48     192  165.872153  -26.127847
2184          11     49     191  171.251556  -19.748444
2185          11     50     190  163.493188  -26.506812
2186          11     51     189  165.367270  -23.632730
2187          11     52     188  169.798797  -18.201203
2188          11     53     187  166.009569  -20.990431
2189          11     54     186  164.252333  -21.747667
2190          11     55     185  159.537171  -25.462829
2191          11     56     184  156.800899  -27.199101
2192          11     57     183  163.103428  -19.896572
2193          11     58     182  152.810359  -29.189641
2194          11     59     181  156.832166  -24.167834
2195          11     60     180  150.829876  -29.170124
2196          11     61     179  158.126660  -20.873340
2197          11     62     178  156.729454  -21.270546
2198          11     63     177  153.318708  -23.681292
2199          11     64     176  150.080349  -25.919651
2200          11     65     175  146.154334  -28.845666
2201          11     66     174  150.244220  -23.755780
2202          11     67     173  146.031090  -26.968910
2203          11     68     172  142.602381  -29.397619
2204          11     69     171  144.022001  -26.977999
2205          11     70     170  142.328494  -27.671506
2206          11     71     169  142.955194  -26.044806
2207          11     72     168  135.635091  -32.364909
2208          11     73     167  143.420752  -23.579248
2209          11     74     166  138.063994  -27.936006
2210          11     75     165  139.388390  -25.611610
2211          11     76     164  134.486181  -29.513819
2212          11     77     163  138.500599  -24.499401
2213          11     78     162  135.359516  -26.640484
2214          11     79     161  132.023063  -28.976937
2215          11     80     160  137.716560  -22.283440
2216          11     81     159  139.435259  -19.564741
2217          11     82     158  134.742891  -23.257109
2218          11     83     157  131.238275  -25.761725
2219          11     84     156  125.402276  -30.597724
2220          11     85     155  129.154037  -25.845963
2221          11     86     154  124.625926  -29.374074
2222          11     87     153  127.822774  -25.177226
2223          11     88     152  121.443569  -30.556431
2224          11     89     151  125.649175  -25.350825
2225          11     90     150  125.210293  -24.789707
2226          11     91     149  121.891028  -27.108972
2227          11     92     148  125.003400  -22.996600
2228          11     93     147  115.129798  -31.870202
2229          11     94     146  120.314631  -25.685369
2230          11     95     145  121.631677  -23.368323
2231          11     96     144  117.489817  -26.510183
2232          11     97     143  120.313392  -22.686608
2233          11     98     142  114.312942  -27.687058
2234          11     99     141  117.787699  -23.212301
2235          11    100     140  118.937410  -21.062590
2236          11    101     139  121.375597  -17.624403
2237          11    102     138  120.121521  -17.878479
2238          11    103     137  118.514480  -18.485520
2239          11    104     136  123.365657  -12.634343
2240          11    105     135  122.231235  -12.768765
2241          11    106     134  127.101868   -6.898132
2242          11    107     133  127.812106   -5.187894
2243          11    108     132  119.895386  -12.104614
2244          11    109     131  125.677794   -5.322206
2245          11    110     130  122.716711   -7.283289
2246          11    111     129  117.726926  -11.273074
2247          11    112     128  120.350691   -7.649309
2248          11    113     127  125.071807   -1.928193
2249          11    114     126  120.917190   -5.082810
2250          11    115     125  123.417865   -1.582135
2251          11    116     124  120.768145   -3.231855
2252          11    117     123  117.044772   -5.955228
2253          11    118     122  110.889185  -11.110815
2254          11    119     121  111.538650   -9.461350
2255          11    120     120  117.466704   -2.533296
2256          11    121     119  113.012151   -5.987849
2257          11    122     118  115.614184   -2.385816
2258          11    123     117  108.587542   -8.412458
2259          11    124     116  110.431710   -5.568290
2260          11    125     115  110.166590   -4.833410
2261          11    126     114  111.622138   -2.377862
2262          11    127     113  108.244218   -4.755782
2263          11    128     112  101.209716  -10.790284
2264          11    129     111  103.873312   -7.126688
2265          11    130     110  103.589997   -6.410003
2266          11    131     109  110.307798    1.307798
2267          11    132     108  108.911017    0.911017
2268          11    133     107  106.275981   -0.724019
2269          11    134     106   96.625708   -9.374292
2270          11    135     105   96.307275   -8.692725
2271          11    136     104  101.721655   -2.278345
2272          11    137     103   96.332888   -6.667112
2273          11    138     102  103.573559    1.573559
2274          11    139     101   95.171595   -5.828405
2275          11    140     100  101.177330    1.177330
2276          11    141      99   94.314220   -4.685780
2277          11    142      98  103.289010    5.289010
2278          11    143      97   93.543686   -3.456314
2279          11    144      96   91.410835   -4.589165
2280          11    145      95   88.444139   -6.555861
2281          11    146      94   89.726647   -4.273353
2282          11    147      93   83.263143   -9.736857
2283          11    148      92   85.464335   -6.535665
2284          11    149      91   81.236759   -9.763241
2285          11    150      90   85.405891   -4.594109
2286          11    151      89   85.113678   -3.886322
2287          11    152      88   78.947954   -9.052046
2288          11    153      87   74.986095  -12.013905
2289          11    154      86   75.824709  -10.175291
2290          11    155      85   73.179800  -11.820200
2291          11    156      84   71.101844  -12.898156
2292          11    157      83   71.361929  -11.638071
2293          11    158      82   67.352838  -14.647162
2294          11    159      81   73.772674   -7.227326
2295          11    160      80   66.883797  -13.116203
2296          11    161      79   71.856984   -7.143016
2297          11    162      78   68.616694   -9.383306
2298          11    163      77   69.067186   -7.932814
2299          11    164      76   72.260541   -3.739459
2300          11    165      75   64.872076  -10.127924
2301          11    166      74   65.620568   -8.379432
2302          11    167      73   62.633857  -10.366143
2303          11    168      72   61.495534  -10.504466
2304          11    169      71   63.060591   -7.939409
2305          11    170      70   63.915591   -6.084409
2306          11    171      69   60.541063   -8.458937
2307          11    172      68   67.655509   -0.344491
2308          11    173      67   68.630244    1.630244
2309          11    174      66   66.651638    0.651638
2310          11    175      65   64.135417   -0.864583
2311          11    176      64   67.684835    3.684835
2312          11    177      63   62.438316   -0.561684
2313          11    178      62   64.505291    2.505291
2314          11    179      61   58.533149   -2.466851
2315          11    180      60   59.174315   -0.825685
2316          11    181      59   54.259217   -4.740783
2317          11    182      58   51.946966   -6.053034
2318          11    183      57   49.495460   -7.504540
2319          11    184      56   43.863000  -12.137000
2320          11    185      55   44.653391  -10.346609
2321          11    186      54   40.900084  -13.099916
2322          11    187      53   47.207833   -5.792167
2323          11    188      52   46.029056   -5.970944
2324          11    189      51   41.599711   -9.400289
2325          11    190      50   42.024631   -7.975369
2326          11    191      49   41.497530   -7.502470
2327          11    192      48   38.703739   -9.296261
2328          11    193      47   42.114321   -4.885679
2329          11    194      46   40.718524   -5.281476
2330          11    195      45   32.995614  -12.004386
2331          11    196      44   32.678042  -11.321958
2332          11    197      43   33.234673   -9.765327
2333          11    198      42   31.328083  -10.671917
2334          11    199      41   27.468157  -13.531843
2335          11    200      40   29.490462  -10.509538
2336          11    201      39   30.997347   -8.002653
2337          11    202      38   30.020235   -7.979765
2338          11    203      37   32.243174   -4.756826
2339          11    204      36   27.656810   -8.343190
2340          11    205      35   27.302998   -7.697002
2341          11    206      34   25.538932   -8.461068
2342          11    207      33   26.422384   -6.577616
2343          11    208      32   26.470936   -5.529064
2344          11    209      31   23.539468   -7.460532
2345          11    210      30   18.544875  -11.455125
2346          11    211      29   24.001592   -4.998408
2347          11    212      28   21.872322   -6.127678
2348          11    213      27   17.124405   -9.875595
2349          11    214      26   15.604653  -10.395347
2350          11    215      25   16.662704   -8.337296
2351          11    216      24   13.268700  -10.731300
2352          11    217      23   13.075280   -9.924720
2353          11    218      22   10.697936  -11.302064
2354          11    219      21    6.151364  -14.848636
2355          11    220      20    5.664661  -14.335339
2356          11    221      19    5.255364  -13.744636
2357          11    222      18    4.944431  -13.055569
2358          11    223      17    5.946653  -11.053347
2359          11    224      16   12.821227   -3.178773
2360          11    225      15    9.372634   -5.627366
2361          11    226      14    4.895719   -9.104281
2362          11    227      13   10.709466   -2.290534
2363          11    228      12    8.649292   -3.350708
2364          11    229      11    4.994731   -6.005269
2365          11    230      10   -0.049869  -10.049869
2366          11    231       9    3.178553   -5.821447
2367          11    232       8   -1.484707   -9.484707
2368          11    233       7    3.153228   -3.846772
2369          11    234       6   -0.513054   -6.513054
2370          11    235       5   -2.930212   -7.930212
2371          11    236       4   -3.438750   -7.438750
2372          11    237       3   -6.752799   -9.752799
2373          11    238       2  -10.696084  -12.696084
2374          11    239       1  -10.056084  -11.056084
2375          11    240       0  -14.094928  -14.094928
2376          12      1     169  211.760284   42.760284
2377          12      2     168  196.057003   28.057003
2378          12      3     167  194.977320   27.977320
2379          12      4     166  186.322569   20.322569
2380          12      5     165  181.213784   16.213784
2381          12      6     164  182.259089   18.259089
2382          12      7     163  178.139031   15.139031
2383          12      8     162  180.012182   18.012182
2384          12      9     161  186.504237   25.504237
2385          12     10     160  179.334750   19.334750
2386          12     11     159  181.143841   22.143841
2387          12     12     158  175.447043   17.447043
2388          12     13     157  174.935638   17.935638
2389          12     14     156  173.140033   17.140033
2390          12     15     155  172.511476   17.511476
2391          12     16     154  173.494970   19.494970
2392          12     17     153  173.163817   20.163817
2393          12     18     152  168.413495   16.413495
2394          12     19     151  164.527972   13.527972
2395          12     20     150  164.892074   14.892074
2396          12     21     149  165.573599   16.573599
2397          12     22     148  166.240898   18.240898
2398          12     23     147  163.963964   16.963964
2399          12     24     146  157.731736   11.731736
2400          12     25     145  155.457653   10.457653
2401          12     26     144  153.200775    9.200775
2402          12     27     143  154.844687   11.844687
2403          12     28     142  153.328221   11.328221
2404          12     29     141  147.884734    6.884734
2405          12     30     140  148.052271    8.052271
2406          12     31     139  144.746822    5.746822
2407          12     32     138  138.918012    0.918012
2408          12     33     137  146.939204    9.939204
2409          12     34     136  141.318182    5.318182
2410          12     35     135  139.947051    4.947051
2411          12     36     134  137.402926    3.402926
2412          12     37     133  137.805734    4.805734
2413          12     38     132  141.573329    9.573329
2414          12     39     131  137.933312    6.933312
2415          12     40     130  132.327917    2.327917
2416          12     41     129  136.304594    7.304594
2417          12     42     128  136.609957    8.609957
2418          12     43     127  133.217806    6.217806
2419          12     44     126  133.452505    7.452505
2420          12     45     125  127.817235    2.817235
2421          12     46     124  131.529622    7.529622
2422          12     47     123  134.278298   11.278298
2423          12     48     122  136.056709   14.056709
2424          12     49     121  136.673289   15.673289
2425          12     50     120  138.182243   18.182243
2426          12     51     119  134.451355   15.451355
2427          12     52     118  134.597948   16.597948
2428          12     53     117  128.235089   11.235089
2429          12     54     116  135.067244   19.067244
2430          12     55     115  126.188922   11.188922
2431          12     56     114  131.580804   17.580804
2432          12     57     113  128.351545   15.351545
2433          12     58     112  133.166556   21.166556
2434          12     59     111  133.954444   22.954444
2435          12     60     110  132.885750   22.885750
2436          12     61     109  130.866329   21.866329
2437          12     62     108  128.563531   20.563531
2438          12     63     107  131.212960   24.212960
2439          12     64     106  133.964261   27.964261
2440          12     65     105  131.371166   26.371166
2441          12     66     104  126.467566   22.467566
2442          12     67     103  125.172034   22.172034
2443          12     68     102  124.619562   22.619562
2444          12     69     101  123.036945   22.036945
2445          12     70     100  127.467223   27.467223
2446          12     71      99  131.642144   32.642144
2447          12     72      98  120.803064   22.803064
2448          12     73      97  127.720521   30.720521
2449          12     74      96  124.454978   28.454978
2450          12     75      95  122.377072   27.377072
2451          12     76      94  121.438499   27.438499
2452          12     77      93  125.497880   32.497880
2453          12     78      92  121.193567   29.193567
2454          12     79      91  120.523262   29.523262
2455          12     80      90  122.950967   32.950967
2456          12     81      89  118.623450   29.623450
2457          12     82      88  120.164655   32.164655
2458          12     83      87  112.440772   25.440772
2459          12     84      86  116.960553   30.960553
2460          12     85      85  117.481668   32.481668
2461          12     86      84  113.265153   29.265153
2462          12     87      83  116.686986   33.686986
2463          12     88      82  112.316108   30.316108
2464          12     89      81  116.953898   35.953898
2465          12     90      80  111.228854   31.228854
2466          12     91      79  107.995922   28.995922
2467          12     92      78  100.220601   22.220601
2468          12     93      77  103.252894   26.252894
2469          12     94      76  101.979501   25.979501
2470          12     95      75  100.273350   25.273350
2471          12     96      74   97.125312   23.125312
2472          12     97      73   99.156474   26.156474
2473          12     98      72  101.761737   29.761737
2474          12     99      71   97.897296   26.897296
2475          12    100      70   99.883968   29.883968
2476          12    101      69  103.994377   34.994377
2477          12    102      68  101.766320   33.766320
2478          12    103      67   99.400257   32.400257
2479          12    104      66   99.333102   33.333102
2480          12    105      65   96.774525   31.774525
2481          12    106      64  103.608976   39.608976
2482          12    107      63   99.261627   36.261627
2483          12    108      62   98.056356   36.056356
2484          12    109      61   98.012863   37.012863
2485          12    110      60   95.088387   35.088387
2486          12    111      59   93.729808   34.729808
2487          12    112      58   91.161343   33.161343
2488          12    113      57   92.170903   35.170903
2489          12    114      56   89.668848   33.668848
2490          12    115      55   89.329180   34.329180
2491          12    116      54   87.130314   33.130314
2492          12    117      53   83.512768   30.512768
2493          12    118      52   85.357164   33.357164
2494          12    119      51   81.604617   30.604617
2495          12    120      50   78.553132   28.553132
2496          12    121      49   82.283927   33.283927
2497          12    122      48   72.176345   24.176345
2498          12    123      47   75.086049   28.086049
2499          12    124      46   78.108232   32.108232
2500          12    125      45   70.535640   25.535640
2501          12    126      44   71.970172   27.970172
2502          12    127      43   65.808697   22.808697
2503          12    128      42   66.999142   24.999142
2504          12    129      41   64.232711   23.232711
2505          12    130      40   62.339276   22.339276
2506          12    131      39   57.270066   18.270066
2507          12    132      38   54.997251   16.997251
2508          12    133      37   55.398848   18.398848
2509          12    134      36   55.579765   19.579765
2510          12    135      35   54.003569   19.003569
2511          12    136      34   53.163116   19.163116
2512          12    137      33   51.416547   18.416547
2513          12    138      32   47.895443   15.895443
2514          12    139      31   47.205372   16.205372
2515          12    140      30   46.612167   16.612167
2516          12    141      29   44.881589   15.881589
2517          12    142      28   46.400034   18.400034
2518          12    143      27   43.687980   16.687980
2519          12    144      26   38.259264   12.259264
2520          12    145      25   36.193413   11.193413
2521          12    146      24   43.743197   19.743197
2522          12    147      23   37.358452   14.358452
2523          12    148      22   39.132654   17.132654
2524          12    149      21   34.628228   13.628228
2525          12    150      20   34.495020   14.495020
2526          12    151      19   31.131079   12.131079
2527          12    152      18   31.552041   13.552041
2528          12    153      17   34.022823   17.022823
2529          12    154      16   31.386800   15.386800
2530          12    155      15   32.121245   17.121245
2531          12    156      14   26.947996   12.947996
2532          12    157      13   27.120049   14.120049
2533          12    158      12   24.114371   12.114371
2534          12    159      11   23.428376   12.428376
2535          12    160      10   15.197249    5.197249
2536          12    161       9   14.293475    5.293475
2537          12    162       8    9.873022    1.873022
2538          12    163       7    8.482453    1.482453
2539          12    164       6    9.666982    3.666982
2540          12    165       5   11.731519    6.731519
2541          12    166       4   12.999545    8.999545
2542          12    167       3    8.389522    5.389522
2543          12    168       2    4.840389    2.840389
2544          12    169       1    3.360824    2.360824
2545          12    170       0    2.008843    2.008843
2546          13      1     162  222.028532   60.028532
2547          13      2     161  201.757371   40.757371
2548          13      3     160  195.960612   35.960612
2549          13      4     159  190.658445   31.658445
2550          13      5     158  185.623990   27.623990
2551          13      6     157  178.930608   21.930608
2552          13      7     156  177.640205   21.640205
2553          13      8     155  176.672924   21.672924
2554          13      9     154  171.054896   17.054896
2555          13     10     153  172.472195   19.472195
2556          13     11     152  174.907110   22.907110
2557          13     12     151  174.600283   23.600283
2558          13     13     150  172.375358   22.375358
2559          13     14     149  172.838895   23.838895
2560          13     15     148  172.153757   24.153757
2561          13     16     147  172.756784   25.756784
2562          13     17     146  171.437320   25.437320
2563          13     18     145  170.780096   25.780096
2564          13     19     144  166.372273   22.372273
2565          13     20     143  163.427231   20.427231
2566          13     21     142  164.949802   22.949802
2567          13     22     141  162.580929   21.580929
2568          13     23     140  160.180740   20.180740
2569          13     24     139  160.462030   21.462030
2570          13     25     138  163.190009   25.190009
2571          13     26     137  159.733140   22.733140
2572          13     27     136  159.630075   23.630075
2573          13     28     135  156.590382   21.590382
2574          13     29     134  157.402447   23.402447
2575          13     30     133  156.253990   23.253990
2576          13     31     132  157.388723   25.388723
2577          13     32     131  159.167872   28.167872
2578          13     33     130  154.250343   24.250343
2579          13     34     129  153.953080   24.953080
2580          13     35     128  154.598357   26.598357
2581          13     36     127  152.043906   25.043906
2582          13     37     126  151.427794   25.427794
2583          13     38     125  147.267625   22.267625
2584          13     39     124  157.417161   33.417161
2585          13     40     123  149.692649   26.692649
2586          13     41     122  146.856741   24.856741
2587          13     42     121  147.584263   26.584263
2588          13     43     120  147.051990   27.051990
2589          13     44     119  146.819530   27.819530
2590          13     45     118  147.287000   29.287000
2591          13     46     117  144.467072   27.467072
2592          13     47     116  149.018300   33.018300
2593          13     48     115  140.444788   25.444788
2594          13     49     114  135.829032   21.829032
2595          13     50     113  135.797283   22.797283
2596          13     51     112  138.113495   26.113495
2597          13     52     111  135.729573   24.729573
2598          13     53     110  136.837932   26.837932
2599          13     54     109  133.772349   24.772349
2600          13     55     108  138.504742   30.504742
2601          13     56     107  136.747186   29.747186
2602          13     57     106  136.726663   30.726663
2603          13     58     105  131.889220   26.889220
2604          13     59     104  131.379134   27.379134
2605          13     60     103  134.771031   31.771031
2606          13     61     102  130.407123   28.407123
2607          13     62     101  129.663497   28.663497
2608          13     63     100  133.195783   33.195783
2609          13     64      99  128.222496   29.222496
2610          13     65      98  123.279872   25.279872
2611          13     66      97  124.650113   27.650113
2612          13     67      96  121.889858   25.889858
2613          13     68      95  127.164012   32.164012
2614          13     69      94  126.378303   32.378303
2615          13     70      93  122.322419   29.322419
2616          13     71      92  120.653610   28.653610
2617          13     72      91  117.190188   26.190188
2618          13     73      90  117.577080   27.577080
2619          13     74      89  119.225143   30.225143
2620          13     75      88  111.378213   23.378213
2621          13     76      87  113.818833   26.818833
2622          13     77      86  116.727696   30.727696
2623          13     78      85  115.289416   30.289416
2624          13     79      84  112.244409   28.244409
2625          13     80      83  111.905807   28.905807
2626          13     81      82  106.585531   24.585531
2627          13     82      81  106.568024   25.568024
2628          13     83      80  106.555204   26.555204
2629          13     84      79  107.323044   28.323044
2630          13     85      78  106.003685   28.003685
2631          13     86      77  111.835164   34.835164
2632          13     87      76   98.513158   22.513158
2633          13     88      75  104.261858   29.261858
2634          13     89      74  103.990013   29.990013
2635          13     90      73  104.823782   31.823782
2636          13     91      72  102.478054   30.478054
2637          13     92      71   98.732440   27.732440
2638          13     93      70   97.922984   27.922984
2639          13     94      69  101.170385   32.170385
2640          13     95      68   92.951716   24.951716
2641          13     96      67   96.210484   29.210484
2642          13     97      66   96.230632   30.230632
2643          13     98      65   93.063204   28.063204
2644          13     99      64   95.208454   31.208454
2645          13    100      63   89.953883   26.953883
2646          13    101      62   84.692046   22.692046
2647          13    102      61   88.695587   27.695587
2648          13    103      60   82.409728   22.409728
2649          13    104      59   76.746942   17.746942
2650          13    105      58   77.886939   19.886939
2651          13    106      57   70.330565   13.330565
2652          13    107      56   69.601851   13.601851
2653          13    108      55   65.812629   10.812629
2654          13    109      54   62.363849    8.363849
2655          13    110      53   62.367098    9.367098
2656          13    111      52   60.388998    8.388998
2657          13    112      51   54.965819    3.965819
2658          13    113      50   58.572988    8.572988
2659          13    114      49   52.151773    3.151773
2660          13    115      48   54.184790    6.184790
2661          13    116      47   56.586733    9.586733
2662          13    117      46   51.927324    5.927324
2663          13    118      45   56.849191   11.849191
2664          13    119      44   53.968342    9.968342
2665          13    120      43   56.504028   13.504028
2666          13    121      42   56.175736   14.175736
2667          13    122      41   58.876887   17.876887
2668          13    123      40   52.132089   12.132089
2669          13    124      39   52.440764   13.440764
2670          13    125      38   52.066473   14.066473
2671          13    126      37   57.867121   20.867121
2672          13    127      36   56.607823   20.607823
2673          13    128      35   53.699927   18.699927
2674          13    129      34   57.875507   23.875507
2675          13    130      33   57.761834   24.761834
2676          13    131      32   61.083071   29.083071
2677          13    132      31   59.610449   28.610449
2678          13    133      30   57.236356   27.236356
2679          13    134      29   56.013490   27.013490
2680          13    135      28   49.309969   21.309969
2681          13    136      27   47.985644   20.985644
2682          13    137      26   50.627462   24.627462
2683          13    138      25   47.196108   22.196108
2684          13    139      24   45.093176   21.093176
2685          13    140      23   37.615933   14.615933
2686          13    141      22   36.836421   14.836421
2687          13    142      21   37.335439   16.335439
2688          13    143      20   37.594736   17.594736
2689          13    144      19   33.247820   14.247820
2690          13    145      18   35.832322   17.832322
2691          13    146      17   32.384136   15.384136
2692          13    147      16   26.580404   10.580404
2693          13    148      15   24.298355    9.298355
2694          13    149      14   19.529637    5.529637
2695          13    150      13   20.321448    7.321448
2696          13    151      12   15.828870    3.828870
2697          13    152      11   20.371475    9.371475
2698          13    153      10   13.374216    3.374216
2699          13    154       9   14.849851    5.849851
2700          13    155       8   12.664454    4.664454
2701          13    156       7   11.310793    4.310793
2702          13    157       6   11.546679    5.546679
2703          13    158       5   11.135474    6.135474
2704          13    159       4    0.793813   -3.206187
2705          13    160       3    2.008619   -0.991381
2706          13    161       2   -2.980848   -4.980848
2707          13    162       1   -1.544730   -2.544730
2708          13    163       0   -3.571503   -3.571503
2709          14      1     179  189.396881   10.396881
2710          14      2     178  180.151810    2.151810
2711          14      3     177  180.040018    3.040018
2712          14      4     176  174.277016   -1.722984
2713          14      5     175  175.480397    0.480397
2714          14      6     174  180.005937    6.005937
2715          14      7     173  180.200577    7.200577
2716          14      8     172  178.886047    6.886047
2717          14      9     171  175.813449    4.813449
2718          14     10     170  179.692311    9.692311
2719          14     11     169  172.666650    3.666650
2720          14     12     168  172.972528    4.972528
2721          14     13     167  166.698117   -0.301883
2722          14     14     166  170.686697    4.686697
2723          14     15     165  167.669643    2.669643
2724          14     16     164  166.587970    2.587970
2725          14     17     163  161.781839   -1.218161
2726          14     18     162  165.691731    3.691731
2727          14     19     161  158.898653   -2.101347
2728          14     20     160  162.288386    2.288386
2729          14     21     159  165.523962    6.523962
2730          14     22     158  161.296775    3.296775
2731          14     23     157  154.486839   -2.513161
2732          14     24     156  157.507397    1.507397
2733          14     25     155  157.348597    2.348597
2734          14     26     154  156.430545    2.430545
2735          14     27     153  153.990025    0.990025
2736          14     28     152  155.079202    3.079202
2737          14     29     151  153.537385    2.537385
2738          14     30     150  152.651831    2.651831
2739          14     31     149  151.305567    2.305567
2740          14     32     148  154.454312    6.454312
2741          14     33     147  153.659920    6.659920
2742          14     34     146  153.685843    7.685843
2743          14     35     145  151.186377    6.186377
2744          14     36     144  150.193138    6.193138
2745          14     37     143  149.716126    6.716126
2746          14     38     142  144.842937    2.842937
2747          14     39     141  142.772219    1.772219
2748          14     40     140  143.126672    3.126672
2749          14     41     139  139.750810    0.750810
2750          14     42     138  141.639614    3.639614
2751          14     43     137  137.375497    0.375497
2752          14     44     136  138.514584    2.514584
2753          14     45     135  136.589207    1.589207
2754          14     46     134  141.649901    7.649901
2755          14     47     133  134.189099    1.189099
2756          14     48     132  133.005830    1.005830
2757          14     49     131  127.457249   -3.542751
2758          14     50     130  135.618608    5.618608
2759          14     51     129  131.508530    2.508530
2760          14     52     128  133.041867    5.041867
2761          14     53     127  132.262187    5.262187
2762          14     54     126  126.010422    0.010422
2763          14     55     125  129.208974    4.208974
2764          14     56     124  125.380729    1.380729
2765          14     57     123  123.972963    0.972963
2766          14     58     122  127.252088    5.252088
2767          14     59     121  123.092707    2.092707
2768          14     60     120  123.080508    3.080508
2769          14     61     119  124.912652    5.912652
2770          14     62     118  129.944233   11.944233
2771          14     63     117  123.414606    6.414606
2772          14     64     116  124.919655    8.919655
2773          14     65     115  121.515094    6.515094
2774          14     66     114  126.218158   12.218158
2775          14     67     113  127.594954   14.594954
2776          14     68     112  129.534337   17.534337
2777          14     69     111  131.671441   20.671441
2778          14     70     110  127.307018   17.307018
2779          14     71     109  125.851978   16.851978
2780          14     72     108  127.394645   19.394645
2781          14     73     107  124.705085   17.705085
2782          14     74     106  128.810334   22.810334
2783          14     75     105  123.440304   18.440304
2784          14     76     104  120.160676   16.160676
2785          14     77     103  115.779776   12.779776
2786          14     78     102  120.645412   18.645412
2787          14     79     101  118.961217   17.961217
2788          14     80     100  120.154261   20.154261
2789          14     81      99  121.944089   22.944089
2790          14     82      98  123.065846   25.065846
2791          14     83      97  116.055085   19.055085
2792          14     84      96  118.543307   22.543307
2793          14     85      95  118.175399   23.175399
2794          14     86      94  121.485272   27.485272
2795          14     87      93  113.671417   20.671417
2796          14     88      92  119.186208   27.186208
2797          14     89      91  113.982257   22.982257
2798          14     90      90  109.912146   19.912146
2799          14     91      89  113.950356   24.950356
2800          14     92      88  109.182296   21.182296
2801          14     93      87  105.164364   18.164364
2802          14     94      86  105.599753   19.599753
2803          14     95      85  104.690993   19.690993
2804          14     96      84  105.724735   21.724735
2805          14     97      83  107.162013   24.162013
2806          14     98      82  102.430059   20.430059
2807          14     99      81  100.076540   19.076540
2808          14    100      80  101.614558   21.614558
2809          14    101      79   98.689354   19.689354
2810          14    102      78   95.087683   17.087683
2811          14    103      77   98.338591   21.338591
2812          14    104      76   93.350960   17.350960
2813          14    105      75   92.462439   17.462439
2814          14    106      74   88.078515   14.078515
2815          14    107      73   88.320849   15.320849
2816          14    108      72   89.400171   17.400171
2817          14    109      71   92.408688   21.408688
2818          14    110      70   87.354777   17.354777
2819          14    111      69   86.087214   17.087214
2820          14    112      68   75.885079    7.885079
2821          14    113      67   77.195303   10.195303
2822          14    114      66   75.628126    9.628126
2823          14    115      65   74.174688    9.174688
2824          14    116      64   73.778776    9.778776
2825          14    117      63   75.753064   12.753064
2826          14    118      62   80.660126   18.660126
2827          14    119      61   76.234719   15.234719
2828          14    120      60   71.408114   11.408114
2829          14    121      59   70.389180   11.389180
2830          14    122      58   68.365334   10.365334
2831          14    123      57   77.546651   20.546651
2832          14    124      56   74.154495   18.154495
2833          14    125      55   69.173988   14.173988
2834          14    126      54   68.272927   14.272927
2835          14    127      53   66.549627   13.549627
2836          14    128      52   61.559801    9.559801
2837          14    129      51   66.349032   15.349032
2838          14    130      50   61.757658   11.757658
2839          14    131      49   58.603513    9.603513
2840          14    132      48   59.303786   11.303786
2841          14    133      47   59.332458   12.332458
2842          14    134      46   55.305151    9.305151
2843          14    135      45   59.386497   14.386497
2844          14    136      44   57.404647   13.404647
2845          14    137      43   54.182208   11.182208
2846          14    138      42   56.346548   14.346548
2847          14    139      41   52.863920   11.863920
2848          14    140      40   57.754880   17.754880
2849          14    141      39   59.411679   20.411679
2850          14    142      38   54.196124   16.196124
2851          14    143      37   49.392782   12.392782
2852          14    144      36   52.803788   16.803788
2853          14    145      35   51.136300   16.136300
2854          14    146      34   46.501028   12.501028
2855          14    147      33   44.367192   11.367192
2856          14    148      32   47.631887   15.631887
2857          14    149      31   46.973429   15.973429
2858          14    150      30   47.277147   17.277147
2859          14    151      29   46.866958   17.866958
2860          14    152      28   34.662861    6.662861
2861          14    153      27   39.389996   12.389996
2862          14    154      26   35.443425    9.443425
2863          14    155      25   30.234967    5.234967
2864          14    156      24   29.983628    5.983628
2865          14    157      23   29.280580    6.280580
2866          14    158      22   35.439027   13.439027
2867          14    159      21   26.735498    5.735498
2868          14    160      20   28.684666    8.684666
2869          14    161      19   25.830189    6.830189
2870          14    162      18   23.033093    5.033093
2871          14    163      17   23.771862    6.771862
2872          14    164      16   19.933780    3.933780
2873          14    165      15   17.245381    2.245381
2874          14    166      14   15.230517    1.230517
2875          14    167      13   12.672156   -0.327844
2876          14    168      12   12.067822    0.067822
2877          14    169      11    9.433124   -1.566876
2878          14    170      10   13.966563    3.966563
2879          14    171       9    7.416178   -1.583822
2880          14    172       8    5.602942   -2.397058
2881          14    173       7    4.926610   -2.073390
2882          14    174       6    6.172312    0.172312
2883          14    175       5    5.379677    0.379677
2884          14    176       4    4.163035    0.163035
2885          14    177       3    2.471478   -0.528522
2886          14    178       2    1.292747   -0.707253
2887          14    179       1   -1.367758   -2.367758
2888          14    180       0   -4.471268   -4.471268
2889          15      1     206  226.374206   20.374206
2890          15      2     205  209.799509    4.799509
2891          15      3     204  208.826843    4.826843
2892          15      4     203  212.798584    9.798584
2893          15      5     202  207.361486    5.361486
2894          15      6     201  211.636383   10.636383
2895          15      7     200  200.031881    0.031881
2896          15      8     199  196.527116   -2.472884
2897          15      9     198  205.498987    7.498987
2898          15     10     197  198.443463    1.443463
2899          15     11     196  203.865026    7.865026
2900          15     12     195  202.428149    7.428149
2901          15     13     194  201.851709    7.851709
2902          15     14     193  201.058097    8.058097
2903          15     15     192  198.349977    6.349977
2904          15     16     191  201.573981   10.573981
2905          15     17     190  200.747452   10.747452
2906          15     18     189  199.052914   10.052914
2907          15     19     188  197.399327    9.399327
2908          15     20     187  197.602527   10.602527
2909          15     21     186  199.620364   13.620364
2910          15     22     185  194.080112    9.080112
2911          15     23     184  197.977375   13.977375
2912          15     24     183  203.643215   20.643215
2913          15     25     182  197.702039   15.702039
2914          15     26     181  196.481652   15.481652
2915          15     27     180  187.853255    7.853255
2916          15     28     179  199.804649   20.804649
2917          15     29     178  191.886719   13.886719
2918          15     30     177  195.089077   18.089077
2919          15     31     176  184.682774    8.682774
2920          15     32     175  183.464966    8.464966
2921          15     33     174  181.785949    7.785949
2922          15     34     173  182.336754    9.336754
2923          15     35     172  183.311043   11.311043
2924          15     36     171  188.548524   17.548524
2925          15     37     170  182.866698   12.866698
2926          15     38     169  189.269336   20.269336
2927          15     39     168  176.898708    8.898708
2928          15     40     167  176.684681    9.684681
2929          15     41     166  178.763535   12.763535
2930          15     42     165  182.898559   17.898559
2931          15     43     164  173.628221    9.628221
2932          15     44     163  176.982723   13.982723
2933          15     45     162  173.794094   11.794094
2934          15     46     161  175.671594   14.671594
2935          15     47     160  162.424576    2.424576
2936          15     48     159  172.747566   13.747566
2937          15     49     158  170.847335   12.847335
2938          15     50     157  170.957487   13.957487
2939          15     51     156  168.029701   12.029701
2940          15     52     155  164.742993    9.742993
2941          15     53     154  168.959158   14.959158
2942          15     54     153  165.584014   12.584014
2943          15     55     152  162.053480   10.053480
2944          15     56     151  172.624267   21.624267
2945          15     57     150  168.816683   18.816683
2946          15     58     149  166.674533   17.674533
2947          15     59     148  156.276494    8.276494
2948          15     60     147  159.264889   12.264889
2949          15     61     146  163.378014   17.378014
2950          15     62     145  163.729251   18.729251
2951          15     63     144  155.980893   11.980893
2952          15     64     143  154.681377   11.681377
2953          15     65     142  156.455546   14.455546
2954          15     66     141  160.374496   19.374496
2955          15     67     140  155.933722   15.933722
2956          15     68     139  158.301787   19.301787
2957          15     69     138  159.056254   21.056254
2958          15     70     137  155.635545   18.635545
2959          15     71     136  152.459705   16.459705
2960          15     72     135  156.477394   21.477394
2961          15     73     134  160.357855   26.357855
2962          15     74     133  154.363981   21.363981
2963          15     75     132  154.678139   22.678139
2964          15     76     131  153.434246   22.434246
2965          15     77     130  143.980520   13.980520
2966          15     78     129  157.669585   28.669585
2967          15     79     128  146.849182   18.849182
2968          15     80     127  152.271809   25.271809
2969          15     81     126  150.924057   24.924057
2970          15     82     125  149.195826   24.195826
2971          15     83     124  144.616075   20.616075
2972          15     84     123  148.527537   25.527537
2973          15     85     122  150.220603   28.220603
2974          15     86     121  148.275628   27.275628
2975          15     87     120  146.830713   26.830713
2976          15     88     119  150.365182   31.365182
2977          15     89     118  150.495962   32.495962
2978          15     90     117  141.865055   24.865055
2979          15     91     116  137.885519   21.885519
2980          15     92     115  137.131555   22.131555
2981          15     93     114  144.186653   30.186653
2982          15     94     113  142.206246   29.206246
2983          15     95     112  143.237066   31.237066
2984          15     96     111  144.281159   33.281159
2985          15     97     110  136.209680   26.209680
2986          15     98     109  140.425750   31.425750
2987          15     99     108  141.798926   33.798926
2988          15    100     107  140.124347   33.124347
2989          15    101     106  141.928166   35.928166
2990          15    102     105  134.679461   29.679461
2991          15    103     104  132.455616   28.455616
2992          15    104     103  139.099577   36.099577
2993          15    105     102  145.065984   43.065984
2994          15    106     101  143.153138   42.153138
2995          15    107     100  141.495150   41.495150
2996          15    108      99  142.863160   43.863160
2997          15    109      98  133.402910   35.402910
2998          15    110      97  137.661225   40.661225
2999          15    111      96  134.589928   38.589928
3000          15    112      95  130.063931   35.063931
3001          15    113      94  135.765180   41.765180
3002          15    114      93  132.836010   39.836010
3003          15    115      92  134.027842   42.027842
3004          15    116      91  133.491826   42.491826
3005          15    117      90  129.366065   39.366065
3006          15    118      89  132.705007   43.705007
3007          15    119      88  134.930212   46.930212
3008          15    120      87  131.515834   44.515834
3009          15    121      86  127.334358   41.334358
3010          15    122      85  132.309667   47.309667
3011          15    123      84  125.732471   41.732471
3012          15    124      83  123.285375   40.285375
3013          15    125      82  120.192378   38.192378
3014          15    126      81  115.496950   34.496950
3015          15    127      80  113.301783   33.301783
3016          15    128      79  113.726298   34.726298
3017          15    129      78  107.181349   29.181349
3018          15    130      77  108.398499   31.398499
3019          15    131      76  110.859110   34.859110
3020          15    132      75  110.243094   35.243094
3021          15    133      74  108.870864   34.870864
3022          15    134      73  105.766437   32.766437
3023          15    135      72  107.315017   35.315017
3024          15    136      71  101.412150   30.412150
3025          15    137      70  104.974973   34.974973
3026          15    138      69   99.678882   30.678882
3027          15    139      68  101.053543   33.053543
3028          15    140      67   99.289474   32.289474
3029          15    141      66   95.884168   29.884168
3030          15    142      65   96.854370   31.854370
3031          15    143      64   94.184445   30.184445
3032          15    144      63   87.357387   24.357387
3033          15    145      62   90.236754   28.236754
3034          15    146      61   85.743147   24.743147
3035          15    147      60   83.799583   23.799583
3036          15    148      59   84.576624   25.576624
3037          15    149      58   86.521035   28.521035
3038          15    150      57   75.743442   18.743442
3039          15    151      56   77.096339   21.096339
3040          15    152      55   83.472329   28.472329
3041          15    153      54   76.365493   22.365493
3042          15    154      53   73.486729   20.486729
3043          15    155      52   70.456440   18.456440
3044          15    156      51   73.135511   22.135511
3045          15    157      50   73.136929   23.136929
3046          15    158      49   66.128883   17.128883
3047          15    159      48   56.505832    8.505832
3048          15    160      47   61.497733   14.497733
3049          15    161      46   54.173902    8.173902
3050          15    162      45   55.233782   10.233782
3051          15    163      44   51.474677    7.474677
3052          15    164      43   46.243474    3.243474
3053          15    165      42   45.667310    3.667310
3054          15    166      41   42.078966    1.078966
3055          15    167      40   42.362968    2.362968
3056          15    168      39   41.737633    2.737633
3057          15    169      38   37.587778   -0.412222
3058          15    170      37   30.777258   -6.222742
3059          15    171      36   34.638102   -1.361898
3060          15    172      35   32.831023   -2.168977
3061          15    173      34   33.774789   -0.225211
3062          15    174      33   37.852330    4.852330
3063          15    175      32   27.971711   -4.028289
3064          15    176      31   30.768020   -0.231980
3065          15    177      30   28.202885   -1.797115
3066          15    178      29   24.511766   -4.488234
3067          15    179      28   24.943826   -3.056174
3068          15    180      27   25.332073   -1.667927
3069          15    181      26   24.861501   -1.138499
3070          15    182      25   20.743907   -4.256093
3071          15    183      24   21.174362   -2.825638
3072          15    184      23   21.294878   -1.705122
3073          15    185      22   12.277417   -9.722583
3074          15    186      21   15.702541   -5.297459
3075          15    187      20   12.827108   -7.172892
3076          15    188      19   12.236214   -6.763786
3077          15    189      18    8.604686   -9.395314
3078          15    190      17   10.003927   -6.996073
3079          15    191      16    7.536045   -8.463955
3080          15    192      15    6.557875   -8.442125
3081          15    193      14    5.528931   -8.471069
3082          15    194      13    8.240664   -4.759336
3083          15    195      12    8.686430   -3.313570
3084          15    196      11    8.044988   -2.955012
3085          15    197      10    2.872837   -7.127163
3086          15    198       9    2.803269   -6.196731
3087          15    199       8    0.824186   -7.175814
3088          15    200       7    4.566739   -2.433261
3089          15    201       6    3.941497   -2.058503
3090          15    202       5   -1.424227   -6.424227
3091          15    203       4   -4.052046   -8.052046
3092          15    204       3    0.483569   -2.516431
3093          15    205       2   -6.622436   -8.622436
3094          15    206       1  -10.568312  -11.568312
3095          15    207       0  -11.724028  -11.724028
3096          16      1     208  182.683085  -25.316915
3097          16      2     207  189.138396  -17.861604
3098          16      3     206  179.176157  -26.823843
3099          16      4     205  172.438802  -32.561198
3100          16      5     204  173.172427  -30.827573
3101          16      6     203  169.043132  -33.956868
3102          16      7     202  165.534041  -36.465959
3103          16      8     201  164.111795  -36.888205
3104          16      9     200  167.182083  -32.817917
3105          16     10     199  163.871721  -35.128279
3106          16     11     198  162.527680  -35.472320
3107          16     12     197  159.665866  -37.334134
3108          16     13     196  164.205406  -31.794594
3109          16     14     195  158.093475  -36.906525
3110          16     15     194  160.251927  -33.748073
3111          16     16     193  161.130918  -31.869082
3112          16     17     192  157.389713  -34.610287
3113          16     18     191  156.623232  -34.376768
3114          16     19     190  150.494484  -39.505516
3115          16     20     189  151.193779  -37.806221
3116          16     21     188  151.889169  -36.110831
3117          16     22     187  146.569274  -40.430726
3118          16     23     186  153.010248  -32.989752
3119          16     24     185  149.579977  -35.420023
3120          16     25     184  152.891850  -31.108150
3121          16     26     183  143.567950  -39.432050
3122          16     27     182  146.156910  -35.843090
3123          16     28     181  143.959524  -37.040476
3124          16     29     180  142.586323  -37.413677
3125          16     30     179  146.111211  -32.888789
3126          16     31     178  140.710637  -37.289363
3127          16     32     177  139.452046  -37.547954
3128          16     33     176  139.049782  -36.950218
3129          16     34     175  134.315711  -40.684289
3130          16     35     174  131.921486  -42.078514
3131          16     36     173  145.575860  -27.424140
3132          16     37     172  145.196835  -26.803165
3133          16     38     171  144.027395  -26.972605
3134          16     39     170  140.233617  -29.766383
3135          16     40     169  135.971298  -33.028702
3136          16     41     168  134.295023  -33.704977
3137          16     42     167  133.576149  -33.423851
3138          16     43     166  129.517041  -36.482959
3139          16     44     165  132.926517  -32.073483
3140          16     45     164  131.511210  -32.488790
3141          16     46     163  132.320429  -30.679571
3142          16     47     162  128.899449  -33.100551
3143          16     48     161  127.689170  -33.310830
3144          16     49     160  128.495841  -31.504159
3145          16     50     159  129.473200  -29.526800
3146          16     51     158  126.821721  -31.178279
3147          16     52     157  128.863475  -28.136525
3148          16     53     156  127.421053  -28.578947
3149          16     54     155  127.339782  -27.660218
3150          16     55     154  123.546725  -30.453275
3151          16     56     153  119.687468  -33.312532
3152          16     57     152  118.547982  -33.452018
3153          16     58     151  119.103093  -31.896907
3154          16     59     150  120.248131  -29.751869
3155          16     60     149  122.622377  -26.377623
3156          16     61     148  119.899261  -28.100739
3157          16     62     147  113.733319  -33.266681
3158          16     63     146  112.454959  -33.545041
3159          16     64     145  115.674516  -29.325484
3160          16     65     144  116.719172  -27.280828
3161          16     66     143  122.469589  -20.530411
3162          16     67     142  116.941086  -25.058914
3163          16     68     141  116.463210  -24.536790
3164          16     69     140  116.825484  -23.174516
3165          16     70     139  112.639284  -26.360716
3166          16     71     138  111.882062  -26.117938
3167          16     72     137  120.501829  -16.498171
3168          16     73     136  111.547449  -24.452551
3169          16     74     135  116.635042  -18.364958
3170          16     75     134  113.550684  -20.449316
3171          16     76     133  113.969184  -19.030816
3172          16     77     132  117.237720  -14.762280
3173          16     78     131  114.573845  -16.426155
3174          16     79     130  111.830063  -18.169937
3175          16     80     129  108.807009  -20.192991
3176          16     81     128  110.773592  -17.226408
3177          16     82     127  107.175132  -19.824868
3178          16     83     126  106.438787  -19.561213
3179          16     84     125  107.517862  -17.482138
3180          16     85     124  109.629699  -14.370301
3181          16     86     123  111.669457  -11.330543
3182          16     87     122  107.905557  -14.094443
3183          16     88     121  102.580414  -18.419586
3184          16     89     120  104.658821  -15.341179
3185          16     90     119  105.905434  -13.094566
3186          16     91     118  102.513423  -15.486577
3187          16     92     117  107.118780   -9.881220
3188          16     93     116  104.613857  -11.386143
3189          16     94     115  104.041593  -10.958407
3190          16     95     114  101.262329  -12.737671
3191          16     96     113  102.946051  -10.053949
3192          16     97     112   98.349988  -13.650012
3193          16     98     111  100.358250  -10.641750
3194          16     99     110   99.294696  -10.705304
3195          16    100     109   93.873767  -15.126233
3196          16    101     108   91.522004  -16.477996
3197          16    102     107   99.049760   -7.950240
3198          16    103     106   94.768754  -11.231246
3199          16    104     105   95.572619   -9.427381
3200          16    105     104   89.482091  -14.517909
3201          16    106     103   96.468313   -6.531687
3202          16    107     102   99.834220   -2.165780
3203          16    108     101   93.556155   -7.443845
3204          16    109     100   91.027929   -8.972071
3205          16    110      99   90.330780   -8.669220
3206          16    111      98   89.232144   -8.767856
3207          16    112      97   85.922698  -11.077302
3208          16    113      96   92.143926   -3.856074
3209          16    114      95   91.946230   -3.053770
3210          16    115      94   91.327590   -2.672410
3211          16    116      93   86.868246   -6.131754
3212          16    117      92   85.868754   -6.131246
3213          16    118      91   87.555758   -3.444242
3214          16    119      90   88.290485   -1.709515
3215          16    120      89   79.754517   -9.245483
3216          16    121      88   74.653503  -13.346497
3217          16    122      87   71.991383  -15.008617
3218          16    123      86   79.586794   -6.413206
3219          16    124      85   75.481595   -9.518405
3220          16    125      84   73.094424  -10.905576
3221          16    126      83   83.248360    0.248360
3222          16    127      82   80.996358   -1.003642
3223          16    128      81   78.768280   -2.231720
3224          16    129      80   75.624693   -4.375307
3225          16    130      79   72.976325   -6.023675
3226          16    131      78   70.553060   -7.446940
3227          16    132      77   71.961526   -5.038474
3228          16    133      76   69.428593   -6.571407
3229          16    134      75   71.386344   -3.613656
3230          16    135      74   71.688724   -2.311276
3231          16    136      73   69.954209   -3.045791
3232          16    137      72   67.048457   -4.951543
3233          16    138      71   62.546164   -8.453836
3234          16    139      70   64.504297   -5.495703
3235          16    140      69   61.523009   -7.476991
3236          16    141      68   63.243636   -4.756364
3237          16    142      67   59.317714   -7.682286
3238          16    143      66   61.390054   -4.609946
3239          16    144      65   62.629939   -2.370061
3240          16    145      64   63.454742   -0.545258
3241          16    146      63   59.093737   -3.906263
3242          16    147      62   57.132785   -4.867215
3243          16    148      61   58.567007   -2.432993
3244          16    149      60   55.716075   -4.283925
3245          16    150      59   51.776259   -7.223741
3246          16    151      58   51.409434   -6.590566
3247          16    152      57   64.595720    7.595720
3248          16    153      56   62.577227    6.577227
3249          16    154      55   55.852301    0.852301
3250          16    155      54   61.690994    7.690994
3251          16    156      53   53.258400    0.258400
3252          16    157      52   55.008709    3.008709
3253          16    158      51   60.839118    9.839118
3254          16    159      50   56.587072    6.587072
3255          16    160      49   56.292675    7.292675
3256          16    161      48   52.200134    4.200134
3257          16    162      47   53.799094    6.799094
3258          16    163      46   50.473820    4.473820
3259          16    164      45   50.843741    5.843741
3260          16    165      44   56.666626   12.666626
3261          16    166      43   52.378873    9.378873
3262          16    167      42   54.566620   12.566620
3263          16    168      41   49.364152    8.364152
3264          16    169      40   44.181173    4.181173
3265          16    170      39   45.760714    6.760714
3266          16    171      38   47.891423    9.891423
3267          16    172      37   46.547051    9.547051
3268          16    173      36   42.383471    6.383471
3269          16    174      35   46.678507   11.678507
3270          16    175      34   41.916768    7.916768
3271          16    176      33   43.316469   10.316469
3272          16    177      32   37.376093    5.376093
3273          16    178      31   34.766515    3.766515
3274          16    179      30   31.306971    1.306971
3275          16    180      29   30.549997    1.549997
3276          16    181      28   30.385763    2.385763
3277          16    182      27   27.760034    0.760034
3278          16    183      26   28.601699    2.601699
3279          16    184      25   27.644454    2.644454
3280          16    185      24   18.953860   -5.046140
3281          16    186      23   24.949915    1.949915
3282          16    187      22   20.753117   -1.246883
3283          16    188      21   20.599236   -0.400764
3284          16    189      20   16.454610   -3.545390
3285          16    190      19   17.291861   -1.708139
3286          16    191      18   17.404433   -0.595567
3287          16    192      17   14.239367   -2.760633
3288          16    193      16   11.979068   -4.020932
3289          16    194      15    8.859257   -6.140743
3290          16    195      14   13.142827   -0.857173
3291          16    196      13    8.490460   -4.509540
3292          16    197      12    8.028980   -3.971020
3293          16    198      11    3.455519   -7.544481
3294          16    199      10    1.645575   -8.354425
3295          16    200       9    2.570400   -6.429600
3296          16    201       8    5.412089   -2.587911
3297          16    202       7    3.396418   -3.603582
3298          16    203       6    0.413360   -5.586640
3299          16    204       5    4.834474   -0.165526
3300          16    205       4    9.526927    5.526927
3301          16    206       3    4.642744    1.642744
3302          16    207       2    1.967268   -0.032732
3303          16    208       1   -0.768112   -1.768112
3304          16    209       0    2.735777    2.735777
3305          17      1     275  239.292296  -35.707704
3306          17      2     274  221.743968  -52.256032
3307          17      3     273  219.314809  -53.685191
3308          17      4     272  210.267645  -61.732355
3309          17      5     271  213.090499  -57.909501
3310          17      6     270  205.542991  -64.457009
3311          17      7     269  209.758093  -59.241907
3312          17      8     268  214.102928  -53.897072
3313          17      9     267  208.606505  -58.393495
3314          17     10     266  210.317878  -55.682122
3315          17     11     265  203.139933  -61.860067
3316          17     12     264  209.124427  -54.875573
3317          17     13     263  204.885280  -58.114720
3318          17     14     262  207.898000  -54.102000
3319          17     15     261  201.289065  -59.710935
3320          17     16     260  208.612319  -51.387681
3321          17     17     259  199.613143  -59.386857
3322          17     18     258  195.795448  -62.204552
3323          17     19     257  198.439285  -58.560715
3324          17     20     256  197.660976  -58.339024
3325          17     21     255  193.419890  -61.580110
3326          17     22     254  192.320008  -61.679992
3327          17     23     253  198.228827  -54.771173
3328          17     24     252  193.252175  -58.747825
3329          17     25     251  187.708021  -63.291979
3330          17     26     250  190.681556  -59.318444
3331          17     27     249  182.919061  -66.080939
3332          17     28     248  182.048992  -65.951008
3333          17     29     247  184.915455  -62.084545
3334          17     30     246  183.272094  -62.727906
3335          17     31     245  181.561540  -63.438460
3336          17     32     244  174.239473  -69.760527
3337          17     33     243  177.805272  -65.194728
3338          17     34     242  181.907438  -60.092562
3339          17     35     241  176.221086  -64.778914
3340          17     36     240  175.173266  -64.826734
3341          17     37     239  172.247099  -66.752901
3342          17     38     238  170.623328  -67.376672
3343          17     39     237  171.291106  -65.708894
3344          17     40     236  173.471178  -62.528822
3345          17     41     235  172.320260  -62.679740
3346          17     42     234  168.279747  -65.720253
3347          17     43     233  173.950947  -59.049053
3348          17     44     232  169.968790  -62.031210
3349          17     45     231  165.802119  -65.197881
3350          17     46     230  170.461572  -59.538428
3351          17     47     229  165.255287  -63.744713
3352          17     48     228  163.195084  -64.804916
3353          17     49     227  157.600573  -69.399427
3354          17     50     226  158.606049  -67.393951
3355          17     51     225  167.436918  -57.563082
3356          17     52     224  158.002182  -65.997818
3357          17     53     223  161.611301  -61.388699
3358          17     54     222  162.889821  -59.110179
3359          17     55     221  154.039074  -66.960926
3360          17     56     220  154.768673  -65.231327
3361          17     57     219  156.824955  -62.175045
3362          17     58     218  148.756017  -69.243983
3363          17     59     217  148.941899  -68.058101
3364          17     60     216  146.065894  -69.934106
3365          17     61     215  157.422881  -57.577119
3366          17     62     214  155.923733  -58.076267
3367          17     63     213  157.609611  -55.390389
3368          17     64     212  157.141399  -54.858601
3369          17     65     211  150.254060  -60.745940
3370          17     66     210  153.331608  -56.668392
3371          17     67     209  152.093125  -56.906875
3372          17     68     208  154.616321  -53.383679
3373          17     69     207  146.759759  -60.240241
3374          17     70     206  148.336280  -57.663720
3375          17     71     205  152.245321  -52.754679
3376          17     72     204  141.875453  -62.124547
3377          17     73     203  148.074553  -54.925447
3378          17     74     202  146.341937  -55.658063
3379          17     75     201  147.437315  -53.562685
3380          17     76     200  146.635030  -53.364970
3381          17     77     199  143.684610  -55.315390
3382          17     78     198  146.492377  -51.507623
3383          17     79     197  142.140146  -54.859854
3384          17     80     196  144.292975  -51.707025
3385          17     81     195  145.170154  -49.829846
3386          17     82     194  147.722932  -46.277068
3387          17     83     193  143.945231  -49.054769
3388          17     84     192  145.904917  -46.095083
3389          17     85     191  149.212602  -41.787398
3390          17     86     190  146.550254  -43.449746
3391          17     87     189  151.547386  -37.452614
3392          17     88     188  148.856792  -39.143208
3393          17     89     187  137.798911  -49.201089
3394          17     90     186  143.341775  -42.658225
3395          17     91     185  136.844199  -48.155801
3396          17     92     184  137.433950  -46.566050
3397          17     93     183  140.146405  -42.853595
3398          17     94     182  135.264911  -46.735089
3399          17     95     181  142.179530  -38.820470
3400          17     96     180  138.212064  -41.787936
3401          17     97     179  140.670936  -38.329064
3402          17     98     178  133.451474  -44.548526
3403          17     99     177  139.562295  -37.437705
3404          17    100     176  131.234294  -44.765706
3405          17    101     175  128.138657  -46.861343
3406          17    102     174  135.762478  -38.237522
3407          17    103     173  135.519895  -37.480105
3408          17    104     172  134.268323  -37.731677
3409          17    105     171  131.961776  -39.038224
3410          17    106     170  129.586532  -40.413468
3411          17    107     169  125.891769  -43.108231
3412          17    108     168  133.119707  -34.880293
3413          17    109     167  135.466415  -31.533585
3414          17    110     166  129.263631  -36.736369
3415          17    111     165  133.633934  -31.366066
3416          17    112     164  125.385796  -38.614204
3417          17    113     163  127.449405  -35.550595
3418          17    114     162  125.487250  -36.512750
3419          17    115     161  120.464119  -40.535881
3420          17    116     160  125.715672  -34.284328
3421          17    117     159  125.835159  -33.164841
3422          17    118     158  119.777437  -38.222563
3423          17    119     157  121.379675  -35.620325
3424          17    120     156  121.942710  -34.057290
3425          17    121     155  118.438970  -36.561030
3426          17    122     154  119.405891  -34.594109
3427          17    123     153  114.695256  -38.304744
3428          17    124     152  117.645105  -34.354895
3429          17    125     151  125.831134  -25.168866
3430          17    126     150  120.677901  -29.322099
3431          17    127     149  117.369037  -31.630963
3432          17    128     148  116.579819  -31.420181
3433          17    129     147  114.309832  -32.690168
3434          17    130     146  114.468004  -31.531996
3435          17    131     145  114.998441  -30.001559
3436          17    132     144  114.593284  -29.406716
3437          17    133     143  111.497370  -31.502630
3438          17    134     142  115.558973  -26.441027
3439          17    135     141  111.623637  -29.376363
3440          17    136     140  110.436716  -29.563284
3441          17    137     139  106.742606  -32.257394
3442          17    138     138  111.915052  -26.084948
3443          17    139     137  109.548856  -27.451144
3444          17    140     136  103.022918  -32.977082
3445          17    141     135  106.542488  -28.457512
3446          17    142     134  101.104968  -32.895032
3447          17    143     133   99.276892  -33.723108
3448          17    144     132  104.298733  -27.701267
3449          17    145     131  104.894652  -26.105348
3450          17    146     130  103.756353  -26.243647
3451          17    147     129  103.250438  -25.749562
3452          17    148     128   96.230793  -31.769207
3453          17    149     127   92.188832  -34.811168
3454          17    150     126   99.028172  -26.971828
3455          17    151     125  100.638374  -24.361626
3456          17    152     124   97.352738  -26.647262
3457          17    153     123   98.393593  -24.606407
3458          17    154     122   95.872374  -26.127626
3459          17    155     121   98.521172  -22.478828
3460          17    156     120  100.260314  -19.739686
3461          17    157     119   91.330720  -27.669280
3462          17    158     118   93.944695  -24.055305
3463          17    159     117   94.864515  -22.135485
3464          17    160     116   89.818470  -26.181530
3465          17    161     115   84.564696  -30.435304
3466          17    162     114   89.842653  -24.157347
3467          17    163     113   83.732565  -29.267435
3468          17    164     112   90.828059  -21.171941
3469          17    165     111   89.258378  -21.741622
3470          17    166     110   87.561719  -22.438281
3471          17    167     109   86.173447  -22.826553
3472          17    168     108   89.072572  -18.927428
3473          17    169     107   85.345910  -21.654090
3474          17    170     106   86.372700  -19.627300
3475          17    171     105   86.490025  -18.509975
3476          17    172     104   87.611311  -16.388689
3477          17    173     103   89.707164  -13.292836
3478          17    174     102   78.065028  -23.934972
3479          17    175     101   79.033013  -21.966987
3480          17    176     100   75.202024  -24.797976
3481          17    177      99   71.039952  -27.960048
3482          17    178      98   66.399444  -31.600556
3483          17    179      97   67.213347  -29.786653
3484          17    180      96   64.610185  -31.389815
3485          17    181      95   69.171301  -25.828699
3486          17    182      94   66.349847  -27.650153
3487          17    183      93   63.800287  -29.199713
3488          17    184      92   65.564746  -26.435254
3489          17    185      91   65.131298  -25.868702
3490          17    186      90   66.322752  -23.677248
3491          17    187      89   64.596284  -24.403716
3492          17    188      88   65.834678  -22.165322
3493          17    189      87   61.513394  -25.486606
3494          17    190      86   63.224086  -22.775914
3495          17    191      85   63.246397  -21.753603
3496          17    192      84   61.838781  -22.161219
3497          17    193      83   59.954131  -23.045869
3498          17    194      82   56.354088  -25.645912
3499          17    195      81   65.179180  -15.820820
3500          17    196      80   62.110412  -17.889588
3501          17    197      79   64.536634  -14.463366
3502          17    198      78   62.864161  -15.135839
3503          17    199      77   63.956268  -13.043732
3504          17    200      76   67.380429   -8.619571
3505          17    201      75   60.666918  -14.333082
3506          17    202      74   62.940673  -11.059327
3507          17    203      73   59.474383  -13.525617
3508          17    204      72   61.412356  -10.587644
3509          17    205      71   59.671133  -11.328867
3510          17    206      70   59.630291  -10.369709
3511          17    207      69   58.665630  -10.334370
3512          17    208      68   61.806389   -6.193611
3513          17    209      67   55.812303  -11.187697
3514          17    210      66   58.693804   -7.306196
3515          17    211      65   56.865280   -8.134720
3516          17    212      64   52.605207  -11.394793
3517          17    213      63   59.123204   -3.876796
3518          17    214      62   51.403463  -10.596537
3519          17    215      61   48.954833  -12.045167
3520          17    216      60   43.957932  -16.042068
3521          17    217      59   43.700772  -15.299228
3522          17    218      58   49.710971   -8.289029
3523          17    219      57   50.377922   -6.622078
3524          17    220      56   47.750668   -8.249332
3525          17    221      55   46.992862   -8.007138
3526          17    222      54   43.593529  -10.406471
3527          17    223      53   48.245877   -4.754123
3528          17    224      52   39.449433  -12.550567
3529          17    225      51   39.775521  -11.224479
3530          17    226      50   41.863483   -8.136517
3531          17    227      49   42.432942   -6.567058
3532          17    228      48   43.332035   -4.667965
3533          17    229      47   41.790890   -5.209110
3534          17    230      46   36.079879   -9.920121
3535          17    231      45   35.953227   -9.046773
3536          17    232      44   31.320379  -12.679621
3537          17    233      43   31.245230  -11.754770
3538          17    234      42   33.644666   -8.355334
3539          17    235      41   31.575893   -9.424107
3540          17    236      40   30.246482   -9.753518
3541          17    237      39   32.824348   -6.175652
3542          17    238      38   30.353377   -7.646623
3543          17    239      37   29.787489   -7.212511
3544          17    240      36   32.747634   -3.252366
3545          17    241      35   32.577942   -2.422058
3546          17    242      34   30.397350   -3.602650
3547          17    243      33   29.528010   -3.471990
3548          17    244      32   31.290497   -0.709503
3549          17    245      31   22.375451   -8.624549
3550          17    246      30   24.560122   -5.439878
3551          17    247      29   21.841290   -7.158710
3552          17    248      28   25.027534   -2.972466
3553          17    249      27   21.859873   -5.140127
3554          17    250      26   24.903706   -1.096294
3555          17    251      25   19.967818   -5.032182
3556          17    252      24   21.906442   -2.093558
3557          17    253      23   25.123190    2.123190
3558          17    254      22   21.524988   -0.475012
3559          17    255      21   18.360930   -2.639070
3560          17    256      20   19.127875   -0.872125
3561          17    257      19   18.945932   -0.054068
3562          17    258      18   18.902530    0.902530
3563          17    259      17   16.934218   -0.065782
3564          17    260      16   16.642029    0.642029
3565          17    261      15   12.599725   -2.400275
3566          17    262      14   12.109216   -1.890784
3567          17    263      13    9.436380   -3.563620
3568          17    264      12   13.081301    1.081301
3569          17    265      11   10.814453   -0.185547
3570          17    266      10    7.617866   -2.382134
3571          17    267       9    9.784074    0.784074
3572          17    268       8    2.730723   -5.269277
3573          17    269       7    5.376431   -1.623569
3574          17    270       6    3.188866   -2.811134
3575          17    271       5    5.398258    0.398258
3576          17    272       4    1.543226   -2.456774
3577          17    273       3    2.584927   -0.415073
3578          17    274       2    4.489368    2.489368
3579          17    275       1    1.000915    0.000915
3580          17    276       0    4.170854    4.170854
3581          18      1     194  197.826742    3.826742
3582          18      2     193  197.502383    4.502383
3583          18      3     192  192.680210    0.680210
3584          18      4     191  192.306612    1.306612
3585          18      5     190  199.495263    9.495263
3586          18      6     189  202.323118   13.323118
3587          18      7     188  207.294882   19.294882
3588          18      8     187  207.358988   20.358988
3589          18      9     186  204.736851   18.736851
3590          18     10     185  197.793823   12.793823
3591          18     11     184  191.257174    7.257174
3592          18     12     183  195.902540   12.902540
3593          18     13     182  195.735516   13.735516
3594          18     14     181  192.920352   11.920352
3595          18     15     180  197.874499   17.874499
3596          18     16     179  187.389222    8.389222
3597          18     17     178  189.229990   11.229990
3598          18     18     177  186.328132    9.328132
3599          18     19     176  188.113801   12.113801
3600          18     20     175  180.021120    5.021120
3601          18     21     174  186.003395   12.003395
3602          18     22     173  181.327569    8.327569
3603          18     23     172  178.266514    6.266514
3604          18     24     171  178.606652    7.606652
3605          18     25     170  176.684737    6.684737
3606          18     26     169  181.496558   12.496558
3607          18     27     168  172.983585    4.983585
3608          18     28     167  175.350253    8.350253
3609          18     29     166  171.824707    5.824707
3610          18     30     165  172.718155    7.718155
3611          18     31     164  170.543781    6.543781
3612          18     32     163  168.031099    5.031099
3613          18     33     162  172.663953   10.663953
3614          18     34     161  171.429198   10.429198
3615          18     35     160  172.639155   12.639155
3616          18     36     159  164.728438    5.728438
3617          18     37     158  175.346939   17.346939
3618          18     38     157  174.754543   17.754543
3619          18     39     156  165.100890    9.100890
3620          18     40     155  172.016267   17.016267
3621          18     41     154  161.973743    7.973743
3622          18     42     153  169.129026   16.129026
3623          18     43     152  169.024667   17.024667
3624          18     44     151  167.683547   16.683547
3625          18     45     150  165.165459   15.165459
3626          18     46     149  164.005768   15.005768
3627          18     47     148  164.710890   16.710890
3628          18     48     147  164.455569   17.455569
3629          18     49     146  167.594524   21.594524
3630          18     50     145  170.717940   25.717940
3631          18     51     144  169.810537   25.810537
3632          18     52     143  169.114996   26.114996
3633          18     53     142  163.708649   21.708649
3634          18     54     141  167.749824   26.749824
3635          18     55     140  160.399739   20.399739
3636          18     56     139  167.667496   28.667496
3637          18     57     138  163.438136   25.438136
3638          18     58     137  161.255913   24.255913
3639          18     59     136  159.512332   23.512332
3640          18     60     135  159.573365   24.573365
3641          18     61     134  157.882008   23.882008
3642          18     62     133  157.644988   24.644988
3643          18     63     132  157.091923   25.091923
3644          18     64     131  154.552077   23.552077
3645          18     65     130  152.759005   22.759005
3646          18     66     129  150.043064   21.043064
3647          18     67     128  148.162572   20.162572
3648          18     68     127  146.107791   19.107791
3649          18     69     126  148.421781   22.421781
3650          18     70     125  142.205663   17.205663
3651          18     71     124  142.892434   18.892434
3652          18     72     123  152.438841   29.438841
3653          18     73     122  148.835692   26.835692
3654          18     74     121  144.352325   23.352325
3655          18     75     120  143.551075   23.551075
3656          18     76     119  141.488406   22.488406
3657          18     77     118  151.049121   33.049121
3658          18     78     117  144.147503   27.147503
3659          18     79     116  144.371411   28.371411
3660          18     80     115  141.507078   26.507078
3661          18     81     114  143.075429   29.075429
3662          18     82     113  138.495583   25.495583
3663          18     83     112  138.932299   26.932299
3664          18     84     111  144.105639   33.105639
3665          18     85     110  133.787808   23.787808
3666          18     86     109  139.447861   30.447861
3667          18     87     108  140.981961   32.981961
3668          18     88     107  135.645305   28.645305
3669          18     89     106  136.195797   30.195797
3670          18     90     105  131.352479   26.352479
3671          18     91     104  133.472916   29.472916
3672          18     92     103  129.651202   26.651202
3673          18     93     102  128.450735   26.450735
3674          18     94     101  138.616385   37.616385
3675          18     95     100  135.395683   35.395683
3676          18     96      99  137.054501   38.054501
3677          18     97      98  131.208388   33.208388
3678          18     98      97  129.834413   32.834413
3679          18     99      96  130.506990   34.506990
3680          18    100      95  126.595432   31.595432
3681          18    101      94  118.999140   24.999140
3682          18    102      93  122.748611   29.748611
3683          18    103      92  124.802319   32.802319
3684          18    104      91  119.371160   28.371160
3685          18    105      90  122.779311   32.779311
3686          18    106      89  119.062746   30.062746
3687          18    107      88  118.878726   30.878726
3688          18    108      87  116.531567   29.531567
3689          18    109      86  124.106449   38.106449
3690          18    110      85  111.560935   26.560935
3691          18    111      84  112.115229   28.115229
3692          18    112      83  112.942610   29.942610
3693          18    113      82  107.440805   25.440805
3694          18    114      81  107.657028   26.657028
3695          18    115      80  104.651351   24.651351
3696          18    116      79  106.837235   27.837235
3697          18    117      78  105.699761   27.699761
3698          18    118      77   98.665061   21.665061
3699          18    119      76  102.865208   26.865208
3700          18    120      75  103.571156   28.571156
3701          18    121      74  101.771164   27.771164
3702          18    122      73  102.956610   29.956610
3703          18    123      72  102.799827   30.799827
3704          18    124      71   99.190367   28.190367
3705          18    125      70  102.238182   32.238182
3706          18    126      69  101.134776   32.134776
3707          18    127      68   93.918410   25.918410
3708          18    128      67   97.796022   30.796022
3709          18    129      66   88.843855   22.843855
3710          18    130      65   90.868903   25.868903
3711          18    131      64   86.644780   22.644780
3712          18    132      63   85.729792   22.729792
3713          18    133      62   84.406212   22.406212
3714          18    134      61   84.665778   23.665778
3715          18    135      60   80.653171   20.653171
3716          18    136      59   79.634958   20.634958
3717          18    137      58   77.799395   19.799395
3718          18    138      57   75.936449   18.936449
3719          18    139      56   77.592921   21.592921
3720          18    140      55   77.940805   22.940805
3721          18    141      54   76.078992   22.078992
3722          18    142      53   76.400325   23.400325
3723          18    143      52   71.533258   19.533258
3724          18    144      51   73.471829   22.471829
3725          18    145      50   69.206969   19.206969
3726          18    146      49   67.261386   18.261386
3727          18    147      48   66.599844   18.599844
3728          18    148      47   61.987274   14.987274
3729          18    149      46   63.225918   17.225918
3730          18    150      45   63.707134   18.707134
3731          18    151      44   57.565970   13.565970
3732          18    152      43   62.862989   19.862989
3733          18    153      42   59.382750   17.382750
3734          18    154      41   70.075167   29.075167
3735          18    155      40   63.156841   23.156841
3736          18    156      39   62.743120   23.743120
3737          18    157      38   63.376393   25.376393
3738          18    158      37   61.014333   24.014333
3739          18    159      36   63.242249   27.242249
3740          18    160      35   60.479088   25.479088
3741          18    161      34   54.715277   20.715277
3742          18    162      33   54.006175   21.006175
3743          18    163      32   48.913937   16.913937
3744          18    164      31   54.730943   23.730943
3745          18    165      30   49.606920   19.606920
3746          18    166      29   48.992111   19.992111
3747          18    167      28   45.283787   17.283787
3748          18    168      27   48.226237   21.226237
3749          18    169      26   41.823932   15.823932
3750          18    170      25   40.744356   15.744356
3751          18    171      24   32.893302    8.893302
3752          18    172      23   32.938701    9.938701
3753          18    173      22   32.106494   10.106494
3754          18    174      21   27.963756    6.963756
3755          18    175      20   28.824604    8.824604
3756          18    176      19   29.400125   10.400125
3757          18    177      18   26.215049    8.215049
3758          18    178      17   21.513750    4.513750
3759          18    179      16   23.207424    7.207424
3760          18    180      15   20.782371    5.782371
3761          18    181      14    8.412073   -5.587927
3762          18    182      13    6.289822   -6.710178
3763          18    183      12    1.879671  -10.120329
3764          18    184      11    1.527763   -9.472237
3765          18    185      10    3.989498   -6.010502
3766          18    186       9   -5.854984  -14.854984
3767          18    187       8   -5.237890  -13.237890
3768          18    188       7   -5.392048  -12.392048
3769          18    189       6   -8.746948  -14.746948
3770          18    190       5  -16.352984  -21.352984
3771          18    191       4  -16.097521  -20.097521
3772          18    192       3  -16.093256  -19.093256
3773          18    193       2  -18.840858  -20.840858
3774          18    194       1  -25.908624  -26.908624
3775          18    195       0  -15.227860  -15.227860
3776          19      1     157  203.199892   46.199892
3777          19      2     156  187.709679   31.709679
3778          19      3     155  175.261660   20.261660
3779          19      4     154  179.074164   25.074164
3780          19      5     153  181.712533   28.712533
3781          19      6     152  183.120948   31.120948
3782          19      7     151  179.102264   28.102264
3783          19      8     150  175.841229   25.841229
3784          19      9     149  171.690520   22.690520
3785          19     10     148  176.092918   28.092918
3786          19     11     147  167.876960   20.876960
3787          19     12     146  165.691164   19.691164
3788          19     13     145  171.157110   26.157110
3789          19     14     144  165.199324   21.199324
3790          19     15     143  163.895722   20.895722
3791          19     16     142  165.647688   23.647688
3792          19     17     141  162.724852   21.724852
3793          19     18     140  164.685984   24.685984
3794          19     19     139  160.435084   21.435084
3795          19     20     138  159.069332   21.069332
3796          19     21     137  160.736463   23.736463
3797          19     22     136  163.083831   27.083831
3798          19     23     135  152.578353   17.578353
3799          19     24     134  153.583308   19.583308
3800          19     25     133  153.216947   20.216947
3801          19     26     132  154.573366   22.573366
3802          19     27     131  151.930441   20.930441
3803          19     28     130  152.462091   22.462091
3804          19     29     129  148.367082   19.367082
3805          19     30     128  143.621597   15.621597
3806          19     31     127  141.461707   14.461707
3807          19     32     126  138.487424   12.487424
3808          19     33     125  136.117177   11.117177
3809          19     34     124  133.985414    9.985414
3810          19     35     123  133.958796   10.958796
3811          19     36     122  130.242882    8.242882
3812          19     37     121  130.279347    9.279347
3813          19     38     120  130.563734   10.563734
3814          19     39     119  130.012173   11.012173
3815          19     40     118  130.598513   12.598513
3816          19     41     117  132.670151   15.670151
3817          19     42     116  131.510741   15.510741
3818          19     43     115  126.801302   11.801302
3819          19     44     114  129.419521   15.419521
3820          19     45     113  124.957948   11.957948
3821          19     46     112  121.539444    9.539444
3822          19     47     111  121.171546   10.171546
3823          19     48     110  122.018639   12.018639
3824          19     49     109  117.657550    8.657550
3825          19     50     108  120.706226   12.706226
3826          19     51     107  121.405915   14.405915
3827          19     52     106  125.565769   19.565769
3828          19     53     105  124.639716   19.639716
3829          19     54     104  120.973402   16.973402
3830          19     55     103  120.085811   17.085811
3831          19     56     102  125.874614   23.874614
3832          19     57     101  124.885572   23.885572
3833          19     58     100  123.742761   23.742761
3834          19     59      99  123.897502   24.897502
3835          19     60      98  122.019551   24.019551
3836          19     61      97  122.020252   25.020252
3837          19     62      96  120.780485   24.780485
3838          19     63      95  119.543086   24.543086
3839          19     64      94  123.087955   29.087955
3840          19     65      93  121.126666   28.126666
3841          19     66      92  120.693266   28.693266
3842          19     67      91  113.478005   22.478005
3843          19     68      90  120.493136   30.493136
3844          19     69      89  117.219062   28.219062
3845          19     70      88  117.562938   29.562938
3846          19     71      87  113.563215   26.563215
3847          19     72      86  111.333774   25.333774
3848          19     73      85  114.060489   29.060489
3849          19     74      84  109.404027   25.404027
3850          19     75      83  108.773960   25.773960
3851          19     76      82  106.300069   24.300069
3852          19     77      81  103.126673   22.126673
3853          19     78      80  107.577954   27.577954
3854          19     79      79  106.045564   27.045564
3855          19     80      78  102.133200   24.133200
3856          19     81      77  103.207911   26.207911
3857          19     82      76  104.888934   28.888934
3858          19     83      75  100.443515   25.443515
3859          19     84      74  101.487254   27.487254
3860          19     85      73   97.089985   24.089985
3861          19     86      72   97.963336   25.963336
3862          19     87      71   99.118512   28.118512
3863          19     88      70   95.859148   25.859148
3864          19     89      69   89.204771   20.204771
3865          19     90      68   93.239643   25.239643
3866          19     91      67   89.658508   22.658508
3867          19     92      66   93.212989   27.212989
3868          19     93      65   88.618400   23.618400
3869          19     94      64   85.868842   21.868842
3870          19     95      63   83.747907   20.747907
3871          19     96      62   83.693088   21.693088
3872          19     97      61   82.498743   21.498743
3873          19     98      60   84.336670   24.336670
3874          19     99      59   84.659020   25.659020
3875          19    100      58   78.423202   20.423202
3876          19    101      57   79.387728   22.387728
3877          19    102      56   77.505434   21.505434
3878          19    103      55   84.563471   29.563471
3879          19    104      54   76.669864   22.669864
3880          19    105      53   74.749590   21.749590
3881          19    106      52   73.799584   21.799584
3882          19    107      51   77.233221   26.233221
3883          19    108      50   76.607215   26.607215
3884          19    109      49   76.508071   27.508071
3885          19    110      48   74.296825   26.296825
3886          19    111      47   71.747816   24.747816
3887          19    112      46   68.090372   22.090372
3888          19    113      45   70.781085   25.781085
3889          19    114      44   64.513194   20.513194
3890          19    115      43   70.990785   27.990785
3891          19    116      42   68.045590   26.045590
3892          19    117      41   71.220985   30.220985
3893          19    118      40   65.320787   25.320787
3894          19    119      39   60.461293   21.461293
3895          19    120      38   57.621302   19.621302
3896          19    121      37   54.530272   17.530272
3897          19    122      36   54.298703   18.298703
3898          19    123      35   54.121601   19.121601
3899          19    124      34   47.222863   13.222863
3900          19    125      33   50.247643   17.247643
3901          19    126      32   51.139153   19.139153
3902          19    127      31   50.746171   19.746171
3903          19    128      30   45.607817   15.607817
3904          19    129      29   48.454738   19.454738
3905          19    130      28   45.015105   17.015105
3906          19    131      27   47.778287   20.778287
3907          19    132      26   41.731446   15.731446
3908          19    133      25   39.441564   14.441564
3909          19    134      24   34.322390   10.322390
3910          19    135      23   38.022628   15.022628
3911          19    136      22   35.032742   13.032742
3912          19    137      21   31.589593   10.589593
3913          19    138      20   31.131388   11.131388
3914          19    139      19   25.722133    6.722133
3915          19    140      18   23.460419    5.460419
3916          19    141      17   25.947308    8.947308
3917          19    142      16   26.290862   10.290862
3918          19    143      15   22.850542    7.850542
3919          19    144      14   20.618961    6.618961
3920          19    145      13   20.625100    7.625100
3921          19    146      12   15.212230    3.212230
3922          19    147      11   21.784528   10.784528
3923          19    148      10   20.457022   10.457022
3924          19    149       9   14.914100    5.914100
3925          19    150       8   15.726381    7.726381
3926          19    151       7   15.411199    8.411199
3927          19    152       6   15.286477    9.286477
3928          19    153       5   11.603892    6.603892
3929          19    154       4   10.949794    6.949794
3930          19    155       3    6.106478    3.106478
3931          19    156       2    5.502819    3.502819
3932          19    157       1    1.998172    0.998172
3933          19    158       0   -2.651604   -2.651604
3934          20      1     233  182.258093  -50.741907
3935          20      2     232  175.647427  -56.352573
3936          20      3     231  175.793473  -55.206527
3937          20      4     230  180.163583  -49.836417
3938          20      5     229  181.326149  -47.673851
3939          20      6     228  177.556943  -50.443057
3940          20      7     227  180.414568  -46.585432
3941          20      8     226  177.013425  -48.986575
3942          20      9     225  178.086357  -46.913643
3943          20     10     224  180.237911  -43.762089
3944          20     11     223  175.300638  -47.699362
3945          20     12     222  174.914905  -47.085095
3946          20     13     221  170.754912  -50.245088
3947          20     14     220  171.967271  -48.032729
3948          20     15     219  174.687558  -44.312442
3949          20     16     218  177.403081  -40.596919
3950          20     17     217  168.540338  -48.459662
3951          20     18     216  173.301195  -42.698805
3952          20     19     215  167.680754  -47.319246
3953          20     20     214  165.854483  -48.145517
3954          20     21     213  171.203667  -41.796333
3955          20     22     212  164.270914  -47.729086
3956          20     23     211  162.472014  -48.527986
3957          20     24     210  160.998828  -49.001172
3958          20     25     209  161.990508  -47.009492
3959          20     26     208  161.601779  -46.398221
3960          20     27     207  157.586737  -49.413263
3961          20     28     206  160.764092  -45.235908
3962          20     29     205  156.056795  -48.943205
3963          20     30     204  148.342818  -55.657182
3964          20     31     203  154.371001  -48.628999
3965          20     32     202  152.578406  -49.421594
3966          20     33     201  147.794321  -53.205679
3967          20     34     200  145.188718  -54.811282
3968          20     35     199  144.741325  -54.258675
3969          20     36     198  152.322526  -45.677474
3970          20     37     197  147.947870  -49.052130
3971          20     38     196  143.405450  -52.594550
3972          20     39     195  149.859310  -45.140690
3973          20     40     194  140.462334  -53.537666
3974          20     41     193  147.771805  -45.228195
3975          20     42     192  139.107233  -52.892767
3976          20     43     191  135.461209  -55.538791
3977          20     44     190  137.028183  -52.971817
3978          20     45     189  132.739912  -56.260088
3979          20     46     188  136.876222  -51.123778
3980          20     47     187  138.891141  -48.108859
3981          20     48     186  135.202189  -50.797811
3982          20     49     185  134.638684  -50.361316
3983          20     50     184  135.132303  -48.867697
3984          20     51     183  131.825283  -51.174717
3985          20     52     182  135.931697  -46.068303
3986          20     53     181  133.971094  -47.028906
3987          20     54     180  138.446397  -41.553603
3988          20     55     179  133.500241  -45.499759
3989          20     56     178  131.396472  -46.603528
3990          20     57     177  138.619025  -38.380975
3991          20     58     176  128.784930  -47.215070
3992          20     59     175  125.855418  -49.144582
3993          20     60     174  128.254252  -45.745748
3994          20     61     173  133.582873  -39.417127
3995          20     62     172  128.626453  -43.373547
3996          20     63     171  130.909880  -40.090120
3997          20     64     170  128.890512  -41.109488
3998          20     65     169  134.303986  -34.696014
3999          20     66     168  126.238250  -41.761750
4000          20     67     167  130.647355  -36.352645
4001          20     68     166  123.665232  -42.334768
4002          20     69     165  124.962879  -40.037121
4003          20     70     164  124.738153  -39.261847
4004          20     71     163  124.599611  -38.400389
4005          20     72     162  124.494130  -37.505870
4006          20     73     161  122.647175  -38.352825
4007          20     74     160  131.042596  -28.957404
4008          20     75     159  126.026553  -32.973447
4009          20     76     158  130.378231  -27.621769
4010          20     77     157  128.373326  -28.626674
4011          20     78     156  127.666552  -28.333448
4012          20     79     155  124.440388  -30.559612
4013          20     80     154  126.040502  -27.959498
4014          20     81     153  126.705042  -26.294958
4015          20     82     152  120.141716  -31.858284
4016          20     83     151  116.277231  -34.722769
4017          20     84     150  121.030187  -28.969813
4018          20     85     149  118.028903  -30.971097
4019          20     86     148  123.757291  -24.242709
4020          20     87     147  124.615035  -22.384965
4021          20     88     146  118.448118  -27.551882
4022          20     89     145  117.769813  -27.230187
4023          20     90     144  121.496094  -22.503906
4024          20     91     143  119.496890  -23.503110
4025          20     92     142  118.469078  -23.530922
4026          20     93     141  116.593977  -24.406023
4027          20     94     140  120.760094  -19.239906
4028          20     95     139  117.550672  -21.449328
4029          20     96     138  112.016121  -25.983879
4030          20     97     137  109.499979  -27.500021
4031          20     98     136  112.198756  -23.801244
4032          20     99     135  110.014146  -24.985854
4033          20    100     134  109.759948  -24.240052
4034          20    101     133  109.191644  -23.808356
4035          20    102     132  106.330812  -25.669188
4036          20    103     131  108.298702  -22.701298
4037          20    104     130  108.073071  -21.926929
4038          20    105     129  105.500359  -23.499641
4039          20    106     128  107.992034  -20.007966
4040          20    107     127  103.651311  -23.348689
4041          20    108     126  108.295493  -17.704507
4042          20    109     125  104.913016  -20.086984
4043          20    110     124  104.225203  -19.774797
4044          20    111     123  107.984621  -15.015379
4045          20    112     122  105.929839  -16.070161
4046          20    113     121  105.146777  -15.853223
4047          20    114     120  105.868170  -14.131830
4048          20    115     119  105.532332  -13.467668
4049          20    116     118  100.619146  -17.380854
4050          20    117     117  102.642238  -14.357762
4051          20    118     116   97.639017  -18.360983
4052          20    119     115  100.467378  -14.532622
4053          20    120     114   95.657432  -18.342568
4054          20    121     113   97.758833  -15.241167
4055          20    122     112   88.809846  -23.190154
4056          20    123     111   88.672322  -22.327678
4057          20    124     110   95.025077  -14.974923
4058          20    125     109   95.690296  -13.309704
4059          20    126     108   95.760446  -12.239554
4060          20    127     107   96.016425  -10.983575
4061          20    128     106   98.736519   -7.263481
4062          20    129     105   98.841249   -6.158751
4063          20    130     104   96.600490   -7.399510
4064          20    131     103   95.010962   -7.989038
4065          20    132     102   95.344114   -6.655886
4066          20    133     101   95.251952   -5.748048
4067          20    134     100   95.108797   -4.891203
4068          20    135      99   92.153550   -6.846450
4069          20    136      98   96.865162   -1.134838
4070          20    137      97   93.751873   -3.248127
4071          20    138      96   90.294493   -5.705507
4072          20    139      95   86.287010   -8.712990
4073          20    140      94   89.553176   -4.446824
4074          20    141      93   85.592026   -7.407974
4075          20    142      92   85.165555   -6.834445
4076          20    143      91   84.956813   -6.043187
4077          20    144      90   84.690232   -5.309768
4078          20    145      89   87.905775   -1.094225
4079          20    146      88   86.580541   -1.419459
4080          20    147      87   91.344388    4.344388
4081          20    148      86   91.156989    5.156989
4082          20    149      85   87.403417    2.403417
4083          20    150      84   84.239113    0.239113
4084          20    151      83   84.850999    1.850999
4085          20    152      82   85.252070    3.252070
4086          20    153      81   85.595453    4.595453
4087          20    154      80   81.005874    1.005874
4088          20    155      79   79.691904    0.691904
4089          20    156      78   75.928199   -2.071801
4090          20    157      77   77.813128    0.813128
4091          20    158      76   74.466231   -1.533769
4092          20    159      75   78.098619    3.098619
4093          20    160      74   75.214783    1.214783
4094          20    161      73   70.715602   -2.284398
4095          20    162      72   73.084035    1.084035
4096          20    163      71   70.664849   -0.335151
4097          20    164      70   71.603451    1.603451
4098          20    165      69   64.553338   -4.446662
4099          20    166      68   72.761214    4.761214
4100          20    167      67   67.978567    0.978567
4101          20    168      66   67.569012    1.569012
4102          20    169      65   61.792092   -3.207908
4103          20    170      64   63.761792   -0.238208
4104          20    171      63   59.825612   -3.174388
4105          20    172      62   61.518421   -0.481579
4106          20    173      61   53.147803   -7.852197
4107          20    174      60   51.998409   -8.001591
4108          20    175      59   51.164250   -7.835750
4109          20    176      58   50.358403   -7.641597
4110          20    177      57   43.612810  -13.387190
4111          20    178      56   46.404454   -9.595546
4112          20    179      55   45.239019   -9.760981
4113          20    180      54   40.501622  -13.498378
4114          20    181      53   42.604080  -10.395920
4115          20    182      52   38.955498  -13.044502
4116          20    183      51   41.852502   -9.147498
4117          20    184      50   40.025683   -9.974317
4118          20    185      49   40.723975   -8.276025
4119          20    186      48   37.295988  -10.704012
4120          20    187      47   45.993325   -1.006675
4121          20    188      46   37.640173   -8.359827
4122          20    189      45   38.692015   -6.307985
4123          20    190      44   33.802822  -10.197178
4124          20    191      43   34.357730   -8.642270
4125          20    192      42   32.713626   -9.286374
4126          20    193      41   29.296617  -11.703383
4127          20    194      40   28.405987  -11.594013
4128          20    195      39   30.128521   -8.871479
4129          20    196      38   25.082613  -12.917387
4130          20    197      37   29.522173   -7.477827
4131          20    198      36   27.758237   -8.241763
4132          20    199      35   27.700808   -7.299192
4133          20    200      34   29.585601   -4.414399
4134          20    201      33   21.318543  -11.681457
4135          20    202      32   24.428279   -7.571721
4136          20    203      31   23.171927   -7.828073
4137          20    204      30   20.251743   -9.748257
4138          20    205      29   16.099192  -12.900808
4139          20    206      28   18.744037   -9.255963
4140          20    207      27   15.840976  -11.159024
4141          20    208      26   18.890720   -7.109280
4142          20    209      25   16.456626   -8.543374
4143          20    210      24   16.579781   -7.420219
4144          20    211      23   13.273825   -9.726175
4145          20    212      22   12.854012   -9.145988
4146          20    213      21    9.844713  -11.155287
4147          20    214      20    4.792153  -15.207847
4148          20    215      19    6.831428  -12.168572
4149          20    216      18    3.315001  -14.684999
4150          20    217      17    4.272074  -12.727926
4151          20    218      16    0.864181  -15.135819
4152          20    219      15    4.417495  -10.582505
4153          20    220      14    0.832100  -13.167900
4154          20    221      13   -1.073804  -14.073804
4155          20    222      12   -1.782450  -13.782450
4156          20    223      11   -2.603210  -13.603210
4157          20    224      10   -0.239224  -10.239224
4158          20    225       9   -6.129922  -15.129922
4159          20    226       8   -2.230992  -10.230992
4160          20    227       7    0.129620   -6.870380
4161          20    228       6   -1.881182   -7.881182
4162          20    229       5   -3.072969   -8.072969
4163          20    230       4    2.330555   -1.669445
4164          20    231       3   -3.760354   -6.760354
4165          20    232       2   -4.147108   -6.147108
4166          20    233       1   -5.141689   -6.141689
4167          20    234       0   -7.766604   -7.766604
4168          21      1     194  207.125779   13.125779
4169          21      2     193  204.481557   11.481557
4170          21      3     192  193.419341    1.419341
4171          21      4     191  194.074029    3.074029
4172          21      5     190  186.776499   -3.223501
4173          21      6     189  196.794457    7.794457
4174          21      7     188  189.026987    1.026987
4175          21      8     187  185.649500   -1.350500
4176          21      9     186  186.674998    0.674998
4177          21     10     185  185.857826    0.857826
4178          21     11     184  189.810726    5.810726
4179          21     12     183  187.309531    4.309531
4180          21     13     182  182.369675    0.369675
4181          21     14     181  184.238719    3.238719
4182          21     15     180  177.806940   -2.193060
4183          21     16     179  178.769011   -0.230989
4184          21     17     178  184.266884    6.266884
4185          21     18     177  181.003842    4.003842
4186          21     19     176  183.392257    7.392257
4187          21     20     175  181.875577    6.875577
4188          21     21     174  177.646268    3.646268
4189          21     22     173  182.709982    9.709982
4190          21     23     172  173.377389    1.377389
4191          21     24     171  167.416762   -3.583238
4192          21     25     170  160.121647   -9.878353
4193          21     26     169  163.486296   -5.513704
4194          21     27     168  166.383872   -1.616128
4195          21     28     167  164.544756   -2.455244
4196          21     29     166  161.908928   -4.091072
4197          21     30     165  162.959364   -2.040636
4198          21     31     164  158.809201   -5.190799
4199          21     32     163  154.794688   -8.205312
4200          21     33     162  160.256091   -1.743909
4201          21     34     161  154.638724   -6.361276
4202          21     35     160  153.516014   -6.483986
4203          21     36     159  154.370428   -4.629572
4204          21     37     158  155.511933   -2.488067
4205          21     38     157  158.653915    1.653915
4206          21     39     156  158.364737    2.364737
4207          21     40     155  154.556850   -0.443150
4208          21     41     154  154.750004    0.750004
4209          21     42     153  157.504197    4.504197
4210          21     43     152  155.090900    3.090900
4211          21     44     151  154.893402    3.893402
4212          21     45     150  151.639103    1.639103
4213          21     46     149  152.987104    3.987104
4214          21     47     148  148.881544    0.881544
4215          21     48     147  152.702137    5.702137
4216          21     49     146  147.410006    1.410006
4217          21     50     145  151.513503    6.513503
4218          21     51     144  150.668967    6.668967
4219          21     52     143  146.872407    3.872407
4220          21     53     142  140.831184   -1.168816
4221          21     54     141  144.079271    3.079271
4222          21     55     140  148.874502    8.874502
4223          21     56     139  138.930291   -0.069709
4224          21     57     138  139.097233    1.097233
4225          21     58     137  139.844242    2.844242
4226          21     59     136  140.032427    4.032427
4227          21     60     135  138.108490    3.108490
4228          21     61     134  140.085313    6.085313
4229          21     62     133  136.019676    3.019676
4230          21     63     132  138.547045    6.547045
4231          21     64     131  139.342636    8.342636
4232          21     65     130  134.968814    4.968814
4233          21     66     129  134.162605    5.162605
4234          21     67     128  132.869663    4.869663
4235          21     68     127  132.545717    5.545717
4236          21     69     126  134.950893    8.950893
4237          21     70     125  134.774622    9.774622
4238          21     71     124  137.763344   13.763344
4239          21     72     123  131.698599    8.698599
4240          21     73     122  134.164536   12.164536
4241          21     74     121  128.288080    7.288080
4242          21     75     120  125.958520    5.958520
4243          21     76     119  124.043595    5.043595
4244          21     77     118  128.438677   10.438677
4245          21     78     117  129.082862   12.082862
4246          21     79     116  126.393595   10.393595
4247          21     80     115  126.250884   11.250884
4248          21     81     114  124.726868   10.726868
4249          21     82     113  127.703556   14.703556
4250          21     83     112  125.693420   13.693420
4251          21     84     111  129.523636   18.523636
4252          21     85     110  127.380770   17.380770
4253          21     86     109  131.523455   22.523455
4254          21     87     108  126.307810   18.307810
4255          21     88     107  129.049020   22.049020
4256          21     89     106  121.094426   15.094426
4257          21     90     105  121.620342   16.620342
4258          21     91     104  128.935874   24.935874
4259          21     92     103  120.618338   17.618338
4260          21     93     102  114.732280   12.732280
4261          21     94     101  118.279797   17.279797
4262          21     95     100  115.595948   15.595948
4263          21     96      99  116.038367   17.038367
4264          21     97      98  112.882518   14.882518
4265          21     98      97  115.421840   18.421840
4266          21     99      96  115.989793   19.989793
4267          21    100      95  106.704477   11.704477
4268          21    101      94  106.806030   12.806030
4269          21    102      93  100.369708    7.369708
4270          21    103      92  101.979113    9.979113
4271          21    104      91   99.857858    8.857858
4272          21    105      90  102.475224   12.475224
4273          21    106      89   99.454244   10.454244
4274          21    107      88  100.485958   12.485958
4275          21    108      87   97.760203   10.760203
4276          21    109      86   94.433742    8.433742
4277          21    110      85  100.253636   15.253636
4278          21    111      84   95.792486   11.792486
4279          21    112      83   91.167224    8.167224
4280          21    113      82   93.313916   11.313916
4281          21    114      81   91.831160   10.831160
4282          21    115      80   93.761768   13.761768
4283          21    116      79   92.128003   13.128003
4284          21    117      78   92.946972   14.946972
4285          21    118      77   92.641946   15.641946
4286          21    119      76   92.223931   16.223931
4287          21    120      75   92.516789   17.516789
4288          21    121      74   93.509614   19.509614
4289          21    122      73   98.275984   25.275984
4290          21    123      72   95.364404   23.364404
4291          21    124      71   95.425941   24.425941
4292          21    125      70   93.299554   23.299554
4293          21    126      69   95.733689   26.733689
4294          21    127      68   97.276108   29.276108
4295          21    128      67   91.125016   24.125016
4296          21    129      66   91.442453   25.442453
4297          21    130      65   91.785631   26.785631
4298          21    131      64   86.414817   22.414817
4299          21    132      63   91.290368   28.290368
4300          21    133      62   93.308374   31.308374
4301          21    134      61   83.912192   22.912192
4302          21    135      60   84.299669   24.299669
4303          21    136      59   83.394338   24.394338
4304          21    137      58   82.436876   24.436876
4305          21    138      57   83.402898   26.402898
4306          21    139      56   77.705684   21.705684
4307          21    140      55   77.814668   22.814668
4308          21    141      54   76.189696   22.189696
4309          21    142      53   78.534122   25.534122
4310          21    143      52   77.165929   25.165929
4311          21    144      51   75.080868   24.080868
4312          21    145      50   68.214697   18.214697
4313          21    146      49   76.632884   27.632884
4314          21    147      48   64.977280   16.977280
4315          21    148      47   69.174713   22.174713
4316          21    149      46   68.923811   22.923811
4317          21    150      45   70.288381   25.288381
4318          21    151      44   67.465177   23.465177
4319          21    152      43   69.438821   26.438821
4320          21    153      42   63.704234   21.704234
4321          21    154      41   62.538906   21.538906
4322          21    155      40   57.726646   17.726646
4323          21    156      39   57.322612   18.322612
4324          21    157      38   56.467843   18.467843
4325          21    158      37   53.228959   16.228959
4326          21    159      36   54.616171   18.616171
4327          21    160      35   53.980918   18.980918
4328          21    161      34   53.228888   19.228888
4329          21    162      33   49.048057   16.048057
4330          21    163      32   54.354893   22.354893
4331          21    164      31   50.285037   19.285037
4332          21    165      30   46.698953   16.698953
4333          21    166      29   46.749944   17.749944
4334          21    167      28   46.158611   18.158611
4335          21    168      27   43.115223   16.115223
4336          21    169      26   45.541548   19.541548
4337          21    170      25   35.689652   10.689652
4338          21    171      24   41.123043   17.123043
4339          21    172      23   40.731048   17.731048
4340          21    173      22   39.569824   17.569824
4341          21    174      21   38.382170   17.382170
4342          21    175      20   36.340424   16.340424
4343          21    176      19   38.648773   19.648773
4344          21    177      18   37.097591   19.097591
4345          21    178      17   34.729628   17.729628
4346          21    179      16   35.579623   19.579623
4347          21    180      15   31.491468   16.491468
4348          21    181      14   37.056617   23.056617
4349          21    182      13   29.762900   16.762900
4350          21    183      12   30.274916   18.274916
4351          21    184      11   26.032811   15.032811
4352          21    185      10   23.693118   13.693118
4353          21    186       9   21.341259   12.341259
4354          21    187       8   16.275293    8.275293
4355          21    188       7   16.143213    9.143213
4356          21    189       6   17.853188   11.853188
4357          21    190       5   13.320129    8.320129
4358          21    191       4   14.301735   10.301735
4359          21    192       3   13.051451   10.051451
4360          21    193       2   10.760522    8.760522
4361          21    194       1    7.503236    6.503236
4362          21    195       0    6.246774    6.246774
4363          22      1     201  191.640376   -9.359624
4364          22      2     200  179.878969  -20.121031
4365          22      3     199  181.674426  -17.325574
4366          22      4     198  189.900484   -8.099516
4367          22      5     197  183.089252  -13.910748
4368          22      6     196  184.517101  -11.482899
4369          22      7     195  177.031265  -17.968735
4370          22      8     194  175.457360  -18.542640
4371          22      9     193  168.952998  -24.047002
4372          22     10     192  169.184793  -22.815207
4373          22     11     191  172.725290  -18.274710
4374          22     12     190  164.694148  -25.305852
4375          22     13     189  168.045065  -20.954935
4376          22     14     188  166.280326  -21.719674
4377          22     15     187  162.721160  -24.278840
4378          22     16     186  164.083997  -21.916003
4379          22     17     185  164.656693  -20.343307
4380          22     18     184  157.247362  -26.752638
4381          22     19     183  159.661349  -23.338651
4382          22     20     182  153.923588  -28.076412
4383          22     21     181  155.904134  -25.095866
4384          22     22     180  154.213743  -25.786257
4385          22     23     179  157.695301  -21.304699
4386          22     24     178  155.733876  -22.266124
4387          22     25     177  150.670228  -26.329772
4388          22     26     176  147.208007  -28.791993
4389          22     27     175  147.963559  -27.036441
4390          22     28     174  142.664148  -31.335852
4391          22     29     173  145.385496  -27.614504
4392          22     30     172  143.348614  -28.651386
4393          22     31     171  140.787692  -30.212308
4394          22     32     170  144.953095  -25.046905
4395          22     33     169  148.215598  -20.784402
4396          22     34     168  143.398389  -24.601611
4397          22     35     167  144.935854  -22.064146
4398          22     36     166  149.574886  -16.425114
4399          22     37     165  144.349833  -20.650167
4400          22     38     164  145.610007  -18.389993
4401          22     39     163  142.180933  -20.819067
4402          22     40     162  143.011858  -18.988142
4403          22     41     161  139.281824  -21.718176
4404          22     42     160  142.125210  -17.874790
4405          22     43     159  137.054258  -21.945742
4406          22     44     158  135.693638  -22.306362
4407          22     45     157  138.295517  -18.704483
4408          22     46     156  132.369164  -23.630836
4409          22     47     155  134.711742  -20.288258
4410          22     48     154  134.000546  -19.999454
4411          22     49     153  130.956001  -22.043999
4412          22     50     152  129.835565  -22.164435
4413          22     51     151  128.423891  -22.576109
4414          22     52     150  127.216681  -22.783319
4415          22     53     149  124.861209  -24.138791
4416          22     54     148  122.653647  -25.346353
4417          22     55     147  117.410118  -29.589882
4418          22     56     146  124.178293  -21.821707
4419          22     57     145  125.631233  -19.368767
4420          22     58     144  118.809048  -25.190952
4421          22     59     143  126.964431  -16.035569
4422          22     60     142  122.801169  -19.198831
4423          22     61     141  120.981319  -20.018681
4424          22     62     140  119.125900  -20.874100
4425          22     63     139  125.942165  -13.057835
4426          22     64     138  122.339268  -15.660732
4427          22     65     137  124.491051  -12.508949
4428          22     66     136  121.598109  -14.401891
4429          22     67     135  125.258237   -9.741763
4430          22     68     134  124.981377   -9.018623
4431          22     69     133  122.976192  -10.023808
4432          22     70     132  124.321821   -7.678179
4433          22     71     131  126.611994   -4.388006
4434          22     72     130  127.069795   -2.930205
4435          22     73     129  127.927982   -1.072018
4436          22     74     128  124.370445   -3.629555
4437          22     75     127  131.734526    4.734526
4438          22     76     126  123.632406   -2.367594
4439          22     77     125  128.124539    3.124539
4440          22     78     124  121.137404   -2.862596
4441          22     79     123  126.468166    3.468166
4442          22     80     122  125.636248    3.636248
4443          22     81     121  123.639851    2.639851
4444          22     82     120  122.810603    2.810603
4445          22     83     119  122.991574    3.991574
4446          22     84     118  120.114859    2.114859
4447          22     85     117  122.448290    5.448290
4448          22     86     116  116.251958    0.251958
4449          22     87     115  113.212256   -1.787744
4450          22     88     114  112.869324   -1.130676
4451          22     89     113  113.334420    0.334420
4452          22     90     112  108.611644   -3.388356
4453          22     91     111  109.315273   -1.684727
4454          22     92     110  104.728481   -5.271519
4455          22     93     109  108.951027   -0.048973
4456          22     94     108  111.355967    3.355967
4457          22     95     107  111.114978    4.114978
4458          22     96     106  105.989094   -0.010906
4459          22     97     105  108.866989    3.866989
4460          22     98     104  109.144075    5.144075
4461          22     99     103  110.099377    7.099377
4462          22    100     102  106.983451    4.983451
4463          22    101     101  111.618749   10.618749
4464          22    102     100  108.378756    8.378756
4465          22    103      99  110.985808   11.985808
4466          22    104      98  110.765590   12.765590
4467          22    105      97  111.122767   14.122767
4468          22    106      96  107.828933   11.828933
4469          22    107      95  107.564761   12.564761
4470          22    108      94  105.707285   11.707285
4471          22    109      93  106.865428   13.865428
4472          22    110      92  107.768384   15.768384
4473          22    111      91  105.742539   14.742539
4474          22    112      90  105.600755   15.600755
4475          22    113      89  101.928362   12.928362
4476          22    114      88  104.265387   16.265387
4477          22    115      87   97.930992   10.930992
4478          22    116      86  101.531608   15.531608
4479          22    117      85   99.968927   14.968927
4480          22    118      84   95.658943   11.658943
4481          22    119      83   96.680038   13.680038
4482          22    120      82  106.705678   24.705678
4483          22    121      81   99.979049   18.979049
4484          22    122      80  101.949870   21.949870
4485          22    123      79  101.047895   22.047895
4486          22    124      78  103.146527   25.146527
4487          22    125      77   99.465363   22.465363
4488          22    126      76   98.146555   22.146555
4489          22    127      75   92.359112   17.359112
4490          22    128      74   95.949012   21.949012
4491          22    129      73   94.369143   21.369143
4492          22    130      72   93.565340   21.565340
4493          22    131      71   94.678074   23.678074
4494          22    132      70   93.363043   23.363043
4495          22    133      69   88.467857   19.467857
4496          22    134      68   87.241188   19.241188
4497          22    135      67   83.259875   16.259875
4498          22    136      66   83.854175   17.854175
4499          22    137      65   84.818706   19.818706
4500          22    138      64   83.122889   19.122889
4501          22    139      63   79.079743   16.079743
4502          22    140      62   79.565877   17.565877
4503          22    141      61   73.079172   12.079172
4504          22    142      60   74.046854   14.046854
4505          22    143      59   72.422054   13.422054
4506          22    144      58   74.831830   16.831830
4507          22    145      57   75.377799   18.377799
4508          22    146      56   75.699268   19.699268
4509          22    147      55   73.031285   18.031285
4510          22    148      54   68.655893   14.655893
4511          22    149      53   69.472019   16.472019
4512          22    150      52   72.611697   20.611697
4513          22    151      51   70.397574   19.397574
4514          22    152      50   72.294389   22.294389
4515          22    153      49   67.317778   18.317778
4516          22    154      48   67.701458   19.701458
4517          22    155      47   70.118426   23.118426
4518          22    156      46   65.600916   19.600916
4519          22    157      45   64.552903   19.552903
4520          22    158      44   62.400744   18.400744
4521          22    159      43   56.706404   13.706404
4522          22    160      42   60.412947   18.412947
4523          22    161      41   57.208696   16.208696
4524          22    162      40   55.082795   15.082795
4525          22    163      39   55.140196   16.140196
4526          22    164      38   55.085587   17.085587
4527          22    165      37   56.135978   19.135978
4528          22    166      36   56.074097   20.074097
4529          22    167      35   53.988620   18.988620
4530          22    168      34   47.574760   13.574760
4531          22    169      33   49.738065   16.738065
4532          22    170      32   47.411335   15.411335
4533          22    171      31   41.984659   10.984659
4534          22    172      30   43.190656   13.190656
4535          22    173      29   38.249193    9.249193
4536          22    174      28   40.122667   12.122667
4537          22    175      27   42.503298   15.503298
4538          22    176      26   43.076429   17.076429
4539          22    177      25   37.036646   12.036646
4540          22    178      24   36.350325   12.350325
4541          22    179      23   37.083397   14.083397
4542          22    180      22   35.030105   13.030105
4543          22    181      21   32.488497   11.488497
4544          22    182      20   33.909801   13.909801
4545          22    183      19   25.958305    6.958305
4546          22    184      18   31.194195   13.194195
4547          22    185      17   28.245762   11.245762
4548          22    186      16   27.858320   11.858320
4549          22    187      15   23.190419    8.190419
4550          22    188      14   23.667415    9.667415
4551          22    189      13   18.506117    5.506117
4552          22    190      12   20.815527    8.815527
4553          22    191      11   17.669654    6.669654
4554          22    192      10   12.347611    2.347611
4555          22    193       9   12.511237    3.511237
4556          22    194       8   14.067323    6.067323
4557          22    195       7    8.386409    1.386409
4558          22    196       6   11.465267    5.465267
4559          22    197       5    6.972545    1.972545
4560          22    198       4    8.367583    4.367583
4561          22    199       3   10.372539    7.372539
4562          22    200       2   12.720478   10.720478
4563          22    201       1    8.996269    7.996269
4564          22    202       0    6.378141    6.378141
4565          23      1     167  226.965628   59.965628
4566          23      2     166  213.480780   47.480780
4567          23      3     165  201.996716   36.996716
4568          23      4     164  191.718394   27.718394
4569          23      5     163  184.951128   21.951128
4570          23      6     162  179.806861   17.806861
4571          23      7     161  184.573267   23.573267
4572          23      8     160  183.269663   23.269663
4573          23      9     159  183.003138   24.003138
4574          23     10     158  179.500430   21.500430
4575          23     11     157  182.472387   25.472387
4576          23     12     156  178.940705   22.940705
4577          23     13     155  178.368772   23.368772
4578          23     14     154  179.981846   25.981846
4579          23     15     153  176.190665   23.190665
4580          23     16     152  183.185252   31.185252
4581          23     17     151  173.313293   22.313293
4582          23     18     150  175.907669   25.907669
4583          23     19     149  169.501318   20.501318
4584          23     20     148  174.341591   26.341591
4585          23     21     147  170.938459   23.938459
4586          23     22     146  168.622220   22.622220
4587          23     23     145  171.717455   26.717455
4588          23     24     144  176.004318   32.004318
4589          23     25     143  168.466958   25.466958
4590          23     26     142  169.019986   27.019986
4591          23     27     141  171.220776   30.220776
4592          23     28     140  165.340383   25.340383
4593          23     29     139  171.349562   32.349562
4594          23     30     138  165.257787   27.257787
4595          23     31     137  164.726853   27.726853
4596          23     32     136  160.852706   24.852706
4597          23     33     135  163.167119   28.167119
4598          23     34     134  164.853975   30.853975
4599          23     35     133  159.378385   26.378385
4600          23     36     132  157.084130   25.084130
4601          23     37     131  155.041824   24.041824
4602          23     38     130  156.146230   26.146230
4603          23     39     129  154.556981   25.556981
4604          23     40     128  154.454756   26.454756
4605          23     41     127  152.197772   25.197772
4606          23     42     126  149.663045   23.663045
4607          23     43     125  147.327349   22.327349
4608          23     44     124  148.296639   24.296639
4609          23     45     123  150.289739   27.289739
4610          23     46     122  149.782000   27.782000
4611          23     47     121  144.688646   23.688646
4612          23     48     120  144.563524   24.563524
4613          23     49     119  150.713726   31.713726
4614          23     50     118  145.163550   27.163550
4615          23     51     117  140.415952   23.415952
4616          23     52     116  141.700279   25.700279
4617          23     53     115  146.585617   31.585617
4618          23     54     114  141.542245   27.542245
4619          23     55     113  133.204483   20.204483
4620          23     56     112  138.646641   26.646641
4621          23     57     111  139.836336   28.836336
4622          23     58     110  141.396534   31.396534
4623          23     59     109  143.863117   34.863117
4624          23     60     108  139.061676   31.061676
4625          23     61     107  133.858247   26.858247
4626          23     62     106  140.066035   34.066035
4627          23     63     105  136.989783   31.989783
4628          23     64     104  134.230709   30.230709
4629          23     65     103  136.117914   33.117914
4630          23     66     102  131.355940   29.355940
4631          23     67     101  132.552633   31.552633
4632          23     68     100  128.630211   28.630211
4633          23     69      99  125.556546   26.556546
4634          23     70      98  122.708710   24.708710
4635          23     71      97  123.407224   26.407224
4636          23     72      96  117.083888   21.083888
4637          23     73      95  116.140885   21.140885
4638          23     74      94  112.792250   18.792250
4639          23     75      93  113.675430   20.675430
4640          23     76      92  109.289932   17.289932
4641          23     77      91  106.539068   15.539068
4642          23     78      90  108.799664   18.799664
4643          23     79      89  112.953957   23.953957
4644          23     80      88  115.116662   27.116662
4645          23     81      87  117.095448   30.095448
4646          23     82      86  112.363303   26.363303
4647          23     83      85  116.634828   31.634828
4648          23     84      84  120.408645   36.408645
4649          23     85      83  115.255183   32.255183
4650          23     86      82  115.446973   33.446973
4651          23     87      81  114.717729   33.717729
4652          23     88      80  114.584103   34.584103
4653          23     89      79  114.979933   35.979933
4654          23     90      78  111.948317   33.948317
4655          23     91      77  111.266784   34.266784
4656          23     92      76  106.476025   30.476025
4657          23     93      75  108.686666   33.686666
4658          23     94      74  107.412392   33.412392
4659          23     95      73  102.247793   29.247793
4660          23     96      72  105.315273   33.315273
4661          23     97      71  110.633586   39.633586
4662          23     98      70  103.925272   33.925272
4663          23     99      69  102.930147   33.930147
4664          23    100      68   93.743112   25.743112
4665          23    101      67   96.980820   29.980820
4666          23    102      66   92.715564   26.715564
4667          23    103      65   96.408565   31.408565
4668          23    104      64   93.324546   29.324546
4669          23    105      63   92.937773   29.937773
4670          23    106      62   98.491946   36.491946
4671          23    107      61   93.065350   32.065350
4672          23    108      60   99.271989   39.271989
4673          23    109      59   96.432276   37.432276
4674          23    110      58   99.327867   41.327867
4675          23    111      57   93.708081   36.708081
4676          23    112      56   91.132790   35.132790
4677          23    113      55   90.118755   35.118755
4678          23    114      54   82.925971   28.925971
4679          23    115      53   82.820650   29.820650
4680          23    116      52   77.551540   25.551540
4681          23    117      51   78.179842   27.179842
4682          23    118      50   76.480376   26.480376
4683          23    119      49   75.158135   26.158135
4684          23    120      48   74.646564   26.646564
4685          23    121      47   71.534416   24.534416
4686          23    122      46   70.977575   24.977575
4687          23    123      45   66.918145   21.918145
4688          23    124      44   68.972438   24.972438
4689          23    125      43   71.131434   28.131434
4690          23    126      42   63.318191   21.318191
4691          23    127      41   61.922139   20.922139
4692          23    128      40   62.077960   22.077960
4693          23    129      39   58.327029   19.327029
4694          23    130      38   55.117587   17.117587
4695          23    131      37   55.616388   18.616388
4696          23    132      36   58.797685   22.797685
4697          23    133      35   53.284246   18.284246
4698          23    134      34   51.894807   17.894807
4699          23    135      33   47.403505   14.403505
4700          23    136      32   47.465683   15.465683
4701          23    137      31   48.147800   17.147800
4702          23    138      30   44.032690   14.032690
4703          23    139      29   40.022814   11.022814
4704          23    140      28   40.740875   12.740875
4705          23    141      27   38.477487   11.477487
4706          23    142      26   33.550687    7.550687
4707          23    143      25   33.200868    8.200868
4708          23    144      24   37.225631   13.225631
4709          23    145      23   33.470116   10.470116
4710          23    146      22   30.621786    8.621786
4711          23    147      21   32.044816   11.044816
4712          23    148      20   27.482851    7.482851
4713          23    149      19   27.468047    8.468047
4714          23    150      18   25.873333    7.873333
4715          23    151      17   25.365278    8.365278
4716          23    152      16   22.489475    6.489475
4717          23    153      15   21.402895    6.402895
4718          23    154      14   21.214265    7.214265
4719          23    155      13   27.548302   14.548302
4720          23    156      12   23.516960   11.516960
4721          23    157      11   23.668262   12.668262
4722          23    158      10   17.634443    7.634443
4723          23    159       9   16.806974    7.806974
4724          23    160       8   16.630378    8.630378
4725          23    161       7    9.816053    2.816053
4726          23    162       6   12.830458    6.830458
4727          23    163       5   13.306081    8.306081
4728          23    164       4    9.271038    5.271038
4729          23    165       3    7.965914    4.965914
4730          23    166       2    6.706393    4.706393
4731          23    167       1    5.202407    4.202407
4732          23    168       0    0.715508    0.715508
4733          24      1     146  217.361748   71.361748
4734          24      2     145  215.046155   70.046155
4735          24      3     144  198.523063   54.523063
4736          24      4     143  195.680403   52.680403
4737          24      5     142  187.730686   45.730686
4738          24      6     141  191.588509   50.588509
4739          24      7     140  183.767315   43.767315
4740          24      8     139  180.202850   41.202850
4741          24      9     138  184.262600   46.262600
4742          24     10     137  177.603871   40.603871
4743          24     11     136  184.162393   48.162393
4744          24     12     135  181.409301   46.409301
4745          24     13     134  176.326877   42.326877
4746          24     14     133  176.408509   43.408509
4747          24     15     132  175.734359   43.734359
4748          24     16     131  167.725565   36.725565
4749          24     17     130  165.117113   35.117113
4750          24     18     129  170.391471   41.391471
4751          24     19     128  169.541976   41.541976
4752          24     20     127  165.240533   38.240533
4753          24     21     126  167.519182   41.519182
4754          24     22     125  166.019088   41.019088
4755          24     23     124  161.322948   37.322948
4756          24     24     123  166.671542   43.671542
4757          24     25     122  163.634105   41.634105
4758          24     26     121  154.926986   33.926986
4759          24     27     120  154.259486   34.259486
4760          24     28     119  151.195169   32.195169
4761          24     29     118  153.962015   35.962015
4762          24     30     117  149.902878   32.902878
4763          24     31     116  150.876936   34.876936
4764          24     32     115  146.930009   31.930009
4765          24     33     114  141.558481   27.558481
4766          24     34     113  156.989659   43.989659
4767          24     35     112  152.136826   40.136826
4768          24     36     111  149.646733   38.646733
4769          24     37     110  158.328985   48.328985
4770          24     38     109  152.253601   43.253601
4771          24     39     108  151.854625   43.854625
4772          24     40     107  155.300895   48.300895
4773          24     41     106  149.650340   43.650340
4774          24     42     105  153.004747   48.004747
4775          24     43     104  150.521358   46.521358
4776          24     44     103  156.085901   53.085901
4777          24     45     102  151.001946   49.001946
4778          24     46     101  140.976332   39.976332
4779          24     47     100  146.268638   46.268638
4780          24     48      99  143.238781   44.238781
4781          24     49      98  140.273267   42.273267
4782          24     50      97  139.643454   42.643454
4783          24     51      96  139.606097   43.606097
4784          24     52      95  137.841735   42.841735
4785          24     53      94  140.467275   46.467275
4786          24     54      93  143.861941   50.861941
4787          24     55      92  140.133189   48.133189
4788          24     56      91  141.452789   50.452789
4789          24     57      90  137.717640   47.717640
4790          24     58      89  138.540350   49.540350
4791          24     59      88  138.938425   50.938425
4792          24     60      87  140.251381   53.251381
4793          24     61      86  133.036368   47.036368
4794          24     62      85  135.179484   50.179484
4795          24     63      84  133.187296   49.187296
4796          24     64      83  129.438477   46.438477
4797          24     65      82  123.118134   41.118134
4798          24     66      81  126.625354   45.625354
4799          24     67      80  126.909638   46.909638
4800          24     68      79  128.949794   49.949794
4801          24     69      78  122.332736   44.332736
4802          24     70      77  116.313754   39.313754
4803          24     71      76  117.855490   41.855490
4804          24     72      75  123.621472   48.621472
4805          24     73      74  123.396783   49.396783
4806          24     74      73  110.881342   37.881342
4807          24     75      72  115.762913   43.762913
4808          24     76      71  115.803192   44.803192
4809          24     77      70  108.116968   38.116968
4810          24     78      69  110.548839   41.548839
4811          24     79      68  113.746638   45.746638
4812          24     80      67  104.458401   37.458401
4813          24     81      66  108.216302   42.216302
4814          24     82      65  107.268412   42.268412
4815          24     83      64   99.535496   35.535496
4816          24     84      63  102.384483   39.384483
4817          24     85      62  101.319208   39.319208
4818          24     86      61   95.771118   34.771118
4819          24     87      60   92.756758   32.756758
4820          24     88      59   87.337761   28.337761
4821          24     89      58   97.583199   39.583199
4822          24     90      57   89.423581   32.423581
4823          24     91      56   87.584072   31.584072
4824          24     92      55   89.575894   34.575894
4825          24     93      54   86.777067   32.777067
4826          24     94      53   92.216195   39.216195
4827          24     95      52   89.604742   37.604742
4828          24     96      51   86.947839   35.947839
4829          24     97      50   83.036556   33.036556
4830          24     98      49   80.913733   31.913733
4831          24     99      48   73.996870   25.996870
4832          24    100      47   71.482645   24.482645
4833          24    101      46   68.387381   22.387381
4834          24    102      45   72.889630   27.889630
4835          24    103      44   65.131318   21.131318
4836          24    104      43   64.166009   21.166009
4837          24    105      42   60.770041   18.770041
4838          24    106      41   61.531481   20.531481
4839          24    107      40   64.260618   24.260618
4840          24    108      39   65.057984   26.057984
4841          24    109      38   60.014027   22.014027
4842          24    110      37   60.006328   23.006328
4843          24    111      36   55.266960   19.266960
4844          24    112      35   53.406086   18.406086
4845          24    113      34   49.160186   15.160186
4846          24    114      33   51.345761   18.345761
4847          24    115      32   49.849256   17.849256
4848          24    116      31   45.500133   14.500133
4849          24    117      30   46.444213   16.444213
4850          24    118      29   41.139885   12.139885
4851          24    119      28   40.293283   12.293283
4852          24    120      27   34.855131    7.855131
4853          24    121      26   36.258405   10.258405
4854          24    122      25   30.564985    5.564985
4855          24    123      24   25.440786    1.440786
4856          24    124      23   28.259868    5.259868
4857          24    125      22   21.517768   -0.482232
4858          24    126      21   19.288891   -1.711109
4859          24    127      20   14.431553   -5.568447
4860          24    128      19   13.097429   -5.902571
4861          24    129      18   13.256604   -4.743396
4862          24    130      17   11.561999   -5.438001
4863          24    131      16    7.405905   -8.594095
4864          24    132      15   10.927284   -4.072716
4865          24    133      14    2.275283  -11.724717
4866          24    134      13   -0.485913  -13.485913
4867          24    135      12   -0.040020  -12.040020
4868          24    136      11   -6.977432  -17.977432
4869          24    137      10   -9.419336  -19.419336
4870          24    138       9   -5.952022  -14.952022
4871          24    139       8  -14.765880  -22.765880
4872          24    140       7  -12.385742  -19.385742
4873          24    141       6  -16.855439  -22.855439
4874          24    142       5  -16.227302  -21.227302
4875          24    143       4  -21.078317  -25.078317
4876          24    144       3  -28.199991  -31.199991
4877          24    145       2  -25.602966  -27.602966
4878          24    146       1  -30.801387  -31.801387
4879          24    147       0  -29.965968  -29.965968
4880          25      1     229  177.523690  -51.476310
4881          25      2     228  189.473803  -38.526197
4882          25      3     227  192.149992  -34.850008
4883          25      4     226  191.309804  -34.690196
4884          25      5     225  192.117129  -32.882871
4885          25      6     224  187.872378  -36.127622
4886          25      7     223  184.057167  -38.942833
4887          25      8     222  182.661768  -39.338232
4888          25      9     221  178.299018  -42.700982
4889          25     10     220  178.552065  -41.447935
4890          25     11     219  175.775280  -43.224720
4891          25     12     218  175.069131  -42.930869
4892          25     13     217  178.635726  -38.364274
4893          25     14     216  176.577886  -39.422114
4894          25     15     215  172.965465  -42.034535
4895          25     16     214  170.641086  -43.358914
4896          25     17     213  167.824783  -45.175217
4897          25     18     212  168.645001  -43.354999
4898          25     19     211  167.398462  -43.601538
4899          25     20     210  165.090379  -44.909621
4900          25     21     209  167.803595  -41.196405
4901          25     22     208  165.948473  -42.051527
4902          25     23     207  163.647113  -43.352887
4903          25     24     206  164.383747  -41.616253
4904          25     25     205  164.675333  -40.324667
4905          25     26     204  162.126402  -41.873598
4906          25     27     203  163.066920  -39.933080
4907          25     28     202  158.602235  -43.397765
4908          25     29     201  156.840570  -44.159430
4909          25     30     200  154.447982  -45.552018
4910          25     31     199  156.613540  -42.386460
4911          25     32     198  155.550986  -42.449014
4912          25     33     197  152.026236  -44.973764
4913          25     34     196  151.293254  -44.706746
4914          25     35     195  155.206965  -39.793035
4915          25     36     194  152.315475  -41.684525
4916          25     37     193  148.438303  -44.561697
4917          25     38     192  148.495538  -43.504462
4918          25     39     191  142.667485  -48.332515
4919          25     40     190  142.005240  -47.994760
4920          25     41     189  148.358190  -40.641810
4921          25     42     188  149.508479  -38.491521
4922          25     43     187  144.315245  -42.684755
4923          25     44     186  144.905159  -41.094841
4924          25     45     185  144.882798  -40.117202
4925          25     46     184  143.019834  -40.980166
4926          25     47     183  133.982638  -49.017362
4927          25     48     182  140.652803  -41.347197
4928          25     49     181  138.558448  -42.441552
4929          25     50     180  138.040856  -41.959144
4930          25     51     179  135.066544  -43.933456
4931          25     52     178  131.038376  -46.961624
4932          25     53     177  136.708560  -40.291440
4933          25     54     176  132.160392  -43.839608
4934          25     55     175  134.408587  -40.591413
4935          25     56     174  136.605725  -37.394275
4936          25     57     173  142.065879  -30.934121
4937          25     58     172  138.360023  -33.639977
4938          25     59     171  135.237305  -35.762695
4939          25     60     170  135.974366  -34.025634
4940          25     61     169  137.864133  -31.135867
4941          25     62     168  134.620269  -33.379731
4942          25     63     167  140.560163  -26.439837
4943          25     64     166  132.041490  -33.958510
4944          25     65     165  131.465414  -33.534586
4945          25     66     164  125.894403  -38.105597
4946          25     67     163  130.420158  -32.579842
4947          25     68     162  128.224378  -33.775622
4948          25     69     161  127.705014  -33.294986
4949          25     70     160  126.151803  -33.848197
4950          25     71     159  128.656616  -30.343384
4951          25     72     158  126.843775  -31.156225
4952          25     73     157  125.509961  -31.490039
4953          25     74     156  130.101083  -25.898917
4954          25     75     155  123.465306  -31.534694
4955          25     76     154  125.881806  -28.118194
4956          25     77     153  126.472005  -26.527995
4957          25     78     152  122.048294  -29.951706
4958          25     79     151  121.806719  -29.193281
4959          25     80     150  128.705134  -21.294866
4960          25     81     149  127.500091  -21.499909
4961          25     82     148  121.081632  -26.918368
4962          25     83     147  123.872984  -23.127016
4963          25     84     146  116.624043  -29.375957
4964          25     85     145  118.223330  -26.776670
4965          25     86     144  114.026954  -29.973046
4966          25     87     143  121.790194  -21.209806
4967          25     88     142  121.259384  -20.740616
4968          25     89     141  116.716529  -24.283471
4969          25     90     140  120.651353  -19.348647
4970          25     91     139  114.982717  -24.017283
4971          25     92     138  115.006168  -22.993832
4972          25     93     137  112.710865  -24.289135
4973          25     94     136  111.970196  -24.029804
4974          25     95     135  114.968398  -20.031602
4975          25     96     134  104.871112  -29.128888
4976          25     97     133  111.126254  -21.873746
4977          25     98     132  114.222072  -17.777928
4978          25     99     131  114.922658  -16.077342
4979          25    100     130  113.084281  -16.915719
4980          25    101     129  116.177141  -12.822859
4981          25    102     128  113.392432  -14.607568
4982          25    103     127  113.458518  -13.541482
4983          25    104     126  106.917370  -19.082630
4984          25    105     125  106.525865  -18.474135
4985          25    106     124  108.816418  -15.183582
4986          25    107     123  104.538116  -18.461884
4987          25    108     122  105.191637  -16.808363
4988          25    109     121  102.801067  -18.198933
4989          25    110     120  109.452790  -10.547210
4990          25    111     119  110.191461   -8.808539
4991          25    112     118  110.381283   -7.618717
4992          25    113     117  105.334205  -11.665795
4993          25    114     116  106.187762   -9.812238
4994          25    115     115  104.796673  -10.203327
4995          25    116     114  105.898887   -8.101113
4996          25    117     113  108.038839   -4.961161
4997          25    118     112  110.939420   -1.060580
4998          25    119     111  105.045190   -5.954810
4999          25    120     110  106.009281   -3.990719
5000          25    121     109  103.525147   -5.474853
5001          25    122     108  102.506599   -5.493401
5002          25    123     107  104.746700   -2.253300
5003          25    124     106  105.584043   -0.415957
5004          25    125     105   98.132474   -6.867526
5005          25    126     104  103.645192   -0.354808
5006          25    127     103  100.627680   -2.372320
5007          25    128     102   96.097301   -5.902699
5008          25    129     101   96.726532   -4.273468
5009          25    130     100   90.925537   -9.074463
5010          25    131      99   93.441607   -5.558393
5011          25    132      98   97.936832   -0.063168
5012          25    133      97   90.126692   -6.873308
5013          25    134      96   92.470285   -3.529715
5014          25    135      95   88.394252   -6.605748
5015          25    136      94   98.441320    4.441320
5016          25    137      93   91.075033   -1.924967
5017          25    138      92   91.397255   -0.602745
5018          25    139      91   89.413603   -1.586397
5019          25    140      90   91.673378    1.673378
5020          25    141      89   89.563431    0.563431
5021          25    142      88   80.729937   -7.270063
5022          25    143      87   83.744455   -3.255545
5023          25    144      86   84.701951   -1.298049
5024          25    145      85   81.946373   -3.053627
5025          25    146      84   78.507828   -5.492172
5026          25    147      83   77.908017   -5.091983
5027          25    148      82   78.878892   -3.121108
5028          25    149      81   74.305390   -6.694610
5029          25    150      80   74.790953   -5.209047
5030          25    151      79   72.468178   -6.531822
5031          25    152      78   73.060982   -4.939018
5032          25    153      77   67.176046   -9.823954
5033          25    154      76   68.994317   -7.005683
5034          25    155      75   63.781267  -11.218733
5035          25    156      74   65.206545   -8.793455
5036          25    157      73   62.977057  -10.022943
5037          25    158      72   59.054255  -12.945745
5038          25    159      71   62.442143   -8.557857
5039          25    160      70   62.700099   -7.299901
5040          25    161      69   61.908123   -7.091877
5041          25    162      68   63.018932   -4.981068
5042          25    163      67   63.853274   -3.146726
5043          25    164      66   58.204006   -7.795994
5044          25    165      65   56.992239   -8.007761
5045          25    166      64   58.251711   -5.748289
5046          25    167      63   56.210703   -6.789297
5047          25    168      62   57.972443   -4.027557
5048          25    169      61   60.277769   -0.722231
5049          25    170      60   56.930661   -3.069339
5050          25    171      59   58.119331   -0.880669
5051          25    172      58   55.969820   -2.030180
5052          25    173      57   60.127426    3.127426
5053          25    174      56   60.107119    4.107119
5054          25    175      55   57.004497    2.004497
5055          25    176      54   56.406033    2.406033
5056          25    177      53   54.647599    1.647599
5057          25    178      52   51.421966   -0.578034
5058          25    179      51   51.270326    0.270326
5059          25    180      50   52.354168    2.354168
5060          25    181      49   51.052685    2.052685
5061          25    182      48   50.961635    2.961635
5062          25    183      47   46.882056   -0.117944
5063          25    184      46   47.000394    1.000394
5064          25    185      45   46.768254    1.768254
5065          25    186      44   47.531047    3.531047
5066          25    187      43   42.076269   -0.923731
5067          25    188      42   43.927240    1.927240
5068          25    189      41   36.189477   -4.810523
5069          25    190      40   36.643538   -3.356462
5070          25    191      39   36.870161   -2.129839
5071          25    192      38   30.040140   -7.959860
5072          25    193      37   33.295702   -3.704298
5073          25    194      36   36.479546    0.479546
5074          25    195      35   34.132960   -0.867040
5075          25    196      34   30.374935   -3.625065
5076          25    197      33   37.911100    4.911100
5077          25    198      32   38.110161    6.110161
5078          25    199      31   36.481700    5.481700
5079          25    200      30   39.261875    9.261875
5080          25    201      29   37.538441    8.538441
5081          25    202      28   33.470681    5.470681
5082          25    203      27   31.854888    4.854888
5083          25    204      26   32.294813    6.294813
5084          25    205      25   33.630630    8.630630
5085          25    206      24   32.784244    8.784244
5086          25    207      23   30.236789    7.236789
5087          25    208      22   32.157743   10.157743
5088          25    209      21   31.839510   10.839510
5089          25    210      20   23.450390    3.450390
5090          25    211      19   25.615105    6.615105
5091          25    212      18   24.811009    6.811009
5092          25    213      17   22.210973    5.210973
5093          25    214      16   22.119175    6.119175
5094          25    215      15   26.085985   11.085985
5095          25    216      14   26.978874   12.978874
5096          25    217      13   24.837760   11.837760
5097          25    218      12   23.344452   11.344452
5098          25    219      11   25.153105   14.153105
5099          25    220      10   22.673966   12.673966
5100          25    221       9   22.890374   13.890374
5101          25    222       8   19.698790   11.698790
5102          25    223       7   20.292733   13.292733
5103          25    224       6   11.040071    5.040071
5104          25    225       5   11.532925    6.532925
5105          25    226       4   13.736534    9.736534
5106          25    227       3    9.502091    6.502091
5107          25    228       2    5.205691    3.205691
5108          25    229       1    2.767742    1.767742
5109          25    230       0    3.869704    3.869704
5110          26      1     198  198.247711    0.247711
5111          26      2     197  196.397853   -0.602147
5112          26      3     196  195.165178   -0.834822
5113          26      4     195  187.375089   -7.624911
5114          26      5     194  184.196933   -9.803067
5115          26      6     193  182.659275  -10.340725
5116          26      7     192  181.684552  -10.315448
5117          26      8     191  172.535296  -18.464704
5118          26      9     190  178.389569  -11.610431
5119          26     10     189  174.791013  -14.208987
5120          26     11     188  176.738973  -11.261027
5121          26     12     187  170.016282  -16.983718
5122          26     13     186  169.914930  -16.085070
5123          26     14     185  170.114874  -14.885126
5124          26     15     184  169.113594  -14.886406
5125          26     16     183  165.406017  -17.593983
5126          26     17     182  166.427145  -15.572855
5127          26     18     181  168.820309  -12.179691
5128          26     19     180  160.567745  -19.432255
5129          26     20     179  158.299809  -20.700191
5130          26     21     178  157.300976  -20.699024
5131          26     22     177  152.183866  -24.816134
5132          26     23     176  155.946347  -20.053653
5133          26     24     175  153.285879  -21.714121
5134          26     25     174  153.679982  -20.320018
5135          26     26     173  152.991723  -20.008277
5136          26     27     172  150.468346  -21.531654
5137          26     28     171  147.465798  -23.534202
5138          26     29     170  148.260567  -21.739433
5139          26     30     169  147.296337  -21.703663
5140          26     31     168  144.837762  -23.162238
5141          26     32     167  141.867581  -25.132419
5142          26     33     166  143.089328  -22.910672
5143          26     34     165  147.191764  -17.808236
5144          26     35     164  142.845355  -21.154645
5145          26     36     163  146.165692  -16.834308
5146          26     37     162  143.718835  -18.281165
5147          26     38     161  135.677027  -25.322973
5148          26     39     160  135.980639  -24.019361
5149          26     40     159  136.526756  -22.473244
5150          26     41     158  135.218088  -22.781912
5151          26     42     157  135.316875  -21.683125
5152          26     43     156  131.193677  -24.806323
5153          26     44     155  132.352817  -22.647183
5154          26     45     154  131.809730  -22.190270
5155          26     46     153  127.839283  -25.160717
5156          26     47     152  124.877972  -27.122028
5157          26     48     151  127.102304  -23.897696
5158          26     49     150  126.425568  -23.574432
5159          26     50     149  129.058978  -19.941022
5160          26     51     148  128.775795  -19.224205
5161          26     52     147  123.298458  -23.701542
5162          26     53     146  121.345328  -24.654672
5163          26     54     145  127.876316  -17.123684
5164          26     55     144  124.054846  -19.945154
5165          26     56     143  124.286023  -18.713977
5166          26     57     142  123.239982  -18.760018
5167          26     58     141  123.362229  -17.637771
5168          26     59     140  122.728508  -17.271492
5169          26     60     139  124.320362  -14.679638
5170          26     61     138  120.987546  -17.012454
5171          26     62     137  125.607969  -11.392031
5172          26     63     136  125.134231  -10.865769
5173          26     64     135  127.386954   -7.613046
5174          26     65     134  131.095851   -2.904149
5175          26     66     133  132.487544   -0.512456
5176          26     67     132  135.736341    3.736341
5177          26     68     131  131.671826    0.671826
5178          26     69     130  134.731837    4.731837
5179          26     70     129  128.427476   -0.572524
5180          26     71     128  127.352070   -0.647930
5181          26     72     127  125.245470   -1.754530
5182          26     73     126  124.339583   -1.660417
5183          26     74     125  124.049604   -0.950396
5184          26     75     124  121.328857   -2.671143
5185          26     76     123  115.654038   -7.345962
5186          26     77     122  121.663861   -0.336139
5187          26     78     121  120.093843   -0.906157
5188          26     79     120  119.206867   -0.793133
5189          26     80     119  116.453461   -2.546539
5190          26     81     118  118.090370    0.090370
5191          26     82     117  116.450905   -0.549095
5192          26     83     116  117.153544    1.153544
5193          26     84     115  114.447642   -0.552358
5194          26     85     114  119.420970    5.420970
5195          26     86     113  114.136471    1.136471
5196          26     87     112  111.599581   -0.400419
5197          26     88     111  107.749758   -3.250242
5198          26     89     110  108.219642   -1.780358
5199          26     90     109  105.959610   -3.040390
5200          26     91     108  109.843888    1.843888
5201          26     92     107  112.152877    5.152877
5202          26     93     106  106.358320    0.358320
5203          26     94     105  109.343869    4.343869
5204          26     95     104  110.597495    6.597495
5205          26     96     103  108.154354    5.154354
5206          26     97     102  111.957689    9.957689
5207          26     98     101  110.183204    9.183204
5208          26     99     100  107.080647    7.080647
5209          26    100      99  105.972844    6.972844
5210          26    101      98  102.845829    4.845829
5211          26    102      97  101.542732    4.542732
5212          26    103      96  103.935452    7.935452
5213          26    104      95  101.227092    6.227092
5214          26    105      94  102.096417    8.096417
5215          26    106      93  101.974065    8.974065
5216          26    107      92   96.172443    4.172443
5217          26    108      91   93.906956    2.906956
5218          26    109      90   93.371708    3.371708
5219          26    110      89   90.829983    1.829983
5220          26    111      88   97.423814    9.423814
5221          26    112      87   91.970936    4.970936
5222          26    113      86   93.515865    7.515865
5223          26    114      85   85.602813    0.602813
5224          26    115      84   88.104325    4.104325
5225          26    116      83   86.453956    3.453956
5226          26    117      82   88.786931    6.786931
5227          26    118      81   88.891140    7.891140
5228          26    119      80   89.681665    9.681665
5229          26    120      79   82.893825    3.893825
5230          26    121      78   79.778861    1.778861
5231          26    122      77   86.851540    9.851540
5232          26    123      76   79.681575    3.681575
5233          26    124      75   84.449692    9.449692
5234          26    125      74   78.446118    4.446118
5235          26    126      73   78.695128    5.695128
5236          26    127      72   76.393834    4.393834
5237          26    128      71   79.084541    8.084541
5238          26    129      70   77.849046    7.849046
5239          26    130      69   68.823673   -0.176327
5240          26    131      68   77.607898    9.607898
5241          26    132      67   73.856800    6.856800
5242          26    133      66   68.633275    2.633275
5243          26    134      65   70.270803    5.270803
5244          26    135      64   72.052427    8.052427
5245          26    136      63   67.518269    4.518269
5246          26    137      62   73.413864   11.413864
5247          26    138      61   65.215510    4.215510
5248          26    139      60   64.569401    4.569401
5249          26    140      59   66.046166    7.046166
5250          26    141      58   63.196790    5.196790
5251          26    142      57   59.467809    2.467809
5252          26    143      56   55.997758   -0.002242
5253          26    144      55   54.261277   -0.738723
5254          26    145      54   54.027975    0.027975
5255          26    146      53   51.893202   -1.106798
5256          26    147      52   56.330353    4.330353
5257          26    148      51   47.517129   -3.482871
5258          26    149      50   49.810175   -0.189825
5259          26    150      49   46.905747   -2.094253
5260          26    151      48   44.287848   -3.712152
5261          26    152      47   49.706042    2.706042
5262          26    153      46   48.150898    2.150898
5263          26    154      45   52.336620    7.336620
5264          26    155      44   51.723715    7.723715
5265          26    156      43   49.398330    6.398330
5266          26    157      42   48.341245    6.341245
5267          26    158      41   49.413197    8.413197
5268          26    159      40   46.116624    6.116624
5269          26    160      39   48.277739    9.277739
5270          26    161      38   43.164737    5.164737
5271          26    162      37   40.485301    3.485301
5272          26    163      36   43.441033    7.441033
5273          26    164      35   44.943890    9.943890
5274          26    165      34   39.799796    5.799796
5275          26    166      33   35.815840    2.815840
5276          26    167      32   37.287549    5.287549
5277          26    168      31   36.243887    5.243887
5278          26    169      30   38.621859    8.621859
5279          26    170      29   32.392941    3.392941
5280          26    171      28   38.481601   10.481601
5281          26    172      27   40.146762   13.146762
5282          26    173      26   33.993756    7.993756
5283          26    174      25   34.965031    9.965031
5284          26    175      24   29.387828    5.387828
5285          26    176      23   26.910871    3.910871
5286          26    177      22   31.610177    9.610177
5287          26    178      21   26.456732    5.456732
5288          26    179      20   29.251629    9.251629
5289          26    180      19   26.747844    7.747844
5290          26    181      18   25.985293    7.985293
5291          26    182      17   28.445666   11.445666
5292          26    183      16   23.565908    7.565908
5293          26    184      15   22.759440    7.759440
5294          26    185      14   19.737666    5.737666
5295          26    186      13   20.449123    7.449123
5296          26    187      12   16.709696    4.709696
5297          26    188      11   17.127482    6.127482
5298          26    189      10   17.768608    7.768608
5299          26    190       9   18.343868    9.343868
5300          26    191       8   14.278924    6.278924
5301          26    192       7   15.035156    8.035156
5302          26    193       6   16.831177   10.831177
5303          26    194       5   15.134419   10.134419
5304          26    195       4   15.460552   11.460552
5305          26    196       3   11.023571    8.023571
5306          26    197       2   11.421815    9.421815
5307          26    198       1   13.632997   12.632997
5308          26    199       0    5.746767    5.746767
5309          27      1     155  204.225307   49.225307
5310          27      2     154  183.764103   29.764103
5311          27      3     153  185.555999   32.555999
5312          27      4     152  180.437046   28.437046
5313          27      5     151  182.431748   31.431748
5314          27      6     150  184.182523   34.182523
5315          27      7     149  176.664713   27.664713
5316          27      8     148  181.011600   33.011600
5317          27      9     147  179.953131   32.953131
5318          27     10     146  179.173888   33.173888
5319          27     11     145  173.073809   28.073809
5320          27     12     144  173.504416   29.504416
5321          27     13     143  168.994093   25.994093
5322          27     14     142  170.513892   28.513892
5323          27     15     141  167.804503   26.804503
5324          27     16     140  163.967244   23.967244
5325          27     17     139  173.301061   34.301061
5326          27     18     138  169.219215   31.219215
5327          27     19     137  167.955833   30.955833
5328          27     20     136  167.785144   31.785144
5329          27     21     135  168.304962   33.304962
5330          27     22     134  162.034202   28.034202
5331          27     23     133  160.510254   27.510254
5332          27     24     132  156.663748   24.663748
5333          27     25     131  157.397832   26.397832
5334          27     26     130  157.155400   27.155400
5335          27     27     129  153.287236   24.287236
5336          27     28     128  160.368720   32.368720
5337          27     29     127  153.439240   26.439240
5338          27     30     126  153.167379   27.167379
5339          27     31     125  155.576659   30.576659
5340          27     32     124  149.649566   25.649566
5341          27     33     123  150.492890   27.492890
5342          27     34     122  153.690312   31.690312
5343          27     35     121  148.626899   27.626899
5344          27     36     120  149.025017   29.025017
5345          27     37     119  153.989225   34.989225
5346          27     38     118  152.995395   34.995395
5347          27     39     117  149.666912   32.666912
5348          27     40     116  149.197147   33.197147
5349          27     41     115  146.373165   31.373165
5350          27     42     114  146.200634   32.200634
5351          27     43     113  143.797647   30.797647
5352          27     44     112  145.481786   33.481786
5353          27     45     111  139.993250   28.993250
5354          27     46     110  143.810330   33.810330
5355          27     47     109  137.391461   28.391461
5356          27     48     108  140.645393   32.645393
5357          27     49     107  139.619729   32.619729
5358          27     50     106  134.926563   28.926563
5359          27     51     105  137.615292   32.615292
5360          27     52     104  134.625852   30.625852
5361          27     53     103  139.551037   36.551037
5362          27     54     102  133.336583   31.336583
5363          27     55     101  145.257908   44.257908
5364          27     56     100  139.658331   39.658331
5365          27     57      99  136.347641   37.347641
5366          27     58      98  136.526342   38.526342
5367          27     59      97  133.287581   36.287581
5368          27     60      96  130.695896   34.695896
5369          27     61      95  132.188927   37.188927
5370          27     62      94  132.065699   38.065699
5371          27     63      93  128.575745   35.575745
5372          27     64      92  130.377979   38.377979
5373          27     65      91  132.472860   41.472860
5374          27     66      90  127.327628   37.327628
5375          27     67      89  130.710558   41.710558
5376          27     68      88  130.667712   42.667712
5377          27     69      87  131.328665   44.328665
5378          27     70      86  129.616140   43.616140
5379          27     71      85  133.120817   48.120817
5380          27     72      84  127.891401   43.891401
5381          27     73      83  126.892338   43.892338
5382          27     74      82  131.362095   49.362095
5383          27     75      81  125.393687   44.393687
5384          27     76      80  126.947960   46.947960
5385          27     77      79  125.950521   46.950521
5386          27     78      78  123.588676   45.588676
5387          27     79      77  120.907980   43.907980
5388          27     80      76  119.072975   43.072975
5389          27     81      75  124.088307   49.088307
5390          27     82      74  122.295713   48.295713
5391          27     83      73  119.337722   46.337722
5392          27     84      72  115.598642   43.598642
5393          27     85      71  117.435128   46.435128
5394          27     86      70  118.265910   48.265910
5395          27     87      69  113.470538   44.470538
5396          27     88      68  116.499837   48.499837
5397          27     89      67  112.513118   45.513118
5398          27     90      66  110.762702   44.762702
5399          27     91      65  109.747326   44.747326
5400          27     92      64  102.783691   38.783691
5401          27     93      63  104.777830   41.777830
5402          27     94      62  100.138492   38.138492
5403          27     95      61  100.391905   39.391905
5404          27     96      60   96.957936   36.957936
5405          27     97      59   93.870397   34.870397
5406          27     98      58   85.648776   27.648776
5407          27     99      57   98.159682   41.159682
5408          27    100      56   90.668939   34.668939
5409          27    101      55   90.002712   35.002712
5410          27    102      54   81.081086   27.081086
5411          27    103      53   82.531140   29.531140
5412          27    104      52   80.074733   28.074733
5413          27    105      51   82.352338   31.352338
5414          27    106      50   77.807812   27.807812
5415          27    107      49   72.999388   23.999388
5416          27    108      48   75.583152   27.583152
5417          27    109      47   67.692923   20.692923
5418          27    110      46   67.708004   21.708004
5419          27    111      45   63.626745   18.626745
5420          27    112      44   61.041035   17.041035
5421          27    113      43   63.883590   20.883590
5422          27    114      42   64.308944   22.308944
5423          27    115      41   63.449564   22.449564
5424          27    116      40   59.796721   19.796721
5425          27    117      39   58.026530   19.026530
5426          27    118      38   58.250967   20.250967
5427          27    119      37   56.208559   19.208559
5428          27    120      36   53.064694   17.064694
5429          27    121      35   58.568145   23.568145
5430          27    122      34   54.676140   20.676140
5431          27    123      33   51.181957   18.181957
5432          27    124      32   50.282269   18.282269
5433          27    125      31   51.316622   20.316622
5434          27    126      30   49.302703   19.302703
5435          27    127      29   45.346375   16.346375
5436          27    128      28   45.522689   17.522689
5437          27    129      27   44.998770   17.998770
5438          27    130      26   39.852399   13.852399
5439          27    131      25   40.136112   15.136112
5440          27    132      24   39.787801   15.787801
5441          27    133      23   39.388215   16.388215
5442          27    134      22   36.415740   14.415740
5443          27    135      21   40.202668   19.202668
5444          27    136      20   33.128128   13.128128
5445          27    137      19   28.867978    9.867978
5446          27    138      18   25.058829    7.058829
5447          27    139      17   25.488339    8.488339
5448          27    140      16   21.013331    5.013331
5449          27    141      15   19.505711    4.505711
5450          27    142      14   14.841911    0.841911
5451          27    143      13    9.840587   -3.159413
5452          27    144      12    8.519444   -3.480556
5453          27    145      11    5.119179   -5.880821
5454          27    146      10    6.220541   -3.779459
5455          27    147       9    3.436589   -5.563411
5456          27    148       8    1.374239   -6.625761
5457          27    149       7   -1.749435   -8.749435
5458          27    150       6   -6.577141  -12.577141
5459          27    151       5   -8.003656  -13.003656
5460          27    152       4   -9.138169  -13.138169
5461          27    153       3   -9.516352  -12.516352
5462          27    154       2  -13.049080  -15.049080
5463          27    155       1  -11.129616  -12.129616
5464          27    156       0  -14.778132  -14.778132
5465          28      1     164  222.386860   58.386860
5466          28      2     163  214.774351   51.774351
5467          28      3     162  208.486474   46.486474
5468          28      4     161  204.058439   43.058439
5469          28      5     160  201.467663   41.467663
5470          28      6     159  198.869816   39.869816
5471          28      7     158  201.045495   43.045495
5472          28      8     157  194.746050   37.746050
5473          28      9     156  190.399997   34.399997
5474          28     10     155  188.588902   33.588902
5475          28     11     154  186.965304   32.965304
5476          28     12     153  189.983595   36.983595
5477          28     13     152  190.424502   38.424502
5478          28     14     151  189.032782   38.032782
5479          28     15     150  192.674049   42.674049
5480          28     16     149  183.164809   34.164809
5481          28     17     148  186.775449   38.775449
5482          28     18     147  176.678597   29.678597
5483          28     19     146  180.624146   34.624146
5484          28     20     145  180.891891   35.891891
5485          28     21     144  169.480408   25.480408
5486          28     22     143  174.791628   31.791628
5487          28     23     142  174.984641   32.984641
5488          28     24     141  173.450242   32.450242
5489          28     25     140  172.252526   32.252526
5490          28     26     139  174.353713   35.353713
5491          28     27     138  171.812518   33.812518
5492          28     28     137  179.390462   42.390462
5493          28     29     136  169.350468   33.350468
5494          28     30     135  166.748805   31.748805
5495          28     31     134  166.389289   32.389289
5496          28     32     133  170.283332   37.283332
5497          28     33     132  163.654401   31.654401
5498          28     34     131  160.122386   29.122386
5499          28     35     130  165.631982   35.631982
5500          28     36     129  163.162866   34.162866
5501          28     37     128  168.939018   40.939018
5502          28     38     127  170.230702   43.230702
5503          28     39     126  163.158507   37.158507
5504          28     40     125  162.445591   37.445591
5505          28     41     124  172.474316   48.474316
5506          28     42     123  167.896946   44.896946
5507          28     43     122  163.942299   41.942299
5508          28     44     121  162.969017   41.969017
5509          28     45     120  162.852138   42.852138
5510          28     46     119  160.762688   41.762688
5511          28     47     118  159.614046   41.614046
5512          28     48     117  162.498327   45.498327
5513          28     49     116  156.333359   40.333359
5514          28     50     115  161.725116   46.725116
5515          28     51     114  159.071349   45.071349
5516          28     52     113  152.390913   39.390913
5517          28     53     112  156.299953   44.299953
5518          28     54     111  154.677609   43.677609
5519          28     55     110  151.770569   41.770569
5520          28     56     109  155.754299   46.754299
5521          28     57     108  145.450452   37.450452
5522          28     58     107  150.350457   43.350457
5523          28     59     106  156.123750   50.123750
5524          28     60     105  151.166211   46.166211
5525          28     61     104  146.970663   42.970663
5526          28     62     103  148.561702   45.561702
5527          28     63     102  146.822757   44.822757
5528          28     64     101  147.361054   46.361054
5529          28     65     100  143.662050   43.662050
5530          28     66      99  143.457182   44.457182
5531          28     67      98  136.344936   38.344936
5532          28     68      97  146.972356   49.972356
5533          28     69      96  141.048697   45.048697
5534          28     70      95  143.211042   48.211042
5535          28     71      94  144.142069   50.142069
5536          28     72      93  145.212779   52.212779
5537          28     73      92  140.658454   48.658454
5538          28     74      91  139.549544   48.549544
5539          28     75      90  142.516778   52.516778
5540          28     76      89  137.570469   48.570469
5541          28     77      88  139.565479   51.565479
5542          28     78      87  139.383597   52.383597
5543          28     79      86  137.268183   51.268183
5544          28     80      85  141.378656   56.378656
5545          28     81      84  146.539625   62.539625
5546          28     82      83  141.459805   58.459805
5547          28     83      82  137.087031   55.087031
5548          28     84      81  137.175460   56.175460
5549          28     85      80  136.243751   56.243751
5550          28     86      79  131.636916   52.636916
5551          28     87      78  126.200315   48.200315
5552          28     88      77  126.839224   49.839224
5553          28     89      76  128.175809   52.175809
5554          28     90      75  125.144115   50.144115
5555          28     91      74  125.709239   51.709239
5556          28     92      73  120.573911   47.573911
5557          28     93      72  124.090332   52.090332
5558          28     94      71  120.180963   49.180963
5559          28     95      70  117.652137   47.652137
5560          28     96      69  121.773285   52.773285
5561          28     97      68  121.169283   53.169283
5562          28     98      67  109.628328   42.628328
5563          28     99      66  113.714756   47.714756
5564          28    100      65  112.332077   47.332077
5565          28    101      64  109.391527   45.391527
5566          28    102      63  107.840046   44.840046
5567          28    103      62  110.079105   48.079105
5568          28    104      61  107.809525   46.809525
5569          28    105      60  103.164094   43.164094
5570          28    106      59  105.274108   46.274108
5571          28    107      58   99.208005   41.208005
5572          28    108      57  102.183965   45.183965
5573          28    109      56  102.642511   46.642511
5574          28    110      55   97.677436   42.677436
5575          28    111      54   95.862944   41.862944
5576          28    112      53   97.133409   44.133409
5577          28    113      52   88.883406   36.883406
5578          28    114      51   89.227675   38.227675
5579          28    115      50   82.136594   32.136594
5580          28    116      49   85.154454   36.154454
5581          28    117      48   86.741906   38.741906
5582          28    118      47   80.416683   33.416683
5583          28    119      46   75.113982   29.113982
5584          28    120      45   77.607519   32.607519
5585          28    121      44   72.345370   28.345370
5586          28    122      43   73.477113   30.477113
5587          28    123      42   73.734822   31.734822
5588          28    124      41   71.564868   30.564868
5589          28    125      40   66.600754   26.600754
5590          28    126      39   64.304120   25.304120
5591          28    127      38   60.092106   22.092106
5592          28    128      37   54.482353   17.482353
5593          28    129      36   54.737384   18.737384
5594          28    130      35   50.126068   15.126068
5595          28    131      34   50.627098   16.627098
5596          28    132      33   43.163223   10.163223
5597          28    133      32   40.716344    8.716344
5598          28    134      31   39.204427    8.204427
5599          28    135      30   38.948415    8.948415
5600          28    136      29   35.773657    6.773657
5601          28    137      28   31.930343    3.930343
5602          28    138      27   22.560192   -4.439808
5603          28    139      26   26.024113    0.024113
5604          28    140      25   25.486674    0.486674
5605          28    141      24   23.405367   -0.594633
5606          28    142      23   20.098177   -2.901823
5607          28    143      22   21.935597   -0.064403
5608          28    144      21   19.655026   -1.344974
5609          28    145      20   14.727697   -5.272303
5610          28    146      19   10.684449   -8.315551
5611          28    147      18    8.364913   -9.635087
5612          28    148      17    3.399408  -13.600592
5613          28    149      16    3.482774  -12.517226
5614          28    150      15   -0.789224  -15.789224
5615          28    151      14   -4.154714  -18.154714
5616          28    152      13   -5.422105  -18.422105
5617          28    153      12   -6.103233  -18.103233
5618          28    154      11   -3.246207  -14.246207
5619          28    155      10   -6.975728  -16.975728
5620          28    156       9   -7.917191  -16.917191
5621          28    157       8   -8.844841  -16.844841
5622          28    158       7   -5.891679  -12.891679
5623          28    159       6  -15.334831  -21.334831
5624          28    160       5  -12.712566  -17.712566
5625          28    161       4  -14.240074  -18.240074
5626          28    162       3  -15.119707  -18.119707
5627          28    163       2  -18.642417  -20.642417
5628          28    164       1  -22.647883  -23.647883
5629          28    165       0  -22.590290  -22.590290
5630          29      1     162  187.383149   25.383149
5631          29      2     161  188.999771   27.999771
5632          29      3     160  181.773554   21.773554
5633          29      4     159  179.477825   20.477825
5634          29      5     158  174.167934   16.167934
5635          29      6     157  180.363681   23.363681
5636          29      7     156  188.150101   32.150101
5637          29      8     155  187.740432   32.740432
5638          29      9     154  188.393692   34.393692
5639          29     10     153  185.217685   32.217685
5640          29     11     152  180.424479   28.424479
5641          29     12     151  180.106965   29.106965
5642          29     13     150  183.697475   33.697475
5643          29     14     149  182.983909   33.983909
5644          29     15     148  185.625335   37.625335
5645          29     16     147  184.250430   37.250430
5646          29     17     146  173.163957   27.163957
5647          29     18     145  177.077853   32.077853
5648          29     19     144  175.137824   31.137824
5649          29     20     143  171.327026   28.327026
5650          29     21     142  172.701230   30.701230
5651          29     22     141  171.513949   30.513949
5652          29     23     140  166.283877   26.283877
5653          29     24     139  165.420901   26.420901
5654          29     25     138  160.994497   22.994497
5655          29     26     137  165.533422   28.533422
5656          29     27     136  159.058757   23.058757
5657          29     28     135  165.537495   30.537495
5658          29     29     134  159.564325   25.564325
5659          29     30     133  155.715680   22.715680
5660          29     31     132  159.467671   27.467671
5661          29     32     131  149.854200   18.854200
5662          29     33     130  150.713265   20.713265
5663          29     34     129  158.397502   29.397502
5664          29     35     128  153.216753   25.216753
5665          29     36     127  151.834352   24.834352
5666          29     37     126  150.786677   24.786677
5667          29     38     125  146.225153   21.225153
5668          29     39     124  142.565714   18.565714
5669          29     40     123  146.452815   23.452815
5670          29     41     122  148.503719   26.503719
5671          29     42     121  144.549589   23.549589
5672          29     43     120  139.778236   19.778236
5673          29     44     119  141.373205   22.373205
5674          29     45     118  129.000437   11.000437
5675          29     46     117  135.413271   18.413271
5676          29     47     116  134.187269   18.187269
5677          29     48     115  138.971924   23.971924
5678          29     49     114  133.417738   19.417738
5679          29     50     113  135.847227   22.847227
5680          29     51     112  132.039668   20.039668
5681          29     52     111  130.746429   19.746429
5682          29     53     110  128.814567   18.814567
5683          29     54     109  127.768570   18.768570
5684          29     55     108  127.226589   19.226589
5685          29     56     107  121.097777   14.097777
5686          29     57     106  125.841332   19.841332
5687          29     58     105  124.663450   19.663450
5688          29     59     104  127.336941   23.336941
5689          29     60     103  128.864094   25.864094
5690          29     61     102  126.449563   24.449563
5691          29     62     101  121.478251   20.478251
5692          29     63     100  117.894517   17.894517
5693          29     64      99  121.973196   22.973196
5694          29     65      98  122.675070   24.675070
5695          29     66      97  116.695485   19.695485
5696          29     67      96  115.708498   19.708498
5697          29     68      95  109.535718   14.535718
5698          29     69      94  115.388400   21.388400
5699          29     70      93  121.169293   28.169293
5700          29     71      92  113.052720   21.052720
5701          29     72      91  114.868703   23.868703
5702          29     73      90  116.494453   26.494453
5703          29     74      89  112.828456   23.828456
5704          29     75      88  108.982915   20.982915
5705          29     76      87  108.635392   21.635392
5706          29     77      86  106.468149   20.468149
5707          29     78      85  105.910635   20.910635
5708          29     79      84  102.717816   18.717816
5709          29     80      83  108.533498   25.533498
5710          29     81      82  102.179360   20.179360
5711          29     82      81   99.935888   18.935888
5712          29     83      80  101.533328   21.533328
5713          29     84      79  101.319680   22.319680
5714          29     85      78   93.328697   15.328697
5715          29     86      77   91.136129   14.136129
5716          29     87      76   94.671215   18.671215
5717          29     88      75   90.820776   15.820776
5718          29     89      74   91.857837   17.857837
5719          29     90      73   87.997528   14.997528
5720          29     91      72   90.646712   18.646712
5721          29     92      71   90.301233   19.301233
5722          29     93      70   82.839618   12.839618
5723          29     94      69   85.828400   16.828400
5724          29     95      68   88.047483   20.047483
5725          29     96      67   84.276580   17.276580
5726          29     97      66   79.507611   13.507611
5727          29     98      65   78.002314   13.002314
5728          29     99      64   80.541847   16.541847
5729          29    100      63   82.696462   19.696462
5730          29    101      62   78.766789   16.766789
5731          29    102      61   75.745747   14.745747
5732          29    103      60   81.733769   21.733769
5733          29    104      59   75.748225   16.748225
5734          29    105      58   75.713591   17.713591
5735          29    106      57   73.749115   16.749115
5736          29    107      56   73.180665   17.180665
5737          29    108      55   64.389492    9.389492
5738          29    109      54   67.268821   13.268821
5739          29    110      53   66.237060   13.237060
5740          29    111      52   62.921635   10.921635
5741          29    112      51   65.172136   14.172136
5742          29    113      50   65.634899   15.634899
5743          29    114      49   58.613665    9.613665
5744          29    115      48   60.063904   12.063904
5745          29    116      47   60.496503   13.496503
5746          29    117      46   54.958455    8.958455
5747          29    118      45   59.425124   14.425124
5748          29    119      44   54.641905   10.641905
5749          29    120      43   50.316038    7.316038
5750          29    121      42   50.225649    8.225649
5751          29    122      41   52.790542   11.790542
5752          29    123      40   53.282487   13.282487
5753          29    124      39   48.016185    9.016185
5754          29    125      38   45.013720    7.013720
5755          29    126      37   44.929068    7.929068
5756          29    127      36   44.103190    8.103190
5757          29    128      35   44.895490    9.895490
5758          29    129      34   39.771208    5.771208
5759          29    130      33   31.272043   -1.727957
5760          29    131      32   28.681960   -3.318040
5761          29    132      31   23.175975   -7.824025
5762          29    133      30   24.438196   -5.561804
5763          29    134      29   25.468081   -3.531919
5764          29    135      28   19.719284   -8.280716
5765          29    136      27   20.604704   -6.395296
5766          29    137      26   19.244801   -6.755199
5767          29    138      25   12.985421  -12.014579
5768          29    139      24   10.973474  -13.026526
5769          29    140      23   13.834672   -9.165328
5770          29    141      22    5.435776  -16.564224
5771          29    142      21    6.652990  -14.347010
5772          29    143      20    7.665262  -12.334738
5773          29    144      19    2.622080  -16.377920
5774          29    145      18   -1.357615  -19.357615
5775          29    146      17    4.729621  -12.270379
5776          29    147      16    1.720565  -14.279435
5777          29    148      15    0.128066  -14.871934
5778          29    149      14   -2.360480  -16.360480
5779          29    150      13   -8.760047  -21.760047
5780          29    151      12   -9.546765  -21.546765
5781          29    152      11  -13.034932  -24.034932
5782          29    153      10   -8.722483  -18.722483
5783          29    154       9   -6.866946  -15.866946
5784          29    155       8   -6.552307  -14.552307
5785          29    156       7   -8.804885  -15.804885
5786          29    157       6   -8.847287  -14.847287
5787          29    158       5  -12.485354  -17.485354
5788          29    159       4  -12.062333  -16.062333
5789          29    160       3  -16.842228  -19.842228
5790          29    161       2  -17.010953  -19.010953
5791          29    162       1  -13.375905  -14.375905
5792          29    163       0  -17.210798  -17.210798
5793          30      1     193  219.507883   26.507883
5794          30      2     192  212.000184   20.000184
5795          30      3     191  210.303783   19.303783
5796          30      4     190  218.279954   28.279954
5797          30      5     189  212.899566   23.899566
5798          30      6     188  218.368446   30.368446
5799          30      7     187  205.083184   18.083184
5800          30      8     186  202.015141   16.015141
5801          30      9     185  206.189881   21.189881
5802          30     10     184  194.705949   10.705949
5803          30     11     183  201.939142   18.939142
5804          30     12     182  197.269563   15.269563
5805          30     13     181  199.310893   18.310893
5806          30     14     180  202.171977   22.171977
5807          30     15     179  199.967696   20.967696
5808          30     16     178  198.577021   20.577021
5809          30     17     177  194.342509   17.342509
5810          30     18     176  195.371009   19.371009
5811          30     19     175  198.214416   23.214416
5812          30     20     174  194.195437   20.195437
5813          30     21     173  194.565645   21.565645
5814          30     22     172  191.379976   19.379976
5815          30     23     171  192.702047   21.702047
5816          30     24     170  193.953310   23.953310
5817          30     25     169  192.734518   23.734518
5818          30     26     168  189.629177   21.629177
5819          30     27     167  197.803345   30.803345
5820          30     28     166  188.852492   22.852492
5821          30     29     165  183.797800   18.797800
5822          30     30     164  182.700476   18.700476
5823          30     31     163  179.892930   16.892930
5824          30     32     162  181.323676   19.323676
5825          30     33     161  183.564012   22.564012
5826          30     34     160  168.411684    8.411684
5827          30     35     159  175.273508   16.273508
5828          30     36     158  176.155703   18.155703
5829          30     37     157  177.195022   20.195022
5830          30     38     156  169.089002   13.089002
5831          30     39     155  172.289542   17.289542
5832          30     40     154  169.170092   15.170092
5833          30     41     153  177.715393   24.715393
5834          30     42     152  170.435146   18.435146
5835          30     43     151  173.453162   22.453162
5836          30     44     150  171.836481   21.836481
5837          30     45     149  171.661251   22.661251
5838          30     46     148  174.035077   26.035077
5839          30     47     147  177.128676   30.128676
5840          30     48     146  169.761411   23.761411
5841          30     49     145  168.148151   23.148151
5842          30     50     144  167.629032   23.629032
5843          30     51     143  170.510954   27.510954
5844          30     52     142  173.992113   31.992113
5845          30     53     141  183.194319   42.194319
5846          30     54     140  169.599223   29.599223
5847          30     55     139  176.593344   37.593344
5848          30     56     138  173.014962   35.014962
5849          30     57     137  174.224110   37.224110
5850          30     58     136  167.901631   31.901631
5851          30     59     135  164.828486   29.828486
5852          30     60     134  168.623782   34.623782
5853          30     61     133  164.934059   31.934059
5854          30     62     132  166.235884   34.235884
5855          30     63     131  159.293550   28.293550
5856          30     64     130  166.053960   36.053960
5857          30     65     129  157.188472   28.188472
5858          30     66     128  156.259967   28.259967
5859          30     67     127  155.905468   28.905468
5860          30     68     126  155.390935   29.390935
5861          30     69     125  151.035352   26.035352
5862          30     70     124  145.345688   21.345688
5863          30     71     123  154.083950   31.083950
5864          30     72     122  147.713514   25.713514
5865          30     73     121  151.978412   30.978412
5866          30     74     120  148.196076   28.196076
5867          30     75     119  144.945330   25.945330
5868          30     76     118  143.632703   25.632703
5869          30     77     117  140.672816   23.672816
5870          30     78     116  138.846291   22.846291
5871          30     79     115  142.295160   27.295160
5872          30     80     114  142.583941   28.583941
5873          30     81     113  139.297643   26.297643
5874          30     82     112  139.822009   27.822009
5875          30     83     111  140.080174   29.080174
5876          30     84     110  144.593450   34.593450
5877          30     85     109  147.347727   38.347727
5878          30     86     108  146.891081   38.891081
5879          30     87     107  149.047886   42.047886
5880          30     88     106  155.027903   49.027903
5881          30     89     105  146.102006   41.102006
5882          30     90     104  146.458655   42.458655
5883          30     91     103  143.202833   40.202833
5884          30     92     102  142.871155   40.871155
5885          30     93     101  139.873981   38.873981
5886          30     94     100  137.360206   37.360206
5887          30     95      99  138.407576   39.407576
5888          30     96      98  132.999545   34.999545
5889          30     97      97  133.141123   36.141123
5890          30     98      96  136.932024   40.932024
5891          30     99      95  131.639675   36.639675
5892          30    100      94  133.197429   39.197429
5893          30    101      93  132.857140   39.857140
5894          30    102      92  136.344160   44.344160
5895          30    103      91  128.501072   37.501072
5896          30    104      90  133.072882   43.072882
5897          30    105      89  131.398025   42.398025
5898          30    106      88  123.564153   35.564153
5899          30    107      87  129.634101   42.634101
5900          30    108      86  126.101709   40.101709
5901          30    109      85  118.067132   33.067132
5902          30    110      84  112.283355   28.283355
5903          30    111      83  112.973769   29.973769
5904          30    112      82  113.897672   31.897672
5905          30    113      81  116.653127   35.653127
5906          30    114      80  113.192706   33.192706
5907          30    115      79  109.831694   30.831694
5908          30    116      78  105.890348   27.890348
5909          30    117      77  105.572917   28.572917
5910          30    118      76  114.901798   38.901798
5911          30    119      75  114.786486   39.786486
5912          30    120      74  107.855252   33.855252
5913          30    121      73  114.286501   41.286501
5914          30    122      72  102.756212   30.756212
5915          30    123      71  107.064149   36.064149
5916          30    124      70  109.492070   39.492070
5917          30    125      69  113.118959   44.118959
5918          30    126      68  112.322581   44.322581
5919          30    127      67  109.176417   42.176417
5920          30    128      66  110.143094   44.143094
5921          30    129      65  103.652738   38.652738
5922          30    130      64  102.385600   38.385600
5923          30    131      63   97.143743   34.143743
5924          30    132      62   97.271735   35.271735
5925          30    133      61   94.456775   33.456775
5926          30    134      60   93.285455   33.285455
5927          30    135      59   90.535804   31.535804
5928          30    136      58   89.749302   31.749302
5929          30    137      57   90.730361   33.730361
5930          30    138      56   83.907914   27.907914
5931          30    139      55   81.313328   26.313328
5932          30    140      54   85.831878   31.831878
5933          30    141      53   80.327021   27.327021
5934          30    142      52   74.595624   22.595624
5935          30    143      51   78.813765   27.813765
5936          30    144      50   68.864915   18.864915
5937          30    145      49   65.454291   16.454291
5938          30    146      48   64.370590   16.370590
5939          30    147      47   69.006666   22.006666
5940          30    148      46   61.881409   15.881409
5941          30    149      45   65.432695   20.432695
5942          30    150      44   53.052357    9.052357
5943          30    151      43   53.384443   10.384443
5944          30    152      42   51.063408    9.063408
5945          30    153      41   47.092512    6.092512
5946          30    154      40   48.416249    8.416249
5947          30    155      39   46.739484    7.739484
5948          30    156      38   46.267443    8.267443
5949          30    157      37   43.914144    6.914144
5950          30    158      36   44.376932    8.376932
5951          30    159      35   41.318400    6.318400
5952          30    160      34   40.179312    6.179312
5953          30    161      33   33.521613    0.521613
5954          30    162      32   33.613843    1.613843
5955          30    163      31   32.109237    1.109237
5956          30    164      30   29.564882   -0.435118
5957          30    165      29   32.186147    3.186147
5958          30    166      28   31.043812    3.043812
5959          30    167      27   33.623782    6.623782
5960          30    168      26   27.981377    1.981377
5961          30    169      25   24.481523   -0.518477
5962          30    170      24   20.865295   -3.134705
5963          30    171      23   22.720300   -0.279700
5964          30    172      22   22.856205    0.856205
5965          30    173      21   17.152226   -3.847774
5966          30    174      20   21.100765    1.100765
5967          30    175      19   18.384111   -0.615889
5968          30    176      18   13.580612   -4.419388
5969          30    177      17   13.233847   -3.766153
5970          30    178      16   12.440792   -3.559208
5971          30    179      15   17.250599    2.250599
5972          30    180      14   12.729517   -1.270483
5973          30    181      13   14.545375    1.545375
5974          30    182      12   10.817275   -1.182725
5975          30    183      11    7.799335   -3.200665
5976          30    184      10    6.979599   -3.020401
5977          30    185       9    6.999626   -2.000374
5978          30    186       8    9.492906    1.492906
5979          30    187       7   -0.201238   -7.201238
5980          30    188       6    3.518410   -2.481590
5981          30    189       5   -0.726124   -5.726124
5982          30    190       4    2.532371   -1.467629
5983          30    191       3   -4.302062   -7.302062
5984          30    192       2   -5.486315   -7.486315
5985          30    193       1  -10.313364  -11.313364
5986          30    194       0   -9.212033   -9.212033
5987          31      1     233  209.935011  -23.064989
5988          31      2     232  200.233195  -31.766805
5989          31      3     231  200.237440  -30.762560
5990          31      4     230  200.411867  -29.588133
5991          31      5     229  202.005000  -26.995000
5992          31      6     228  200.686265  -27.313735
5993          31      7     227  196.305150  -30.694850
5994          31      8     226  193.559645  -32.440355
5995          31      9     225  194.777907  -30.222093
5996          31     10     224  196.365520  -27.634480
5997          31     11     223  191.561520  -31.438480
5998          31     12     222  189.884067  -32.115933
5999          31     13     221  188.354307  -32.645693
6000          31     14     220  189.439647  -30.560353
6001          31     15     219  189.648227  -29.351773
6002          31     16     218  189.475599  -28.524401
6003          31     17     217  183.292963  -33.707037
6004          31     18     216  187.620619  -28.379381
6005          31     19     215  179.786228  -35.213772
6006          31     20     214  182.271248  -31.728752
6007          31     21     213  176.263586  -36.736414
6008          31     22     212  180.543301  -31.456699
6009          31     23     211  177.486600  -33.513400
6010          31     24     210  184.636920  -25.363080
6011          31     25     209  178.264578  -30.735422
6012          31     26     208  175.930790  -32.069210
6013          31     27     207  175.492325  -31.507675
6014          31     28     206  173.683639  -32.316361
6015          31     29     205  173.992245  -31.007755
6016          31     30     204  162.703699  -41.296301
6017          31     31     203  171.825702  -31.174298
6018          31     32     202  165.981035  -36.018965
6019          31     33     201  165.855426  -35.144574
6020          31     34     200  169.875248  -30.124752
6021          31     35     199  162.388144  -36.611856
6022          31     36     198  164.179236  -33.820764
6023          31     37     197  167.225280  -29.774720
6024          31     38     196  170.912160  -25.087840
6025          31     39     195  168.957912  -26.042088
6026          31     40     194  165.785888  -28.214112
6027          31     41     193  161.923387  -31.076613
6028          31     42     192  164.452483  -27.547517
6029          31     43     191  165.012096  -25.987904
6030          31     44     190  170.261431  -19.738569
6031          31     45     189  167.426279  -21.573721
6032          31     46     188  166.808236  -21.191764
6033          31     47     187  165.449397  -21.550603
6034          31     48     186  169.630746  -16.369254
6035          31     49     185  167.085790  -17.914210
6036          31     50     184  165.567419  -18.432581
6037          31     51     183  160.808908  -22.191092
6038          31     52     182  166.903689  -15.096311
6039          31     53     181  159.578789  -21.421211
6040          31     54     180  161.320577  -18.679423
6041          31     55     179  159.517472  -19.482528
6042          31     56     178  164.762625  -13.237375
6043          31     57     177  167.142429   -9.857571
6044          31     58     176  160.120387  -15.879613
6045          31     59     175  156.232542  -18.767458
6046          31     60     174  156.345184  -17.654816
6047          31     61     173  156.888687  -16.111313
6048          31     62     172  151.443106  -20.556894
6049          31     63     171  148.296815  -22.703185
6050          31     64     170  148.356902  -21.643098
6051          31     65     169  152.016195  -16.983805
6052          31     66     168  148.870376  -19.129624
6053          31     67     167  151.704240  -15.295760
6054          31     68     166  148.320306  -17.679694
6055          31     69     165  152.584756  -12.415244
6056          31     70     164  147.673715  -16.326285
6057          31     71     163  146.728841  -16.271159
6058          31     72     162  147.544723  -14.455277
6059          31     73     161  145.628147  -15.371853
6060          31     74     160  145.558172  -14.441828
6061          31     75     159  134.142758  -24.857242
6062          31     76     158  135.420513  -22.579487
6063          31     77     157  132.651147  -24.348853
6064          31     78     156  133.350113  -22.649887
6065          31     79     155  138.633265  -16.366735
6066          31     80     154  130.124648  -23.875352
6067          31     81     153  129.632421  -23.367579
6068          31     82     152  127.265607  -24.734393
6069          31     83     151  127.432182  -23.567818
6070          31     84     150  128.569437  -21.430563
6071          31     85     149  131.752915  -17.247085
6072          31     86     148  122.972280  -25.027720
6073          31     87     147  125.202027  -21.797973
6074          31     88     146  124.092949  -21.907051
6075          31     89     145  123.469783  -21.530217
6076          31     90     144  121.284841  -22.715159
6077          31     91     143  116.890701  -26.109299
6078          31     92     142  117.350467  -24.649533
6079          31     93     141  120.538302  -20.461698
6080          31     94     140  112.818832  -27.181168
6081          31     95     139  120.575848  -18.424152
6082          31     96     138  117.568080  -20.431920
6083          31     97     137  117.818387  -19.181613
6084          31     98     136  123.602930  -12.397070
6085          31     99     135  117.618938  -17.381062
6086          31    100     134  119.041982  -14.958018
6087          31    101     133  117.013277  -15.986723
6088          31    102     132  113.427536  -18.572464
6089          31    103     131  117.737959  -13.262041
6090          31    104     130  124.221804   -5.778196
6091          31    105     129  126.275518   -2.724482
6092          31    106     128  131.161785    3.161785
6093          31    107     127  128.181072    1.181072
6094          31    108     126  128.750019    2.750019
6095          31    109     125  129.849599    4.849599
6096          31    110     124  127.266020    3.266020
6097          31    111     123  118.490809   -4.509191
6098          31    112     122  121.887402   -0.112598
6099          31    113     121  120.489729   -0.510271
6100          31    114     120  124.489010    4.489010
6101          31    115     119  120.277307    1.277307
6102          31    116     118  119.527894    1.527894
6103          31    117     117  116.129927   -0.870073
6104          31    118     116  115.038961   -0.961039
6105          31    119     115  115.248597    0.248597
6106          31    120     114  123.421012    9.421012
6107          31    121     113  117.683008    4.683008
6108          31    122     112  115.516264    3.516264
6109          31    123     111  114.438461    3.438461
6110          31    124     110  114.390223    4.390223
6111          31    125     109  111.086490    2.086490
6112          31    126     108  111.764788    3.764788
6113          31    127     107  105.760637   -1.239363
6114          31    128     106  110.389611    4.389611
6115          31    129     105  110.298243    5.298243
6116          31    130     104  110.368311    6.368311
6117          31    131     103  110.621011    7.621011
6118          31    132     102  108.007033    6.007033
6119          31    133     101  106.960258    5.960258
6120          31    134     100   99.081410   -0.918590
6121          31    135      99  103.916990    4.916990
6122          31    136      98   98.744662    0.744662
6123          31    137      97   95.494447   -1.505553
6124          31    138      96   91.230105   -4.769895
6125          31    139      95   89.813195   -5.186805
6126          31    140      94   88.284665   -5.715335
6127          31    141      93   93.233452    0.233452
6128          31    142      92   95.956301    3.956301
6129          31    143      91   95.184128    4.184128
6130          31    144      90   95.747932    5.747932
6131          31    145      89   88.620927   -0.379073
6132          31    146      88   92.183570    4.183570
6133          31    147      87   87.546084    0.546084
6134          31    148      86   86.367503    0.367503
6135          31    149      85   92.649223    7.649223
6136          31    150      84   87.313026    3.313026
6137          31    151      83   83.822334    0.822334
6138          31    152      82   84.791298    2.791298
6139          31    153      81   84.283188    3.283188
6140          31    154      80   85.945002    5.945002
6141          31    155      79   82.863694    3.863694
6142          31    156      78   79.758884    1.758884
6143          31    157      77   77.376277    0.376277
6144          31    158      76   74.526596   -1.473404
6145          31    159      75   71.632737   -3.367263
6146          31    160      74   76.811072    2.811072
6147          31    161      73   65.678306   -7.321694
6148          31    162      72   73.447549    1.447549
6149          31    163      71   70.490099   -0.509901
6150          31    164      70   75.051369    5.051369
6151          31    165      69   69.264516    0.264516
6152          31    166      68   68.673124    0.673124
6153          31    167      67   58.805408   -8.194592
6154          31    168      66   69.469093    3.469093
6155          31    169      65   63.990972   -1.009028
6156          31    170      64   58.635385   -5.364615
6157          31    171      63   64.204280    1.204280
6158          31    172      62   57.082019   -4.917981
6159          31    173      61   63.233383    2.233383
6160          31    174      60   62.076523    2.076523
6161          31    175      59   59.344199    0.344199
6162          31    176      58   61.306135    3.306135
6163          31    177      57   60.187501    3.187501
6164          31    178      56   62.634289    6.634289
6165          31    179      55   59.828259    4.828259
6166          31    180      54   62.818656    8.818656
6167          31    181      53   54.263717    1.263717
6168          31    182      52   52.426865    0.426865
6169          31    183      51   56.813125    5.813125
6170          31    184      50   49.954313   -0.045687
6171          31    185      49   47.655227   -1.344773
6172          31    186      48   45.681568   -2.318432
6173          31    187      47   46.554667   -0.445333
6174          31    188      46   41.999523   -4.000477
6175          31    189      45   39.224208   -5.775792
6176          31    190      44   39.299193   -4.700807
6177          31    191      43   41.589742   -1.410258
6178          31    192      42   43.375116    1.375116
6179          31    193      41   37.991879   -3.008121
6180          31    194      40   35.920349   -4.079651
6181          31    195      39   35.619366   -3.380634
6182          31    196      38   37.703194   -0.296806
6183          31    197      37   31.201346   -5.798654
6184          31    198      36   31.766592   -4.233408
6185          31    199      35   33.157751   -1.842249
6186          31    200      34   30.930039   -3.069961
6187          31    201      33   22.735837  -10.264163
6188          31    202      32   29.453176   -2.546824
6189          31    203      31   23.782961   -7.217039
6190          31    204      30   25.666936   -4.333064
6191          31    205      29   18.871365  -10.128635
6192          31    206      28   15.933603  -12.066397
6193          31    207      27   11.842038  -15.157962
6194          31    208      26   14.502331  -11.497669
6195          31    209      25   11.592641  -13.407359
6196          31    210      24    9.501421  -14.498579
6197          31    211      23   11.581558  -11.418442
6198          31    212      22    8.794428  -13.205572
6199          31    213      21   12.084134   -8.915866
6200          31    214      20    5.556452  -14.443548
6201          31    215      19    5.097713  -13.902287
6202          31    216      18    7.926980  -10.073020
6203          31    217      17    9.237248   -7.762752
6204          31    218      16    5.636326  -10.363674
6205          31    219      15   -0.386864  -15.386864
6206          31    220      14    1.151253  -12.848747
6207          31    221      13   -1.129588  -14.129588
6208          31    222      12    0.562755  -11.437245
6209          31    223      11   -4.323891  -15.323891
6210          31    224      10   -5.464263  -15.464263
6211          31    225       9   -6.014941  -15.014941
6212          31    226       8   -1.217388   -9.217388
6213          31    227       7   -4.783606  -11.783606
6214          31    228       6   -2.808691   -8.808691
6215          31    229       5   -8.011729  -13.011729
6216          31    230       4   -4.259016   -8.259016
6217          31    231       3   -6.406495   -9.406495
6218          31    232       2   -8.893149  -10.893149
6219          31    233       1   -7.451650   -8.451650
6220          31    234       0  -10.548726  -10.548726
6221          32      1     190  175.698324  -14.301676
6222          32      2     189  180.419937   -8.580063
6223          32      3     188  180.433079   -7.566921
6224          32      4     187  184.380942   -2.619058
6225          32      5     186  183.273761   -2.726239
6226          32      6     185  183.436701   -1.563299
6227          32      7     184  174.821613   -9.178387
6228          32      8     183  173.485998   -9.514002
6229          32      9     182  172.800658   -9.199342
6230          32     10     181  171.157335   -9.842665
6231          32     11     180  171.483112   -8.516888
6232          32     12     179  169.651422   -9.348578
6233          32     13     178  166.166180  -11.833820
6234          32     14     177  164.365090  -12.634910
6235          32     15     176  162.666186  -13.333814
6236          32     16     175  164.977567  -10.022433
6237          32     17     174  158.931659  -15.068341
6238          32     18     173  163.175886   -9.824114
6239          32     19     172  164.056371   -7.943629
6240          32     20     171  158.329863  -12.670137
6241          32     21     170  159.982941  -10.017059
6242          32     22     169  161.547356   -7.452644
6243          32     23     168  156.961502  -11.038498
6244          32     24     167  157.783330   -9.216670
6245          32     25     166  156.233713   -9.766287
6246          32     26     165  151.542940  -13.457060
6247          32     27     164  148.873109  -15.126891
6248          32     28     163  149.817219  -13.182781
6249          32     29     162  150.358538  -11.641462
6250          32     30     161  146.993232  -14.006768
6251          32     31     160  148.754856  -11.245144
6252          32     32     159  152.453174   -6.546826
6253          32     33     158  152.208178   -5.791822
6254          32     34     157  145.186899  -11.813101
6255          32     35     156  142.347392  -13.652608
6256          32     36     155  139.881491  -15.118509
6257          32     37     154  137.789057  -16.210943
6258          32     38     153  139.589770  -13.410230
6259          32     39     152  136.078689  -15.921311
6260          32     40     151  136.983840  -14.016160
6261          32     41     150  139.478074  -10.521926
6262          32     42     149  136.118876  -12.881124
6263          32     43     148  134.534763  -13.465237
6264          32     44     147  131.620726  -15.379274
6265          32     45     146  132.857100  -13.142900
6266          32     46     145  131.404180  -13.595820
6267          32     47     144  134.398378   -9.601622
6268          32     48     143  131.855725  -11.144275
6269          32     49     142  127.514029  -14.485971
6270          32     50     141  128.781843  -12.218157
6271          32     51     140  133.447730   -6.552270
6272          32     52     139  132.683110   -6.316890
6273          32     53     138  133.795672   -4.204328
6274          32     54     137  135.387930   -1.612070
6275          32     55     136  134.030479   -1.969521
6276          32     56     135  131.421599   -3.578401
6277          32     57     134  136.615353    2.615353
6278          32     58     133  131.066139   -1.933861
6279          32     59     132  130.103665   -1.896335
6280          32     60     131  131.029193    0.029193
6281          32     61     130  130.996531    0.996531
6282          32     62     129  126.374270   -2.625730
6283          32     63     128  124.823090   -3.176910
6284          32     64     127  123.986347   -3.013653
6285          32     65     126  121.908639   -4.091361
6286          32     66     125  120.412799   -4.587201
6287          32     67     124  122.635908   -1.364092
6288          32     68     123  119.894395   -3.105605
6289          32     69     122  125.740942    3.740942
6290          32     70     121  125.505051    4.505051
6291          32     71     120  123.274899    3.274899
6292          32     72     119  118.587615   -0.412385
6293          32     73     118  118.216947    0.216947
6294          32     74     117  123.909354    6.909354
6295          32     75     116  118.057618    2.057618
6296          32     76     115  114.604122   -0.395878
6297          32     77     114  115.832917    1.832917
6298          32     78     113  110.769295   -2.230705
6299          32     79     112  113.162007    1.162007
6300          32     80     111  111.598706    0.598706
6301          32     81     110  114.719417    4.719417
6302          32     82     109  113.727913    4.727913
6303          32     83     108  108.541005    0.541005
6304          32     84     107  106.630270   -0.369730
6305          32     85     106  104.538251   -1.461749
6306          32     86     105  103.560411   -1.439589
6307          32     87     104  103.526269   -0.473731
6308          32     88     103  100.810698   -2.189302
6309          32     89     102   99.838016   -2.161984
6310          32     90     101  107.823737    6.823737
6311          32     91     100   98.520399   -1.479601
6312          32     92      99  100.080124    1.080124
6313          32     93      98   96.573229   -1.426771
6314          32     94      97   95.489677   -1.510323
6315          32     95      96   95.023186   -0.976814
6316          32     96      95   91.796921   -3.203079
6317          32     97      94   92.414491   -1.585509
6318          32     98      93   94.468261    1.468261
6319          32     99      92   92.538040    0.538040
6320          32    100      91   90.067801   -0.932199
6321          32    101      90   97.815641    7.815641
6322          32    102      89   96.059832    7.059832
6323          32    103      88   90.173290    2.173290
6324          32    104      87   89.697386    2.697386
6325          32    105      86   89.522485    3.522485
6326          32    106      85   92.200618    7.200618
6327          32    107      84   88.760971    4.760971
6328          32    108      83   93.783036   10.783036
6329          32    109      82   98.627739   16.627739
6330          32    110      81   89.555500    8.555500
6331          32    111      80   91.540312   11.540312
6332          32    112      79   96.382910   17.382910
6333          32    113      78   93.989475   15.989475
6334          32    114      77   96.147742   19.147742
6335          32    115      76   90.618552   14.618552
6336          32    116      75   92.374996   17.374996
6337          32    117      74   89.924504   15.924504
6338          32    118      73   86.890513   13.890513
6339          32    119      72   90.447479   18.447479
6340          32    120      71   85.956626   14.956626
6341          32    121      70   89.194348   19.194348
6342          32    122      69   85.016122   16.016122
6343          32    123      68   82.164677   14.164677
6344          32    124      67   83.314257   16.314257
6345          32    125      66   79.189916   13.189916
6346          32    126      65   79.626335   14.626335
6347          32    127      64   78.937460   14.937460
6348          32    128      63   74.179803   11.179803
6349          32    129      62   76.580322   14.580322
6350          32    130      61   80.055080   19.055080
6351          32    131      60   79.313012   19.313012
6352          32    132      59   75.751278   16.751278
6353          32    133      58   77.566292   19.566292
6354          32    134      57   76.334793   19.334793
6355          32    135      56   69.197830   13.197830
6356          32    136      55   66.374393   11.374393
6357          32    137      54   69.802723   15.802723
6358          32    138      53   69.075396   16.075396
6359          32    139      52   66.288699   14.288699
6360          32    140      51   62.425114   11.425114
6361          32    141      50   58.859114    8.859114
6362          32    142      49   53.585896    4.585896
6363          32    143      48   54.483632    6.483632
6364          32    144      47   56.400048    9.400048
6365          32    145      46   50.363351    4.363351
6366          32    146      45   50.747001    5.747001
6367          32    147      44   50.444593    6.444593
6368          32    148      43   47.801535    4.801535
6369          32    149      42   47.335616    5.335616
6370          32    150      41   43.258741    2.258741
6371          32    151      40   45.426032    5.426032
6372          32    152      39   42.086138    3.086138
6373          32    153      38   34.127325   -3.872675
6374          32    154      37   33.445376   -3.554624
6375          32    155      36   35.023520   -0.976480
6376          32    156      35   34.877281   -0.122719
6377          32    157      34   34.215712    0.215712
6378          32    158      33   28.906613   -4.093387
6379          32    159      32   25.285220   -6.714780
6380          32    160      31   25.372850   -5.627150
6381          32    161      30   28.687954   -1.312046
6382          32    162      29   27.526490   -1.473510
6383          32    163      28   18.950690   -9.049310
6384          32    164      27   22.218500   -4.781500
6385          32    165      26   20.112261   -5.887739
6386          32    166      25   14.143427  -10.856573
6387          32    167      24   13.167292  -10.832708
6388          32    168      23   10.853116  -12.146884
6389          32    169      22   10.380430  -11.619570
6390          32    170      21   12.090184   -8.909816
6391          32    171      20   11.265295   -8.734705
6392          32    172      19    4.978940  -14.021060
6393          32    173      18    1.469296  -16.530704
6394          32    174      17   -0.750856  -17.750856
6395          32    175      16    3.535358  -12.464642
6396          32    176      15    1.108508  -13.891492
6397          32    177      14    4.353694   -9.646306
6398          32    178      13    0.105670  -12.894330
6399          32    179      12   -2.504821  -14.504821
6400          32    180      11    3.007674   -7.992326
6401          32    181      10   -0.718239  -10.718239
6402          32    182       9   -3.335483  -12.335483
6403          32    183       8   -5.580590  -13.580590
6404          32    184       7   -6.695491  -13.695491
6405          32    185       6   -7.501922  -13.501922
6406          32    186       5   -6.725413  -11.725413
6407          32    187       4   -9.577442  -13.577442
6408          32    188       3  -10.080002  -13.080002
6409          32    189       2   -7.546644   -9.546644
6410          32    190       1  -12.922241  -13.922241
6411          32    191       0  -14.401036  -14.401036
6412          33      1     199  207.555400    8.555400
6413          33      2     198  221.082810   23.082810
6414          33      3     197  215.863511   18.863511
6415          33      4     196  218.277513   22.277513
6416          33      5     195  216.594624   21.594624
6417          33      6     194  225.671745   31.671745
6418          33      7     193  221.333949   28.333949
6419          33      8     192  222.996572   30.996572
6420          33      9     191  212.828919   21.828919
6421          33     10     190  212.427604   22.427604
6422          33     11     189  211.250887   22.250887
6423          33     12     188  214.100305   26.100305
6424          33     13     187  210.655253   23.655253
6425          33     14     186  212.299906   26.299906
6426          33     15     185  214.534153   29.534153
6427          33     16     184  209.992476   25.992476
6428          33     17     183  214.307084   31.307084
6429          33     18     182  214.565426   32.565426
6430          33     19     181  211.681182   30.681182
6431          33     20     180  210.375878   30.375878
6432          33     21     179  206.603861   27.603861
6433          33     22     178  203.252598   25.252598
6434          33     23     177  199.718459   22.718459
6435          33     24     176  203.461818   27.461818
6436          33     25     175  196.625527   21.625527
6437          33     26     174  191.736304   17.736304
6438          33     27     173  198.184419   25.184419
6439          33     28     172  194.534213   22.534213
6440          33     29     171  197.042239   26.042239
6441          33     30     170  194.078911   24.078911
6442          33     31     169  200.174277   31.174277
6443          33     32     168  189.667620   21.667620
6444          33     33     167  192.360094   25.360094
6445          33     34     166  186.381548   20.381548
6446          33     35     165  189.485822   24.485822
6447          33     36     164  189.635029   25.635029
6448          33     37     163  187.789720   24.789720
6449          33     38     162  186.793930   24.793930
6450          33     39     161  192.790798   31.790798
6451          33     40     160  185.676429   25.676429
6452          33     41     159  179.801822   20.801822
6453          33     42     158  181.674086   23.674086
6454          33     43     157  180.815673   23.815673
6455          33     44     156  173.571077   17.571077
6456          33     45     155  170.354746   15.354746
6457          33     46     154  176.357686   22.357686
6458          33     47     153  175.679699   22.679699
6459          33     48     152  166.438435   14.438435
6460          33     49     151  162.213281   11.213281
6461          33     50     150  163.443062   13.443062
6462          33     51     149  159.538434   10.538434
6463          33     52     148  165.507316   17.507316
6464          33     53     147  159.403620   12.403620
6465          33     54     146  163.193713   17.193713
6466          33     55     145  165.140163   20.140163
6467          33     56     144  167.699536   23.699536
6468          33     57     143  164.325966   21.325966
6469          33     58     142  164.863708   22.863708
6470          33     59     141  162.200290   21.200290
6471          33     60     140  161.858321   21.858321
6472          33     61     139  155.087361   16.087361
6473          33     62     138  156.868413   18.868413
6474          33     63     137  156.250535   19.250535
6475          33     64     136  149.633471   13.633471
6476          33     65     135  148.218683   13.218683
6477          33     66     134  152.538901   18.538901
6478          33     67     133  149.424779   16.424779
6479          33     68     132  160.909018   28.909018
6480          33     69     131  151.414088   20.414088
6481          33     70     130  153.141937   23.141937
6482          33     71     129  153.117175   24.117175
6483          33     72     128  153.522555   25.522555
6484          33     73     127  150.625744   23.625744
6485          33     74     126  152.506986   26.506986
6486          33     75     125  153.018659   28.018659
6487          33     76     124  148.731428   24.731428
6488          33     77     123  155.694460   32.694460
6489          33     78     122  154.037970   32.037970
6490          33     79     121  147.301374   26.301374
6491          33     80     120  151.874939   31.874939
6492          33     81     119  147.230075   28.230075
6493          33     82     118  150.710249   32.710249
6494          33     83     117  150.286851   33.286851
6495          33     84     116  149.962081   33.962081
6496          33     85     115  137.171091   22.171091
6497          33     86     114  141.298956   27.298956
6498          33     87     113  145.156781   32.156781
6499          33     88     112  139.042905   27.042905
6500          33     89     111  135.929651   24.929651
6501          33     90     110  134.417846   24.417846
6502          33     91     109  127.900555   18.900555
6503          33     92     108  136.313882   28.313882
6504          33     93     107  133.250629   26.250629
6505          33     94     106  127.335372   21.335372
6506          33     95     105  129.223863   24.223863
6507          33     96     104  127.292340   23.292340
6508          33     97     103  129.336898   26.336898
6509          33     98     102  126.043809   24.043809
6510          33     99     101  121.814636   20.814636
6511          33    100     100  120.495784   20.495784
6512          33    101      99  114.885713   15.885713
6513          33    102      98  119.957026   21.957026
6514          33    103      97  127.694757   30.694757
6515          33    104      96  114.640381   18.640381
6516          33    105      95  118.533944   23.533944
6517          33    106      94  118.291187   24.291187
6518          33    107      93  112.586805   19.586805
6519          33    108      92  119.456648   27.456648
6520          33    109      91  114.145083   23.145083
6521          33    110      90  112.484994   22.484994
6522          33    111      89  111.388780   22.388780
6523          33    112      88  112.552709   24.552709
6524          33    113      87  122.231239   35.231239
6525          33    114      86  116.485710   30.485710
6526          33    115      85  110.318921   25.318921
6527          33    116      84  109.002161   25.002161
6528          33    117      83  106.917493   23.917493
6529          33    118      82  109.231604   27.231604
6530          33    119      81  101.321092   20.321092
6531          33    120      80  103.539454   23.539454
6532          33    121      79  101.459641   22.459641
6533          33    122      78   96.940106   18.940106
6534          33    123      77   97.140818   20.140818
6535          33    124      76   95.377799   19.377799
6536          33    125      75   97.609771   22.609771
6537          33    126      74   98.561073   24.561073
6538          33    127      73   94.308196   21.308196
6539          33    128      72   92.890397   20.890397
6540          33    129      71   90.967065   19.967065
6541          33    130      70   94.489056   24.489056
6542          33    131      69   89.969338   20.969338
6543          33    132      68   91.192211   23.192211
6544          33    133      67   86.111648   19.111648
6545          33    134      66   81.990200   15.990200
6546          33    135      65   81.562543   16.562543
6547          33    136      64   82.880778   18.880778
6548          33    137      63   80.667285   17.667285
6549          33    138      62   78.296047   16.296047
6550          33    139      61   84.104262   23.104262
6551          33    140      60   73.549449   13.549449
6552          33    141      59   72.500854   13.500854
6553          33    142      58   73.741926   15.741926
6554          33    143      57   70.169016   13.169016
6555          33    144      56   67.932778   11.932778
6556          33    145      55   66.722402   11.722402
6557          33    146      54   69.986623   15.986623
6558          33    147      53   66.537215   13.537215
6559          33    148      52   65.726751   13.726751
6560          33    149      51   64.371514   13.371514
6561          33    150      50   62.167966   12.167966
6562          33    151      49   61.947105   12.947105
6563          33    152      48   55.934177    7.934177
6564          33    153      47   59.930028   12.930028
6565          33    154      46   60.093326   14.093326
6566          33    155      45   53.332093    8.332093
6567          33    156      44   55.702372   11.702372
6568          33    157      43   56.128894   13.128894
6569          33    158      42   51.368560    9.368560
6570          33    159      41   49.519364    8.519364
6571          33    160      40   48.725841    8.725841
6572          33    161      39   48.294171    9.294171
6573          33    162      38   43.724682    5.724682
6574          33    163      37   42.362783    5.362783
6575          33    164      36   42.141694    6.141694
6576          33    165      35   37.305476    2.305476
6577          33    166      34   39.542835    5.542835
6578          33    167      33   31.444361   -1.555639
6579          33    168      32   37.797559    5.797559
6580          33    169      31   35.150103    4.150103
6581          33    170      30   33.363939    3.363939
6582          33    171      29   31.123236    2.123236
6583          33    172      28   35.637904    7.637904
6584          33    173      27   37.528621   10.528621
6585          33    174      26   30.507050    4.507050
6586          33    175      25   26.648920    1.648920
6587          33    176      24   27.617110    3.617110
6588          33    177      23   23.812652    0.812652
6589          33    178      22   26.745507    4.745507
6590          33    179      21   24.769950    3.769950
6591          33    180      20   25.747220    5.747220
6592          33    181      19   20.094845    1.094845
6593          33    182      18   21.413061    3.413061
6594          33    183      17   19.411265    2.411265
6595          33    184      16   20.135883    4.135883
6596          33    185      15   16.946289    1.946289
6597          33    186      14   16.678078    2.678078
6598          33    187      13   11.171632   -1.828368
6599          33    188      12   11.207748   -0.792252
6600          33    189      11    8.994330   -2.005670
6601          33    190      10    6.208374   -3.791626
6602          33    191       9    8.647380   -0.352620
6603          33    192       8   11.345396    3.345396
6604          33    193       7   10.079420    3.079420
6605          33    194       6   14.631029    8.631029
6606          33    195       5    8.532095    3.532095
6607          33    196       4    4.291841    0.291841
6608          33    197       3   -0.436041   -3.436041
6609          33    198       2   -2.572656   -4.572656
6610          33    199       1   -6.966605   -7.966605
6611          33    200       0   -3.114743   -3.114743
6612          34      1     194  209.323078   15.323078
6613          34      2     193  208.491019   15.491019
6614          34      3     192  194.490806    2.490806
6615          34      4     191  189.520812   -1.479188
6616          34      5     190  196.096035    6.096035
6617          34      6     189  199.216093   10.216093
6618          34      7     188  192.490260    4.490260
6619          34      8     187  191.115876    4.115876
6620          34      9     186  187.944245    1.944245
6621          34     10     185  187.284899    2.284899
6622          34     11     184  175.162048   -8.837952
6623          34     12     183  172.167151  -10.832849
6624          34     13     182  179.102274   -2.897726
6625          34     14     181  176.133832   -4.866168
6626          34     15     180  179.061926   -0.938074
6627          34     16     179  176.875362   -2.124638
6628          34     17     178  174.363457   -3.636543
6629          34     18     177  174.508320   -2.491680
6630          34     19     176  171.239621   -4.760379
6631          34     20     175  171.187383   -3.812617
6632          34     21     174  167.689494   -6.310506
6633          34     22     173  166.845080   -6.154920
6634          34     23     172  167.416844   -4.583156
6635          34     24     171  161.376390   -9.623610
6636          34     25     170  156.965084  -13.034916
6637          34     26     169  158.674210  -10.325790
6638          34     27     168  157.012730  -10.987270
6639          34     28     167  158.182488   -8.817512
6640          34     29     166  155.053532  -10.946468
6641          34     30     165  155.430342   -9.569658
6642          34     31     164  151.025583  -12.974417
6643          34     32     163  149.875571  -13.124429
6644          34     33     162  156.295727   -5.704273
6645          34     34     161  155.183502   -5.816498
6646          34     35     160  157.494280   -2.505720
6647          34     36     159  165.167686    6.167686
6648          34     37     158  157.102444   -0.897556
6649          34     38     157  153.764545   -3.235455
6650          34     39     156  157.116747    1.116747
6651          34     40     155  154.732282   -0.267718
6652          34     41     154  157.156061    3.156061
6653          34     42     153  154.632864    1.632864
6654          34     43     152  153.918354    1.918354
6655          34     44     151  155.126706    4.126706
6656          34     45     150  150.297464    0.297464
6657          34     46     149  148.722121   -0.277879
6658          34     47     148  152.890559    4.890559
6659          34     48     147  150.862087    3.862087
6660          34     49     146  155.743607    9.743607
6661          34     50     145  152.466873    7.466873
6662          34     51     144  150.080565    6.080565
6663          34     52     143  158.886478   15.886478
6664          34     53     142  156.479472   14.479472
6665          34     54     141  145.513274    4.513274
6666          34     55     140  146.086541    6.086541
6667          34     56     139  151.582073   12.582073
6668          34     57     138  145.760983    7.760983
6669          34     58     137  149.473336   12.473336
6670          34     59     136  151.482271   15.482271
6671          34     60     135  149.345661   14.345661
6672          34     61     134  145.408555   11.408555
6673          34     62     133  143.160294   10.160294
6674          34     63     132  138.938522    6.938522
6675          34     64     131  138.528844    7.528844
6676          34     65     130  140.253184   10.253184
6677          34     66     129  142.333567   13.333567
6678          34     67     128  147.880168   19.880168
6679          34     68     127  142.999292   15.999292
6680          34     69     126  147.409787   21.409787
6681          34     70     125  143.103638   18.103638
6682          34     71     124  139.709701   15.709701
6683          34     72     123  135.022284   12.022284
6684          34     73     122  137.059669   15.059669
6685          34     74     121  139.781042   18.781042
6686          34     75     120  138.432315   18.432315
6687          34     76     119  136.699218   17.699218
6688          34     77     118  132.331677   14.331677
6689          34     78     117  135.657405   18.657405
6690          34     79     116  127.699008   11.699008
6691          34     80     115  127.124010   12.124010
6692          34     81     114  134.469143   20.469143
6693          34     82     113  135.005313   22.005313
6694          34     83     112  144.126698   32.126698
6695          34     84     111  134.991108   23.991108
6696          34     85     110  135.139282   25.139282
6697          34     86     109  133.923130   24.923130
6698          34     87     108  136.636901   28.636901
6699          34     88     107  135.542374   28.542374
6700          34     89     106  131.656280   25.656280
6701          34     90     105  133.232010   28.232010
6702          34     91     104  129.947925   25.947925
6703          34     92     103  127.480073   24.480073
6704          34     93     102  121.126803   19.126803
6705          34     94     101  123.832997   22.832997
6706          34     95     100  127.632140   27.632140
6707          34     96      99  125.466488   26.466488
6708          34     97      98  121.036252   23.036252
6709          34     98      97  118.026234   21.026234
6710          34     99      96  120.629184   24.629184
6711          34    100      95  114.154653   19.154653
6712          34    101      94  108.747793   14.747793
6713          34    102      93  108.480550   15.480550
6714          34    103      92  108.777468   16.777468
6715          34    104      91  105.664361   14.664361
6716          34    105      90  104.179577   14.179577
6717          34    106      89  101.399386   12.399386
6718          34    107      88   98.203692   10.203692
6719          34    108      87   98.781895   11.781895
6720          34    109      86   94.841327    8.841327
6721          34    110      85   95.714036   10.714036
6722          34    111      84   93.113704    9.113704
6723          34    112      83   95.686794   12.686794
6724          34    113      82   94.401689   12.401689
6725          34    114      81   92.528329   11.528329
6726          34    115      80   94.635189   14.635189
6727          34    116      79   88.668663    9.668663
6728          34    117      78   96.514438   18.514438
6729          34    118      77   92.470701   15.470701
6730          34    119      76   89.390345   13.390345
6731          34    120      75   86.249086   11.249086
6732          34    121      74   89.197651   15.197651
6733          34    122      73   84.965195   11.965195
6734          34    123      72   83.481039   11.481039
6735          34    124      71   86.047574   15.047574
6736          34    125      70   82.763317   12.763317
6737          34    126      69   87.665032   18.665032
6738          34    127      68   82.531250   14.531250
6739          34    128      67   76.259423    9.259423
6740          34    129      66   78.923135   12.923135
6741          34    130      65   80.385040   15.385040
6742          34    131      64   77.030463   13.030463
6743          34    132      63   78.053435   15.053435
6744          34    133      62   75.803794   13.803794
6745          34    134      61   73.917247   12.917247
6746          34    135      60   72.697225   12.697225
6747          34    136      59   69.685539   10.685539
6748          34    137      58   69.621879   11.621879
6749          34    138      57   72.337157   15.337157
6750          34    139      56   70.406186   14.406186
6751          34    140      55   76.559829   21.559829
6752          34    141      54   72.498855   18.498855
6753          34    142      53   73.031781   20.031781
6754          34    143      52   71.625873   19.625873
6755          34    144      51   67.947092   16.947092
6756          34    145      50   71.464531   21.464531
6757          34    146      49   71.166743   22.166743
6758          34    147      48   72.145391   24.145391
6759          34    148      47   69.351215   22.351215
6760          34    149      46   67.971811   21.971811
6761          34    150      45   64.027739   19.027739
6762          34    151      44   62.489827   18.489827
6763          34    152      43   63.615692   20.615692
6764          34    153      42   64.891606   22.891606
6765          34    154      41   57.132446   16.132446
6766          34    155      40   60.676874   20.676874
6767          34    156      39   60.890684   21.890684
6768          34    157      38   63.954754   25.954754
6769          34    158      37   59.023722   22.023722
6770          34    159      36   49.922520   13.922520
6771          34    160      35   50.671800   15.671800
6772          34    161      34   55.916203   21.916203
6773          34    162      33   47.736356   14.736356
6774          34    163      32   49.495240   17.495240
6775          34    164      31   49.386472   18.386472
6776          34    165      30   44.782322   14.782322
6777          34    166      29   44.784459   15.784459
6778          34    167      28   44.176707   16.176707
6779          34    168      27   44.390070   17.390070
6780          34    169      26   44.860580   18.860580
6781          34    170      25   42.868205   17.868205
6782          34    171      24   44.187122   20.187122
6783          34    172      23   41.541673   18.541673
6784          34    173      22   42.169510   20.169510
6785          34    174      21   43.952260   22.952260
6786          34    175      20   40.549110   20.549110
6787          34    176      19   39.278991   20.278991
6788          34    177      18   35.604605   17.604605
6789          34    178      17   31.521220   14.521220
6790          34    179      16   33.785977   17.785977
6791          34    180      15   27.670984   12.670984
6792          34    181      14   29.031677   15.031677
6793          34    182      13   24.764342   11.764342
6794          34    183      12   26.821173   14.821173
6795          34    184      11   21.715544   10.715544
6796          34    185      10   17.024398    7.024398
6797          34    186       9   10.778719    1.778719
6798          34    187       8    9.645203    1.645203
6799          34    188       7    8.011352    1.011352
6800          34    189       6    6.602694    0.602694
6801          34    190       5    0.586365   -4.413635
6802          34    191       4    3.158263   -0.841737
6803          34    192       3   -3.261374   -6.261374
6804          34    193       2   -2.436616   -4.436616
6805          34    194       1   -5.313524   -6.313524
6806          34    195       0   -5.921165   -5.921165
6807          35      1     180  210.171376   30.171376
6808          35      2     179  198.906142   19.906142
6809          35      3     178  193.958269   15.958269
6810          35      4     177  191.247182   14.247182
6811          35      5     176  196.186320   20.186320
6812          35      6     175  193.758068   18.758068
6813          35      7     174  191.589138   17.589138
6814          35      8     173  187.264712   14.264712
6815          35      9     172  181.284118    9.284118
6816          35     10     171  186.022240   15.022240
6817          35     11     170  187.063599   17.063599
6818          35     12     169  185.518533   16.518533
6819          35     13     168  176.955865    8.955865
6820          35     14     167  174.800689    7.800689
6821          35     15     166  172.050942    6.050942
6822          35     16     165  167.880457    2.880457
6823          35     17     164  170.700984    6.700984
6824          35     18     163  164.731196    1.731196
6825          35     19     162  167.773770    5.773770
6826          35     20     161  163.230805    2.230805
6827          35     21     160  164.447826    4.447826
6828          35     22     159  163.575518    4.575518
6829          35     23     158  159.752799    1.752799
6830          35     24     157  162.814337    5.814337
6831          35     25     156  155.586944   -0.413056
6832          35     26     155  157.823527    2.823527
6833          35     27     154  159.709951    5.709951
6834          35     28     153  154.519430    1.519430
6835          35     29     152  154.525639    2.525639
6836          35     30     151  157.166939    6.166939
6837          35     31     150  153.639013    3.639013
6838          35     32     149  146.795253   -2.204747
6839          35     33     148  146.083978   -1.916022
6840          35     34     147  150.075717    3.075717
6841          35     35     146  153.581672    7.581672
6842          35     36     145  152.191678    7.191678
6843          35     37     144  151.139641    7.139641
6844          35     38     143  154.562956   11.562956
6845          35     39     142  148.875212    6.875212
6846          35     40     141  152.560056   11.560056
6847          35     41     140  144.669167    4.669167
6848          35     42     139  137.528529   -1.471471
6849          35     43     138  145.903432    7.903432
6850          35     44     137  134.043588   -2.956412
6851          35     45     136  141.612432    5.612432
6852          35     46     135  140.158143    5.158143
6853          35     47     134  139.641014    5.641014
6854          35     48     133  136.635160    3.635160
6855          35     49     132  143.479521   11.479521
6856          35     50     131  140.327537    9.327537
6857          35     51     130  145.981674   15.981674
6858          35     52     129  143.614324   14.614324
6859          35     53     128  144.995056   16.995056
6860          35     54     127  144.518836   17.518836
6861          35     55     126  141.688041   15.688041
6862          35     56     125  143.328409   18.328409
6863          35     57     124  148.350991   24.350991
6864          35     58     123  136.423782   13.423782
6865          35     59     122  132.829473   10.829473
6866          35     60     121  136.825794   15.825794
6867          35     61     120  135.834391   15.834391
6868          35     62     119  132.333698   13.333698
6869          35     63     118  133.526889   15.526889
6870          35     64     117  130.068661   13.068661
6871          35     65     116  130.879594   14.879594
6872          35     66     115  126.775232   11.775232
6873          35     67     114  127.067585   13.067585
6874          35     68     113  126.497954   13.497954
6875          35     69     112  127.920735   15.920735
6876          35     70     111  134.491095   23.491095
6877          35     71     110  123.588355   13.588355
6878          35     72     109  115.935744    6.935744
6879          35     73     108  120.257266   12.257266
6880          35     74     107  120.000654   13.000654
6881          35     75     106  119.424396   13.424396
6882          35     76     105  115.456213   10.456213
6883          35     77     104  119.837719   15.837719
6884          35     78     103  124.165985   21.165985
6885          35     79     102  126.028410   24.028410
6886          35     80     101  129.452993   28.452993
6887          35     81     100  119.265921   19.265921
6888          35     82      99  117.796018   18.796018
6889          35     83      98  111.775892   13.775892
6890          35     84      97  114.306114   17.306114
6891          35     85      96  114.238985   18.238985
6892          35     86      95  114.515835   19.515835
6893          35     87      94  117.798153   23.798153
6894          35     88      93  115.998975   22.998975
6895          35     89      92  116.594492   24.594492
6896          35     90      91  115.799116   24.799116
6897          35     91      90  114.344895   24.344895
6898          35     92      89  112.110698   23.110698
6899          35     93      88  113.409753   25.409753
6900          35     94      87  110.320001   23.320001
6901          35     95      86  104.822560   18.822560
6902          35     96      85  110.960130   25.960130
6903          35     97      84  108.591965   24.591965
6904          35     98      83  107.398180   24.398180
6905          35     99      82  108.059877   26.059877
6906          35    100      81  112.371489   31.371489
6907          35    101      80  107.514642   27.514642
6908          35    102      79  108.161982   29.161982
6909          35    103      78  104.389588   26.389588
6910          35    104      77   98.223500   21.223500
6911          35    105      76   98.091028   22.091028
6912          35    106      75   96.641670   21.641670
6913          35    107      74   97.637076   23.637076
6914          35    108      73   97.055229   24.055229
6915          35    109      72   91.897582   19.897582
6916          35    110      71   95.390205   24.390205
6917          35    111      70   92.040935   22.040935
6918          35    112      69   89.343373   20.343373
6919          35    113      68   87.100832   19.100832
6920          35    114      67   91.860235   24.860235
6921          35    115      66   80.339649   14.339649
6922          35    116      65   81.700474   16.700474
6923          35    117      64   76.206803   12.206803
6924          35    118      63   85.117421   22.117421
6925          35    119      62   85.769505   23.769505
6926          35    120      61   82.069197   21.069197
6927          35    121      60   77.771588   17.771588
6928          35    122      59   75.863784   16.863784
6929          35    123      58   83.028303   25.028303
6930          35    124      57   73.701739   16.701739
6931          35    125      56   71.196648   15.196648
6932          35    126      55   65.470284   10.470284
6933          35    127      54   66.533570   12.533570
6934          35    128      53   65.925958   12.925958
6935          35    129      52   62.461762   10.461762
6936          35    130      51   65.507366   14.507366
6937          35    131      50   58.858213    8.858213
6938          35    132      49   52.710522    3.710522
6939          35    133      48   51.224957    3.224957
6940          35    134      47   50.225445    3.225445
6941          35    135      46   48.313032    2.313032
6942          35    136      45   44.835156   -0.164844
6943          35    137      44   44.350139    0.350139
6944          35    138      43   40.410562   -2.589438
6945          35    139      42   41.460823   -0.539177
6946          35    140      41   37.156652   -3.843348
6947          35    141      40   35.875654   -4.124346
6948          35    142      39   33.294108   -5.705892
6949          35    143      38   31.414696   -6.585304
6950          35    144      37   29.650976   -7.349024
6951          35    145      36   30.924767   -5.075233
6952          35    146      35   26.037365   -8.962635
6953          35    147      34   24.796718   -9.203282
6954          35    148      33   20.514186  -12.485814
6955          35    149      32   20.762492  -11.237508
6956          35    150      31   22.037770   -8.962230
6957          35    151      30   18.584629  -11.415371
6958          35    152      29   16.217202  -12.782798
6959          35    153      28   15.244113  -12.755887
6960          35    154      27   14.054319  -12.945681
6961          35    155      26   11.908778  -14.091222
6962          35    156      25   10.908005  -14.091995
6963          35    157      24   10.032154  -13.967846
6964          35    158      23    4.488642  -18.511358
6965          35    159      22    4.965857  -17.034143
6966          35    160      21    7.060582  -13.939418
6967          35    161      20    4.670360  -15.329640
6968          35    162      19    4.791422  -14.208578
6969          35    163      18    2.201317  -15.798683
6970          35    164      17    2.032401  -14.967599
6971          35    165      16   -4.734946  -20.734946
6972          35    166      15   -3.903082  -18.903082
6973          35    167      14   -4.442914  -18.442914
6974          35    168      13   -1.257546  -14.257546
6975          35    169      12   -4.891414  -16.891414
6976          35    170      11   -6.950831  -17.950831
6977          35    171      10   -7.990706  -17.990706
6978          35    172       9   -9.071738  -18.071738
6979          35    173       8   -7.641237  -15.641237
6980          35    174       7  -15.702015  -22.702015
6981          35    175       6  -14.069958  -20.069958
6982          35    176       5  -14.590924  -19.590924
6983          35    177       4  -12.810860  -16.810860
6984          35    178       3  -15.622209  -18.622209
6985          35    179       2  -18.222840  -20.222840
6986          35    180       1  -15.222616  -16.222616
6987          35    181       0  -18.403062  -18.403062
6988          36      1     157  177.194563   20.194563
6989          36      2     156  170.716977   14.716977
6990          36      3     155  179.076192   24.076192
6991          36      4     154  178.887457   24.887457
6992          36      5     153  176.266891   23.266891
6993          36      6     152  170.940896   18.940896
6994          36      7     151  172.136690   21.136690
6995          36      8     150  172.772475   22.772475
6996          36      9     149  166.656591   17.656591
6997          36     10     148  165.767177   17.767177
6998          36     11     147  167.504094   20.504094
6999          36     12     146  167.273457   21.273457
7000          36     13     145  169.896519   24.896519
7001          36     14     144  166.768564   22.768564
7002          36     15     143  173.613927   30.613927
7003          36     16     142  167.477244   25.477244
7004          36     17     141  165.520456   24.520456
7005          36     18     140  169.899855   29.899855
7006          36     19     139  165.685409   26.685409
7007          36     20     138  165.413931   27.413931
7008          36     21     137  164.071676   27.071676
7009          36     22     136  154.648065   18.648065
7010          36     23     135  157.309462   22.309462
7011          36     24     134  160.094629   26.094629
7012          36     25     133  157.690633   24.690633
7013          36     26     132  157.923043   25.923043
7014          36     27     131  160.141968   29.141968
7015          36     28     130  156.289026   26.289026
7016          36     29     129  157.529311   28.529311
7017          36     30     128  157.230058   29.230058
7018          36     31     127  154.106512   27.106512
7019          36     32     126  149.957506   23.957506
7020          36     33     125  148.395048   23.395048
7021          36     34     124  143.900351   19.900351
7022          36     35     123  148.882261   25.882261
7023          36     36     122  142.241976   20.241976
7024          36     37     121  137.950479   16.950479
7025          36     38     120  144.046557   24.046557
7026          36     39     119  136.717837   17.717837
7027          36     40     118  136.183546   18.183546
7028          36     41     117  138.084505   21.084505
7029          36     42     116  131.957455   15.957455
7030          36     43     115  131.782255   16.782255
7031          36     44     114  130.976363   16.976363
7032          36     45     113  126.936898   13.936898
7033          36     46     112  129.931281   17.931281
7034          36     47     111  128.231779   17.231779
7035          36     48     110  131.378457   21.378457
7036          36     49     109  129.729065   20.729065
7037          36     50     108  125.608214   17.608214
7038          36     51     107  126.265197   19.265197
7039          36     52     106  130.959329   24.959329
7040          36     53     105  130.411619   25.411619
7041          36     54     104  130.159032   26.159032
7042          36     55     103  126.729864   23.729864
7043          36     56     102  128.252335   26.252335
7044          36     57     101  132.299959   31.299959
7045          36     58     100  128.033020   28.033020
7046          36     59      99  128.390406   29.390406
7047          36     60      98  126.160535   28.160535
7048          36     61      97  125.898786   28.898786
7049          36     62      96  124.677928   28.677928
7050          36     63      95  124.392336   29.392336
7051          36     64      94  121.145270   27.145270
7052          36     65      93  120.598905   27.598905
7053          36     66      92  120.441724   28.441724
7054          36     67      91  115.513411   24.513411
7055          36     68      90  122.232472   32.232472
7056          36     69      89  121.073063   32.073063
7057          36     70      88  115.633775   27.633775
7058          36     71      87  119.206723   32.206723
7059          36     72      86  109.478668   23.478668
7060          36     73      85  112.793838   27.793838
7061          36     74      84  109.211620   25.211620
7062          36     75      83  116.780771   33.780771
7063          36     76      82  112.870889   30.870889
7064          36     77      81  108.266861   27.266861
7065          36     78      80  109.063553   29.063553
7066          36     79      79  112.688757   33.688757
7067          36     80      78  105.151372   27.151372
7068          36     81      77  104.360291   27.360291
7069          36     82      76  105.141874   29.141874
7070          36     83      75  106.058427   31.058427
7071          36     84      74  110.110795   36.110795
7072          36     85      73  106.046044   33.046044
7073          36     86      72  104.943103   32.943103
7074          36     87      71  106.246153   35.246153
7075          36     88      70  101.350667   31.350667
7076          36     89      69  101.914389   32.914389
7077          36     90      68  102.296606   34.296606
7078          36     91      67   95.350000   28.350000
7079          36     92      66   95.485101   29.485101
7080          36     93      65   95.616926   30.616926
7081          36     94      64   92.180851   28.180851
7082          36     95      63   93.060378   30.060378
7083          36     96      62   91.895704   29.895704
7084          36     97      61   94.004755   33.004755
7085          36     98      60   93.984895   33.984895
7086          36     99      59   90.585818   31.585818
7087          36    100      58   88.477613   30.477613
7088          36    101      57   90.607565   33.607565
7089          36    102      56   80.920849   24.920849
7090          36    103      55   81.618790   26.618790
7091          36    104      54   80.872710   26.872710
7092          36    105      53   84.481952   31.481952
7093          36    106      52   81.323749   29.323749
7094          36    107      51   83.330289   32.330289
7095          36    108      50   83.493175   33.493175
7096          36    109      49   76.858423   27.858423
7097          36    110      48   72.113454   24.113454
7098          36    111      47   71.648423   24.648423
7099          36    112      46   63.863105   17.863105
7100          36    113      45   63.647494   18.647494
7101          36    114      44   63.931125   19.931125
7102          36    115      43   66.619866   23.619866
7103          36    116      42   58.972262   16.972262
7104          36    117      41   59.401668   18.401668
7105          36    118      40   55.491179   15.491179
7106          36    119      39   56.552408   17.552408
7107          36    120      38   54.888652   16.888652
7108          36    121      37   53.015380   16.015380
7109          36    122      36   54.878375   18.878375
7110          36    123      35   54.428895   19.428895
7111          36    124      34   53.320044   19.320044
7112          36    125      33   51.590750   18.590750
7113          36    126      32   50.245339   18.245339
7114          36    127      31   50.183309   19.183309
7115          36    128      30   49.063248   19.063248
7116          36    129      29   45.389265   16.389265
7117          36    130      28   48.117288   20.117288
7118          36    131      27   44.507819   17.507819
7119          36    132      26   40.120938   14.120938
7120          36    133      25   38.744741   13.744741
7121          36    134      24   37.992785   13.992785
7122          36    135      23   36.906131   13.906131
7123          36    136      22   35.565077   13.565077
7124          36    137      21   32.285663   11.285663
7125          36    138      20   28.438417    8.438417
7126          36    139      19   32.535748   13.535748
7127          36    140      18   22.626550    4.626550
7128          36    141      17   26.040750    9.040750
7129          36    142      16   23.033303    7.033303
7130          36    143      15   18.669972    3.669972
7131          36    144      14   15.422994    1.422994
7132          36    145      13   14.316897    1.316897
7133          36    146      12   10.286734   -1.713266
7134          36    147      11   10.654206   -0.345794
7135          36    148      10    9.842570   -0.157430
7136          36    149       9    9.228529    0.228529
7137          36    150       8   12.370519    4.370519
7138          36    151       7   10.388686    3.388686
7139          36    152       6    7.238152    1.238152
7140          36    153       5    5.165156    0.165156
7141          36    154       4    2.491904   -1.508096
7142          36    155       3   -1.255336   -4.255336
7143          36    156       2   -2.444294   -4.444294
7144          36    157       1   -2.936688   -3.936688
7145          36    158       0   -5.720468   -5.720468
7146          37      1     169  199.994942   30.994942
7147          37      2     168  179.445453   11.445453
7148          37      3     167  174.478557    7.478557
7149          37      4     166  185.626877   19.626877
7150          37      5     165  186.126246   21.126246
7151          37      6     164  191.552664   27.552664
7152          37      7     163  195.043390   32.043390
7153          37      8     162  185.341395   23.341395
7154          37      9     161  185.571915   24.571915
7155          37     10     160  183.835530   23.835530
7156          37     11     159  179.494477   20.494477
7157          37     12     158  177.015337   19.015337
7158          37     13     157  171.912860   14.912860
7159          37     14     156  163.838753    7.838753
7160          37     15     155  165.264199   10.264199
7161          37     16     154  159.074637    5.074637
7162          37     17     153  161.318603    8.318603
7163          37     18     152  160.611391    8.611391
7164          37     19     151  160.737099    9.737099
7165          37     20     150  158.382347    8.382347
7166          37     21     149  154.650299    5.650299
7167          37     22     148  155.015286    7.015286
7168          37     23     147  155.484372    8.484372
7169          37     24     146  153.267072    7.267072
7170          37     25     145  156.243060   11.243060
7171          37     26     144  149.197131    5.197131
7172          37     27     143  153.148610   10.148610
7173          37     28     142  153.471410   11.471410
7174          37     29     141  151.152140   10.152140
7175          37     30     140  148.987463    8.987463
7176          37     31     139  146.648904    7.648904
7177          37     32     138  141.918540    3.918540
7178          37     33     137  147.248600   10.248600
7179          37     34     136  146.980189   10.980189
7180          37     35     135  141.988272    6.988272
7181          37     36     134  144.831116   10.831116
7182          37     37     133  140.522950    7.522950
7183          37     38     132  138.377203    6.377203
7184          37     39     131  140.024687    9.024687
7185          37     40     130  139.912807    9.912807
7186          37     41     129  139.360578   10.360578
7187          37     42     128  140.113316   12.113316
7188          37     43     127  139.562141   12.562141
7189          37     44     126  131.648710    5.648710
7190          37     45     125  130.958913    5.958913
7191          37     46     124  136.390611   12.390611
7192          37     47     123  131.584182    8.584182
7193          37     48     122  128.762020    6.762020
7194          37     49     121  131.453479   10.453479
7195          37     50     120  129.975780    9.975780
7196          37     51     119  128.923537    9.923537
7197          37     52     118  134.326855   16.326855
7198          37     53     117  130.425829   13.425829
7199          37     54     116  127.476578   11.476578
7200          37     55     115  119.608925    4.608925
7201          37     56     114  123.640112    9.640112
7202          37     57     113  122.584856    9.584856
7203          37     58     112  126.285173   14.285173
7204          37     59     111  118.965031    7.965031
7205          37     60     110  121.111292   11.111292
7206          37     61     109  118.520259    9.520259
7207          37     62     108  115.168238    7.168238
7208          37     63     107  118.709390   11.709390
7209          37     64     106  119.666707   13.666707
7210          37     65     105  114.485044    9.485044
7211          37     66     104  116.151197   12.151197
7212          37     67     103  111.958265    8.958265
7213          37     68     102  111.363001    9.363001
7214          37     69     101  110.965346    9.965346
7215          37     70     100  113.863203   13.863203
7216          37     71      99  105.273372    6.273372
7217          37     72      98  102.607340    4.607340
7218          37     73      97  109.589555   12.589555
7219          37     74      96  108.507267   12.507267
7220          37     75      95  102.127926    7.127926
7221          37     76      94  103.381784    9.381784
7222          37     77      93  106.390405   13.390405
7223          37     78      92  102.549672   10.549672
7224          37     79      91  102.787942   11.787942
7225          37     80      90  105.081909   15.081909
7226          37     81      89  104.614993   15.614993
7227          37     82      88  103.829906   15.829906
7228          37     83      87   93.821917    6.821917
7229          37     84      86  104.323569   18.323569
7230          37     85      85  101.155349   16.155349
7231          37     86      84   95.930297   11.930297
7232          37     87      83   95.836172   12.836172
7233          37     88      82   95.966874   13.966874
7234          37     89      81   93.569302   12.569302
7235          37     90      80   88.955314    8.955314
7236          37     91      79   93.249245   14.249245
7237          37     92      78   92.989893   14.989893
7238          37     93      77   89.971024   12.971024
7239          37     94      76   84.581389    8.581389
7240          37     95      75   84.664096    9.664096
7241          37     96      74   84.850483   10.850483
7242          37     97      73   84.373297   11.373297
7243          37     98      72   82.826626   10.826626
7244          37     99      71   74.912780    3.912780
7245          37    100      70   78.846459    8.846459
7246          37    101      69   76.629631    7.629631
7247          37    102      68   72.129384    4.129384
7248          37    103      67   67.368430    0.368430
7249          37    104      66   79.939506   13.939506
7250          37    105      65   70.390428    5.390428
7251          37    106      64   62.501067   -1.498933
7252          37    107      63   67.824212    4.824212
7253          37    108      62   70.140510    8.140510
7254          37    109      61   67.501319    6.501319
7255          37    110      60   63.990474    3.990474
7256          37    111      59   65.669961    6.669961
7257          37    112      58   62.535849    4.535849
7258          37    113      57   59.982051    2.982051
7259          37    114      56   62.326458    6.326458
7260          37    115      55   53.785430   -1.214570
7261          37    116      54   53.440534   -0.559466
7262          37    117      53   56.283799    3.283799
7263          37    118      52   54.194009    2.194009
7264          37    119      51   60.017743    9.017743
7265          37    120      50   53.806791    3.806791
7266          37    121      49   56.109307    7.109307
7267          37    122      48   49.572848    1.572848
7268          37    123      47   52.191975    5.191975
7269          37    124      46   49.412937    3.412937
7270          37    125      45   41.703516   -3.296484
7271          37    126      44   36.914675   -7.085325
7272          37    127      43   40.008252   -2.991748
7273          37    128      42   36.721920   -5.278080
7274          37    129      41   38.521147   -2.478853
7275          37    130      40   39.885422   -0.114578
7276          37    131      39   34.259761   -4.740239
7277          37    132      38   33.324282   -4.675718
7278          37    133      37   33.046353   -3.953647
7279          37    134      36   32.422901   -3.577099
7280          37    135      35   29.475498   -5.524502
7281          37    136      34   32.484862   -1.515138
7282          37    137      33   28.146495   -4.853505
7283          37    138      32   27.928990   -4.071010
7284          37    139      31   30.007259   -0.992741
7285          37    140      30   24.276117   -5.723883
7286          37    141      29   24.611929   -4.388071
7287          37    142      28   19.470126   -8.529874
7288          37    143      27   15.678883  -11.321117
7289          37    144      26   21.021562   -4.978438
7290          37    145      25   15.470651   -9.529349
7291          37    146      24   12.086382  -11.913618
7292          37    147      23   15.432104   -7.567896
7293          37    148      22    9.130289  -12.869711
7294          37    149      21    8.342280  -12.657720
7295          37    150      20    7.871796  -12.128204
7296          37    151      19    5.654298  -13.345702
7297          37    152      18    2.665290  -15.334710
7298          37    153      17    7.781178   -9.218822
7299          37    154      16    2.619832  -13.380168
7300          37    155      15   -2.984522  -17.984522
7301          37    156      14    0.088211  -13.911789
7302          37    157      13   -2.964394  -15.964394
7303          37    158      12    1.289550  -10.710450
7304          37    159      11   -2.833187  -13.833187
7305          37    160      10   -1.006329  -11.006329
7306          37    161       9   -7.299174  -16.299174
7307          37    162       8   -3.772982  -11.772982
7308          37    163       7   -9.855704  -16.855704
7309          37    164       6  -10.511777  -16.511777
7310          37    165       5  -12.654614  -17.654614
7311          37    166       4  -12.939681  -16.939681
7312          37    167       3  -17.382142  -20.382142
7313          37    168       2  -14.712354  -16.712354
7314          37    169       1  -13.433826  -14.433826
7315          37    170       0  -18.247208  -18.247208
7316          38      1     193  212.066517   19.066517
7317          38      2     192  205.125317   13.125317
7318          38      3     191  188.103959   -2.896041
7319          38      4     190  181.450818   -8.549182
7320          38      5     189  176.239326  -12.760674
7321          38      6     188  174.052528  -13.947472
7322          38      7     187  173.091475  -13.908525
7323          38      8     186  172.641422  -13.358578
7324          38      9     185  172.750299  -12.249701
7325          38     10     184  168.688181  -15.311819
7326          38     11     183  170.168933  -12.831067
7327          38     12     182  158.581419  -23.418581
7328          38     13     181  165.152245  -15.847755
7329          38     14     180  158.522057  -21.477943
7330          38     15     179  158.996090  -20.003910
7331          38     16     178  162.416462  -15.583538
7332          38     17     177  164.305923  -12.694077
7333          38     18     176  159.702353  -16.297647
7334          38     19     175  157.039181  -17.960819
7335          38     20     174  159.621379  -14.378621
7336          38     21     173  157.730656  -15.269344
7337          38     22     172  151.440317  -20.559683
7338          38     23     171  155.637794  -15.362206
7339          38     24     170  152.662308  -17.337692
7340          38     25     169  152.405466  -16.594534
7341          38     26     168  147.989827  -20.010173
7342          38     27     167  149.044366  -17.955634
7343          38     28     166  151.545016  -14.454984
7344          38     29     165  147.703205  -17.296795
7345          38     30     164  147.948350  -16.051650
7346          38     31     163  148.774304  -14.225696
7347          38     32     162  150.578238  -11.421762
7348          38     33     161  151.388236   -9.611764
7349          38     34     160  145.418481  -14.581519
7350          38     35     159  147.138305  -11.861695
7351          38     36     158  145.373513  -12.626487
7352          38     37     157  147.291274   -9.708726
7353          38     38     156  140.702991  -15.297009
7354          38     39     155  142.764987  -12.235013
7355          38     40     154  143.452944  -10.547056
7356          38     41     153  142.775583  -10.224417
7357          38     42     152  145.276666   -6.723334
7358          38     43     151  142.398063   -8.601937
7359          38     44     150  144.077468   -5.922532
7360          38     45     149  135.980890  -13.019110
7361          38     46     148  140.823238   -7.176762
7362          38     47     147  138.955334   -8.044666
7363          38     48     146  143.976364   -2.023636
7364          38     49     145  131.915670  -13.084330
7365          38     50     144  129.446294  -14.553706
7366          38     51     143  130.850358  -12.149642
7367          38     52     142  132.445725   -9.554275
7368          38     53     141  136.613883   -4.386117
7369          38     54     140  134.711806   -5.288194
7370          38     55     139  145.335879    6.335879
7371          38     56     138  142.528501    4.528501
7372          38     57     137  135.230901   -1.769099
7373          38     58     136  140.054183    4.054183
7374          38     59     135  141.150413    6.150413
7375          38     60     134  134.424721    0.424721
7376          38     61     133  135.882706    2.882706
7377          38     62     132  136.762171    4.762171
7378          38     63     131  133.703170    2.703170
7379          38     64     130  134.646606    4.646606
7380          38     65     129  130.346138    1.346138
7381          38     66     128  128.210906    0.210906
7382          38     67     127  133.059178    6.059178
7383          38     68     126  128.096991    2.096991
7384          38     69     125  126.841548    1.841548
7385          38     70     124  127.877860    3.877860
7386          38     71     123  130.916706    7.916706
7387          38     72     122  128.288080    6.288080
7388          38     73     121  128.969201    7.969201
7389          38     74     120  121.349213    1.349213
7390          38     75     119  125.454367    6.454367
7391          38     76     118  119.607883    1.607883
7392          38     77     117  117.843618    0.843618
7393          38     78     116  116.419036    0.419036
7394          38     79     115  114.663040   -0.336960
7395          38     80     114  116.584257    2.584257
7396          38     81     113  117.342227    4.342227
7397          38     82     112  119.944445    7.944445
7398          38     83     111  117.379539    6.379539
7399          38     84     110  115.910302    5.910302
7400          38     85     109  116.670474    7.670474
7401          38     86     108  111.564327    3.564327
7402          38     87     107  120.818935   13.818935
7403          38     88     106  115.789632    9.789632
7404          38     89     105  111.783047    6.783047
7405          38     90     104  112.276390    8.276390
7406          38     91     103  112.116871    9.116871
7407          38     92     102  110.594359    8.594359
7408          38     93     101  111.309242   10.309242
7409          38     94     100  108.097264    8.097264
7410          38     95      99  104.475252    5.475252
7411          38     96      98  113.274614   15.274614
7412          38     97      97  107.609556   10.609556
7413          38     98      96  102.758485    6.758485
7414          38     99      95  102.698049    7.698049
7415          38    100      94  104.230726   10.230726
7416          38    101      93  106.462015   13.462015
7417          38    102      92  111.468177   19.468177
7418          38    103      91  102.321968   11.321968
7419          38    104      90  104.448709   14.448709
7420          38    105      89   95.402892    6.402892
7421          38    106      88   97.941622    9.941622
7422          38    107      87   98.323022   11.323022
7423          38    108      86   96.559623   10.559623
7424          38    109      85   93.068633    8.068633
7425          38    110      84   99.108150   15.108150
7426          38    111      83   93.534947   10.534947
7427          38    112      82   92.701329   10.701329
7428          38    113      81   93.946032   12.946032
7429          38    114      80   90.633188   10.633188
7430          38    115      79   94.032318   15.032318
7431          38    116      78   90.624385   12.624385
7432          38    117      77   88.641374   11.641374
7433          38    118      76   86.726208   10.726208
7434          38    119      75   82.833165    7.833165
7435          38    120      74   84.862201   10.862201
7436          38    121      73   79.732307    6.732307
7437          38    122      72   81.260931    9.260931
7438          38    123      71   80.989447    9.989447
7439          38    124      70   80.232156   10.232156
7440          38    125      69   80.667729   11.667729
7441          38    126      68   75.237506    7.237506
7442          38    127      67   75.088312    8.088312
7443          38    128      66   73.941664    7.941664
7444          38    129      65   79.720151   14.720151
7445          38    130      64   74.336755   10.336755
7446          38    131      63   77.800385   14.800385
7447          38    132      62   76.866568   14.866568
7448          38    133      61   73.863006   12.863006
7449          38    134      60   71.010535   11.010535
7450          38    135      59   67.025773    8.025773
7451          38    136      58   64.240315    6.240315
7452          38    137      57   62.478301    5.478301
7453          38    138      56   58.979169    2.979169
7454          38    139      55   57.812241    2.812241
7455          38    140      54   56.610303    2.610303
7456          38    141      53   61.794483    8.794483
7457          38    142      52   61.136056    9.136056
7458          38    143      51   57.538015    6.538015
7459          38    144      50   62.451633   12.451633
7460          38    145      49   52.434800    3.434800
7461          38    146      48   51.815227    3.815227
7462          38    147      47   54.509562    7.509562
7463          38    148      46   54.096443    8.096443
7464          38    149      45   49.902204    4.902204
7465          38    150      44   52.917719    8.917719
7466          38    151      43   50.615622    7.615622
7467          38    152      42   46.861343    4.861343
7468          38    153      41   46.510609    5.510609
7469          38    154      40   44.398245    4.398245
7470          38    155      39   37.944514   -1.055486
7471          38    156      38   41.285358    3.285358
7472          38    157      37   38.782991    1.782991
7473          38    158      36   42.243095    6.243095
7474          38    159      35   39.514004    4.514004
7475          38    160      34   36.463003    2.463003
7476          38    161      33   40.025816    7.025816
7477          38    162      32   34.427601    2.427601
7478          38    163      31   36.143306    5.143306
7479          38    164      30   35.343103    5.343103
7480          38    165      29   26.242210   -2.757790
7481          38    166      28   27.302375   -0.697625
7482          38    167      27   27.417741    0.417741
7483          38    168      26   27.210572    1.210572
7484          38    169      25   23.908585   -1.091415
7485          38    170      24   26.295003    2.295003
7486          38    171      23   27.952339    4.952339
7487          38    172      22   24.211879    2.211879
7488          38    173      21   30.707327    9.707327
7489          38    174      20   30.941173   10.941173
7490          38    175      19   28.169651    9.169651
7491          38    176      18   25.266116    7.266116
7492          38    177      17   25.012418    8.012418
7493          38    178      16   21.904750    5.904750
7494          38    179      15   24.475842    9.475842
7495          38    180      14   16.708812    2.708812
7496          38    181      13   17.227062    4.227062
7497          38    182      12   15.945253    3.945253
7498          38    183      11   12.945870    1.945870
7499          38    184      10   15.763914    5.763914
7500          38    185       9   10.797384    1.797384
7501          38    186       8   13.095330    5.095330
7502          38    187       7   11.647454    4.647454
7503          38    188       6    6.562682    0.562682
7504          38    189       5    6.379640    1.379640
7505          38    190       4    2.317675   -1.682325
7506          38    191       3   -0.773189   -3.773189
7507          38    192       2   -2.129996   -4.129996
7508          38    193       1   -4.988077   -5.988077
7509          38    194       0   -8.363313   -8.363313
7510          39      1     127  189.236340   62.236340
7511          39      2     126  183.965281   57.965281
7512          39      3     125  186.859155   61.859155
7513          39      4     124  185.315268   61.315268
7514          39      5     123  186.565289   63.565289
7515          39      6     122  178.739251   56.739251
7516          39      7     121  179.814385   58.814385
7517          39      8     120  181.126459   61.126459
7518          39      9     119  178.477156   59.477156
7519          39     10     118  179.894066   61.894066
7520          39     11     117  178.200965   61.200965
7521          39     12     116  174.020608   58.020608
7522          39     13     115  172.617944   57.617944
7523          39     14     114  171.201584   57.201584
7524          39     15     113  170.621435   57.621435
7525          39     16     112  170.610457   58.610457
7526          39     17     111  164.619516   53.619516
7527          39     18     110  170.659190   60.659190
7528          39     19     109  166.684403   57.684403
7529          39     20     108  165.598149   57.598149
7530          39     21     107  161.637389   54.637389
7531          39     22     106  160.441926   54.441926
7532          39     23     105  164.700260   59.700260
7533          39     24     104  161.187927   57.187927
7534          39     25     103  160.925329   57.925329
7535          39     26     102  157.399385   55.399385
7536          39     27     101  153.190728   52.190728
7537          39     28     100  157.977781   57.977781
7538          39     29      99  155.037783   56.037783
7539          39     30      98  153.420535   55.420535
7540          39     31      97  148.098213   51.098213
7541          39     32      96  143.298771   47.298771
7542          39     33      95  144.074174   49.074174
7543          39     34      94  143.483178   49.483178
7544          39     35      93  145.862659   52.862659
7545          39     36      92  144.550631   52.550631
7546          39     37      91  139.834652   48.834652
7547          39     38      90  133.863478   43.863478
7548          39     39      89  137.466100   48.466100
7549          39     40      88  134.720308   46.720308
7550          39     41      87  134.955541   47.955541
7551          39     42      86  130.088477   44.088477
7552          39     43      85  131.277901   46.277901
7553          39     44      84  132.955700   48.955700
7554          39     45      83  133.644149   50.644149
7555          39     46      82  128.840997   46.840997
7556          39     47      81  125.788184   44.788184
7557          39     48      80  125.667756   45.667756
7558          39     49      79  128.497199   49.497199
7559          39     50      78  126.971703   48.971703
7560          39     51      77  124.617430   47.617430
7561          39     52      76  127.822594   51.822594
7562          39     53      75  129.241905   54.241905
7563          39     54      74  126.122468   52.122468
7564          39     55      73  125.555489   52.555489
7565          39     56      72  114.390136   42.390136
7566          39     57      71  119.973844   48.973844
7567          39     58      70  119.299915   49.299915
7568          39     59      69  121.986564   52.986564
7569          39     60      68  119.478415   51.478415
7570          39     61      67  115.988749   48.988749
7571          39     62      66  118.856604   52.856604
7572          39     63      65  118.194905   53.194905
7573          39     64      64  115.175774   51.175774
7574          39     65      63  116.656067   53.656067
7575          39     66      62  111.997889   49.997889
7576          39     67      61  113.127996   52.127996
7577          39     68      60  110.758057   50.758057
7578          39     69      59  105.043146   46.043146
7579          39     70      58  103.485075   45.485075
7580          39     71      57  105.417420   48.417420
7581          39     72      56  103.075774   47.075774
7582          39     73      55  100.392123   45.392123
7583          39     74      54  104.984093   50.984093
7584          39     75      53   98.817141   45.817141
7585          39     76      52   97.290181   45.290181
7586          39     77      51   95.828898   44.828898
7587          39     78      50   86.481869   36.481869
7588          39     79      49   93.124813   44.124813
7589          39     80      48   89.767226   41.767226
7590          39     81      47   87.795076   40.795076
7591          39     82      46   84.427007   38.427007
7592          39     83      45   83.082871   38.082871
7593          39     84      44   83.530778   39.530778
7594          39     85      43   83.086395   40.086395
7595          39     86      42   82.544966   40.544966
7596          39     87      41   76.109576   35.109576
7597          39     88      40   85.607125   45.607125
7598          39     89      39   77.035912   38.035912
7599          39     90      38   73.152894   35.152894
7600          39     91      37   72.855809   35.855809
7601          39     92      36   67.224196   31.224196
7602          39     93      35   67.278014   32.278014
7603          39     94      34   63.669434   29.669434
7604          39     95      33   62.720192   29.720192
7605          39     96      32   57.750242   25.750242
7606          39     97      31   55.343936   24.343936
7607          39     98      30   53.743947   23.743947
7608          39     99      29   58.083945   29.083945
7609          39    100      28   53.533335   25.533335
7610          39    101      27   51.797343   24.797343
7611          39    102      26   49.636379   23.636379
7612          39    103      25   44.205748   19.205748
7613          39    104      24   49.444724   25.444724
7614          39    105      23   44.238185   21.238185
7615          39    106      22   39.632689   17.632689
7616          39    107      21   40.589525   19.589525
7617          39    108      20   42.408165   22.408165
7618          39    109      19   35.016606   16.016606
7619          39    110      18   37.379306   19.379306
7620          39    111      17   36.608265   19.608265
7621          39    112      16   30.722478   14.722478
7622          39    113      15   24.298908    9.298908
7623          39    114      14   17.194035    3.194035
7624          39    115      13   17.247968    4.247968
7625          39    116      12   18.676216    6.676216
7626          39    117      11   14.064578    3.064578
7627          39    118      10    7.535590   -2.464410
7628          39    119       9    5.850958   -3.149042
7629          39    120       8    2.403569   -5.596431
7630          39    121       7    0.615347   -6.384653
7631          39    122       6   -1.705415   -7.705415
7632          39    123       5   -2.364575   -7.364575
7633          39    124       4   -7.014223  -11.014223
7634          39    125       3   -8.313980  -11.313980
7635          39    126       2   -9.087550  -11.087550
7636          39    127       1  -17.441240  -18.441240
7637          39    128       0  -20.072031  -20.072031
7638          40      1     187  195.325620    8.325620
7639          40      2     186  184.610324   -1.389676
7640          40      3     185  171.606639  -13.393361
7641          40      4     184  167.246615  -16.753385
7642          40      5     183  163.963113  -19.036887
7643          40      6     182  168.895630  -13.104370
7644          40      7     181  168.585940  -12.414060
7645          40      8     180  167.240578  -12.759422
7646          40      9     179  164.462949  -14.537051
7647          40     10     178  168.217077   -9.782923
7648          40     11     177  165.819593  -11.180407
7649          40     12     176  164.716756  -11.283244
7650          40     13     175  162.478100  -12.521900
7651          40     14     174  168.458874   -5.541126
7652          40     15     173  162.450285  -10.549715
7653          40     16     172  163.910959   -8.089041
7654          40     17     171  160.401211  -10.598789
7655          40     18     170  159.546484  -10.453516
7656          40     19     169  161.508689   -7.491311
7657          40     20     168  157.860985  -10.139015
7658          40     21     167  160.031856   -6.968144
7659          40     22     166  151.542674  -14.457326
7660          40     23     165  152.915431  -12.084569
7661          40     24     164  150.077900  -13.922100
7662          40     25     163  154.636031   -8.363969
7663          40     26     162  152.449505   -9.550495
7664          40     27     161  149.971275  -11.028725
7665          40     28     160  150.079565   -9.920435
7666          40     29     159  149.293572   -9.706428
7667          40     30     158  151.170542   -6.829458
7668          40     31     157  149.718136   -7.281864
7669          40     32     156  151.033344   -4.966656
7670          40     33     155  153.758904   -1.241096
7671          40     34     154  144.015346   -9.984654
7672          40     35     153  146.304965   -6.695035
7673          40     36     152  138.983910  -13.016090
7674          40     37     151  147.535544   -3.464456
7675          40     38     150  140.914666   -9.085334
7676          40     39     149  133.102787  -15.897213
7677          40     40     148  133.465771  -14.534229
7678          40     41     147  137.830773   -9.169227
7679          40     42     146  138.367815   -7.632185
7680          40     43     145  138.539423   -6.460577
7681          40     44     144  136.119898   -7.880102
7682          40     45     143  135.379512   -7.620488
7683          40     46     142  132.428277   -9.571723
7684          40     47     141  132.527107   -8.472893
7685          40     48     140  128.017500  -11.982500
7686          40     49     139  134.826236   -4.173764
7687          40     50     138  132.283067   -5.716933
7688          40     51     137  133.053395   -3.946605
7689          40     52     136  132.305942   -3.694058
7690          40     53     135  134.441915   -0.558085
7691          40     54     134  132.193385   -1.806615
7692          40     55     133  132.175675   -0.824325
7693          40     56     132  134.765198    2.765198
7694          40     57     131  131.500367    0.500367
7695          40     58     130  130.511594    0.511594
7696          40     59     129  126.611806   -2.388194
7697          40     60     128  131.321699    3.321699
7698          40     61     127  126.914544   -0.085456
7699          40     62     126  130.150018    4.150018
7700          40     63     125  130.718332    5.718332
7701          40     64     124  130.633321    6.633321
7702          40     65     123  127.885136    4.885136
7703          40     66     122  126.449272    4.449272
7704          40     67     121  133.643972   12.643972
7705          40     68     120  132.716030   12.716030
7706          40     69     119  130.254772   11.254772
7707          40     70     118  136.038175   18.038175
7708          40     71     117  128.040858   11.040858
7709          40     72     116  128.801183   12.801183
7710          40     73     115  128.302314   13.302314
7711          40     74     114  126.093845   12.093845
7712          40     75     113  126.752288   13.752288
7713          40     76     112  121.502612    9.502612
7714          40     77     111  122.009272   11.009272
7715          40     78     110  120.820781   10.820781
7716          40     79     109  124.530093   15.530093
7717          40     80     108  122.489536   14.489536
7718          40     81     107  112.734307    5.734307
7719          40     82     106  113.353008    7.353008
7720          40     83     105  108.962914    3.962914
7721          40     84     104  104.054147    0.054147
7722          40     85     103  106.450001    3.450001
7723          40     86     102  106.351914    4.351914
7724          40     87     101   95.714863   -5.285137
7725          40     88     100  101.835492    1.835492
7726          40     89      99   98.383217   -0.616783
7727          40     90      98   97.747714   -0.252286
7728          40     91      97   94.366182   -2.633818
7729          40     92      96   93.251702   -2.748298
7730          40     93      95   94.690679   -0.309321
7731          40     94      94   96.263839    2.263839
7732          40     95      93   85.928960   -7.071040
7733          40     96      92   91.153404   -0.846596
7734          40     97      91   90.798110   -0.201890
7735          40     98      90   87.826811   -2.173189
7736          40     99      89   89.526593    0.526593
7737          40    100      88   88.564378    0.564378
7738          40    101      87   90.576693    3.576693
7739          40    102      86   90.643447    4.643447
7740          40    103      85   87.367563    2.367563
7741          40    104      84   89.894257    5.894257
7742          40    105      83   86.322701    3.322701
7743          40    106      82   81.971256   -0.028744
7744          40    107      81   81.371124    0.371124
7745          40    108      80   78.707149   -1.292851
7746          40    109      79   80.233716    1.233716
7747          40    110      78   80.384116    2.384116
7748          40    111      77   80.928858    3.928858
7749          40    112      76   80.740096    4.740096
7750          40    113      75   83.387081    8.387081
7751          40    114      74   77.380760    3.380760
7752          40    115      73   81.166366    8.166366
7753          40    116      72   76.975677    4.975677
7754          40    117      71   76.461929    5.461929
7755          40    118      70   78.243060    8.243060
7756          40    119      69   75.099936    6.099936
7757          40    120      68   76.478414    8.478414
7758          40    121      67   75.769867    8.769867
7759          40    122      66   70.590485    4.590485
7760          40    123      65   71.773177    6.773177
7761          40    124      64   69.701500    5.701500
7762          40    125      63   68.309206    5.309206
7763          40    126      62   63.869271    1.869271
7764          40    127      61   70.239429    9.239429
7765          40    128      60   65.057110    5.057110
7766          40    129      59   63.230038    4.230038
7767          40    130      58   57.709368   -0.290632
7768          40    131      57   52.754645   -4.245355
7769          40    132      56   55.389152   -0.610848
7770          40    133      55   57.371230    2.371230
7771          40    134      54   59.211597    5.211597
7772          40    135      53   54.143664    1.143664
7773          40    136      52   52.369251    0.369251
7774          40    137      51   55.137400    4.137400
7775          40    138      50   52.558346    2.558346
7776          40    139      49   58.457344    9.457344
7777          40    140      48   52.113098    4.113098
7778          40    141      47   53.268905    6.268905
7779          40    142      46   54.303983    8.303983
7780          40    143      45   52.415806    7.415806
7781          40    144      44   47.263021    3.263021
7782          40    145      43   49.004267    6.004267
7783          40    146      42   46.734949    4.734949
7784          40    147      41   49.176751    8.176751
7785          40    148      40   43.111656    3.111656
7786          40    149      39   46.638778    7.638778
7787          40    150      38   44.290179    6.290179
7788          40    151      37   45.410985    8.410985
7789          40    152      36   41.371845    5.371845
7790          40    153      35   46.272045   11.272045
7791          40    154      34   38.271405    4.271405
7792          40    155      33   36.315428    3.315428
7793          40    156      32   37.523640    5.523640
7794          40    157      31   37.526478    6.526478
7795          40    158      30   30.286656    0.286656
7796          40    159      29   32.648126    3.648126
7797          40    160      28   30.846479    2.846479
7798          40    161      27   28.682065    1.682065
7799          40    162      26   28.085004    2.085004
7800          40    163      25   31.101398    6.101398
7801          40    164      24   27.676385    3.676385
7802          40    165      23   28.460670    5.460670
7803          40    166      22   24.696672    2.696672
7804          40    167      21   24.011036    3.011036
7805          40    168      20   17.840285   -2.159715
7806          40    169      19   12.155122   -6.844878
7807          40    170      18   13.551899   -4.448101
7808          40    171      17   13.548759   -3.451241
7809          40    172      16    7.815441   -8.184559
7810          40    173      15    8.648188   -6.351812
7811          40    174      14    9.644834   -4.355166
7812          40    175      13    6.281926   -6.718074
7813          40    176      12    4.733683   -7.266317
7814          40    177      11    5.820754   -5.179246
7815          40    178      10    3.243110   -6.756890
7816          40    179       9    2.020485   -6.979515
7817          40    180       8    1.421604   -6.578396
7818          40    181       7    2.726165   -4.273835
7819          40    182       6    3.784381   -2.215619
7820          40    183       5    5.178269    0.178269
7821          40    184       4    6.378932    2.378932
7822          40    185       3    3.086911    0.086911
7823          40    186       2    1.210534   -0.789466
7824          40    187       1    0.077889   -0.922111
7825          40    188       0   -1.435434   -1.435434
7826          41      1     215  192.515912  -22.484088
7827          41      2     214  195.919232  -18.080768
7828          41      3     213  195.815734  -17.184266
7829          41      4     212  203.176105   -8.823895
7830          41      5     211  207.425414   -3.574586
7831          41      6     210  192.392270  -17.607730
7832          41      7     209  193.787466  -15.212534
7833          41      8     208  187.095264  -20.904736
7834          41      9     207  191.086085  -15.913915
7835          41     10     206  199.500385   -6.499615
7836          41     11     205  195.502973   -9.497027
7837          41     12     204  195.948888   -8.051112
7838          41     13     203  194.455521   -8.544479
7839          41     14     202  189.039451  -12.960549
7840          41     15     201  190.362877  -10.637123
7841          41     16     200  183.960090  -16.039910
7842          41     17     199  185.283455  -13.716545
7843          41     18     198  185.362452  -12.637548
7844          41     19     197  185.844160  -11.155840
7845          41     20     196  182.836564  -13.163436
7846          41     21     195  184.601792  -10.398208
7847          41     22     194  184.488983   -9.511017
7848          41     23     193  184.691415   -8.308585
7849          41     24     192  182.440908   -9.559092
7850          41     25     191  177.653271  -13.346729
7851          41     26     190  179.485084  -10.514916
7852          41     27     189  175.506945  -13.493055
7853          41     28     188  175.616130  -12.383870
7854          41     29     187  174.957415  -12.042585
7855          41     30     186  174.223092  -11.776908
7856          41     31     185  176.043526   -8.956474
7857          41     32     184  158.722350  -25.277650
7858          41     33     183  165.394121  -17.605879
7859          41     34     182  168.383600  -13.616400
7860          41     35     181  167.386879  -13.613121
7861          41     36     180  171.019912   -8.980088
7862          41     37     179  172.485756   -6.514244
7863          41     38     178  170.495403   -7.504597
7864          41     39     177  170.886183   -6.113817
7865          41     40     176  169.066020   -6.933980
7866          41     41     175  173.993662   -1.006338
7867          41     42     174  170.535826   -3.464174
7868          41     43     173  173.500325    0.500325
7869          41     44     172  173.792281    1.792281
7870          41     45     171  171.616821    0.616821
7871          41     46     170  169.609369   -0.390631
7872          41     47     169  166.947283   -2.052717
7873          41     48     168  162.696822   -5.303178
7874          41     49     167  161.807698   -5.192302
7875          41     50     166  159.549821   -6.450179
7876          41     51     165  162.633258   -2.366742
7877          41     52     164  164.035895    0.035895
7878          41     53     163  158.025918   -4.974082
7879          41     54     162  159.970329   -2.029671
7880          41     55     161  154.275568   -6.724432
7881          41     56     160  158.648532   -1.351468
7882          41     57     159  153.661042   -5.338958
7883          41     58     158  146.858915  -11.141085
7884          41     59     157  149.807890   -7.192110
7885          41     60     156  144.423973  -11.576027
7886          41     61     155  150.103767   -4.896233
7887          41     62     154  147.735707   -6.264293
7888          41     63     153  144.798940   -8.201060
7889          41     64     152  143.213802   -8.786198
7890          41     65     151  145.796443   -5.203557
7891          41     66     150  145.037209   -4.962791
7892          41     67     149  145.212851   -3.787149
7893          41     68     148  140.881591   -7.118409
7894          41     69     147  147.472750    0.472750
7895          41     70     146  140.370042   -5.629958
7896          41     71     145  145.192054    0.192054
7897          41     72     144  144.183426    0.183426
7898          41     73     143  141.076928   -1.923072
7899          41     74     142  138.478194   -3.521806
7900          41     75     141  135.102271   -5.897729
7901          41     76     140  133.350770   -6.649230
7902          41     77     139  134.255889   -4.744111
7903          41     78     138  138.219161    0.219161
7904          41     79     137  130.185426   -6.814574
7905          41     80     136  128.860269   -7.139731
7906          41     81     135  135.385137    0.385137
7907          41     82     134  136.409007    2.409007
7908          41     83     133  135.747934    2.747934
7909          41     84     132  136.362817    4.362817
7910          41     85     131  133.557564    2.557564
7911          41     86     130  138.631172    8.631172
7912          41     87     129  141.697856   12.697856
7913          41     88     128  139.267004   11.267004
7914          41     89     127  138.011645   11.011645
7915          41     90     126  132.045412    6.045412
7916          41     91     125  134.856952    9.856952
7917          41     92     124  135.800359   11.800359
7918          41     93     123  132.354393    9.354393
7919          41     94     122  136.949925   14.949925
7920          41     95     121  130.057093    9.057093
7921          41     96     120  128.620791    8.620791
7922          41     97     119  127.338726    8.338726
7923          41     98     118  126.304703    8.304703
7924          41     99     117  133.063320   16.063320
7925          41    100     116  122.915075    6.915075
7926          41    101     115  122.309802    7.309802
7927          41    102     114  118.281589    4.281589
7928          41    103     113  119.978530    6.978530
7929          41    104     112  126.128716   14.128716
7930          41    105     111  119.591402    8.591402
7931          41    106     110  122.860765   12.860765
7932          41    107     109  119.059819   10.059819
7933          41    108     108  113.495619    5.495619
7934          41    109     107  113.519649    6.519649
7935          41    110     106  114.350874    8.350874
7936          41    111     105  115.888281   10.888281
7937          41    112     104  108.691779    4.691779
7938          41    113     103  105.074609    2.074609
7939          41    114     102  108.018342    6.018342
7940          41    115     101  110.592496    9.592496
7941          41    116     100  110.936523   10.936523
7942          41    117      99  107.860671    8.860671
7943          41    118      98  102.989728    4.989728
7944          41    119      97  109.538713   12.538713
7945          41    120      96  111.913873   15.913873
7946          41    121      95  104.677858    9.677858
7947          41    122      94  106.952155   12.952155
7948          41    123      93  102.996873    9.996873
7949          41    124      92   99.819591    7.819591
7950          41    125      91  100.079985    9.079985
7951          41    126      90   97.072882    7.072882
7952          41    127      89   95.348394    6.348394
7953          41    128      88   89.255875    1.255875
7954          41    129      87   95.477525    8.477525
7955          41    130      86   88.305252    2.305252
7956          41    131      85   89.271410    4.271410
7957          41    132      84   80.068757   -3.931243
7958          41    133      83   84.589489    1.589489
7959          41    134      82   89.799217    7.799217
7960          41    135      81   81.788002    0.788002
7961          41    136      80   85.657471    5.657471
7962          41    137      79   86.205714    7.205714
7963          41    138      78   84.631928    6.631928
7964          41    139      77   78.323607    1.323607
7965          41    140      76   73.898633   -2.101367
7966          41    141      75   79.178565    4.178565
7967          41    142      74   74.485961    0.485961
7968          41    143      73   76.020880    3.020880
7969          41    144      72   78.045726    6.045726
7970          41    145      71   69.167750   -1.832250
7971          41    146      70   66.935829   -3.064171
7972          41    147      69   69.063260    0.063260
7973          41    148      68   67.741113   -0.258887
7974          41    149      67   67.976988    0.976988
7975          41    150      66   61.811622   -4.188378
7976          41    151      65   68.733790    3.733790
7977          41    152      64   64.395783    0.395783
7978          41    153      63   60.843830   -2.156170
7979          41    154      62   61.314351   -0.685649
7980          41    155      61   61.550955    0.550955
7981          41    156      60   63.946693    3.946693
7982          41    157      59   58.904556   -0.095444
7983          41    158      58   55.054643   -2.945357
7984          41    159      57   54.516805   -2.483195
7985          41    160      56   49.081019   -6.918981
7986          41    161      55   45.794527   -9.205473
7987          41    162      54   46.130737   -7.869263
7988          41    163      53   47.196378   -5.803622
7989          41    164      52   45.731243   -6.268757
7990          41    165      51   48.580932   -2.419068
7991          41    166      50   45.152100   -4.847900
7992          41    167      49   43.891610   -5.108390
7993          41    168      48   40.367573   -7.632427
7994          41    169      47   38.626910   -8.373090
7995          41    170      46   41.599250   -4.400750
7996          41    171      45   42.574282   -2.425718
7997          41    172      44   36.253398   -7.746602
7998          41    173      43   39.517551   -3.482449
7999          41    174      42   32.856459   -9.143541
8000          41    175      41   33.479603   -7.520397
8001          41    176      40   31.009950   -8.990050
8002          41    177      39   30.277198   -8.722802
8003          41    178      38   29.277323   -8.722677
8004          41    179      37   31.554735   -5.445265
8005          41    180      36   30.248358   -5.751642
8006          41    181      35   31.729048   -3.270952
8007          41    182      34   26.747965   -7.252035
8008          41    183      33   26.742564   -6.257436
8009          41    184      32   22.240976   -9.759024
8010          41    185      31   17.851029  -13.148971
8011          41    186      30   25.715577   -4.284423
8012          41    187      29   19.956398   -9.043602
8013          41    188      28   17.024222  -10.975778
8014          41    189      27   16.719015  -10.280985
8015          41    190      26   19.677315   -6.322685
8016          41    191      25   12.576131  -12.423869
8017          41    192      24    8.175773  -15.824227
8018          41    193      23   12.865682  -10.134318
8019          41    194      22   11.606210  -10.393790
8020          41    195      21    7.140853  -13.859147
8021          41    196      20   12.821688   -7.178312
8022          41    197      19   10.178513   -8.821487
8023          41    198      18   10.734711   -7.265289
8024          41    199      17    6.814936  -10.185064
8025          41    200      16    6.083867   -9.916133
8026          41    201      15    3.196342  -11.803658
8027          41    202      14    2.828158  -11.171842
8028          41    203      13    2.453755  -10.546245
8029          41    204      12   -1.931873  -13.931873
8030          41    205      11   -5.816931  -16.816931
8031          41    206      10   -4.001816  -14.001816
8032          41    207       9   -5.376867  -14.376867
8033          41    208       8   -5.377126  -13.377126
8034          41    209       7  -12.281358  -19.281358
8035          41    210       6  -16.036672  -22.036672
8036          41    211       5  -17.659340  -22.659340
8037          41    212       4  -20.667098  -24.667098
8038          41    213       3  -19.710266  -22.710266
8039          41    214       2  -24.484417  -26.484417
8040          41    215       1  -17.394677  -18.394677
8041          41    216       0  -16.196683  -16.196683
8042          42      1     195  199.967825    4.967825
8043          42      2     194  195.472074    1.472074
8044          42      3     193  177.782355  -15.217645
8045          42      4     192  192.719792    0.719792
8046          42      5     191  190.054983   -0.945017
8047          42      6     190  190.742069    0.742069
8048          42      7     189  195.450423    6.450423
8049          42      8     188  192.446264    4.446264
8050          42      9     187  186.496445   -0.503555
8051          42     10     186  181.753767   -4.246233
8052          42     11     185  181.553516   -3.446484
8053          42     12     184  177.048731   -6.951269
8054          42     13     183  177.367339   -5.632661
8055          42     14     182  184.346073    2.346073
8056          42     15     181  176.325073   -4.674927
8057          42     16     180  170.766506   -9.233494
8058          42     17     179  167.554939  -11.445061
8059          42     18     178  169.226359   -8.773641
8060          42     19     177  168.917795   -8.082205
8061          42     20     176  165.291447  -10.708553
8062          42     21     175  169.542216   -5.457784
8063          42     22     174  161.782300  -12.217700
8064          42     23     173  165.797838   -7.202162
8065          42     24     172  159.059265  -12.940735
8066          42     25     171  158.575763  -12.424237
8067          42     26     170  158.125279  -11.874721
8068          42     27     169  159.755725   -9.244275
8069          42     28     168  158.580220   -9.419780
8070          42     29     167  162.278935   -4.721065
8071          42     30     166  153.902816  -12.097184
8072          42     31     165  162.054064   -2.945936
8073          42     32     164  154.570794   -9.429206
8074          42     33     163  150.764272  -12.235728
8075          42     34     162  151.571060  -10.428940
8076          42     35     161  156.264223   -4.735777
8077          42     36     160  151.589971   -8.410029
8078          42     37     159  150.976811   -8.023189
8079          42     38     158  151.632616   -6.367384
8080          42     39     157  146.477727  -10.522273
8081          42     40     156  147.144497   -8.855503
8082          42     41     155  155.201968    0.201968
8083          42     42     154  160.187293    6.187293
8084          42     43     153  155.586295    2.586295
8085          42     44     152  153.325390    1.325390
8086          42     45     151  146.160998   -4.839002
8087          42     46     150  144.658646   -5.341354
8088          42     47     149  145.318391   -3.681609
8089          42     48     148  150.700670    2.700670
8090          42     49     147  147.432079    0.432079
8091          42     50     146  143.138536   -2.861464
8092          42     51     145  149.018689    4.018689
8093          42     52     144  146.348976    2.348976
8094          42     53     143  149.461075    6.461075
8095          42     54     142  147.197097    5.197097
8096          42     55     141  146.797475    5.797475
8097          42     56     140  149.164306    9.164306
8098          42     57     139  139.306895    0.306895
8099          42     58     138  138.388889    0.388889
8100          42     59     137  140.469595    3.469595
8101          42     60     136  145.629739    9.629739
8102          42     61     135  141.279790    6.279790
8103          42     62     134  138.132740    4.132740
8104          42     63     133  139.274629    6.274629
8105          42     64     132  136.791484    4.791484
8106          42     65     131  144.641345   13.641345
8107          42     66     130  138.764554    8.764554
8108          42     67     129  135.480716    6.480716
8109          42     68     128  136.458775    8.458775
8110          42     69     127  139.655293   12.655293
8111          42     70     126  131.762553    5.762553
8112          42     71     125  136.668303   11.668303
8113          42     72     124  134.719212   10.719212
8114          42     73     123  132.055519    9.055519
8115          42     74     122  127.427681    5.427681
8116          42     75     121  130.165894    9.165894
8117          42     76     120  131.775509   11.775509
8118          42     77     119  137.352216   18.352216
8119          42     78     118  129.569990   11.569990
8120          42     79     117  122.646394    5.646394
8121          42     80     116  123.380505    7.380505
8122          42     81     115  120.845686    5.845686
8123          42     82     114  118.709564    4.709564
8124          42     83     113  116.273770    3.273770
8125          42     84     112  122.814228   10.814228
8126          42     85     111  123.449122   12.449122
8127          42     86     110  116.691022    6.691022
8128          42     87     109  119.790629   10.790629
8129          42     88     108  119.369612   11.369612
8130          42     89     107  115.038268    8.038268
8131          42     90     106  116.320375   10.320375
8132          42     91     105  115.511383   10.511383
8133          42     92     104  117.906958   13.906958
8134          42     93     103  113.709973   10.709973
8135          42     94     102  108.079618    6.079618
8136          42     95     101  105.588282    4.588282
8137          42     96     100  109.395310    9.395310
8138          42     97      99  107.014334    8.014334
8139          42     98      98  100.358394    2.358394
8140          42     99      97  112.781095   15.781095
8141          42    100      96  105.398231    9.398231
8142          42    101      95  111.095017   16.095017
8143          42    102      94  102.990915    8.990915
8144          42    103      93  104.377039   11.377039
8145          42    104      92  109.258556   17.258556
8146          42    105      91  107.468846   16.468846
8147          42    106      90  106.331758   16.331758
8148          42    107      89  104.856639   15.856639
8149          42    108      88  103.599595   15.599595
8150          42    109      87   99.509987   12.509987
8151          42    110      86  101.697439   15.697439
8152          42    111      85   94.501882    9.501882
8153          42    112      84   94.951592   10.951592
8154          42    113      83   90.701969    7.701969
8155          42    114      82   89.946196    7.946196
8156          42    115      81   92.066217   11.066217
8157          42    116      80   83.828929    3.828929
8158          42    117      79   84.629245    5.629245
8159          42    118      78   88.122560   10.122560
8160          42    119      77   83.367493    6.367493
8161          42    120      76   83.103956    7.103956
8162          42    121      75   86.238279   11.238279
8163          42    122      74   85.778249   11.778249
8164          42    123      73   79.189322    6.189322
8165          42    124      72   81.063342    9.063342
8166          42    125      71   77.582127    6.582127
8167          42    126      70   83.796423   13.796423
8168          42    127      69   81.067026   12.067026
8169          42    128      68   74.452339    6.452339
8170          42    129      67   75.957030    8.957030
8171          42    130      66   80.030285   14.030285
8172          42    131      65   75.935370   10.935370
8173          42    132      64   70.572455    6.572455
8174          42    133      63   68.965969    5.965969
8175          42    134      62   69.215532    7.215532
8176          42    135      61   72.041823   11.041823
8177          42    136      60   69.096104    9.096104
8178          42    137      59   70.117361   11.117361
8179          42    138      58   66.717582    8.717582
8180          42    139      57   70.901723   13.901723
8181          42    140      56   67.138424   11.138424
8182          42    141      55   67.582534   12.582534
8183          42    142      54   66.949405   12.949405
8184          42    143      53   60.526886    7.526886
8185          42    144      52   60.956143    8.956143
8186          42    145      51   58.779133    7.779133
8187          42    146      50   54.980810    4.980810
8188          42    147      49   56.988406    7.988406
8189          42    148      48   55.896263    7.896263
8190          42    149      47   57.606044   10.606044
8191          42    150      46   45.996032   -0.003968
8192          42    151      45   49.089557    4.089557
8193          42    152      44   48.383383    4.383383
8194          42    153      43   44.938229    1.938229
8195          42    154      42   49.048987    7.048987
8196          42    155      41   43.133375    2.133375
8197          42    156      40   40.460772    0.460772
8198          42    157      39   43.708515    4.708515
8199          42    158      38   40.162232    2.162232
8200          42    159      37   44.108314    7.108314
8201          42    160      36   36.806229    0.806229
8202          42    161      35   33.718325   -1.281675
8203          42    162      34   33.808566   -0.191434
8204          42    163      33   30.126603   -2.873397
8205          42    164      32   30.116411   -1.883589
8206          42    165      31   31.772452    0.772452
8207          42    166      30   32.210171    2.210171
8208          42    167      29   29.500053    0.500053
8209          42    168      28   25.600239   -2.399761
8210          42    169      27   29.082564    2.082564
8211          42    170      26   26.639872    0.639872
8212          42    171      25   26.835291    1.835291
8213          42    172      24   26.008858    2.008858
8214          42    173      23   23.674589    0.674589
8215          42    174      22   23.113980    1.113980
8216          42    175      21   24.637453    3.637453
8217          42    176      20   24.283394    4.283394
8218          42    177      19   21.707795    2.707795
8219          42    178      18   20.521332    2.521332
8220          42    179      17   18.600929    1.600929
8221          42    180      16   17.207420    1.207420
8222          42    181      15   14.096449   -0.903551
8223          42    182      14   15.594336    1.594336
8224          42    183      13   11.709520   -1.290480
8225          42    184      12   13.165954    1.165954
8226          42    185      11   14.172465    3.172465
8227          42    186      10    8.034089   -1.965911
8228          42    187       9   11.773320    2.773320
8229          42    188       8    5.708700   -2.291300
8230          42    189       7    6.364558   -0.635442
8231          42    190       6    0.672885   -5.327115
8232          42    191       5    0.936788   -4.063212
8233          42    192       4    4.935211    0.935211
8234          42    193       3   -3.035454   -6.035454
8235          42    194       2   -4.002156   -6.002156
8236          42    195       1   -2.180167   -3.180167
8237          42    196       0   -4.694396   -4.694396
8238          43      1     206  201.861235   -4.138765
8239          43      2     205  199.166356   -5.833644
8240          43      3     204  207.362166    3.362166
8241          43      4     203  210.787302    7.787302
8242          43      5     202  212.489187   10.489187
8243          43      6     201  206.916791    5.916791
8244          43      7     200  208.052900    8.052900
8245          43      8     199  203.908700    4.908700
8246          43      9     198  199.526414    1.526414
8247          43     10     197  195.811467   -1.188533
8248          43     11     196  198.012209    2.012209
8249          43     12     195  192.689842   -2.310158
8250          43     13     194  190.431741   -3.568259
8251          43     14     193  201.021924    8.021924
8252          43     15     192  193.391040    1.391040
8253          43     16     191  196.230024    5.230024
8254          43     17     190  197.323259    7.323259
8255          43     18     189  192.674246    3.674246
8256          43     19     188  189.761878    1.761878
8257          43     20     187  187.129258    0.129258
8258          43     21     186  183.835882   -2.164118
8259          43     22     185  182.684538   -2.315462
8260          43     23     184  188.498314    4.498314
8261          43     24     183  177.220550   -5.779450
8262          43     25     182  182.667226    0.667226
8263          43     26     181  182.641584    1.641584
8264          43     27     180  177.192397   -2.807603
8265          43     28     179  184.162572    5.162572
8266          43     29     178  178.623652    0.623652
8267          43     30     177  182.176544    5.176544
8268          43     31     176  177.711005    1.711005
8269          43     32     175  173.939417   -1.060583
8270          43     33     174  168.527570   -5.472430
8271          43     34     173  172.940422   -0.059578
8272          43     35     172  171.547113   -0.452887
8273          43     36     171  172.781569    1.781569
8274          43     37     170  170.943205    0.943205
8275          43     38     169  163.401381   -5.598619
8276          43     39     168  168.026988    0.026988
8277          43     40     167  156.727693  -10.272307
8278          43     41     166  165.010312   -0.989688
8279          43     42     165  160.865901   -4.134099
8280          43     43     164  163.658015   -0.341985
8281          43     44     163  167.796310    4.796310
8282          43     45     162  168.903514    6.903514
8283          43     46     161  165.504252    4.504252
8284          43     47     160  161.118704    1.118704
8285          43     48     159  160.973014    1.973014
8286          43     49     158  159.224666    1.224666
8287          43     50     157  159.358347    2.358347
8288          43     51     156  155.213076   -0.786924
8289          43     52     155  160.632388    5.632388
8290          43     53     154  156.203200    2.203200
8291          43     54     153  159.683653    6.683653
8292          43     55     152  150.277842   -1.722158
8293          43     56     151  145.975155   -5.024845
8294          43     57     150  153.040733    3.040733
8295          43     58     149  144.780161   -4.219839
8296          43     59     148  143.198188   -4.801812
8297          43     60     147  148.257250    1.257250
8298          43     61     146  150.049109    4.049109
8299          43     62     145  140.100029   -4.899971
8300          43     63     144  148.666202    4.666202
8301          43     64     143  148.612265    5.612265
8302          43     65     142  143.055051    1.055051
8303          43     66     141  139.831596   -1.168404
8304          43     67     140  144.471395    4.471395
8305          43     68     139  141.054632    2.054632
8306          43     69     138  145.483316    7.483316
8307          43     70     137  141.434958    4.434958
8308          43     71     136  141.112810    5.112810
8309          43     72     135  138.865924    3.865924
8310          43     73     134  137.401460    3.401460
8311          43     74     133  134.731523    1.731523
8312          43     75     132  148.978747   16.978747
8313          43     76     131  142.271099   11.271099
8314          43     77     130  140.955638   10.955638
8315          43     78     129  139.731587   10.731587
8316          43     79     128  134.721415    6.721415
8317          43     80     127  137.871917   10.871917
8318          43     81     126  143.557096   17.557096
8319          43     82     125  140.449766   15.449766
8320          43     83     124  134.583104   10.583104
8321          43     84     123  133.672112   10.672112
8322          43     85     122  132.713749   10.713749
8323          43     86     121  129.778692    8.778692
8324          43     87     120  134.876459   14.876459
8325          43     88     119  131.499682   12.499682
8326          43     89     118  132.601372   14.601372
8327          43     90     117  134.038840   17.038840
8328          43     91     116  135.493231   19.493231
8329          43     92     115  124.271485    9.271485
8330          43     93     114  127.376865   13.376865
8331          43     94     113  127.419478   14.419478
8332          43     95     112  130.604645   18.604645
8333          43     96     111  129.575414   18.575414
8334          43     97     110  129.041062   19.041062
8335          43     98     109  126.831200   17.831200
8336          43     99     108  127.098158   19.098158
8337          43    100     107  123.509127   16.509127
8338          43    101     106  128.356496   22.356496
8339          43    102     105  121.031852   16.031852
8340          43    103     104  121.603732   17.603732
8341          43    104     103  123.747554   20.747554
8342          43    105     102  117.687934   15.687934
8343          43    106     101  113.388759   12.388759
8344          43    107     100  117.338568   17.338568
8345          43    108      99  112.754558   13.754558
8346          43    109      98  111.586308   13.586308
8347          43    110      97  112.338213   15.338213
8348          43    111      96  104.177592    8.177592
8349          43    112      95  102.735539    7.735539
8350          43    113      94   97.682219    3.682219
8351          43    114      93  102.467328    9.467328
8352          43    115      92   96.297134    4.297134
8353          43    116      91   99.606902    8.606902
8354          43    117      90   92.081939    2.081939
8355          43    118      89  101.447105   12.447105
8356          43    119      88  103.867078   15.867078
8357          43    120      87  105.201015   18.201015
8358          43    121      86  101.343522   15.343522
8359          43    122      85  108.884463   23.884463
8360          43    123      84  100.733568   16.733568
8361          43    124      83  102.449214   19.449214
8362          43    125      82  105.578105   23.578105
8363          43    126      81  104.141117   23.141117
8364          43    127      80   96.000155   16.000155
8365          43    128      79  100.709255   21.709255
8366          43    129      78  101.757353   23.757353
8367          43    130      77   95.078297   18.078297
8368          43    131      76   94.461475   18.461475
8369          43    132      75   98.067528   23.067528
8370          43    133      74   90.829848   16.829848
8371          43    134      73   95.165168   22.165168
8372          43    135      72   89.536285   17.536285
8373          43    136      71   82.508941   11.508941
8374          43    137      70   80.958823   10.958823
8375          43    138      69   79.381179   10.381179
8376          43    139      68   82.000914   14.000914
8377          43    140      67   74.777439    7.777439
8378          43    141      66   76.725834   10.725834
8379          43    142      65   74.203872    9.203872
8380          43    143      64   70.785904    6.785904
8381          43    144      63   70.191529    7.191529
8382          43    145      62   69.928143    7.928143
8383          43    146      61   66.359309    5.359309
8384          43    147      60   64.025667    4.025667
8385          43    148      59   59.609362    0.609362
8386          43    149      58   60.747676    2.747676
8387          43    150      57   61.311862    4.311862
8388          43    151      56   56.264152    0.264152
8389          43    152      55   50.814105   -4.185895
8390          43    153      54   54.049464    0.049464
8391          43    154      53   50.131580   -2.868420
8392          43    155      52   46.624298   -5.375702
8393          43    156      51   52.076769    1.076769
8394          43    157      50   51.557074    1.557074
8395          43    158      49   51.830324    2.830324
8396          43    159      48   47.523454   -0.476546
8397          43    160      47   44.887905   -2.112095
8398          43    161      46   46.898008    0.898008
8399          43    162      45   43.612278   -1.387722
8400          43    163      44   34.031771   -9.968229
8401          43    164      43   37.316150   -5.683850
8402          43    165      42   38.980894   -3.019106
8403          43    166      41   36.155330   -4.844670
8404          43    167      40   36.774720   -3.225280
8405          43    168      39   33.450752   -5.549248
8406          43    169      38   33.760763   -4.239237
8407          43    170      37   31.206578   -5.793422
8408          43    171      36   30.986063   -5.013937
8409          43    172      35   28.222693   -6.777307
8410          43    173      34   26.751049   -7.248951
8411          43    174      33   25.358214   -7.641786
8412          43    175      32   25.099002   -6.900998
8413          43    176      31   23.418901   -7.581099
8414          43    177      30   18.086209  -11.913791
8415          43    178      29   18.480143  -10.519857
8416          43    179      28   19.410064   -8.589936
8417          43    180      27   17.898702   -9.101298
8418          43    181      26   12.774106  -13.225894
8419          43    182      25   12.725817  -12.274183
8420          43    183      24    9.237574  -14.762426
8421          43    184      23    9.702119  -13.297881
8422          43    185      22    4.769736  -17.230264
8423          43    186      21    2.641184  -18.358816
8424          43    187      20    3.790501  -16.209499
8425          43    188      19   -3.028585  -22.028585
8426          43    189      18   -4.458998  -22.458998
8427          43    190      17   -4.176414  -21.176414
8428          43    191      16   -5.817719  -21.817719
8429          43    192      15   -7.290217  -22.290217
8430          43    193      14   -9.329663  -23.329663
8431          43    194      13  -10.951475  -23.951475
8432          43    195      12   -8.424703  -20.424703
8433          43    196      11   -9.585386  -20.585386
8434          43    197      10   -9.942576  -19.942576
8435          43    198       9  -12.574709  -21.574709
8436          43    199       8  -11.557817  -19.557817
8437          43    200       7  -10.159311  -17.159311
8438          43    201       6  -13.479507  -19.479507
8439          43    202       5  -18.089001  -23.089001
8440          43    203       4  -16.488693  -20.488693
8441          43    204       3  -17.942481  -20.942481
8442          43    205       2  -20.527481  -22.527481
8443          43    206       1  -22.972521  -23.972521
8444          43    207       0  -26.849069  -26.849069
8445          44      1     191  209.949624   18.949624
8446          44      2     190  205.061503   15.061503
8447          44      3     189  203.464072   14.464072
8448          44      4     188  203.636761   15.636761
8449          44      5     187  205.585364   18.585364
8450          44      6     186  198.625715   12.625715
8451          44      7     185  195.876199   10.876199
8452          44      8     184  202.017301   18.017301
8453          44      9     183  195.350845   12.350845
8454          44     10     182  191.383446    9.383446
8455          44     11     181  187.681587    6.681587
8456          44     12     180  193.485847   13.485847
8457          44     13     179  195.953156   16.953156
8458          44     14     178  188.998669   10.998669
8459          44     15     177  185.122569    8.122569
8460          44     16     176  185.760798    9.760798
8461          44     17     175  183.636733    8.636733
8462          44     18     174  181.786817    7.786817
8463          44     19     173  177.524839    4.524839
8464          44     20     172  183.037622   11.037622
8465          44     21     171  174.037845    3.037845
8466          44     22     170  165.053282   -4.946718
8467          44     23     169  168.468563   -0.531437
8468          44     24     168  172.040819    4.040819
8469          44     25     167  165.145510   -1.854490
8470          44     26     166  162.862797   -3.137203
8471          44     27     165  160.994173   -4.005827
8472          44     28     164  161.776843   -2.223157
8473          44     29     163  158.243476   -4.756524
8474          44     30     162  168.754760    6.754760
8475          44     31     161  154.720097   -6.279903
8476          44     32     160  156.990130   -3.009870
8477          44     33     159  152.298402   -6.701598
8478          44     34     158  159.713125    1.713125
8479          44     35     157  158.004448    1.004448
8480          44     36     156  155.396284   -0.603716
8481          44     37     155  157.516904    2.516904
8482          44     38     154  156.934115    2.934115
8483          44     39     153  154.261086    1.261086
8484          44     40     152  160.745074    8.745074
8485          44     41     151  150.537093   -0.462907
8486          44     42     150  148.371191   -1.628809
8487          44     43     149  146.754896   -2.245104
8488          44     44     148  147.059802   -0.940198
8489          44     45     147  147.514331    0.514331
8490          44     46     146  143.309088   -2.690912
8491          44     47     145  140.803422   -4.196578
8492          44     48     144  148.621458    4.621458
8493          44     49     143  144.540199    1.540199
8494          44     50     142  147.743876    5.743876
8495          44     51     141  143.775299    2.775299
8496          44     52     140  148.383362    8.383362
8497          44     53     139  146.776583    7.776583
8498          44     54     138  141.820907    3.820907
8499          44     55     137  140.607199    3.607199
8500          44     56     136  143.832250    7.832250
8501          44     57     135  149.899661   14.899661
8502          44     58     134  146.416351   12.416351
8503          44     59     133  148.164664   15.164664
8504          44     60     132  147.474852   15.474852
8505          44     61     131  149.930202   18.930202
8506          44     62     130  149.982334   19.982334
8507          44     63     129  148.431764   19.431764
8508          44     64     128  152.961264   24.961264
8509          44     65     127  153.233088   26.233088
8510          44     66     126  148.515037   22.515037
8511          44     67     125  144.743899   19.743899
8512          44     68     124  152.267977   28.267977
8513          44     69     123  150.107995   27.107995
8514          44     70     122  152.832844   30.832844
8515          44     71     121  155.532925   34.532925
8516          44     72     120  153.284318   33.284318
8517          44     73     119  146.210129   27.210129
8518          44     74     118  159.652288   41.652288
8519          44     75     117  152.115106   35.115106
8520          44     76     116  154.699996   38.699996
8521          44     77     115  149.455535   34.455535
8522          44     78     114  151.677653   37.677653
8523          44     79     113  147.816597   34.816597
8524          44     80     112  143.645987   31.645987
8525          44     81     111  138.372351   27.372351
8526          44     82     110  138.608883   28.608883
8527          44     83     109  145.239658   36.239658
8528          44     84     108  139.171898   31.171898
8529          44     85     107  137.862675   30.862675
8530          44     86     106  132.722530   26.722530
8531          44     87     105  132.421747   27.421747
8532          44     88     104  130.811010   26.811010
8533          44     89     103  129.415375   26.415375
8534          44     90     102  127.161806   25.161806
8535          44     91     101  125.425280   24.425280
8536          44     92     100  124.142832   24.142832
8537          44     93      99  128.748478   29.748478
8538          44     94      98  122.796194   24.796194
8539          44     95      97  125.037776   28.037776
8540          44     96      96  119.629189   23.629189
8541          44     97      95  121.384811   26.384811
8542          44     98      94  116.705999   22.705999
8543          44     99      93  118.934226   25.934226
8544          44    100      92  124.665202   32.665202
8545          44    101      91  121.871307   30.871307
8546          44    102      90  117.685448   27.685448
8547          44    103      89  118.943410   29.943410
8548          44    104      88  114.182819   26.182819
8549          44    105      87  118.554544   31.554544
8550          44    106      86  112.310967   26.310967
8551          44    107      85  110.226006   25.226006
8552          44    108      84  108.271218   24.271218
8553          44    109      83  107.717835   24.717835
8554          44    110      82  111.595869   29.595869
8555          44    111      81  107.103140   26.103140
8556          44    112      80  109.089558   29.089558
8557          44    113      79  108.047408   29.047408
8558          44    114      78  107.646740   29.646740
8559          44    115      77  110.592734   33.592734
8560          44    116      76  107.307229   31.307229
8561          44    117      75  100.854781   25.854781
8562          44    118      74   97.150441   23.150441
8563          44    119      73  107.024168   34.024168
8564          44    120      72  105.480547   33.480547
8565          44    121      71  100.172120   29.172120
8566          44    122      70  104.999327   34.999327
8567          44    123      69  101.490897   32.490897
8568          44    124      68   93.924279   25.924279
8569          44    125      67   91.592906   24.592906
8570          44    126      66   95.233750   29.233750
8571          44    127      65   88.949758   23.949758
8572          44    128      64   91.814330   27.814330
8573          44    129      63   89.582143   26.582143
8574          44    130      62   90.658393   28.658393
8575          44    131      61   91.398810   30.398810
8576          44    132      60   92.077355   32.077355
8577          44    133      59   89.777883   30.777883
8578          44    134      58   85.312097   27.312097
8579          44    135      57   76.030896   19.030896
8580          44    136      56   77.410059   21.410059
8581          44    137      55   74.551785   19.551785
8582          44    138      54   76.313341   22.313341
8583          44    139      53   69.650294   16.650294
8584          44    140      52   71.170895   19.170895
8585          44    141      51   74.795980   23.795980
8586          44    142      50   66.014128   16.014128
8587          44    143      49   65.283941   16.283941
8588          44    144      48   64.816165   16.816165
8589          44    145      47   63.282301   16.282301
8590          44    146      46   58.648386   12.648386
8591          44    147      45   66.905518   21.905518
8592          44    148      44   64.423782   20.423782
8593          44    149      43   60.664558   17.664558
8594          44    150      42   58.170608   16.170608
8595          44    151      41   55.868198   14.868198
8596          44    152      40   48.797684    8.797684
8597          44    153      39   52.225538   13.225538
8598          44    154      38   51.186275   13.186275
8599          44    155      37   52.049247   15.049247
8600          44    156      36   49.616548   13.616548
8601          44    157      35   39.231543    4.231543
8602          44    158      34   42.442735    8.442735
8603          44    159      33   36.869818    3.869818
8604          44    160      32   40.906583    8.906583
8605          44    161      31   37.313697    6.313697
8606          44    162      30   34.963385    4.963385
8607          44    163      29   34.536708    5.536708
8608          44    164      28   33.341317    5.341317
8609          44    165      27   32.999845    5.999845
8610          44    166      26   28.285157    2.285157
8611          44    167      25   25.019775    0.019775
8612          44    168      24   25.925165    1.925165
8613          44    169      23   24.349210    1.349210
8614          44    170      22   22.482430    0.482430
8615          44    171      21   20.576195   -0.423805
8616          44    172      20   19.616264   -0.383736
8617          44    173      19   12.401583   -6.598417
8618          44    174      18   14.747956   -3.252044
8619          44    175      17   13.560728   -3.439272
8620          44    176      16   11.338052   -4.661948
8621          44    177      15   11.850935   -3.149065
8622          44    178      14   15.500226    1.500226
8623          44    179      13   14.218785    1.218785
8624          44    180      12   11.908813   -0.091187
8625          44    181      11    9.979140   -1.020860
8626          44    182      10    7.730911   -2.269089
8627          44    183       9   10.616293    1.616293
8628          44    184       8    5.746368   -2.253632
8629          44    185       7    9.923391    2.923391
8630          44    186       6    5.544199   -0.455801
8631          44    187       5    2.613720   -2.386280
8632          44    188       4    0.290091   -3.709909
8633          44    189       3   -2.277034   -5.277034
8634          44    190       2   -2.734272   -4.734272
8635          44    191       1   -2.154670   -3.154670
8636          44    192       0   -4.311450   -4.311450
8637          45      1     157  205.708090   48.708090
8638          45      2     156  195.393119   39.393119
8639          45      3     155  205.950571   50.950571
8640          45      4     154  198.563461   44.563461
8641          45      5     153  186.948381   33.948381
8642          45      6     152  197.177256   45.177256
8643          45      7     151  185.018584   34.018584
8644          45      8     150  193.297328   43.297328
8645          45      9     149  191.459657   42.459657
8646          45     10     148  192.319144   44.319144
8647          45     11     147  194.151377   47.151377
8648          45     12     146  191.540259   45.540259
8649          45     13     145  191.777369   46.777369
8650          45     14     144  193.790837   49.790837
8651          45     15     143  186.070666   43.070666
8652          45     16     142  191.931731   49.931731
8653          45     17     141  188.867991   47.867991
8654          45     18     140  182.232726   42.232726
8655          45     19     139  186.883865   47.883865
8656          45     20     138  180.555594   42.555594
8657          45     21     137  181.320610   44.320610
8658          45     22     136  182.150239   46.150239
8659          45     23     135  177.844261   42.844261
8660          45     24     134  172.199918   38.199918
8661          45     25     133  176.585871   43.585871
8662          45     26     132  175.474284   43.474284
8663          45     27     131  182.952830   51.952830
8664          45     28     130  180.111398   50.111398
8665          45     29     129  181.177732   52.177732
8666          45     30     128  176.217916   48.217916
8667          45     31     127  172.266063   45.266063
8668          45     32     126  176.121018   50.121018
8669          45     33     125  181.052699   56.052699
8670          45     34     124  179.899622   55.899622
8671          45     35     123  172.858906   49.858906
8672          45     36     122  172.365480   50.365480
8673          45     37     121  166.689252   45.689252
8674          45     38     120  171.357101   51.357101
8675          45     39     119  170.746887   51.746887
8676          45     40     118  171.714664   53.714664
8677          45     41     117  166.870484   49.870484
8678          45     42     116  168.911564   52.911564
8679          45     43     115  174.125523   59.125523
8680          45     44     114  166.527455   52.527455
8681          45     45     113  163.632022   50.632022
8682          45     46     112  163.320390   51.320390
8683          45     47     111  165.343867   54.343867
8684          45     48     110  164.012893   54.012893
8685          45     49     109  156.867432   47.867432
8686          45     50     108  155.576405   47.576405
8687          45     51     107  152.980770   45.980770
8688          45     52     106  152.046661   46.046661
8689          45     53     105  147.930349   42.930349
8690          45     54     104  151.018306   47.018306
8691          45     55     103  144.696501   41.696501
8692          45     56     102  148.077727   46.077727
8693          45     57     101  143.349052   42.349052
8694          45     58     100  147.382508   47.382508
8695          45     59      99  144.444608   45.444608
8696          45     60      98  146.385593   48.385593
8697          45     61      97  146.454769   49.454769
8698          45     62      96  141.315955   45.315955
8699          45     63      95  149.741910   54.741910
8700          45     64      94  148.267639   54.267639
8701          45     65      93  141.898769   48.898769
8702          45     66      92  143.934135   51.934135
8703          45     67      91  144.062890   53.062890
8704          45     68      90  140.546085   50.546085
8705          45     69      89  139.230141   50.230141
8706          45     70      88  135.435654   47.435654
8707          45     71      87  136.837456   49.837456
8708          45     72      86  133.158329   47.158329
8709          45     73      85  138.349248   53.349248
8710          45     74      84  136.900683   52.900683
8711          45     75      83  132.944141   49.944141
8712          45     76      82  130.868102   48.868102
8713          45     77      81  125.944444   44.944444
8714          45     78      80  135.472306   55.472306
8715          45     79      79  129.486557   50.486557
8716          45     80      78  130.035574   52.035574
8717          45     81      77  127.147243   50.147243
8718          45     82      76  124.286384   48.286384
8719          45     83      75  124.684187   49.684187
8720          45     84      74  127.086615   53.086615
8721          45     85      73  127.279550   54.279550
8722          45     86      72  126.025696   54.025696
8723          45     87      71  124.851063   53.851063
8724          45     88      70  123.727944   53.727944
8725          45     89      69  126.863609   57.863609
8726          45     90      68  118.409109   50.409109
8727          45     91      67  114.538996   47.538996
8728          45     92      66  120.169086   54.169086
8729          45     93      65  119.376508   54.376508
8730          45     94      64  121.366494   57.366494
8731          45     95      63  118.586559   55.586559
8732          45     96      62  123.929308   61.929308
8733          45     97      61  114.227613   53.227613
8734          45     98      60  110.151733   50.151733
8735          45     99      59  112.987048   53.987048
8736          45    100      58  109.816828   51.816828
8737          45    101      57  106.631012   49.631012
8738          45    102      56  108.087884   52.087884
8739          45    103      55  108.416442   53.416442
8740          45    104      54  106.201045   52.201045
8741          45    105      53  102.043465   49.043465
8742          45    106      52   91.702493   39.702493
8743          45    107      51   99.118405   48.118405
8744          45    108      50   97.966504   47.966504
8745          45    109      49   94.983587   45.983587
8746          45    110      48   97.361610   49.361610
8747          45    111      47   98.069508   51.069508
8748          45    112      46   97.416603   51.416603
8749          45    113      45   92.150181   47.150181
8750          45    114      44   82.249053   38.249053
8751          45    115      43   82.239714   39.239714
8752          45    116      42   81.231846   39.231846
8753          45    117      41   81.653457   40.653457
8754          45    118      40   71.585418   31.585418
8755          45    119      39   76.838903   37.838903
8756          45    120      38   71.802502   33.802502
8757          45    121      37   67.552873   30.552873
8758          45    122      36   67.297671   31.297671
8759          45    123      35   58.640148   23.640148
8760          45    124      34   58.574296   24.574296
8761          45    125      33   55.392620   22.392620
8762          45    126      32   49.490628   17.490628
8763          45    127      31   52.610344   21.610344
8764          45    128      30   48.113582   18.113582
8765          45    129      29   43.629250   14.629250
8766          45    130      28   42.552642   14.552642
8767          45    131      27   39.976468   12.976468
8768          45    132      26   43.870896   17.870896
8769          45    133      25   35.314913   10.314913
8770          45    134      24   36.036639   12.036639
8771          45    135      23   33.977436   10.977436
8772          45    136      22   33.715072   11.715072
8773          45    137      21   29.600390    8.600390
8774          45    138      20   26.170446    6.170446
8775          45    139      19   18.838960   -0.161040
8776          45    140      18   14.427584   -3.572416
8777          45    141      17   16.776118   -0.223882
8778          45    142      16   12.717184   -3.282816
8779          45    143      15   16.810932    1.810932
8780          45    144      14   14.679340    0.679340
8781          45    145      13    9.232892   -3.767108
8782          45    146      12    8.756200   -3.243800
8783          45    147      11    8.431037   -2.568963
8784          45    148      10    4.749429   -5.250571
8785          45    149       9    0.299694   -8.700306
8786          45    150       8   -1.381365   -9.381365
8787          45    151       7   -0.240491   -7.240491
8788          45    152       6   -2.978997   -8.978997
8789          45    153       5   -3.444505   -8.444505
8790          45    154       4   -5.670932   -9.670932
8791          45    155       3  -12.093835  -15.093835
8792          45    156       2  -11.785827  -13.785827
8793          45    157       1  -16.422990  -17.422990
8794          45    158       0  -17.381848  -17.381848
8795          46      1     255  242.561531  -12.438469
8796          46      2     254  240.067359  -13.932641
8797          46      3     253  224.554677  -28.445323
8798          46      4     252  223.286176  -28.713824
8799          46      5     251  221.580970  -29.419030
8800          46      6     250  219.764502  -30.235498
8801          46      7     249  212.621643  -36.378357
8802          46      8     248  206.516238  -41.483762
8803          46      9     247  215.798398  -31.201602
8804          46     10     246  210.903617  -35.096383
8805          46     11     245  203.791893  -41.208107
8806          46     12     244  201.037067  -42.962933
8807          46     13     243  204.603519  -38.396481
8808          46     14     242  203.027765  -38.972235
8809          46     15     241  199.166943  -41.833057
8810          46     16     240  202.572127  -37.427873
8811          46     17     239  197.743653  -41.256347
8812          46     18     238  190.713710  -47.286290
8813          46     19     237  193.969229  -43.030771
8814          46     20     236  194.432299  -41.567701
8815          46     21     235  188.063204  -46.936796
8816          46     22     234  193.069629  -40.930371
8817          46     23     233  192.099003  -40.900997
8818          46     24     232  187.081852  -44.918148
8819          46     25     231  190.052183  -40.947817
8820          46     26     230  186.549256  -43.450744
8821          46     27     229  187.930544  -41.069456
8822          46     28     228  188.018767  -39.981233
8823          46     29     227  184.522896  -42.477104
8824          46     30     226  184.101660  -41.898340
8825          46     31     225  182.370260  -42.629740
8826          46     32     224  180.522757  -43.477243
8827          46     33     223  181.361687  -41.638313
8828          46     34     222  183.707157  -38.292843
8829          46     35     221  178.316631  -42.683369
8830          46     36     220  173.941485  -46.058515
8831          46     37     219  178.199658  -40.800342
8832          46     38     218  173.511786  -44.488214
8833          46     39     217  172.250566  -44.749434
8834          46     40     216  175.163606  -40.836394
8835          46     41     215  167.781818  -47.218182
8836          46     42     214  173.375682  -40.624318
8837          46     43     213  172.737433  -40.262567
8838          46     44     212  166.064729  -45.935271
8839          46     45     211  171.864253  -39.135747
8840          46     46     210  163.786954  -46.213046
8841          46     47     209  163.881018  -45.118982
8842          46     48     208  163.963619  -44.036381
8843          46     49     207  162.206314  -44.793686
8844          46     50     206  155.464365  -50.535635
8845          46     51     205  159.770299  -45.229701
8846          46     52     204  158.377397  -45.622603
8847          46     53     203  157.922911  -45.077089
8848          46     54     202  152.905235  -49.094765
8849          46     55     201  165.179058  -35.820942
8850          46     56     200  163.295317  -36.704683
8851          46     57     199  165.418621  -33.581379
8852          46     58     198  166.981216  -31.018784
8853          46     59     197  167.048204  -29.951796
8854          46     60     196  163.531832  -32.468168
8855          46     61     195  157.716129  -37.283871
8856          46     62     194  164.159694  -29.840306
8857          46     63     193  165.874514  -27.125486
8858          46     64     192  163.671858  -28.328142
8859          46     65     191  158.799673  -32.200327
8860          46     66     190  156.450386  -33.549614
8861          46     67     189  154.785693  -34.214307
8862          46     68     188  163.777307  -24.222693
8863          46     69     187  153.421932  -33.578068
8864          46     70     186  164.223104  -21.776896
8865          46     71     185  155.014185  -29.985815
8866          46     72     184  154.375075  -29.624925
8867          46     73     183  154.728775  -28.271225
8868          46     74     182  150.188265  -31.811735
8869          46     75     181  162.874464  -18.125536
8870          46     76     180  162.315932  -17.684068
8871          46     77     179  159.726447  -19.273553
8872          46     78     178  159.540937  -18.459063
8873          46     79     177  152.763939  -24.236061
8874          46     80     176  150.736893  -25.263107
8875          46     81     175  147.715391  -27.284609
8876          46     82     174  150.051706  -23.948294
8877          46     83     173  144.060045  -28.939955
8878          46     84     172  142.433690  -29.566310
8879          46     85     171  149.925916  -21.074084
8880          46     86     170  147.205914  -22.794086
8881          46     87     169  142.818949  -26.181051
8882          46     88     168  145.338777  -22.661223
8883          46     89     167  144.243846  -22.756154
8884          46     90     166  143.559569  -22.440431
8885          46     91     165  138.697527  -26.302473
8886          46     92     164  143.362642  -20.637358
8887          46     93     163  144.691373  -18.308627
8888          46     94     162  138.921806  -23.078194
8889          46     95     161  151.268882   -9.731118
8890          46     96     160  145.089385  -14.910615
8891          46     97     159  147.842673  -11.157327
8892          46     98     158  146.371980  -11.628020
8893          46     99     157  144.544266  -12.455734
8894          46    100     156  150.754804   -5.245196
8895          46    101     155  146.636583   -8.363417
8896          46    102     154  153.076703   -0.923297
8897          46    103     153  148.181332   -4.818668
8898          46    104     152  149.029750   -2.970250
8899          46    105     151  143.129764   -7.870236
8900          46    106     150  140.693319   -9.306681
8901          46    107     149  140.574799   -8.425201
8902          46    108     148  141.128657   -6.871343
8903          46    109     147  132.827234  -14.172766
8904          46    110     146  135.539729  -10.460271
8905          46    111     145  137.795958   -7.204042
8906          46    112     144  130.723474  -13.276526
8907          46    113     143  133.568897   -9.431103
8908          46    114     142  133.746428   -8.253572
8909          46    115     141  127.200406  -13.799594
8910          46    116     140  128.913084  -11.086916
8911          46    117     139  129.210747   -9.789253
8912          46    118     138  124.073463  -13.926537
8913          46    119     137  121.327230  -15.672770
8914          46    120     136  122.051679  -13.948321
8915          46    121     135  123.023378  -11.976622
8916          46    122     134  120.577563  -13.422437
8917          46    123     133  115.284971  -17.715029
8918          46    124     132  120.149604  -11.850396
8919          46    125     131  114.123228  -16.876772
8920          46    126     130  115.990810  -14.009190
8921          46    127     129  119.175727   -9.824273
8922          46    128     128  119.375286   -8.624714
8923          46    129     127  116.882190  -10.117810
8924          46    130     126  113.119117  -12.880883
8925          46    131     125  118.416220   -6.583780
8926          46    132     124  114.395137   -9.604863
8927          46    133     123  115.326552   -7.673448
8928          46    134     122  117.003007   -4.996993
8929          46    135     121  114.054189   -6.945811
8930          46    136     120  114.170267   -5.829733
8931          46    137     119  113.922385   -5.077615
8932          46    138     118  117.784189   -0.215811
8933          46    139     117  116.758923   -0.241077
8934          46    140     116  117.898658    1.898658
8935          46    141     115  116.470817    1.470817
8936          46    142     114  116.836156    2.836156
8937          46    143     113  117.037037    4.037037
8938          46    144     112  114.398380    2.398380
8939          46    145     111  109.915837   -1.084163
8940          46    146     110  114.299322    4.299322
8941          46    147     109  109.450015    0.450015
8942          46    148     108  115.311464    7.311464
8943          46    149     107  111.873704    4.873704
8944          46    150     106  113.993855    7.993855
8945          46    151     105  109.039331    4.039331
8946          46    152     104  101.202531   -2.797469
8947          46    153     103  108.338125    5.338125
8948          46    154     102  104.873536    2.873536
8949          46    155     101   95.955868   -5.044132
8950          46    156     100   99.440588   -0.559412
8951          46    157      99   96.193521   -2.806479
8952          46    158      98   90.894563   -7.105437
8953          46    159      97   96.440035   -0.559965
8954          46    160      96   91.781581   -4.218419
8955          46    161      95   89.747788   -5.252212
8956          46    162      94   88.270641   -5.729359
8957          46    163      93   88.098007   -4.901993
8958          46    164      92   86.861054   -5.138946
8959          46    165      91   85.088982   -5.911018
8960          46    166      90   85.127092   -4.872908
8961          46    167      89   83.505237   -5.494763
8962          46    168      88   85.589485   -2.410515
8963          46    169      87   73.000850  -13.999150
8964          46    170      86   82.754405   -3.245595
8965          46    171      85   87.576761    2.576761
8966          46    172      84   77.266010   -6.733990
8967          46    173      83   76.571715   -6.428285
8968          46    174      82   70.558989  -11.441011
8969          46    175      81   70.321815  -10.678185
8970          46    176      80   68.333597  -11.666403
8971          46    177      79   69.631190   -9.368810
8972          46    178      78   66.891921  -11.108079
8973          46    179      77   65.426776  -11.573224
8974          46    180      76   62.719072  -13.280928
8975          46    181      75   64.875516  -10.124484
8976          46    182      74   65.669937   -8.330063
8977          46    183      73   63.327141   -9.672859
8978          46    184      72   61.716323  -10.283677
8979          46    185      71   61.526681   -9.473319
8980          46    186      70   60.798485   -9.201515
8981          46    187      69   57.284949  -11.715051
8982          46    188      68   60.104728   -7.895272
8983          46    189      67   54.233859  -12.766141
8984          46    190      66   58.669125   -7.330875
8985          46    191      65   59.124092   -5.875908
8986          46    192      64   54.162042   -9.837958
8987          46    193      63   51.106446  -11.893554
8988          46    194      62   53.425775   -8.574225
8989          46    195      61   48.937587  -12.062413
8990          46    196      60   52.139357   -7.860643
8991          46    197      59   41.912209  -17.087791
8992          46    198      58   49.027058   -8.972942
8993          46    199      57   48.436706   -8.563294
8994          46    200      56   47.295785   -8.704215
8995          46    201      55   48.603644   -6.396356
8996          46    202      54   46.710295   -7.289705
8997          46    203      53   40.744195  -12.255805
8998          46    204      52   44.468407   -7.531593
8999          46    205      51   44.609319   -6.390681
9000          46    206      50   42.836229   -7.163771
9001          46    207      49   40.207796   -8.792204
9002          46    208      48   41.445751   -6.554249
9003          46    209      47   43.249685   -3.750315
9004          46    210      46   38.402387   -7.597613
9005          46    211      45   38.565523   -6.434477
9006          46    212      44   37.645911   -6.354089
9007          46    213      43   35.044856   -7.955144
9008          46    214      42   41.616432   -0.383568
9009          46    215      41   38.541069   -2.458931
9010          46    216      40   36.176129   -3.823871
9011          46    217      39   33.731417   -5.268583
9012          46    218      38   29.487050   -8.512950
9013          46    219      37   28.566910   -8.433090
9014          46    220      36   30.285763   -5.714237
9015          46    221      35   28.900479   -6.099521
9016          46    222      34   29.630933   -4.369067
9017          46    223      33   29.030032   -3.969968
9018          46    224      32   31.910502   -0.089498
9019          46    225      31   23.413588   -7.586412
9020          46    226      30   30.697844    0.697844
9021          46    227      29   25.917304   -3.082696
9022          46    228      28   23.059366   -4.940634
9023          46    229      27   26.504603   -0.495397
9024          46    230      26   24.021055   -1.978945
9025          46    231      25   23.263991   -1.736009
9026          46    232      24   22.947210   -1.052790
9027          46    233      23   17.577769   -5.422231
9028          46    234      22   14.202561   -7.797439
9029          46    235      21   16.278247   -4.721753
9030          46    236      20   14.671012   -5.328988
9031          46    237      19   19.731909    0.731909
9032          46    238      18   15.656142   -2.343858
9033          46    239      17   16.377357   -0.622643
9034          46    240      16   15.192297   -0.807703
9035          46    241      15   16.716583    1.716583
9036          46    242      14   16.879382    2.879382
9037          46    243      13   12.825132   -0.174868
9038          46    244      12   11.664900   -0.335100
9039          46    245      11   13.492914    2.492914
9040          46    246      10   11.309729    1.309729
9041          46    247       9   15.107752    6.107752
9042          46    248       8   10.198127    2.198127
9043          46    249       7    3.903865   -3.096135
9044          46    250       6    3.776476   -2.223524
9045          46    251       5    0.779192   -4.220808
9046          46    252       4    0.592450   -3.407550
9047          46    253       3    0.244689   -2.755311
9048          46    254       2   -1.964807   -3.964807
9049          46    255       1   -0.426532   -1.426532
9050          46    256       0   -1.822643   -1.822643
9051          47      1     213  216.929202    3.929202
9052          47      2     212  203.082687   -8.917313
9053          47      3     211  215.465017    4.465017
9054          47      4     210  219.249349    9.249349
9055          47      5     209  208.616924   -0.383076
9056          47      6     208  207.380658   -0.619342
9057          47      7     207  201.911123   -5.088877
9058          47      8     206  219.048248   13.048248
9059          47      9     205  214.372423    9.372423
9060          47     10     204  209.000213    5.000213
9061          47     11     203  209.845050    6.845050
9062          47     12     202  205.702188    3.702188
9063          47     13     201  204.154588    3.154588
9064          47     14     200  203.611642    3.611642
9065          47     15     199  201.259775    2.259775
9066          47     16     198  201.902107    3.902107
9067          47     17     197  203.657439    6.657439
9068          47     18     196  201.240776    5.240776
9069          47     19     195  188.273251   -6.726749
9070          47     20     194  186.543468   -7.456532
9071          47     21     193  184.382559   -8.617441
9072          47     22     192  185.737715   -6.262285
9073          47     23     191  180.922926  -10.077074
9074          47     24     190  183.086175   -6.913825
9075          47     25     189  182.335363   -6.664637
9076          47     26     188  175.477454  -12.522546
9077          47     27     187  179.756935   -7.243065
9078          47     28     186  173.881707  -12.118293
9079          47     29     185  173.885959  -11.114041
9080          47     30     184  175.877447   -8.122553
9081          47     31     183  170.614474  -12.385526
9082          47     32     182  174.146760   -7.853240
9083          47     33     181  172.160735   -8.839265
9084          47     34     180  179.226308   -0.773692
9085          47     35     179  176.560463   -2.439537
9086          47     36     178  179.976694    1.976694
9087          47     37     177  178.504993    1.504993
9088          47     38     176  178.577637    2.577637
9089          47     39     175  170.304788   -4.695212
9090          47     40     174  173.665502   -0.334498
9091          47     41     173  171.484983   -1.515017
9092          47     42     172  167.544761   -4.455239
9093          47     43     171  167.343710   -3.656290
9094          47     44     170  170.458020    0.458020
9095          47     45     169  170.041402    1.041402
9096          47     46     168  161.641258   -6.358742
9097          47     47     167  166.002156   -0.997844
9098          47     48     166  165.945724   -0.054276
9099          47     49     165  166.817359    1.817359
9100          47     50     164  163.673714   -0.326286
9101          47     51     163  164.633669    1.633669
9102          47     52     162  165.549019    3.549019
9103          47     53     161  165.310516    4.310516
9104          47     54     160  161.070214    1.070214
9105          47     55     159  165.315843    6.315843
9106          47     56     158  171.560451   13.560451
9107          47     57     157  166.801592    9.801592
9108          47     58     156  165.378183    9.378183
9109          47     59     155  171.800389   16.800389
9110          47     60     154  170.425715   16.425715
9111          47     61     153  164.259866   11.259866
9112          47     62     152  161.594124    9.594124
9113          47     63     151  154.893310    3.893310
9114          47     64     150  164.112313   14.112313
9115          47     65     149  163.664374   14.664374
9116          47     66     148  164.336840   16.336840
9117          47     67     147  163.701415   16.701415
9118          47     68     146  163.873145   17.873145
9119          47     69     145  160.438422   15.438422
9120          47     70     144  159.363002   15.363002
9121          47     71     143  161.462515   18.462515
9122          47     72     142  153.058680   11.058680
9123          47     73     141  151.643007   10.643007
9124          47     74     140  155.330910   15.330910
9125          47     75     139  151.041198   12.041198
9126          47     76     138  153.151768   15.151768
9127          47     77     137  151.596528   14.596528
9128          47     78     136  152.427370   16.427370
9129          47     79     135  148.633646   13.633646
9130          47     80     134  156.577650   22.577650
9131          47     81     133  147.043834   14.043834
9132          47     82     132  149.865765   17.865765
9133          47     83     131  147.737503   16.737503
9134          47     84     130  139.672575    9.672575
9135          47     85     129  144.368911   15.368911
9136          47     86     128  152.532501   24.532501
9137          47     87     127  144.815424   17.815424
9138          47     88     126  142.824218   16.824218
9139          47     89     125  143.845818   18.845818
9140          47     90     124  142.561575   18.561575
9141          47     91     123  141.243660   18.243660
9142          47     92     122  139.831192   17.831192
9143          47     93     121  136.343424   15.343424
9144          47     94     120  131.085138   11.085138
9145          47     95     119  137.043157   18.043157
9146          47     96     118  138.043664   20.043664
9147          47     97     117  132.105073   15.105073
9148          47     98     116  129.339387   13.339387
9149          47     99     115  128.970135   13.970135
9150          47    100     114  131.477867   17.477867
9151          47    101     113  135.123833   22.123833
9152          47    102     112  126.185921   14.185921
9153          47    103     111  122.440030   11.440030
9154          47    104     110  122.281097   12.281097
9155          47    105     109  119.223708   10.223708
9156          47    106     108  126.941949   18.941949
9157          47    107     107  123.457659   16.457659
9158          47    108     106  125.451057   19.451057
9159          47    109     105  120.071861   15.071861
9160          47    110     104  125.840634   21.840634
9161          47    111     103  116.110112   13.110112
9162          47    112     102  122.898629   20.898629
9163          47    113     101  118.790658   17.790658
9164          47    114     100  115.151852   15.151852
9165          47    115      99  114.454627   15.454627
9166          47    116      98  109.508812   11.508812
9167          47    117      97  109.009565   12.009565
9168          47    118      96  112.881833   16.881833
9169          47    119      95  112.954953   17.954953
9170          47    120      94  104.050365   10.050365
9171          47    121      93  107.536770   14.536770
9172          47    122      92  107.219738   15.219738
9173          47    123      91  104.826231   13.826231
9174          47    124      90  101.664431   11.664431
9175          47    125      89   99.188726   10.188726
9176          47    126      88  101.260326   13.260326
9177          47    127      87  104.927093   17.927093
9178          47    128      86   98.557217   12.557217
9179          47    129      85   97.442383   12.442383
9180          47    130      84   97.551055   13.551055
9181          47    131      83   90.945365    7.945365
9182          47    132      82   94.897471   12.897471
9183          47    133      81   96.884495   15.884495
9184          47    134      80  101.923726   21.923726
9185          47    135      79   88.705990    9.705990
9186          47    136      78   94.426101   16.426101
9187          47    137      77   87.014436   10.014436
9188          47    138      76   86.641805   10.641805
9189          47    139      75   91.304930   16.304930
9190          47    140      74   91.684818   17.684818
9191          47    141      73   88.780761   15.780761
9192          47    142      72   84.429219   12.429219
9193          47    143      71   83.999623   12.999623
9194          47    144      70   79.766892    9.766892
9195          47    145      69   85.097379   16.097379
9196          47    146      68   82.350716   14.350716
9197          47    147      67   79.113622   12.113622
9198          47    148      66   80.504210   14.504210
9199          47    149      65   78.752276   13.752276
9200          47    150      64   75.338704   11.338704
9201          47    151      63   70.354656    7.354656
9202          47    152      62   70.434705    8.434705
9203          47    153      61   64.643059    3.643059
9204          47    154      60   57.338882   -2.661118
9205          47    155      59   58.292182   -0.707818
9206          47    156      58   56.637454   -1.362546
9207          47    157      57   57.279652    0.279652
9208          47    158      56   51.045842   -4.954158
9209          47    159      55   52.222691   -2.777309
9210          47    160      54   56.093625    2.093625
9211          47    161      53   56.235176    3.235176
9212          47    162      52   54.980697    2.980697
9213          47    163      51   50.907542   -0.092458
9214          47    164      50   45.346255   -4.653745
9215          47    165      49   47.600040   -1.399960
9216          47    166      48   45.416775   -2.583225
9217          47    167      47   43.250979   -3.749021
9218          47    168      46   43.560497   -2.439503
9219          47    169      45   40.154420   -4.845580
9220          47    170      44   36.582253   -7.417747
9221          47    171      43   34.937879   -8.062121
9222          47    172      42   38.907737   -3.092263
9223          47    173      41   36.679189   -4.320811
9224          47    174      40   30.495420   -9.504580
9225          47    175      39   28.939475  -10.060525
9226          47    176      38   25.443124  -12.556876
9227          47    177      37   26.116267  -10.883733
9228          47    178      36   20.617020  -15.382980
9229          47    179      35   18.485318  -16.514682
9230          47    180      34   19.626040  -14.373960
9231          47    181      33   18.201119  -14.798881
9232          47    182      32   23.587452   -8.412548
9233          47    183      31   16.038254  -14.961746
9234          47    184      30   18.358190  -11.641810
9235          47    185      29   12.441806  -16.558194
9236          47    186      28   12.841697  -15.158303
9237          47    187      27   13.316908  -13.683092
9238          47    188      26   11.759825  -14.240175
9239          47    189      25    9.891163  -15.108837
9240          47    190      24    9.286962  -14.713038
9241          47    191      23   12.093097  -10.906903
9242          47    192      22    8.277556  -13.722444
9243          47    193      21    9.670874  -11.329126
9244          47    194      20    2.334690  -17.665310
9245          47    195      19    6.966291  -12.033709
9246          47    196      18    5.514448  -12.485552
9247          47    197      17    2.687420  -14.312580
9248          47    198      16    0.438309  -15.561691
9249          47    199      15   -3.887554  -18.887554
9250          47    200      14   -6.609149  -20.609149
9251          47    201      13   -4.180874  -17.180874
9252          47    202      12   -8.851325  -20.851325
9253          47    203      11   -8.464019  -19.464019
9254          47    204      10   -8.092232  -18.092232
9255          47    205       9   -8.572429  -17.572429
9256          47    206       8   -7.777471  -15.777471
9257          47    207       7  -14.125995  -21.125995
9258          47    208       6  -11.051571  -17.051571
9259          47    209       5  -11.632713  -16.632713
9260          47    210       4  -12.567001  -16.567001
9261          47    211       3   -9.786415  -12.786415
9262          47    212       2  -11.220723  -13.220723
9263          47    213       1  -14.660560  -15.660560
9264          47    214       0  -14.971405  -14.971405
9265          48      1     230  204.230810  -25.769190
9266          48      2     229  210.199454  -18.800546
9267          48      3     228  208.983126  -19.016874
9268          48      4     227  200.903114  -26.096886
9269          48      5     226  195.721525  -30.278475
9270          48      6     225  196.552943  -28.447057
9271          48      7     224  194.091142  -29.908858
9272          48      8     223  191.921413  -31.078587
9273          48      9     222  195.510635  -26.489365
9274          48     10     221  199.009311  -21.990689
9275          48     11     220  185.058082  -34.941918
9276          48     12     219  189.522132  -29.477868
9277          48     13     218  181.679648  -36.320352
9278          48     14     217  186.141247  -30.858753
9279          48     15     216  183.575806  -32.424194
9280          48     16     215  185.759365  -29.240635
9281          48     17     214  188.394278  -25.605722
9282          48     18     213  185.230253  -27.769747
9283          48     19     212  183.529753  -28.470247
9284          48     20     211  183.109532  -27.890468
9285          48     21     210  185.454749  -24.545251
9286          48     22     209  183.891936  -25.108064
9287          48     23     208  180.433586  -27.566414
9288          48     24     207  180.040352  -26.959648
9289          48     25     206  188.905423  -17.094577
9290          48     26     205  180.079449  -24.920551
9291          48     27     204  176.774061  -27.225939
9292          48     28     203  172.524847  -30.475153
9293          48     29     202  179.847540  -22.152460
9294          48     30     201  175.467686  -25.532314
9295          48     31     200  171.215951  -28.784049
9296          48     32     199  170.713755  -28.286245
9297          48     33     198  171.007885  -26.992115
9298          48     34     197  171.018311  -25.981689
9299          48     35     196  167.031710  -28.968290
9300          48     36     195  167.937759  -27.062241
9301          48     37     194  170.634212  -23.365788
9302          48     38     193  167.447909  -25.552091
9303          48     39     192  164.420994  -27.579006
9304          48     40     191  173.815490  -17.184510
9305          48     41     190  168.985012  -21.014988
9306          48     42     189  173.386566  -15.613434
9307          48     43     188  165.922121  -22.077879
9308          48     44     187  175.055558  -11.944442
9309          48     45     186  163.530327  -22.469673
9310          48     46     185  162.082591  -22.917409
9311          48     47     184  162.303810  -21.696190
9312          48     48     183  161.903652  -21.096348
9313          48     49     182  164.175142  -17.824858
9314          48     50     181  161.241274  -19.758726
9315          48     51     180  156.843180  -23.156820
9316          48     52     179  164.379739  -14.620261
9317          48     53     178  155.607026  -22.392974
9318          48     54     177  163.762279  -13.237721
9319          48     55     176  163.662213  -12.337787
9320          48     56     175  164.957908  -10.042092
9321          48     57     174  159.786611  -14.213389
9322          48     58     173  156.822527  -16.177473
9323          48     59     172  154.319875  -17.680125
9324          48     60     171  160.156390  -10.843610
9325          48     61     170  157.219424  -12.780576
9326          48     62     169  160.979146   -8.020854
9327          48     63     168  159.299036   -8.700964
9328          48     64     167  159.595532   -7.404468
9329          48     65     166  158.700463   -7.299537
9330          48     66     165  162.575461   -2.424539
9331          48     67     164  154.727568   -9.272432
9332          48     68     163  159.337720   -3.662280
9333          48     69     162  155.869529   -6.130471
9334          48     70     161  151.463006   -9.536994
9335          48     71     160  146.522533  -13.477467
9336          48     72     159  150.588305   -8.411695
9337          48     73     158  150.422091   -7.577909
9338          48     74     157  142.333635  -14.666365
9339          48     75     156  142.798872  -13.201128
9340          48     76     155  143.301459  -11.698541
9341          48     77     154  139.703209  -14.296791
9342          48     78     153  142.685515  -10.314485
9343          48     79     152  137.844336  -14.155664
9344          48     80     151  146.483683   -4.516317
9345          48     81     150  142.688216   -7.311784
9346          48     82     149  137.373051  -11.626949
9347          48     83     148  139.644489   -8.355511
9348          48     84     147  143.193729   -3.806271
9349          48     85     146  141.340422   -4.659578
9350          48     86     145  136.359184   -8.640816
9351          48     87     144  137.482967   -6.517033
9352          48     88     143  136.072076   -6.927924
9353          48     89     142  136.136176   -5.863824
9354          48     90     141  135.019883   -5.980117
9355          48     91     140  128.353369  -11.646631
9356          48     92     139  130.672135   -8.327865
9357          48     93     138  130.103234   -7.896766
9358          48     94     137  126.096083  -10.903917
9359          48     95     136  126.377622   -9.622378
9360          48     96     135  126.117661   -8.882339
9361          48     97     134  127.661801   -6.338199
9362          48     98     133  124.611968   -8.388032
9363          48     99     132  118.780979  -13.219021
9364          48    100     131  128.120509   -2.879491
9365          48    101     130  119.862437  -10.137563
9366          48    102     129  120.433528   -8.566472
9367          48    103     128  116.923849  -11.076151
9368          48    104     127  118.218183   -8.781817
9369          48    105     126  117.705518   -8.294482
9370          48    106     125  118.446515   -6.553485
9371          48    107     124  117.433637   -6.566363
9372          48    108     123  109.258189  -13.741811
9373          48    109     122  115.393445   -6.606555
9374          48    110     121  106.400925  -14.599075
9375          48    111     120  114.559833   -5.440167
9376          48    112     119  111.648893   -7.351107
9377          48    113     118  106.303037  -11.696963
9378          48    114     117  110.061148   -6.938852
9379          48    115     116  110.328023   -5.671977
9380          48    116     115  107.536430   -7.463570
9381          48    117     114  109.098928   -4.901072
9382          48    118     113  107.686125   -5.313875
9383          48    119     112  111.299493   -0.700507
9384          48    120     111  109.141728   -1.858272
9385          48    121     110  103.958056   -6.041944
9386          48    122     109  103.638607   -5.361393
9387          48    123     108  106.926468   -1.073532
9388          48    124     107  107.261971    0.261971
9389          48    125     106  106.391309    0.391309
9390          48    126     105  105.168723    0.168723
9391          48    127     104  105.097745    1.097745
9392          48    128     103  105.613288    2.613288
9393          48    129     102  102.287381    0.287381
9394          48    130     101  103.336191    2.336191
9395          48    131     100  101.463857    1.463857
9396          48    132      99  100.579667    1.579667
9397          48    133      98   96.276154   -1.723846
9398          48    134      97   95.491421   -1.508579
9399          48    135      96  100.703172    4.703172
9400          48    136      95   96.697946    1.697946
9401          48    137      94   97.457150    3.457150
9402          48    138      93   94.344357    1.344357
9403          48    139      92   92.516958    0.516958
9404          48    140      91   91.413858    0.413858
9405          48    141      90   92.452196    2.452196
9406          48    142      89  107.918004   18.918004
9407          48    143      88   98.072703   10.072703
9408          48    144      87  104.097308   17.097308
9409          48    145      86   98.262205   12.262205
9410          48    146      85  100.388712   15.388712
9411          48    147      84   99.661616   15.661616
9412          48    148      83  101.821251   18.821251
9413          48    149      82  100.506625   18.506625
9414          48    150      81   97.744265   16.744265
9415          48    151      80   89.831599    9.831599
9416          48    152      79   95.644691   16.644691
9417          48    153      78   98.459960   20.459960
9418          48    154      77   99.383675   22.383675
9419          48    155      76   92.886019   16.886019
9420          48    156      75   92.584844   17.584844
9421          48    157      74   87.809417   13.809417
9422          48    158      73   86.490861   13.490861
9423          48    159      72   89.849667   17.849667
9424          48    160      71   84.728228   13.728228
9425          48    161      70   91.369609   21.369609
9426          48    162      69   83.221285   14.221285
9427          48    163      68   80.769933   12.769933
9428          48    164      67   78.252287   11.252287
9429          48    165      66   81.331185   15.331185
9430          48    166      65   78.339244   13.339244
9431          48    167      64   82.799562   18.799562
9432          48    168      63   86.527410   23.527410
9433          48    169      62   81.117291   19.117291
9434          48    170      61   84.724569   23.724569
9435          48    171      60   75.966281   15.966281
9436          48    172      59   84.792129   25.792129
9437          48    173      58   79.124631   21.124631
9438          48    174      57   84.910594   27.910594
9439          48    175      56   84.187555   28.187555
9440          48    176      55   83.007787   28.007787
9441          48    177      54   75.873229   21.873229
9442          48    178      53   73.995474   20.995474
9443          48    179      52   78.405981   26.405981
9444          48    180      51   77.682010   26.682010
9445          48    181      50   76.323159   26.323159
9446          48    182      49   76.803294   27.803294
9447          48    183      48   73.819004   25.819004
9448          48    184      47   74.177131   27.177131
9449          48    185      46   74.239404   28.239404
9450          48    186      45   82.019845   37.019845
9451          48    187      44   74.020660   30.020660
9452          48    188      43   70.173094   27.173094
9453          48    189      42   66.917339   24.917339
9454          48    190      41   74.445470   33.445470
9455          48    191      40   68.677858   28.677858
9456          48    192      39   63.851224   24.851224
9457          48    193      38   65.299510   27.299510
9458          48    194      37   58.259690   21.259690
9459          48    195      36   57.044405   21.044405
9460          48    196      35   56.262105   21.262105
9461          48    197      34   45.914011   11.914011
9462          48    198      33   49.660190   16.660190
9463          48    199      32   44.245916   12.245916
9464          48    200      31   46.839878   15.839878
9465          48    201      30   46.069498   16.069498
9466          48    202      29   46.208651   17.208651
9467          48    203      28   42.493524   14.493524
9468          48    204      27   43.022027   16.022027
9469          48    205      26   42.083702   16.083702
9470          48    206      25   37.873394   12.873394
9471          48    207      24   39.951135   15.951135
9472          48    208      23   33.494753   10.494753
9473          48    209      22   28.587408    6.587408
9474          48    210      21   29.618581    8.618581
9475          48    211      20   25.674056    5.674056
9476          48    212      19   24.124972    5.124972
9477          48    213      18   26.350647    8.350647
9478          48    214      17   21.685663    4.685663
9479          48    215      16   15.659832   -0.340168
9480          48    216      15   18.158967    3.158967
9481          48    217      14   13.441673   -0.558327
9482          48    218      13    8.485707   -4.514293
9483          48    219      12    5.366651   -6.633349
9484          48    220      11    7.001779   -3.998221
9485          48    221      10    2.092968   -7.907032
9486          48    222       9   -0.580455   -9.580455
9487          48    223       8   -1.357297   -9.357297
9488          48    224       7   -6.595087  -13.595087
9489          48    225       6   -2.846106   -8.846106
9490          48    226       5   -9.030753  -14.030753
9491          48    227       4   -6.918405  -10.918405
9492          48    228       3  -14.758510  -17.758510
9493          48    229       2  -14.802660  -16.802660
9494          48    230       1  -10.822586  -11.822586
9495          48    231       0    5.354952    5.354952
9496          49      1     214  210.293516   -3.706484
9497          49      2     213  199.272148  -13.727852
9498          49      3     212  188.188836  -23.811164
9499          49      4     211  186.199322  -24.800678
9500          49      5     210  185.749552  -24.250448
9501          49      6     209  186.481437  -22.518563
9502          49      7     208  185.847631  -22.152369
9503          49      8     207  179.991622  -27.008378
9504          49      9     206  174.431322  -31.568678
9505          49     10     205  180.199545  -24.800455
9506          49     11     204  184.646469  -19.353531
9507          49     12     203  184.342079  -18.657921
9508          49     13     202  176.618917  -25.381083
9509          49     14     201  176.387890  -24.612110
9510          49     15     200  173.866584  -26.133416
9511          49     16     199  179.377350  -19.622650
9512          49     17     198  175.092759  -22.907241
9513          49     18     197  169.339723  -27.660277
9514          49     19     196  171.943578  -24.056422
9515          49     20     195  168.102292  -26.897708
9516          49     21     194  173.643013  -20.356987
9517          49     22     193  168.304102  -24.695898
9518          49     23     192  169.593897  -22.406103
9519          49     24     191  167.622040  -23.377960
9520          49     25     190  169.326886  -20.673114
9521          49     26     189  168.952048  -20.047952
9522          49     27     188  162.763609  -25.236391
9523          49     28     187  166.569706  -20.430294
9524          49     29     186  160.150440  -25.849560
9525          49     30     185  161.358432  -23.641568
9526          49     31     184  160.604403  -23.395597
9527          49     32     183  141.023848  -41.976152
9528          49     33     182  144.866041  -37.133959
9529          49     34     181  152.070960  -28.929040
9530          49     35     180  149.340836  -30.659164
9531          49     36     179  146.302068  -32.697932
9532          49     37     178  147.404206  -30.595794
9533          49     38     177  148.803373  -28.196627
9534          49     39     176  148.181848  -27.818152
9535          49     40     175  145.241724  -29.758276
9536          49     41     174  146.457170  -27.542830
9537          49     42     173  145.385347  -27.614653
9538          49     43     172  149.214687  -22.785313
9539          49     44     171  149.825032  -21.174968
9540          49     45     170  146.716485  -23.283515
9541          49     46     169  148.732729  -20.267271
9542          49     47     168  148.695584  -19.304416
9543          49     48     167  147.219476  -19.780524
9544          49     49     166  149.341356  -16.658644
9545          49     50     165  151.080345  -13.919655
9546          49     51     164  150.941147  -13.058853
9547          49     52     163  150.901252  -12.098748
9548          49     53     162  149.199103  -12.800897
9549          49     54     161  143.692954  -17.307046
9550          49     55     160  146.025834  -13.974166
9551          49     56     159  141.859774  -17.140226
9552          49     57     158  141.063769  -16.936231
9553          49     58     157  141.522422  -15.477578
9554          49     59     156  145.157527  -10.842473
9555          49     60     155  145.710712   -9.289288
9556          49     61     154  142.271331  -11.728669
9557          49     62     153  140.996100  -12.003900
9558          49     63     152  137.212243  -14.787757
9559          49     64     151  143.509926   -7.490074
9560          49     65     150  141.231470   -8.768530
9561          49     66     149  133.824705  -15.175295
9562          49     67     148  138.088183   -9.911817
9563          49     68     147  134.955400  -12.044600
9564          49     69     146  135.492705  -10.507295
9565          49     70     145  134.676416  -10.323584
9566          49     71     144  128.771209  -15.228791
9567          49     72     143  130.694046  -12.305954
9568          49     73     142  132.852227   -9.147773
9569          49     74     141  129.364605  -11.635395
9570          49     75     140  128.201358  -11.798642
9571          49     76     139  128.580541  -10.419459
9572          49     77     138  131.347919   -6.652081
9573          49     78     137  127.581916   -9.418084
9574          49     79     136  124.885381  -11.114619
9575          49     80     135  124.407854  -10.592146
9576          49     81     134  123.403633  -10.596367
9577          49     82     133  123.641214   -9.358786
9578          49     83     132  123.278953   -8.721047
9579          49     84     131  127.538935   -3.461065
9580          49     85     130  125.074483   -4.925517
9581          49     86     129  127.595662   -1.404338
9582          49     87     128  126.639459   -1.360541
9583          49     88     127  121.164737   -5.835263
9584          49     89     126  129.485368    3.485368
9585          49     90     125  133.006475    8.006475
9586          49     91     124  127.153997    3.153997
9587          49     92     123  126.112814    3.112814
9588          49     93     122  128.394832    6.394832
9589          49     94     121  119.373482   -1.626518
9590          49     95     120  124.726409    4.726409
9591          49     96     119  124.594860    5.594860
9592          49     97     118  119.376711    1.376711
9593          49     98     117  113.233729   -3.766271
9594          49     99     116  118.229806    2.229806
9595          49    100     115  116.930278    1.930278
9596          49    101     114  113.832777   -0.167223
9597          49    102     113  112.975457   -0.024543
9598          49    103     112  111.747456   -0.252544
9599          49    104     111  116.423472    5.423472
9600          49    105     110  112.198424    2.198424
9601          49    106     109  115.880221    6.880221
9602          49    107     108  113.776868    5.776868
9603          49    108     107  114.439249    7.439249
9604          49    109     106  111.877791    5.877791
9605          49    110     105  105.824085    0.824085
9606          49    111     104  110.146037    6.146037
9607          49    112     103  111.785689    8.785689
9608          49    113     102  105.535230    3.535230
9609          49    114     101  107.671845    6.671845
9610          49    115     100  107.821980    7.821980
9611          49    116      99  109.549775   10.549775
9612          49    117      98  106.955590    8.955590
9613          49    118      97  104.860760    7.860760
9614          49    119      96  110.423847   14.423847
9615          49    120      95  105.658099   10.658099
9616          49    121      94  101.889857    7.889857
9617          49    122      93  101.445513    8.445513
9618          49    123      92  100.677195    8.677195
9619          49    124      91  105.857645   14.857645
9620          49    125      90  101.070607   11.070607
9621          49    126      89  103.326781   14.326781
9622          49    127      88  102.016969   14.016969
9623          49    128      87  100.253938   13.253938
9624          49    129      86  101.984614   15.984614
9625          49    130      85   97.531244   12.531244
9626          49    131      84   92.323581    8.323581
9627          49    132      83   93.366040   10.366040
9628          49    133      82   98.914570   16.914570
9629          49    134      81  102.259305   21.259305
9630          49    135      80   92.625205   12.625205
9631          49    136      79   95.062804   16.062804
9632          49    137      78   95.692990   17.692990
9633          49    138      77   95.003369   18.003369
9634          49    139      76   90.299537   14.299537
9635          49    140      75   89.952178   14.952178
9636          49    141      74   88.138048   14.138048
9637          49    142      73   86.676272   13.676272
9638          49    143      72   85.892336   13.892336
9639          49    144      71   86.235948   15.235948
9640          49    145      70   76.496220    6.496220
9641          49    146      69   77.117826    8.117826
9642          49    147      68   80.611032   12.611032
9643          49    148      67   71.478079    4.478079
9644          49    149      66   74.059068    8.059068
9645          49    150      65   75.882738   10.882738
9646          49    151      64   72.989789    8.989789
9647          49    152      63   70.534909    7.534909
9648          49    153      62   70.601800    8.601800
9649          49    154      61   74.304653   13.304653
9650          49    155      60   68.757820    8.757820
9651          49    156      59   72.311830   13.311830
9652          49    157      58   65.546162    7.546162
9653          49    158      57   63.053960    6.053960
9654          49    159      56   62.847101    6.847101
9655          49    160      55   63.734917    8.734917
9656          49    161      54   70.414684   16.414684
9657          49    162      53   64.647643   11.647643
9658          49    163      52   64.569889   12.569889
9659          49    164      51   63.664380   12.664380
9660          49    165      50   62.154959   12.154959
9661          49    166      49   60.371484   11.371484
9662          49    167      48   59.821430   11.821430
9663          49    168      47   60.242074   13.242074
9664          49    169      46   53.613364    7.613364
9665          49    170      45   59.670376   14.670376
9666          49    171      44   55.881783   11.881783
9667          49    172      43   57.112260   14.112260
9668          49    173      42   58.430103   16.430103
9669          49    174      41   58.028880   17.028880
9670          49    175      40   52.968582   12.968582
9671          49    176      39   52.114196   13.114196
9672          49    177      38   54.453712   16.453712
9673          49    178      37   49.772511   12.772511
9674          49    179      36   50.197608   14.197608
9675          49    180      35   50.054074   15.054074
9676          49    181      34   49.007739   15.007739
9677          49    182      33   42.177546    9.177546
9678          49    183      32   44.797376   12.797376
9679          49    184      31   41.996349   10.996349
9680          49    185      30   40.258931   10.258931
9681          49    186      29   38.141609    9.141609
9682          49    187      28   42.806756   14.806756
9683          49    188      27   36.579421    9.579421
9684          49    189      26   36.595682   10.595682
9685          49    190      25   32.316745    7.316745
9686          49    191      24   32.695815    8.695815
9687          49    192      23   32.067646    9.067646
9688          49    193      22   29.215605    7.215605
9689          49    194      21   26.017700    5.017700
9690          49    195      20   23.272894    3.272894
9691          49    196      19   22.469738    3.469738
9692          49    197      18   16.706949   -1.293051
9693          49    198      17   13.720415   -3.279585
9694          49    199      16   13.979385   -2.020615
9695          49    200      15   10.609298   -4.390702
9696          49    201      14   12.781268   -1.218732
9697          49    202      13   10.591892   -2.408108
9698          49    203      12    7.617656   -4.382344
9699          49    204      11    4.332336   -6.667664
9700          49    205      10    6.467337   -3.532663
9701          49    206       9    3.997691   -5.002309
9702          49    207       8    1.260402   -6.739598
9703          49    208       7    8.406519    1.406519
9704          49    209       6    1.117582   -4.882418
9705          49    210       5    3.931080   -1.068920
9706          49    211       4    0.960792   -3.039208
9707          49    212       3    3.496131    0.496131
9708          49    213       2    1.671107   -0.328893
9709          49    214       1   -1.174171   -2.174171
9710          49    215       0   -2.274515   -2.274515
9711          50      1     197  217.615480   20.615480
9712          50      2     196  205.003986    9.003986
9713          50      3     195  194.775879   -0.224121
9714          50      4     194  189.394424   -4.605576
9715          50      5     193  190.217055   -2.782945
9716          50      6     192  186.855180   -5.144820
9717          50      7     191  187.797224   -3.202776
9718          50      8     190  184.925149   -5.074851
9719          50      9     189  185.577282   -3.422718
9720          50     10     188  183.142237   -4.857763
9721          50     11     187  180.548483   -6.451517
9722          50     12     186  181.275622   -4.724378
9723          50     13     185  177.238539   -7.761461
9724          50     14     184  179.297255   -4.702745
9725          50     15     183  183.789649    0.789649
9726          50     16     182  175.358121   -6.641879
9727          50     17     181  173.057922   -7.942078
9728          50     18     180  182.809265    2.809265
9729          50     19     179  178.294748   -0.705252
9730          50     20     178  178.330834    0.330834
9731          50     21     177  176.403128   -0.596872
9732          50     22     176  172.275608   -3.724392
9733          50     23     175  174.349995   -0.650005
9734          50     24     174  174.897633    0.897633
9735          50     25     173  166.981607   -6.018393
9736          50     26     172  166.690922   -5.309078
9737          50     27     171  163.360447   -7.639553
9738          50     28     170  159.341792  -10.658208
9739          50     29     169  163.529173   -5.470827
9740          50     30     168  158.238463   -9.761537
9741          50     31     167  157.973536   -9.026464
9742          50     32     166  157.220988   -8.779012
9743          50     33     165  152.970156  -12.029844
9744          50     34     164  155.220644   -8.779356
9745          50     35     163  155.908904   -7.091096
9746          50     36     162  160.366079   -1.633921
9747          50     37     161  161.816088    0.816088
9748          50     38     160  159.543977   -0.456023
9749          50     39     159  157.277215   -1.722785
9750          50     40     158  159.671331    1.671331
9751          50     41     157  158.078513    1.078513
9752          50     42     156  165.889861    9.889861
9753          50     43     155  152.164256   -2.835744
9754          50     44     154  154.008837    0.008837
9755          50     45     153  158.788042    5.788042
9756          50     46     152  151.620572   -0.379428
9757          50     47     151  149.579299   -1.420701
9758          50     48     150  151.195095    1.195095
9759          50     49     149  148.065681   -0.934319
9760          50     50     148  150.640118    2.640118
9761          50     51     147  148.101073    1.101073
9762          50     52     146  151.866809    5.866809
9763          50     53     145  140.855857   -4.144143
9764          50     54     144  144.043388    0.043388
9765          50     55     143  141.819847   -1.180153
9766          50     56     142  144.745508    2.745508
9767          50     57     141  144.945488    3.945488
9768          50     58     140  145.186101    5.186101
9769          50     59     139  148.678396    9.678396
9770          50     60     138  141.737055    3.737055
9771          50     61     137  142.188317    5.188317
9772          50     62     136  134.368545   -1.631455
9773          50     63     135  133.704796   -1.295204
9774          50     64     134  136.352208    2.352208
9775          50     65     133  132.907143   -0.092857
9776          50     66     132  129.771344   -2.228656
9777          50     67     131  124.322623   -6.677377
9778          50     68     130  126.940935   -3.059065
9779          50     69     129  128.305252   -0.694748
9780          50     70     128  123.494243   -4.505757
9781          50     71     127  126.124194   -0.875806
9782          50     72     126  127.570990    1.570990
9783          50     73     125  121.655999   -3.344001
9784          50     74     124  123.569189   -0.430811
9785          50     75     123  125.995013    2.995013
9786          50     76     122  115.992120   -6.007880
9787          50     77     121  122.302330    1.302330
9788          50     78     120  126.075624    6.075624
9789          50     79     119  124.803657    5.803657
9790          50     80     118  126.228730    8.228730
9791          50     81     117  123.686680    6.686680
9792          50     82     116  126.658373   10.658373
9793          50     83     115  118.060846    3.060846
9794          50     84     114  119.375061    5.375061
9795          50     85     113  121.414760    8.414760
9796          50     86     112  115.792568    3.792568
9797          50     87     111  113.952591    2.952591
9798          50     88     110  116.336582    6.336582
9799          50     89     109  113.827311    4.827311
9800          50     90     108  110.079846    2.079846
9801          50     91     107  110.538230    3.538230
9802          50     92     106  114.799160    8.799160
9803          50     93     105  111.831359    6.831359
9804          50     94     104  108.841766    4.841766
9805          50     95     103  102.293743   -0.706257
9806          50     96     102  100.457069   -1.542931
9807          50     97     101   99.342412   -1.657588
9808          50     98     100  102.408779    2.408779
9809          50     99      99  106.639701    7.639701
9810          50    100      98  101.819946    3.819946
9811          50    101      97  102.586579    5.586579
9812          50    102      96  101.683200    5.683200
9813          50    103      95   95.593905    0.593905
9814          50    104      94   95.034274    1.034274
9815          50    105      93  100.087162    7.087162
9816          50    106      92   98.472621    6.472621
9817          50    107      91   93.442239    2.442239
9818          50    108      90  104.794837   14.794837
9819          50    109      89   93.576396    4.576396
9820          50    110      88   92.987201    4.987201
9821          50    111      87   92.732692    5.732692
9822          50    112      86   94.789236    8.789236
9823          50    113      85   93.697180    8.697180
9824          50    114      84   93.391354    9.391354
9825          50    115      83   94.612814   11.612814
9826          50    116      82   89.999155    7.999155
9827          50    117      81   86.750597    5.750597
9828          50    118      80   94.405452   14.405452
9829          50    119      79   88.575480    9.575480
9830          50    120      78   92.291286   14.291286
9831          50    121      77   88.318889   11.318889
9832          50    122      76   89.929918   13.929918
9833          50    123      75   89.507689   14.507689
9834          50    124      74   76.768831    2.768831
9835          50    125      73   79.724453    6.724453
9836          50    126      72   81.840787    9.840787
9837          50    127      71   78.473796    7.473796
9838          50    128      70   72.492131    2.492131
9839          50    129      69   69.106618    0.106618
9840          50    130      68   68.201460    0.201460
9841          50    131      67   65.277552   -1.722448
9842          50    132      66   66.163172    0.163172
9843          50    133      65   69.211039    4.211039
9844          50    134      64   70.069368    6.069368
9845          50    135      63   63.186482    0.186482
9846          50    136      62   60.961805   -1.038195
9847          50    137      61   61.877848    0.877848
9848          50    138      60   58.475367   -1.524633
9849          50    139      59   56.409306   -2.590694
9850          50    140      58   58.472461    0.472461
9851          50    141      57   60.276525    3.276525
9852          50    142      56   51.758614   -4.241386
9853          50    143      55   57.893015    2.893015
9854          50    144      54   54.447892    0.447892
9855          50    145      53   56.202893    3.202893
9856          50    146      52   57.302098    5.302098
9857          50    147      51   46.136452   -4.863548
9858          50    148      50   54.249601    4.249601
9859          50    149      49   52.903353    3.903353
9860          50    150      48   48.579693    0.579693
9861          50    151      47   50.855046    3.855046
9862          50    152      46   45.117101   -0.882899
9863          50    153      45   45.908830    0.908830
9864          50    154      44   46.687376    2.687376
9865          50    155      43   45.906653    2.906653
9866          50    156      42   41.942819   -0.057181
9867          50    157      41   38.432427   -2.567573
9868          50    158      40   35.417751   -4.582249
9869          50    159      39   33.701468   -5.298532
9870          50    160      38   31.572075   -6.427925
9871          50    161      37   31.316325   -5.683675
9872          50    162      36   27.582999   -8.417001
9873          50    163      35   33.094162   -1.905838
9874          50    164      34   29.664937   -4.335063
9875          50    165      33   30.710090   -2.289910
9876          50    166      32   28.041257   -3.958743
9877          50    167      31   25.552238   -5.447762
9878          50    168      30   19.447830  -10.552170
9879          50    169      29   19.644555   -9.355445
9880          50    170      28   17.945393  -10.054607
9881          50    171      27   16.631779  -10.368221
9882          50    172      26   20.849307   -5.150693
9883          50    173      25   16.770242   -8.229758
9884          50    174      24   14.472986   -9.527014
9885          50    175      23   16.621500   -6.378500
9886          50    176      22   12.038850   -9.961150
9887          50    177      21   12.283557   -8.716443
9888          50    178      20    7.688767  -12.311233
9889          50    179      19    7.116766  -11.883234
9890          50    180      18    6.852929  -11.147071
9891          50    181      17    7.761430   -9.238570
9892          50    182      16    3.973594  -12.026406
9893          50    183      15    5.796297   -9.203703
9894          50    184      14    4.294800   -9.705200
9895          50    185      13    4.054925   -8.945075
9896          50    186      12    2.055397   -9.944603
9897          50    187      11    2.127950   -8.872050
9898          50    188      10    2.638751   -7.361249
9899          50    189       9   -1.238399  -10.238399
9900          50    190       8   -5.138904  -13.138904
9901          50    191       7   -5.411239  -12.411239
9902          50    192       6   -5.680639  -11.680639
9903          50    193       5   -9.145868  -14.145868
9904          50    194       4  -12.039820  -16.039820
9905          50    195       3  -16.605880  -19.605880
9906          50    196       2  -14.543236  -16.543236
9907          50    197       1  -14.733187  -15.733187
9908          50    198       0  -14.871357  -14.871357
9909          51      1     212  233.479734   21.479734
9910          51      2     211  218.759258    7.759258
9911          51      3     210  218.384990    8.384990
9912          51      4     209  211.045299    2.045299
9913          51      5     208  208.120394    0.120394
9914          51      6     207  202.573640   -4.426360
9915          51      7     206  196.746553   -9.253447
9916          51      8     205  201.583275   -3.416725
9917          51      9     204  198.457106   -5.542894
9918          51     10     203  202.624017   -0.375983
9919          51     11     202  193.850257   -8.149743
9920          51     12     201  194.980703   -6.019297
9921          51     13     200  198.084991   -1.915009
9922          51     14     199  195.668439   -3.331561
9923          51     15     198  193.328276   -4.671724
9924          51     16     197  191.229349   -5.770651
9925          51     17     196  195.755186   -0.244814
9926          51     18     195  192.343246   -2.656754
9927          51     19     194  189.105952   -4.894048
9928          51     20     193  178.122407  -14.877593
9929          51     21     192  181.666460  -10.333540
9930          51     22     191  189.538748   -1.461252
9931          51     23     190  180.539812   -9.460188
9932          51     24     189  177.913815  -11.086185
9933          51     25     188  182.760032   -5.239968
9934          51     26     187  177.557183   -9.442817
9935          51     27     186  175.918910  -10.081090
9936          51     28     185  172.058989  -12.941011
9937          51     29     184  175.179338   -8.820662
9938          51     30     183  173.207387   -9.792613
9939          51     31     182  169.273589  -12.726411
9940          51     32     181  157.991450  -23.008550
9941          51     33     180  162.519561  -17.480439
9942          51     34     179  170.933155   -8.066845
9943          51     35     178  166.498157  -11.501843
9944          51     36     177  167.366595   -9.633405
9945          51     37     176  165.352338  -10.647662
9946          51     38     175  168.687984   -6.312016
9947          51     39     174  166.641552   -7.358448
9948          51     40     173  166.620047   -6.379953
9949          51     41     172  159.444000  -12.556000
9950          51     42     171  165.832062   -5.167938
9951          51     43     170  170.478803    0.478803
9952          51     44     169  165.891747   -3.108253
9953          51     45     168  163.603381   -4.396619
9954          51     46     167  166.163066   -0.836934
9955          51     47     166  163.230870   -2.769130
9956          51     48     165  167.129817    2.129817
9957          51     49     164  161.662479   -2.337521
9958          51     50     163  157.166861   -5.833139
9959          51     51     162  162.572183    0.572183
9960          51     52     161  168.150944    7.150944
9961          51     53     160  161.120670    1.120670
9962          51     54     159  161.527731    2.527731
9963          51     55     158  160.808538    2.808538
9964          51     56     157  160.015295    3.015295
9965          51     57     156  159.434199    3.434199
9966          51     58     155  160.304056    5.304056
9967          51     59     154  156.474365    2.474365
9968          51     60     153  156.387159    3.387159
9969          51     61     152  151.148503   -0.851497
9970          51     62     151  147.814751   -3.185249
9971          51     63     150  149.006903   -0.993097
9972          51     64     149  142.044788   -6.955212
9973          51     65     148  146.091595   -1.908405
9974          51     66     147  142.710628   -4.289372
9975          51     67     146  144.810857   -1.189143
9976          51     68     145  144.780101   -0.219899
9977          51     69     144  143.601359   -0.398641
9978          51     70     143  146.863021    3.863021
9979          51     71     142  145.871383    3.871383
9980          51     72     141  146.134770    5.134770
9981          51     73     140  144.245232    4.245232
9982          51     74     139  138.566981   -0.433019
9983          51     75     138  138.088105    0.088105
9984          51     76     137  140.725512    3.725512
9985          51     77     136  138.351838    2.351838
9986          51     78     135  138.166222    3.166222
9987          51     79     134  140.215112    6.215112
9988          51     80     133  132.232966   -0.767034
9989          51     81     132  134.971207    2.971207
9990          51     82     131  131.345628    0.345628
9991          51     83     130  130.847616    0.847616
9992          51     84     129  125.547434   -3.452566
9993          51     85     128  130.785365    2.785365
9994          51     86     127  129.186453    2.186453
9995          51     87     126  128.157687    2.157687
9996          51     88     125  129.568268    4.568268
9997          51     89     124  127.847833    3.847833
9998          51     90     123  123.120103    0.120103
9999          51     91     122  124.779389    2.779389
10000         51     92     121  121.721833    0.721833
10001         51     93     120  125.982967    5.982967
10002         51     94     119  123.950893    4.950893
10003         51     95     118  128.869087   10.869087
10004         51     96     117  122.167039    5.167039
10005         51     97     116  122.953391    6.953391
10006         51     98     115  118.722653    3.722653
10007         51     99     114  117.144840    3.144840
10008         51    100     113  127.307219   14.307219
10009         51    101     112  117.506748    5.506748
10010         51    102     111  111.894738    0.894738
10011         51    103     110  117.340975    7.340975
10012         51    104     109  112.896678    3.896678
10013         51    105     108  116.885826    8.885826
10014         51    106     107  114.659491    7.659491
10015         51    107     106  116.055429   10.055429
10016         51    108     105  123.205787   18.205787
10017         51    109     104  117.931993   13.931993
10018         51    110     103  120.813940   17.813940
10019         51    111     102  124.105528   22.105528
10020         51    112     101  118.619862   17.619862
10021         51    113     100  116.445726   16.445726
10022         51    114      99  117.117989   18.117989
10023         51    115      98  111.134674   13.134674
10024         51    116      97  110.535705   13.535705
10025         51    117      96  106.880053   10.880053
10026         51    118      95  105.693582   10.693582
10027         51    119      94  108.735318   14.735318
10028         51    120      93  106.348951   13.348951
10029         51    121      92  108.404184   16.404184
10030         51    122      91  103.951670   12.951670
10031         51    123      90  103.957765   13.957765
10032         51    124      89   97.866452    8.866452
10033         51    125      88  100.098580   12.098580
10034         51    126      87  100.729858   13.729858
10035         51    127      86  100.771491   14.771491
10036         51    128      85   99.741634   14.741634
10037         51    129      84   93.101352    9.101352
10038         51    130      83   98.289134   15.289134
10039         51    131      82   97.095221   15.095221
10040         51    132      81  101.298806   20.298806
10041         51    133      80  102.042249   22.042249
10042         51    134      79   96.860728   17.860728
10043         51    135      78   92.274599   14.274599
10044         51    136      77   93.600847   16.600847
10045         51    137      76   94.943169   18.943169
10046         51    138      75   92.503947   17.503947
10047         51    139      74   85.520836   11.520836
10048         51    140      73   83.807595   10.807595
10049         51    141      72   86.366472   14.366472
10050         51    142      71   85.496018   14.496018
10051         51    143      70   91.109524   21.109524
10052         51    144      69   84.533668   15.533668
10053         51    145      68   84.109246   16.109246
10054         51    146      67   83.866579   16.866579
10055         51    147      66   83.923331   17.923331
10056         51    148      65   82.356358   17.356358
10057         51    149      64   82.950491   18.950491
10058         51    150      63   80.241666   17.241666
10059         51    151      62   80.828915   18.828915
10060         51    152      61   80.961614   19.961614
10061         51    153      60   85.922783   25.922783
10062         51    154      59   76.781104   17.781104
10063         51    155      58   76.582599   18.582599
10064         51    156      57   73.856845   16.856845
10065         51    157      56   72.880671   16.880671
10066         51    158      55   70.787507   15.787507
10067         51    159      54   72.164466   18.164466
10068         51    160      53   72.425858   19.425858
10069         51    161      52   72.488057   20.488057
10070         51    162      51   67.757619   16.757619
10071         51    163      50   69.374994   19.374994
10072         51    164      49   67.223364   18.223364
10073         51    165      48   61.014990   13.014990
10074         51    166      47   64.044946   17.044946
10075         51    167      46   66.407013   20.407013
10076         51    168      45   68.924235   23.924235
10077         51    169      44   72.634404   28.634404
10078         51    170      43   61.000326   18.000326
10079         51    171      42   57.031008   15.031008
10080         51    172      41   57.932178   16.932178
10081         51    173      40   56.303532   16.303532
10082         51    174      39   55.912860   16.912860
10083         51    175      38   53.069202   15.069202
10084         51    176      37   51.430499   14.430499
10085         51    177      36   50.687214   14.687214
10086         51    178      35   54.209810   19.209810
10087         51    179      34   50.927867   16.927867
10088         51    180      33   46.593978   13.593978
10089         51    181      32   49.925336   17.925336
10090         51    182      31   50.845655   19.845655
10091         51    183      30   49.062849   19.062849
10092         51    184      29   45.693867   16.693867
10093         51    185      28   44.918630   16.918630
10094         51    186      27   45.432335   18.432335
10095         51    187      26   42.897536   16.897536
10096         51    188      25   40.734007   15.734007
10097         51    189      24   38.299889   14.299889
10098         51    190      23   34.666700   11.666700
10099         51    191      22   33.643005   11.643005
10100         51    192      21   30.354856    9.354856
10101         51    193      20   22.939311    2.939311
10102         51    194      19   20.703101    1.703101
10103         51    195      18   16.447213   -1.552787
10104         51    196      17   21.866842    4.866842
10105         51    197      16   14.822031   -1.177969
10106         51    198      15   12.652633   -2.347367
10107         51    199      14   18.260575    4.260575
10108         51    200      13   14.385422    1.385422
10109         51    201      12   12.214237    0.214237
10110         51    202      11    7.396744   -3.603256
10111         51    203      10    6.420435   -3.579565
10112         51    204       9    3.062691   -5.937309
10113         51    205       8   -0.279611   -8.279611
10114         51    206       7   -1.194582   -8.194582
10115         51    207       6   -4.209280  -10.209280
10116         51    208       5   -0.458577   -5.458577
10117         51    209       4   -6.645548  -10.645548
10118         51    210       3   -9.501259  -12.501259
10119         51    211       2   -4.868579   -6.868579
10120         51    212       1    1.565920    0.565920
10121         51    213       0    0.501768    0.501768
10122         52      1     212  191.079747  -20.920253
10123         52      2     211  184.536238  -26.463762
10124         52      3     210  185.847181  -24.152819
10125         52      4     209  176.639447  -32.360553
10126         52      5     208  176.834064  -31.165936
10127         52      6     207  175.277656  -31.722344
10128         52      7     206  171.059635  -34.940365
10129         52      8     205  166.360754  -38.639246
10130         52      9     204  167.453732  -36.546268
10131         52     10     203  166.748812  -36.251188
10132         52     11     202  168.314422  -33.685578
10133         52     12     201  164.764166  -36.235834
10134         52     13     200  167.327960  -32.672040
10135         52     14     199  163.520511  -35.479489
10136         52     15     198  171.047841  -26.952159
10137         52     16     197  162.551877  -34.448123
10138         52     17     196  161.363077  -34.636923
10139         52     18     195  157.804288  -37.195712
10140         52     19     194  158.401191  -35.598809
10141         52     20     193  158.847646  -34.152354
10142         52     21     192  156.192404  -35.807596
10143         52     22     191  158.048016  -32.951984
10144         52     23     190  153.176824  -36.823176
10145         52     24     189  162.697247  -26.302753
10146         52     25     188  163.745769  -24.254231
10147         52     26     187  158.257652  -28.742348
10148         52     27     186  154.752035  -31.247965
10149         52     28     185  161.718294  -23.281706
10150         52     29     184  153.420717  -30.579283
10151         52     30     183  150.430696  -32.569304
10152         52     31     182  151.421913  -30.578087
10153         52     32     181  147.894011  -33.105989
10154         52     33     180  151.875602  -28.124398
10155         52     34     179  146.553009  -32.446991
10156         52     35     178  148.156895  -29.843105
10157         52     36     177  146.637197  -30.362803
10158         52     37     176  146.703695  -29.296305
10159         52     38     175  141.776789  -33.223211
10160         52     39     174  141.396212  -32.603788
10161         52     40     173  142.887845  -30.112155
10162         52     41     172  140.822050  -31.177950
10163         52     42     171  139.478964  -31.521036
10164         52     43     170  144.972518  -25.027482
10165         52     44     169  144.742765  -24.257235
10166         52     45     168  142.212327  -25.787673
10167         52     46     167  144.638020  -22.361980
10168         52     47     166  135.419436  -30.580564
10169         52     48     165  135.971294  -29.028706
10170         52     49     164  128.889135  -35.110865
10171         52     50     163  131.712954  -31.287046
10172         52     51     162  131.996841  -30.003159
10173         52     52     161  130.235684  -30.764316
10174         52     53     160  133.228420  -26.771580
10175         52     54     159  133.763597  -25.236403
10176         52     55     158  140.565672  -17.434328
10177         52     56     157  135.407161  -21.592839
10178         52     57     156  138.710943  -17.289057
10179         52     58     155  140.503041  -14.496959
10180         52     59     154  139.853147  -14.146853
10181         52     60     153  140.018678  -12.981322
10182         52     61     152  136.900130  -15.099870
10183         52     62     151  134.258064  -16.741936
10184         52     63     150  129.203880  -20.796120
10185         52     64     149  128.487143  -20.512857
10186         52     65     148  132.379931  -15.620069
10187         52     66     147  125.927597  -21.072403
10188         52     67     146  126.206319  -19.793681
10189         52     68     145  128.948220  -16.051780
10190         52     69     144  125.588254  -18.411746
10191         52     70     143  128.557753  -14.442247
10192         52     71     142  124.312060  -17.687940
10193         52     72     141  127.497079  -13.502921
10194         52     73     140  127.060851  -12.939149
10195         52     74     139  128.011944  -10.988056
10196         52     75     138  130.003838   -7.996162
10197         52     76     137  131.438410   -5.561590
10198         52     77     136  126.231596   -9.768404
10199         52     78     135  127.579876   -7.420124
10200         52     79     134  130.567932   -3.432068
10201         52     80     133  130.382307   -2.617693
10202         52     81     132  128.087601   -3.912399
10203         52     82     131  122.801717   -8.198283
10204         52     83     130  122.696415   -7.303585
10205         52     84     129  119.701126   -9.298874
10206         52     85     128  119.825950   -8.174050
10207         52     86     127  117.608666   -9.391334
10208         52     87     126  116.349210   -9.650790
10209         52     88     125  116.830293   -8.169707
10210         52     89     124  118.820748   -5.179252
10211         52     90     123  122.337308   -0.662692
10212         52     91     122  118.298607   -3.701393
10213         52     92     121  116.981301   -4.018699
10214         52     93     120  116.513781   -3.486219
10215         52     94     119  113.943133   -5.056867
10216         52     95     118  113.090514   -4.909486
10217         52     96     117  111.565721   -5.434279
10218         52     97     116  112.025630   -3.974370
10219         52     98     115  109.222869   -5.777131
10220         52     99     114  111.466883   -2.533117
10221         52    100     113  105.520536   -7.479464
10222         52    101     112  103.830457   -8.169543
10223         52    102     111  105.755233   -5.244767
10224         52    103     110  102.191742   -7.808258
10225         52    104     109   94.762736  -14.237264
10226         52    105     108   98.851266   -9.148734
10227         52    106     107   92.176925  -14.823075
10228         52    107     106   91.210642  -14.789358
10229         52    108     105   93.854667  -11.145333
10230         52    109     104   86.742361  -17.257639
10231         52    110     103   93.378865   -9.621135
10232         52    111     102   86.736874  -15.263126
10233         52    112     101   90.151214  -10.848786
10234         52    113     100   92.069372   -7.930628
10235         52    114      99   85.049121  -13.950879
10236         52    115      98   93.150714   -4.849286
10237         52    116      97   88.289102   -8.710898
10238         52    117      96   82.557780  -13.442220
10239         52    118      95   81.475600  -13.524400
10240         52    119      94   80.962711  -13.037289
10241         52    120      93   83.238779   -9.761221
10242         52    121      92   81.426940  -10.573060
10243         52    122      91   81.980459   -9.019541
10244         52    123      90   76.258975  -13.741025
10245         52    124      89   77.918587  -11.081413
10246         52    125      88   77.839385  -10.160615
10247         52    126      87   78.629937   -8.370063
10248         52    127      86   79.854173   -6.145827
10249         52    128      85   75.521556   -9.478444
10250         52    129      84   78.951913   -5.048087
10251         52    130      83   70.063419  -12.936581
10252         52    131      82   71.935844  -10.064156
10253         52    132      81   72.445410   -8.554590
10254         52    133      80   77.815580   -2.184420
10255         52    134      79   76.603099   -2.396901
10256         52    135      78   72.710028   -5.289972
10257         52    136      77   69.239969   -7.760031
10258         52    137      76   74.071598   -1.928402
10259         52    138      75   68.082047   -6.917953
10260         52    139      74   67.124818   -6.875182
10261         52    140      73   65.058252   -7.941748
10262         52    141      72   61.179803  -10.820197
10263         52    142      71   67.147347   -3.852653
10264         52    143      70   60.656883   -9.343117
10265         52    144      69   55.413201  -13.586799
10266         52    145      68   55.532902  -12.467098
10267         52    146      67   61.183624   -5.816376
10268         52    147      66   61.534641   -4.465359
10269         52    148      65   58.942591   -6.057409
10270         52    149      64   55.355991   -8.644009
10271         52    150      63   53.891757   -9.108243
10272         52    151      62   50.351607  -11.648393
10273         52    152      61   52.558436   -8.441564
10274         52    153      60   45.467352  -14.532648
10275         52    154      59   48.332994  -10.667006
10276         52    155      58   45.942072  -12.057928
10277         52    156      57   46.579798  -10.420202
10278         52    157      56   42.924922  -13.075078
10279         52    158      55   43.343529  -11.656471
10280         52    159      54   46.678994   -7.321006
10281         52    160      53   38.199012  -14.800988
10282         52    161      52   37.163885  -14.836115
10283         52    162      51   33.313574  -17.686426
10284         52    163      50   36.615715  -13.384285
10285         52    164      49   32.371461  -16.628539
10286         52    165      48   33.670096  -14.329904
10287         52    166      47   34.456411  -12.543589
10288         52    167      46   31.893267  -14.106733
10289         52    168      45   26.967886  -18.032114
10290         52    169      44   26.391747  -17.608253
10291         52    170      43   26.869169  -16.130831
10292         52    171      42   26.033306  -15.966694
10293         52    172      41   28.996340  -12.003660
10294         52    173      40   25.579053  -14.420947
10295         52    174      39   25.258300  -13.741700
10296         52    175      38   20.767107  -17.232893
10297         52    176      37   13.088693  -23.911307
10298         52    177      36   11.945181  -24.054819
10299         52    178      35   14.029906  -20.970094
10300         52    179      34   13.316957  -20.683043
10301         52    180      33   10.978051  -22.021949
10302         52    181      32   12.430063  -19.569937
10303         52    182      31   11.200445  -19.799555
10304         52    183      30    7.641300  -22.358700
10305         52    184      29    4.314244  -24.685756
10306         52    185      28    5.049831  -22.950169
10307         52    186      27    3.656047  -23.343953
10308         52    187      26    5.887671  -20.112329
10309         52    188      25    2.423491  -22.576509
10310         52    189      24    4.637091  -19.362909
10311         52    190      23    2.058239  -20.941761
10312         52    191      22    6.297330  -15.702670
10313         52    192      21    1.780172  -19.219828
10314         52    193      20   -0.307284  -20.307284
10315         52    194      19   -1.140548  -20.140548
10316         52    195      18   -2.905328  -20.905328
10317         52    196      17   -3.780808  -20.780808
10318         52    197      16    0.199944  -15.800056
10319         52    198      15   -3.238208  -18.238208
10320         52    199      14   -8.647869  -22.647869
10321         52    200      13   -3.611155  -16.611155
10322         52    201      12   -3.352912  -15.352912
10323         52    202      11   -2.878719  -13.878719
10324         52    203      10   -6.537622  -16.537622
10325         52    204       9   -6.517692  -15.517692
10326         52    205       8   -6.124131  -14.124131
10327         52    206       7   -9.300140  -16.300140
10328         52    207       6   -8.304094  -14.304094
10329         52    208       5   -9.982037  -14.982037
10330         52    209       4  -13.633329  -17.633329
10331         52    210       3  -11.184795  -14.184795
10332         52    211       2  -12.834319  -14.834319
10333         52    212       1  -11.878664  -12.878664
10334         52    213       0  -15.434362  -15.434362
10335         53      1     194  208.967553   14.967553
10336         53      2     193  194.352020    1.352020
10337         53      3     192  206.604221   14.604221
10338         53      4     191  199.130268    8.130268
10339         53      5     190  199.179779    9.179779
10340         53      6     189  191.914481    2.914481
10341         53      7     188  189.000050    1.000050
10342         53      8     187  187.924252    0.924252
10343         53      9     186  187.018534    1.018534
10344         53     10     185  185.839651    0.839651
10345         53     11     184  185.451927    1.451927
10346         53     12     183  188.010603    5.010603
10347         53     13     182  187.144972    5.144972
10348         53     14     181  181.600663    0.600663
10349         53     15     180  186.788483    6.788483
10350         53     16     179  182.444505    3.444505
10351         53     17     178  180.249777    2.249777
10352         53     18     177  173.247703   -3.752297
10353         53     19     176  174.913393   -1.086607
10354         53     20     175  176.566866    1.566866
10355         53     21     174  176.189090    2.189090
10356         53     22     173  168.220133   -4.779867
10357         53     23     172  173.419605    1.419605
10358         53     24     171  165.172525   -5.827475
10359         53     25     170  166.309667   -3.690333
10360         53     26     169  167.622595   -1.377405
10361         53     27     168  163.684222   -4.315778
10362         53     28     167  161.802505   -5.197495
10363         53     29     166  163.710264   -2.289736
10364         53     30     165  165.066013    0.066013
10365         53     31     164  165.071265    1.071265
10366         53     32     163  157.485333   -5.514667
10367         53     33     162  159.507505   -2.492495
10368         53     34     161  159.840206   -1.159794
10369         53     35     160  158.917295   -1.082705
10370         53     36     159  159.241540    0.241540
10371         53     37     158  157.804579   -0.195421
10372         53     38     157  157.600470    0.600470
10373         53     39     156  154.302504   -1.697496
10374         53     40     155  151.872405   -3.127595
10375         53     41     154  154.513819    0.513819
10376         53     42     153  150.375495   -2.624505
10377         53     43     152  154.743426    2.743426
10378         53     44     151  149.185206   -1.814794
10379         53     45     150  162.699829   12.699829
10380         53     46     149  153.852527    4.852527
10381         53     47     148  153.281667    5.281667
10382         53     48     147  158.540764   11.540764
10383         53     49     146  149.111694    3.111694
10384         53     50     145  153.930753    8.930753
10385         53     51     144  152.747836    8.747836
10386         53     52     143  145.073702    2.073702
10387         53     53     142  146.230877    4.230877
10388         53     54     141  148.848314    7.848314
10389         53     55     140  143.571051    3.571051
10390         53     56     139  140.761930    1.761930
10391         53     57     138  142.614182    4.614182
10392         53     58     137  139.763215    2.763215
10393         53     59     136  139.917561    3.917561
10394         53     60     135  139.622420    4.622420
10395         53     61     134  137.039027    3.039027
10396         53     62     133  136.273664    3.273664
10397         53     63     132  136.035759    4.035759
10398         53     64     131  138.627318    7.627318
10399         53     65     130  138.694114    8.694114
10400         53     66     129  132.475912    3.475912
10401         53     67     128  131.818379    3.818379
10402         53     68     127  134.806730    7.806730
10403         53     69     126  127.741298    1.741298
10404         53     70     125  125.952819    0.952819
10405         53     71     124  126.474133    2.474133
10406         53     72     123  125.073292    2.073292
10407         53     73     122  125.911126    3.911126
10408         53     74     121  122.649453    1.649453
10409         53     75     120  127.030906    7.030906
10410         53     76     119  120.559566    1.559566
10411         53     77     118  116.507863   -1.492137
10412         53     78     117  115.697936   -1.302064
10413         53     79     116  119.890203    3.890203
10414         53     80     115  114.557682   -0.442318
10415         53     81     114  118.130986    4.130986
10416         53     82     113  119.949164    6.949164
10417         53     83     112  120.751348    8.751348
10418         53     84     111  114.709835    3.709835
10419         53     85     110  115.396142    5.396142
10420         53     86     109  111.113243    2.113243
10421         53     87     108  115.390666    7.390666
10422         53     88     107  107.558972    0.558972
10423         53     89     106  109.220289    3.220289
10424         53     90     105  107.589306    2.589306
10425         53     91     104  112.796382    8.796382
10426         53     92     103  105.338866    2.338866
10427         53     93     102  104.449191    2.449191
10428         53     94     101  105.321302    4.321302
10429         53     95     100  102.765122    2.765122
10430         53     96      99  103.640181    4.640181
10431         53     97      98  108.136012   10.136012
10432         53     98      97   99.437263    2.437263
10433         53     99      96   96.955413    0.955413
10434         53    100      95   95.368346    0.368346
10435         53    101      94   95.663275    1.663275
10436         53    102      93   94.834852    1.834852
10437         53    103      92   90.531718   -1.468282
10438         53    104      91   91.395205    0.395205
10439         53    105      90   91.663021    1.663021
10440         53    106      89   88.979287   -0.020713
10441         53    107      88   91.812728    3.812728
10442         53    108      87   85.658860   -1.341140
10443         53    109      86   91.997865    5.997865
10444         53    110      85   89.435387    4.435387
10445         53    111      84   87.871308    3.871308
10446         53    112      83   86.120607    3.120607
10447         53    113      82   85.680991    3.680991
10448         53    114      81   80.681751   -0.318249
10449         53    115      80   87.048204    7.048204
10450         53    116      79   80.911689    1.911689
10451         53    117      78   78.773477    0.773477
10452         53    118      77   81.002573    4.002573
10453         53    119      76   77.840745    1.840745
10454         53    120      75   81.151050    6.151050
10455         53    121      74   74.648574    0.648574
10456         53    122      73   76.503165    3.503165
10457         53    123      72   72.360928    0.360928
10458         53    124      71   67.885848   -3.114152
10459         53    125      70   67.276856   -2.723144
10460         53    126      69   66.757246   -2.242754
10461         53    127      68   72.016430    4.016430
10462         53    128      67   76.902804    9.902804
10463         53    129      66   72.602393    6.602393
10464         53    130      65   70.103404    5.103404
10465         53    131      64   69.941187    5.941187
10466         53    132      63   64.925530    1.925530
10467         53    133      62   70.494979    8.494979
10468         53    134      61   67.224519    6.224519
10469         53    135      60   71.191791   11.191791
10470         53    136      59   63.417799    4.417799
10471         53    137      58   65.422793    7.422793
10472         53    138      57   66.533808    9.533808
10473         53    139      56   68.304081   12.304081
10474         53    140      55   65.657611   10.657611
10475         53    141      54   60.956473    6.956473
10476         53    142      53   58.286266    5.286266
10477         53    143      52   58.387334    6.387334
10478         53    144      51   59.904963    8.904963
10479         53    145      50   60.002476   10.002476
10480         53    146      49   56.194408    7.194408
10481         53    147      48   56.264581    8.264581
10482         53    148      47   50.407908    3.407908
10483         53    149      46   51.571892    5.571892
10484         53    150      45   52.052314    7.052314
10485         53    151      44   50.297924    6.297924
10486         53    152      43   52.471338    9.471338
10487         53    153      42   47.872089    5.872089
10488         53    154      41   45.374073    4.374073
10489         53    155      40   46.603776    6.603776
10490         53    156      39   40.677302    1.677302
10491         53    157      38   45.566364    7.566364
10492         53    158      37   42.652465    5.652465
10493         53    159      36   39.878915    3.878915
10494         53    160      35   34.704915   -0.295085
10495         53    161      34   33.909584   -0.090416
10496         53    162      33   34.943707    1.943707
10497         53    163      32   35.536100    3.536100
10498         53    164      31   32.414802    1.414802
10499         53    165      30   34.575607    4.575607
10500         53    166      29   34.044450    5.044450
10501         53    167      28   31.724825    3.724825
10502         53    168      27   31.203851    4.203851
10503         53    169      26   28.032044    2.032044
10504         53    170      25   25.671772    0.671772
10505         53    171      24   26.446857    2.446857
10506         53    172      23   18.386388   -4.613612
10507         53    173      22   17.388982   -4.611018
10508         53    174      21   11.935396   -9.064604
10509         53    175      20   13.592184   -6.407816
10510         53    176      19   15.252322   -3.747678
10511         53    177      18   11.506870   -6.493130
10512         53    178      17   11.791623   -5.208377
10513         53    179      16   16.674256    0.674256
10514         53    180      15   11.748048   -3.251952
10515         53    181      14    7.596049   -6.403951
10516         53    182      13   10.520207   -2.479793
10517         53    183      12   10.001100   -1.998900
10518         53    184      11    8.696100   -2.303900
10519         53    185      10    7.835752   -2.164248
10520         53    186       9    4.884969   -4.115031
10521         53    187       8    6.349657   -1.650343
10522         53    188       7    5.639629   -1.360371
10523         53    189       6    0.366708   -5.633292
10524         53    190       5   -2.859430   -7.859430
10525         53    191       4   -2.920571   -6.920571
10526         53    192       3   -6.166466   -9.166466
10527         53    193       2  -10.113115  -12.113115
10528         53    194       1  -14.051532  -15.051532
10529         53    195       0  -17.595230  -17.595230
10530         54      1     256  206.800607  -49.199393
10531         54      2     255  197.455775  -57.544225
10532         54      3     254  194.828974  -59.171026
10533         54      4     253  195.576768  -57.423232
10534         54      5     252  200.534181  -51.465819
10535         54      6     251  204.995951  -46.004049
10536         54      7     250  202.440080  -47.559920
10537         54      8     249  205.906105  -43.093895
10538         54      9     248  198.552941  -49.447059
10539         54     10     247  202.261305  -44.738695
10540         54     11     246  203.138020  -42.861980
10541         54     12     245  199.206853  -45.793147
10542         54     13     244  198.805423  -45.194577
10543         54     14     243  197.854879  -45.145121
10544         54     15     242  201.947408  -40.052592
10545         54     16     241  200.299333  -40.700667
10546         54     17     240  196.370848  -43.629152
10547         54     18     239  192.649230  -46.350770
10548         54     19     238  195.190124  -42.809876
10549         54     20     237  187.244003  -49.755997
10550         54     21     236  187.416220  -48.583780
10551         54     22     235  185.394561  -49.605439
10552         54     23     234  181.830992  -52.169008
10553         54     24     233  182.977489  -50.022511
10554         54     25     232  183.905769  -48.094231
10555         54     26     231  181.238630  -49.761370
10556         54     27     230  185.517003  -44.482997
10557         54     28     229  181.916024  -47.083976
10558         54     29     228  176.372037  -51.627963
10559         54     30     227  178.838794  -48.161206
10560         54     31     226  176.675860  -49.324140
10561         54     32     225  180.179835  -44.820165
10562         54     33     224  182.554289  -41.445711
10563         54     34     223  177.166135  -45.833865
10564         54     35     222  184.148981  -37.851019
10565         54     36     221  175.806817  -45.193183
10566         54     37     220  181.289544  -38.710456
10567         54     38     219  171.544693  -47.455307
10568         54     39     218  174.534830  -43.465170
10569         54     40     217  171.915435  -45.084565
10570         54     41     216  168.872819  -47.127181
10571         54     42     215  173.704066  -41.295934
10572         54     43     214  167.854103  -46.145897
10573         54     44     213  164.393280  -48.606720
10574         54     45     212  172.615540  -39.384460
10575         54     46     211  167.407640  -43.592360
10576         54     47     210  175.680385  -34.319615
10577         54     48     209  162.786707  -46.213293
10578         54     49     208  169.597760  -38.402240
10579         54     50     207  170.896163  -36.103837
10580         54     51     206  171.984066  -34.015934
10581         54     52     205  166.060464  -38.939536
10582         54     53     204  165.693952  -38.306048
10583         54     54     203  163.401763  -39.598237
10584         54     55     202  159.937014  -42.062986
10585         54     56     201  167.872088  -33.127912
10586         54     57     200  166.613911  -33.386089
10587         54     58     199  161.119202  -37.880798
10588         54     59     198  157.768393  -40.231607
10589         54     60     197  157.370083  -39.629917
10590         54     61     196  150.997959  -45.002041
10591         54     62     195  152.764742  -42.235258
10592         54     63     194  153.175953  -40.824047
10593         54     64     193  157.782272  -35.217728
10594         54     65     192  153.696989  -38.303011
10595         54     66     191  148.554117  -42.445883
10596         54     67     190  145.752550  -44.247450
10597         54     68     189  146.203482  -42.796518
10598         54     69     188  152.477225  -35.522775
10599         54     70     187  142.685502  -44.314498
10600         54     71     186  145.267434  -40.732566
10601         54     72     185  146.668324  -38.331676
10602         54     73     184  144.279497  -39.720503
10603         54     74     183  148.226046  -34.773954
10604         54     75     182  150.878402  -31.121598
10605         54     76     181  151.014480  -29.985520
10606         54     77     180  154.541191  -25.458809
10607         54     78     179  154.452304  -24.547696
10608         54     79     178  154.335954  -23.664046
10609         54     80     177  151.153346  -25.846654
10610         54     81     176  159.718876  -16.281124
10611         54     82     175  148.447098  -26.552902
10612         54     83     174  152.010670  -21.989330
10613         54     84     173  150.673215  -22.326785
10614         54     85     172  145.145365  -26.854635
10615         54     86     171  149.411320  -21.588680
10616         54     87     170  157.003530  -12.996470
10617         54     88     169  138.507953  -30.492047
10618         54     89     168  144.161570  -23.838430
10619         54     90     167  143.158954  -23.841046
10620         54     91     166  142.737144  -23.262856
10621         54     92     165  147.817725  -17.182275
10622         54     93     164  141.753298  -22.246702
10623         54     94     163  143.644634  -19.355366
10624         54     95     162  151.509190  -10.490810
10625         54     96     161  143.074334  -17.925666
10626         54     97     160  140.464038  -19.535962
10627         54     98     159  139.534137  -19.465863
10628         54     99     158  138.030804  -19.969196
10629         54    100     157  139.816363  -17.183637
10630         54    101     156  140.332279  -15.667721
10631         54    102     155  134.719830  -20.280170
10632         54    103     154  134.357125  -19.642875
10633         54    104     153  132.503795  -20.496205
10634         54    105     152  135.169833  -16.830167
10635         54    106     151  134.669801  -16.330199
10636         54    107     150  131.398806  -18.601194
10637         54    108     149  128.621105  -20.378895
10638         54    109     148  131.884633  -16.115367
10639         54    110     147  136.636343  -10.363657
10640         54    111     146  127.110618  -18.889382
10641         54    112     145  126.689987  -18.310013
10642         54    113     144  135.371788   -8.628212
10643         54    114     143  135.380736   -7.619264
10644         54    115     142  136.086195   -5.913805
10645         54    116     141  129.716860  -11.283140
10646         54    117     140  140.275640    0.275640
10647         54    118     139  133.963635   -5.036365
10648         54    119     138  136.271026   -1.728974
10649         54    120     137  136.920634   -0.079366
10650         54    121     136  131.503590   -4.496410
10651         54    122     135  135.397459    0.397459
10652         54    123     134  134.454399    0.454399
10653         54    124     133  133.902580    0.902580
10654         54    125     132  128.219160   -3.780840
10655         54    126     131  129.849186   -1.150814
10656         54    127     130  124.035423   -5.964577
10657         54    128     129  125.731872   -3.268128
10658         54    129     128  117.717992  -10.282008
10659         54    130     127  125.382647   -1.617353
10660         54    131     126  118.637377   -7.362623
10661         54    132     125  120.923273   -4.076727
10662         54    133     124  119.984377   -4.015623
10663         54    134     123  119.518391   -3.481609
10664         54    135     122  121.096196   -0.903804
10665         54    136     121  112.141231   -8.858769
10666         54    137     120  112.730642   -7.269358
10667         54    138     119  108.846817  -10.153183
10668         54    139     118  110.438018   -7.561982
10669         54    140     117  107.669261   -9.330739
10670         54    141     116  108.849789   -7.150211
10671         54    142     115  104.281732  -10.718268
10672         54    143     114  100.095016  -13.904984
10673         54    144     113   98.647995  -14.352005
10674         54    145     112  103.841713   -8.158287
10675         54    146     111  100.323658  -10.676342
10676         54    147     110  104.838181   -5.161819
10677         54    148     109  102.115052   -6.884948
10678         54    149     108  108.606518    0.606518
10679         54    150     107  108.387109    1.387109
10680         54    151     106  106.145179    0.145179
10681         54    152     105  102.373692   -2.626308
10682         54    153     104   99.477636   -4.522364
10683         54    154     103  101.016772   -1.983228
10684         54    155     102   99.923442   -2.076558
10685         54    156     101  102.489471    1.489471
10686         54    157     100   94.232375   -5.767625
10687         54    158      99   98.069511   -0.930489
10688         54    159      98  100.241948    2.241948
10689         54    160      97   98.607212    1.607212
10690         54    161      96   93.725092   -2.274908
10691         54    162      95   99.490500    4.490500
10692         54    163      94   96.422183    2.422183
10693         54    164      93   93.570167    0.570167
10694         54    165      92   91.673576   -0.326424
10695         54    166      91   90.915519   -0.084481
10696         54    167      90   92.909412    2.909412
10697         54    168      89   89.318345    0.318345
10698         54    169      88   87.811517   -0.188483
10699         54    170      87   82.096517   -4.903483
10700         54    171      86   85.929004   -0.070996
10701         54    172      85   89.137054    4.137054
10702         54    173      84   84.896209    0.896209
10703         54    174      83   85.733677    2.733677
10704         54    175      82   74.003086   -7.996914
10705         54    176      81   83.317173    2.317173
10706         54    177      80   84.376429    4.376429
10707         54    178      79   79.385186    0.385186
10708         54    179      78   81.566490    3.566490
10709         54    180      77   78.340891    1.340891
10710         54    181      76   80.295804    4.295804
10711         54    182      75   75.695796    0.695796
10712         54    183      74   71.092438   -2.907562
10713         54    184      73   73.906766    0.906766
10714         54    185      72   75.998749    3.998749
10715         54    186      71   66.337543   -4.662457
10716         54    187      70   68.910825   -1.089175
10717         54    188      69   69.593807    0.593807
10718         54    189      68   72.446718    4.446718
10719         54    190      67   61.365058   -5.634942
10720         54    191      66   64.490971   -1.509029
10721         54    192      65   65.798715    0.798715
10722         54    193      64   64.776111    0.776111
10723         54    194      63   65.195173    2.195173
10724         54    195      62   60.711201   -1.288799
10725         54    196      61   60.922550   -0.077450
10726         54    197      60   56.588835   -3.411165
10727         54    198      59   55.673419   -3.326581
10728         54    199      58   52.423514   -5.576486
10729         54    200      57   52.324402   -4.675598
10730         54    201      56   48.783343   -7.216657
10731         54    202      55   51.508024   -3.491976
10732         54    203      54   54.273497    0.273497
10733         54    204      53   51.927511   -1.072489
10734         54    205      52   51.250454   -0.749546
10735         54    206      51   52.725202    1.725202
10736         54    207      50   50.740026    0.740026
10737         54    208      49   48.928422   -0.071578
10738         54    209      48   45.968298   -2.031702
10739         54    210      47   48.003091    1.003091
10740         54    211      46   43.050548   -2.949452
10741         54    212      45   44.760863   -0.239137
10742         54    213      44   44.064226    0.064226
10743         54    214      43   41.820190   -1.179810
10744         54    215      42   44.124747    2.124747
10745         54    216      41   40.499670   -0.500330
10746         54    217      40   36.987827   -3.012173
10747         54    218      39   39.813001    0.813001
10748         54    219      38   45.987740    7.987740
10749         54    220      37   45.311987    8.311987
10750         54    221      36   41.722050    5.722050
10751         54    222      35   38.454110    3.454110
10752         54    223      34   39.661041    5.661041
10753         54    224      33   35.281404    2.281404
10754         54    225      32   34.544156    2.544156
10755         54    226      31   30.401630   -0.598370
10756         54    227      30   30.711066    0.711066
10757         54    228      29   35.887621    6.887621
10758         54    229      28   31.721189    3.721189
10759         54    230      27   26.914573   -0.085427
10760         54    231      26   26.333548    0.333548
10761         54    232      25   24.212734   -0.787266
10762         54    233      24   21.369135   -2.630865
10763         54    234      23   15.585683   -7.414317
10764         54    235      22   18.365788   -3.634212
10765         54    236      21   18.324502   -2.675498
10766         54    237      20   17.179102   -2.820898
10767         54    238      19   16.405491   -2.594509
10768         54    239      18   20.876912    2.876912
10769         54    240      17   15.185789   -1.814211
10770         54    241      16   17.456744    1.456744
10771         54    242      15   15.547352    0.547352
10772         54    243      14   15.637602    1.637602
10773         54    244      13   12.191477   -0.808523
10774         54    245      12   11.381768   -0.618232
10775         54    246      11   10.383940   -0.616060
10776         54    247      10    7.674168   -2.325832
10777         54    248       9    5.137980   -3.862020
10778         54    249       8   -0.161855   -8.161855
10779         54    250       7    1.712746   -5.287254
10780         54    251       6    3.921235   -2.078765
10781         54    252       5   -0.619539   -5.619539
10782         54    253       4    2.922541   -1.077459
10783         54    254       3    4.395200    1.395200
10784         54    255       2    3.187711    1.187711
10785         54    256       1    2.746933    1.746933
10786         54    257       0   -3.436869   -3.436869
10787         55      1     192  193.277938    1.277938
10788         55      2     191  198.113478    7.113478
10789         55      3     190  192.694833    2.694833
10790         55      4     189  184.223064   -4.776936
10791         55      5     188  188.232093    0.232093
10792         55      6     187  178.919167   -8.080833
10793         55      7     186  188.442153    2.442153
10794         55      8     185  184.344016   -0.655984
10795         55      9     184  180.376549   -3.623451
10796         55     10     183  179.090910   -3.909090
10797         55     11     182  178.947774   -3.052226
10798         55     12     181  175.429047   -5.570953
10799         55     13     180  174.638175   -5.361825
10800         55     14     179  177.735494   -1.264506
10801         55     15     178  171.275014   -6.724986
10802         55     16     177  168.686715   -8.313285
10803         55     17     176  170.524371   -5.475629
10804         55     18     175  174.456798   -0.543202
10805         55     19     174  173.143364   -0.856636
10806         55     20     173  167.763319   -5.236681
10807         55     21     172  171.223764   -0.776236
10808         55     22     171  160.229310  -10.770690
10809         55     23     170  162.167571   -7.832429
10810         55     24     169  162.145783   -6.854217
10811         55     25     168  163.412636   -4.587364
10812         55     26     167  157.278667   -9.721333
10813         55     27     166  156.165772   -9.834228
10814         55     28     165  149.734646  -15.265354
10815         55     29     164  151.703320  -12.296680
10816         55     30     163  154.077304   -8.922696
10817         55     31     162  153.078748   -8.921252
10818         55     32     161  156.283298   -4.716702
10819         55     33     160  153.186103   -6.813897
10820         55     34     159  152.628181   -6.371819
10821         55     35     158  154.790924   -3.209076
10822         55     36     157  147.350875   -9.649125
10823         55     37     156  154.541640   -1.458360
10824         55     38     155  148.334674   -6.665326
10825         55     39     154  154.233648    0.233648
10826         55     40     153  156.335171    3.335171
10827         55     41     152  141.976309  -10.023691
10828         55     42     151  150.670210   -0.329790
10829         55     43     150  143.050433   -6.949567
10830         55     44     149  146.922328   -2.077672
10831         55     45     148  141.646960   -6.353040
10832         55     46     147  142.503227   -4.496773
10833         55     47     146  142.333195   -3.666805
10834         55     48     145  140.185604   -4.814396
10835         55     49     144  140.193200   -3.806800
10836         55     50     143  131.240553  -11.759447
10837         55     51     142  134.757514   -7.242486
10838         55     52     141  132.128643   -8.871357
10839         55     53     140  131.504616   -8.495384
10840         55     54     139  128.416090  -10.583910
10841         55     55     138  128.433801   -9.566199
10842         55     56     137  127.223481   -9.776519
10843         55     57     136  129.031857   -6.968143
10844         55     58     135  125.801838   -9.198162
10845         55     59     134  128.311028   -5.688972
10846         55     60     133  127.817499   -5.182501
10847         55     61     132  128.136266   -3.863734
10848         55     62     131  126.439705   -4.560295
10849         55     63     130  124.743642   -5.256358
10850         55     64     129  124.955316   -4.044684
10851         55     65     128  121.542249   -6.457751
10852         55     66     127  131.479263    4.479263
10853         55     67     126  132.769111    6.769111
10854         55     68     125  130.951259    5.951259
10855         55     69     124  126.231703    2.231703
10856         55     70     123  129.521766    6.521766
10857         55     71     122  116.221913   -5.778087
10858         55     72     121  124.897080    3.897080
10859         55     73     120  127.576522    7.576522
10860         55     74     119  121.692814    2.692814
10861         55     75     118  120.055960    2.055960
10862         55     76     117  122.803933    5.803933
10863         55     77     116  124.942646    8.942646
10864         55     78     115  127.114437   12.114437
10865         55     79     114  124.175466   10.175466
10866         55     80     113  122.150534    9.150534
10867         55     81     112  126.506890   14.506890
10868         55     82     111  124.590326   13.590326
10869         55     83     110  118.871571    8.871571
10870         55     84     109  119.655791   10.655791
10871         55     85     108  123.664619   15.664619
10872         55     86     107  118.284041   11.284041
10873         55     87     106  123.740123   17.740123
10874         55     88     105  118.909618   13.909618
10875         55     89     104  120.963723   16.963723
10876         55     90     103  115.875408   12.875408
10877         55     91     102  119.500774   17.500774
10878         55     92     101  115.923854   14.923854
10879         55     93     100  112.801155   12.801155
10880         55     94      99  115.910788   16.910788
10881         55     95      98  116.410118   18.410118
10882         55     96      97  112.331326   15.331326
10883         55     97      96  110.755177   14.755177
10884         55     98      95  106.524294   11.524294
10885         55     99      94  105.856295   11.856295
10886         55    100      93  105.142135   12.142135
10887         55    101      92  105.460516   13.460516
10888         55    102      91  105.932875   14.932875
10889         55    103      90  109.117205   19.117205
10890         55    104      89  105.264651   16.264651
10891         55    105      88  102.481559   14.481559
10892         55    106      87   95.862236    8.862236
10893         55    107      86   95.078132    9.078132
10894         55    108      85   89.049988    4.049988
10895         55    109      84   90.601563    6.601563
10896         55    110      83   85.887192    2.887192
10897         55    111      82   87.868267    5.868267
10898         55    112      81   90.545099    9.545099
10899         55    113      80   87.059434    7.059434
10900         55    114      79   88.368275    9.368275
10901         55    115      78   95.133701   17.133701
10902         55    116      77   90.213165   13.213165
10903         55    117      76   90.098132   14.098132
10904         55    118      75   88.224694   13.224694
10905         55    119      74   88.250636   14.250636
10906         55    120      73   83.503993   10.503993
10907         55    121      72   84.349219   12.349219
10908         55    122      71   83.416588   12.416588
10909         55    123      70   87.983301   17.983301
10910         55    124      69   84.257577   15.257577
10911         55    125      68   85.883479   17.883479
10912         55    126      67   86.710299   19.710299
10913         55    127      66   81.948859   15.948859
10914         55    128      65   87.906441   22.906441
10915         55    129      64   81.051485   17.051485
10916         55    130      63   72.708400    9.708400
10917         55    131      62   76.446820   14.446820
10918         55    132      61   76.695936   15.695936
10919         55    133      60   75.315117   15.315117
10920         55    134      59   78.907216   19.907216
10921         55    135      58   78.523719   20.523719
10922         55    136      57   74.315362   17.315362
10923         55    137      56   79.249448   23.249448
10924         55    138      55   76.797544   21.797544
10925         55    139      54   77.538274   23.538274
10926         55    140      53   69.822902   16.822902
10927         55    141      52   74.225361   22.225361
10928         55    142      51   74.483077   23.483077
10929         55    143      50   68.488563   18.488563
10930         55    144      49   71.376287   22.376287
10931         55    145      48   65.179186   17.179186
10932         55    146      47   62.726477   15.726477
10933         55    147      46   69.611506   23.611506
10934         55    148      45   64.785095   19.785095
10935         55    149      44   62.896743   18.896743
10936         55    150      43   66.686762   23.686762
10937         55    151      42   61.891472   19.891472
10938         55    152      41   61.336561   20.336561
10939         55    153      40   54.208606   14.208606
10940         55    154      39   55.575740   16.575740
10941         55    155      38   54.687021   16.687021
10942         55    156      37   50.646184   13.646184
10943         55    157      36   45.747121    9.747121
10944         55    158      35   52.261146   17.261146
10945         55    159      34   53.689674   19.689674
10946         55    160      33   48.123924   15.123924
10947         55    161      32   46.956542   14.956542
10948         55    162      31   45.739569   14.739569
10949         55    163      30   44.343791   14.343791
10950         55    164      29   45.087644   16.087644
10951         55    165      28   45.663282   17.663282
10952         55    166      27   43.115563   16.115563
10953         55    167      26   46.203807   20.203807
10954         55    168      25   41.774886   16.774886
10955         55    169      24   43.147469   19.147469
10956         55    170      23   39.653766   16.653766
10957         55    171      22   35.252962   13.252962
10958         55    172      21   37.588435   16.588435
10959         55    173      20   29.936554    9.936554
10960         55    174      19   28.106449    9.106449
10961         55    175      18   27.174175    9.174175
10962         55    176      17   27.183873   10.183873
10963         55    177      16   25.399287    9.399287
10964         55    178      15   21.279663    6.279663
10965         55    179      14   16.589256    2.589256
10966         55    180      13   11.827042   -1.172958
10967         55    181      12   13.616192    1.616192
10968         55    182      11   15.880265    4.880265
10969         55    183      10   13.866079    3.866079
10970         55    184       9    8.829785   -0.170215
10971         55    185       8   11.990427    3.990427
10972         55    186       7    3.709271   -3.290729
10973         55    187       6    3.714962   -2.285038
10974         55    188       5    5.335519    0.335519
10975         55    189       4    6.432280    2.432280
10976         55    190       3    2.927266   -0.072734
10977         55    191       2    2.992481    0.992481
10978         55    192       1   -4.753361   -5.753361
10979         55    193       0   -1.786545   -1.786545
10980         56      1     274  196.648061  -77.351939
10981         56      2     273  179.460641  -93.539359
10982         56      3     272  184.825934  -87.174066
10983         56      4     271  187.993328  -83.006672
10984         56      5     270  184.538218  -85.461782
10985         56      6     269  177.554410  -91.445590
10986         56      7     268  172.615672  -95.384328
10987         56      8     267  168.721204  -98.278796
10988         56      9     266  167.947308  -98.052692
10989         56     10     265  170.561256  -94.438744
10990         56     11     264  170.211692  -93.788308
10991         56     12     263  167.336784  -95.663216
10992         56     13     262  168.700559  -93.299441
10993         56     14     261  170.128380  -90.871620
10994         56     15     260  170.495845  -89.504155
10995         56     16     259  165.712884  -93.287116
10996         56     17     258  169.142504  -88.857496
10997         56     18     257  167.775832  -89.224168
10998         56     19     256  163.916325  -92.083675
10999         56     20     255  164.824919  -90.175081
11000         56     21     254  161.701710  -92.298290
11001         56     22     253  162.620188  -90.379812
11002         56     23     252  160.561426  -91.438574
11003         56     24     251  160.005112  -90.994888
11004         56     25     250  159.777291  -90.222709
11005         56     26     249  156.364063  -92.635937
11006         56     27     248  155.468615  -92.531385
11007         56     28     247  153.443457  -93.556543
11008         56     29     246  158.305168  -87.694832
11009         56     30     245  154.739409  -90.260591
11010         56     31     244  147.666298  -96.333702
11011         56     32     243  154.351157  -88.648843
11012         56     33     242  148.938982  -93.061018
11013         56     34     241  147.876635  -93.123365
11014         56     35     240  152.985193  -87.014807
11015         56     36     239  154.487973  -84.512027
11016         56     37     238  146.281518  -91.718482
11017         56     38     237  148.400161  -88.599839
11018         56     39     236  149.807583  -86.192417
11019         56     40     235  149.060348  -85.939652
11020         56     41     234  156.022540  -77.977460
11021         56     42     233  152.312317  -80.687683
11022         56     43     232  150.593908  -81.406092
11023         56     44     231  150.273339  -80.726661
11024         56     45     230  148.200269  -81.799731
11025         56     46     229  151.606257  -77.393743
11026         56     47     228  145.590112  -82.409888
11027         56     48     227  143.885503  -83.114497
11028         56     49     226  138.143517  -87.856483
11029         56     50     225  138.926365  -86.073635
11030         56     51     224  137.357164  -86.642836
11031         56     52     223  137.910632  -85.089368
11032         56     53     222  141.712786  -80.287214
11033         56     54     221  134.903517  -86.096483
11034         56     55     220  138.592947  -81.407053
11035         56     56     219  134.182488  -84.817512
11036         56     57     218  143.932869  -74.067131
11037         56     58     217  133.743184  -83.256816
11038         56     59     216  143.841270  -72.158730
11039         56     60     215  139.412506  -75.587494
11040         56     61     214  139.856897  -74.143103
11041         56     62     213  136.898509  -76.101491
11042         56     63     212  134.155865  -77.844135
11043         56     64     211  134.144305  -76.855695
11044         56     65     210  134.013547  -75.986453
11045         56     66     209  131.039754  -77.960246
11046         56     67     208  130.040903  -77.959097
11047         56     68     207  134.118175  -72.881825
11048         56     69     206  130.528906  -75.471094
11049         56     70     205  129.069189  -75.930811
11050         56     71     204  130.463701  -73.536299
11051         56     72     203  130.563964  -72.436036
11052         56     73     202  126.923089  -75.076911
11053         56     74     201  126.223181  -74.776819
11054         56     75     200  126.993210  -73.006790
11055         56     76     199  128.038039  -70.961961
11056         56     77     198  122.527329  -75.472671
11057         56     78     197  126.739841  -70.260159
11058         56     79     196  120.034009  -75.965991
11059         56     80     195  120.506989  -74.493011
11060         56     81     194  120.541259  -73.458741
11061         56     82     193  115.256274  -77.743726
11062         56     83     192  113.941089  -78.058911
11063         56     84     191  116.515532  -74.484468
11064         56     85     190  118.206858  -71.793142
11065         56     86     189  113.657998  -75.342002
11066         56     87     188  118.865748  -69.134252
11067         56     88     187  114.026014  -72.973986
11068         56     89     186  116.006036  -69.993964
11069         56     90     185  112.817403  -72.182597
11070         56     91     184  114.044106  -69.955894
11071         56     92     183  121.468438  -61.531562
11072         56     93     182  122.487343  -59.512657
11073         56     94     181  118.985081  -62.014919
11074         56     95     180  117.725760  -62.274240
11075         56     96     179  113.014504  -65.985496
11076         56     97     178  112.023146  -65.976854
11077         56     98     177  114.982203  -62.017797
11078         56     99     176  113.140632  -62.859368
11079         56    100     175  112.242477  -62.757523
11080         56    101     174  116.569533  -57.430467
11081         56    102     173  113.214629  -59.785371
11082         56    103     172  112.588836  -59.411164
11083         56    104     171  107.808862  -63.191138
11084         56    105     170  109.835033  -60.164967
11085         56    106     169  112.728485  -56.271515
11086         56    107     168  107.372465  -60.627535
11087         56    108     167  109.252786  -57.747214
11088         56    109     166  104.143362  -61.856638
11089         56    110     165  100.656071  -64.343929
11090         56    111     164  105.067443  -58.932557
11091         56    112     163  105.703874  -57.296126
11092         56    113     162  105.137611  -56.862389
11093         56    114     161  104.880464  -56.119536
11094         56    115     160   97.819933  -62.180067
11095         56    116     159  100.914681  -58.085319
11096         56    117     158   95.648659  -62.351341
11097         56    118     157   99.931363  -57.068637
11098         56    119     156  100.895969  -55.104031
11099         56    120     155   95.654107  -59.345893
11100         56    121     154   96.532902  -57.467098
11101         56    122     153  101.636394  -51.363606
11102         56    123     152   96.012607  -55.987393
11103         56    124     151  102.517886  -48.482114
11104         56    125     150   96.648233  -53.351767
11105         56    126     149   91.991977  -57.008023
11106         56    127     148   93.988681  -54.011319
11107         56    128     147   97.792538  -49.207462
11108         56    129     146   90.670074  -55.329926
11109         56    130     145   89.982292  -55.017708
11110         56    131     144   91.797083  -52.202917
11111         56    132     143   95.774589  -47.225411
11112         56    133     142   90.092234  -51.907766
11113         56    134     141   94.122672  -46.877328
11114         56    135     140   93.942107  -46.057893
11115         56    136     139   95.173956  -43.826044
11116         56    137     138   91.153654  -46.846346
11117         56    138     137   88.051512  -48.948488
11118         56    139     136   92.626661  -43.373339
11119         56    140     135   90.597831  -44.402169
11120         56    141     134   88.930052  -45.069948
11121         56    142     133   88.316031  -44.683969
11122         56    143     132   86.394877  -45.605123
11123         56    144     131   89.714993  -41.285007
11124         56    145     130   90.762347  -39.237653
11125         56    146     129   85.494041  -43.505959
11126         56    147     128   92.533096  -35.466904
11127         56    148     127   88.788364  -38.211636
11128         56    149     126   89.595145  -36.404855
11129         56    150     125   92.082812  -32.917188
11130         56    151     124   89.513992  -34.486008
11131         56    152     123   95.217482  -27.782518
11132         56    153     122   88.540342  -33.459658
11133         56    154     121   89.450086  -31.549914
11134         56    155     120   86.532104  -33.467896
11135         56    156     119   86.422579  -32.577421
11136         56    157     118   85.904488  -32.095512
11137         56    158     117   84.275690  -32.724310
11138         56    159     116   86.109060  -29.890940
11139         56    160     115   84.982583  -30.017417
11140         56    161     114   81.761567  -32.238433
11141         56    162     113   82.398173  -30.601827
11142         56    163     112   79.173516  -32.826484
11143         56    164     111   83.939392  -27.060608
11144         56    165     110   84.280426  -25.719574
11145         56    166     109   80.984663  -28.015337
11146         56    167     108   79.332923  -28.667077
11147         56    168     107   75.201407  -31.798593
11148         56    169     106   71.019695  -34.980305
11149         56    170     105   77.335759  -27.664241
11150         56    171     104   75.381662  -28.618338
11151         56    172     103   75.350453  -27.649547
11152         56    173     102   73.965719  -28.034281
11153         56    174     101   73.878340  -27.121660
11154         56    175     100   72.500370  -27.499630
11155         56    176      99   70.415149  -28.584851
11156         56    177      98   70.319513  -27.680487
11157         56    178      97   67.479819  -29.520181
11158         56    179      96   71.481322  -24.518678
11159         56    180      95   73.905589  -21.094411
11160         56    181      94   75.210035  -18.789965
11161         56    182      93   68.136550  -24.863450
11162         56    183      92   66.379458  -25.620542
11163         56    184      91   67.285522  -23.714478
11164         56    185      90   68.110304  -21.889696
11165         56    186      89   66.221862  -22.778138
11166         56    187      88   68.512755  -19.487245
11167         56    188      87   68.068109  -18.931891
11168         56    189      86   65.738116  -20.261884
11169         56    190      85   68.792763  -16.207237
11170         56    191      84   65.528533  -18.471467
11171         56    192      83   61.210038  -21.789962
11172         56    193      82   65.523729  -16.476271
11173         56    194      81   63.497891  -17.502109
11174         56    195      80   65.731349  -14.268651
11175         56    196      79   62.658539  -16.341461
11176         56    197      78   63.323798  -14.676202
11177         56    198      77   62.279425  -14.720575
11178         56    199      76   62.551184  -13.448816
11179         56    200      75   65.586706   -9.413294
11180         56    201      74   63.449826  -10.550174
11181         56    202      73   63.241125   -9.758875
11182         56    203      72   63.256696   -8.743304
11183         56    204      71   60.024968  -10.975032
11184         56    205      70   64.900979   -5.099021
11185         56    206      69   62.223744   -6.776256
11186         56    207      68   63.767274   -4.232726
11187         56    208      67   68.881618    1.881618
11188         56    209      66   66.303224    0.303224
11189         56    210      65   69.198572    4.198572
11190         56    211      64   67.870055    3.870055
11191         56    212      63   64.712054    1.712054
11192         56    213      62   67.900335    5.900335
11193         56    214      61   64.511678    3.511678
11194         56    215      60   68.025449    8.025449
11195         56    216      59   63.463633    4.463633
11196         56    217      58   67.817748    9.817748
11197         56    218      57   69.568848   12.568848
11198         56    219      56   63.236670    7.236670
11199         56    220      55   66.315809   11.315809
11200         56    221      54   63.123608    9.123608
11201         56    222      53   62.348125    9.348125
11202         56    223      52   61.081275    9.081275
11203         56    224      51   62.734132   11.734132
11204         56    225      50   56.511262    6.511262
11205         56    226      49   59.898962   10.898962
11206         56    227      48   51.510062    3.510062
11207         56    228      47   56.154505    9.154505
11208         56    229      46   57.966577   11.966577
11209         56    230      45   53.583873    8.583873
11210         56    231      44   54.841022   10.841022
11211         56    232      43   47.717761    4.717761
11212         56    233      42   48.439775    6.439775
11213         56    234      41   44.607383    3.607383
11214         56    235      40   43.729654    3.729654
11215         56    236      39   43.077278    4.077278
11216         56    237      38   41.237773    3.237773
11217         56    238      37   42.934115    5.934115
11218         56    239      36   40.987931    4.987931
11219         56    240      35   46.625815   11.625815
11220         56    241      34   42.425107    8.425107
11221         56    242      33   42.643165    9.643165
11222         56    243      32   44.385393   12.385393
11223         56    244      31   40.968529    9.968529
11224         56    245      30   43.141083   13.141083
11225         56    246      29   42.028428   13.028428
11226         56    247      28   41.455696   13.455696
11227         56    248      27   40.085049   13.085049
11228         56    249      26   36.483252   10.483252
11229         56    250      25   38.485796   13.485796
11230         56    251      24   39.394851   15.394851
11231         56    252      23   36.841957   13.841957
11232         56    253      22   40.032284   18.032284
11233         56    254      21   36.011502   15.011502
11234         56    255      20   36.440341   16.440341
11235         56    256      19   37.237010   18.237010
11236         56    257      18   34.675775   16.675775
11237         56    258      17   38.378141   21.378141
11238         56    259      16   38.562524   22.562524
11239         56    260      15   38.995949   23.995949
11240         56    261      14   33.975467   19.975467
11241         56    262      13   30.945803   17.945803
11242         56    263      12   29.695831   17.695831
11243         56    264      11   31.608804   20.608804
11244         56    265      10   32.815149   22.815149
11245         56    266       9   28.437498   19.437498
11246         56    267       8   28.145880   20.145880
11247         56    268       7   22.480862   15.480862
11248         56    269       6   21.950104   15.950104
11249         56    270       5   25.841316   20.841316
11250         56    271       4   25.468527   21.468527
11251         56    272       3   24.210052   21.210052
11252         56    273       2   27.503227   25.503227
11253         56    274       1   22.767767   21.767767
11254         56    275       0   20.260616   20.260616
11255         57      1     136  189.480560   53.480560
11256         57      2     135  210.847213   75.847213
11257         57      3     134  205.090549   71.090549
11258         57      4     133  197.489852   64.489852
11259         57      5     132  184.380999   52.380999
11260         57      6     131  191.709474   60.709474
11261         57      7     130  187.937490   57.937490
11262         57      8     129  184.420806   55.420806
11263         57      9     128  182.813340   54.813340
11264         57     10     127  180.022199   53.022199
11265         57     11     126  180.362262   54.362262
11266         57     12     125  178.988567   53.988567
11267         57     13     124  174.328650   50.328650
11268         57     14     123  172.307005   49.307005
11269         57     15     122  169.442259   47.442259
11270         57     16     121  178.947215   57.947215
11271         57     17     120  171.163770   51.163770
11272         57     18     119  168.327076   49.327076
11273         57     19     118  159.852573   41.852573
11274         57     20     117  170.506251   53.506251
11275         57     21     116  166.204850   50.204850
11276         57     22     115  163.625496   48.625496
11277         57     23     114  161.882445   47.882445
11278         57     24     113  163.140096   50.140096
11279         57     25     112  152.374505   40.374505
11280         57     26     111  167.230343   56.230343
11281         57     27     110  165.217607   55.217607
11282         57     28     109  155.496789   46.496789
11283         57     29     108  163.268943   55.268943
11284         57     30     107  156.673283   49.673283
11285         57     31     106  150.538862   44.538862
11286         57     32     105  154.615217   49.615217
11287         57     33     104  151.782232   47.782232
11288         57     34     103  148.014117   45.014117
11289         57     35     102  151.705119   49.705119
11290         57     36     101  140.742095   39.742095
11291         57     37     100  154.334471   54.334471
11292         57     38      99  153.800882   54.800882
11293         57     39      98  152.852148   54.852148
11294         57     40      97  152.663771   55.663771
11295         57     41      96  151.505262   55.505262
11296         57     42      95  155.215960   60.215960
11297         57     43      94  148.544214   54.544214
11298         57     44      93  157.494398   64.494398
11299         57     45      92  148.579056   56.579056
11300         57     46      91  153.303895   62.303895
11301         57     47      90  147.452001   57.452001
11302         57     48      89  148.774251   59.774251
11303         57     49      88  149.115784   61.115784
11304         57     50      87  148.105821   61.105821
11305         57     51      86  150.122479   64.122479
11306         57     52      85  147.517101   62.517101
11307         57     53      84  144.123721   60.123721
11308         57     54      83  143.705868   60.705868
11309         57     55      82  149.429764   67.429764
11310         57     56      81  148.073973   67.073973
11311         57     57      80  143.509066   63.509066
11312         57     58      79  144.460398   65.460398
11313         57     59      78  139.055159   61.055159
11314         57     60      77  141.726452   64.726452
11315         57     61      76  136.287298   60.287298
11316         57     62      75  141.068957   66.068957
11317         57     63      74  143.136881   69.136881
11318         57     64      73  139.894503   66.894503
11319         57     65      72  133.883095   61.883095
11320         57     66      71  136.929326   65.929326
11321         57     67      70  131.290107   61.290107
11322         57     68      69  131.008063   62.008063
11323         57     69      68  134.834429   66.834429
11324         57     70      67  133.100245   66.100245
11325         57     71      66  130.615055   64.615055
11326         57     72      65  134.610392   69.610392
11327         57     73      64  123.725263   59.725263
11328         57     74      63  127.047794   64.047794
11329         57     75      62  124.216105   62.216105
11330         57     76      61  119.067385   58.067385
11331         57     77      60  120.555436   60.555436
11332         57     78      59  117.651347   58.651347
11333         57     79      58  116.309426   58.309426
11334         57     80      57  116.173515   59.173515
11335         57     81      56  112.202355   56.202355
11336         57     82      55  115.015575   60.015575
11337         57     83      54  112.345957   58.345957
11338         57     84      53  107.621456   54.621456
11339         57     85      52  109.130133   57.130133
11340         57     86      51  110.008985   59.008985
11341         57     87      50  111.802651   61.802651
11342         57     88      49  106.562727   57.562727
11343         57     89      48  104.205835   56.205835
11344         57     90      47  103.470483   56.470483
11345         57     91      46   93.791094   47.791094
11346         57     92      45   92.933688   47.933688
11347         57     93      44   91.905888   47.905888
11348         57     94      43   90.987825   47.987825
11349         57     95      42   98.683110   56.683110
11350         57     96      41   90.311772   49.311772
11351         57     97      40   84.722132   44.722132
11352         57     98      39   84.623786   45.623786
11353         57     99      38   83.916748   45.916748
11354         57    100      37   77.942399   40.942399
11355         57    101      36   74.024297   38.024297
11356         57    102      35   66.033498   31.033498
11357         57    103      34   68.415597   34.415597
11358         57    104      33   65.319995   32.319995
11359         57    105      32   58.072271   26.072271
11360         57    106      31   55.966888   24.966888
11361         57    107      30   55.479876   25.479876
11362         57    108      29   49.644556   20.644556
11363         57    109      28   49.319924   21.319924
11364         57    110      27   51.481658   24.481658
11365         57    111      26   45.454144   19.454144
11366         57    112      25   40.477594   15.477594
11367         57    113      24   38.517362   14.517362
11368         57    114      23   41.167967   18.167967
11369         57    115      22   35.381724   13.381724
11370         57    116      21   31.872681   10.872681
11371         57    117      20   29.282794    9.282794
11372         57    118      19   25.125818    6.125818
11373         57    119      18   23.782265    5.782265
11374         57    120      17   20.850386    3.850386
11375         57    121      16   18.459117    2.459117
11376         57    122      15   12.241623   -2.758377
11377         57    123      14    3.966633  -10.033367
11378         57    124      13    4.718932   -8.281068
11379         57    125      12    3.285999   -8.714001
11380         57    126      11    0.943629  -10.056371
11381         57    127      10   -0.333508  -10.333508
11382         57    128       9    0.843815   -8.156185
11383         57    129       8    1.556996   -6.443004
11384         57    130       7   -4.369712  -11.369712
11385         57    131       6   -1.237355   -7.237355
11386         57    132       5   -8.720309  -13.720309
11387         57    133       4   -9.824708  -13.824708
11388         57    134       3  -16.193350  -19.193350
11389         57    135       2  -18.945227  -20.945227
11390         57    136       1  -23.305217  -24.305217
11391         57    137       0  -26.802035  -26.802035
11392         58      1     146  183.101466   37.101466
11393         58      2     145  183.190404   38.190404
11394         58      3     144  193.973965   49.973965
11395         58      4     143  193.448017   50.448017
11396         58      5     142  189.455083   47.455083
11397         58      6     141  196.539822   55.539822
11398         58      7     140  187.986831   47.986831
11399         58      8     139  189.492082   50.492082
11400         58      9     138  182.344489   44.344489
11401         58     10     137  185.696743   48.696743
11402         58     11     136  182.232625   46.232625
11403         58     12     135  180.586549   45.586549
11404         58     13     134  178.388587   44.388587
11405         58     14     133  179.222495   46.222495
11406         58     15     132  176.817391   44.817391
11407         58     16     131  174.796202   43.796202
11408         58     17     130  173.244578   43.244578
11409         58     18     129  177.809651   48.809651
11410         58     19     128  176.088766   48.088766
11411         58     20     127  176.628414   49.628414
11412         58     21     126  175.317548   49.317548
11413         58     22     125  162.909496   37.909496
11414         58     23     124  169.954736   45.954736
11415         58     24     123  162.459237   39.459237
11416         58     25     122  165.212623   43.212623
11417         58     26     121  161.592575   40.592575
11418         58     27     120  164.214888   44.214888
11419         58     28     119  164.954271   45.954271
11420         58     29     118  154.262403   36.262403
11421         58     30     117  159.152856   42.152856
11422         58     31     116  156.864914   40.864914
11423         58     32     115  159.964114   44.964114
11424         58     33     114  156.335525   42.335525
11425         58     34     113  154.571500   41.571500
11426         58     35     112  153.327050   41.327050
11427         58     36     111  150.739782   39.739782
11428         58     37     110  145.988762   35.988762
11429         58     38     109  145.528284   36.528284
11430         58     39     108  143.155915   35.155915
11431         58     40     107  144.904786   37.904786
11432         58     41     106  142.552727   36.552727
11433         58     42     105  144.802885   39.802885
11434         58     43     104  138.773074   34.773074
11435         58     44     103  137.965940   34.965940
11436         58     45     102  144.016182   42.016182
11437         58     46     101  135.698782   34.698782
11438         58     47     100  142.657047   42.657047
11439         58     48      99  139.534607   40.534607
11440         58     49      98  131.351916   33.351916
11441         58     50      97  130.914858   33.914858
11442         58     51      96  134.752560   38.752560
11443         58     52      95  130.524764   35.524764
11444         58     53      94  129.598948   35.598948
11445         58     54      93  126.314334   33.314334
11446         58     55      92  130.696303   38.696303
11447         58     56      91  128.652699   37.652699
11448         58     57      90  131.042241   41.042241
11449         58     58      89  129.660096   40.660096
11450         58     59      88  129.123973   41.123973
11451         58     60      87  130.808007   43.808007
11452         58     61      86  130.798399   44.798399
11453         58     62      85  132.181965   47.181965
11454         58     63      84  126.518721   42.518721
11455         58     64      83  131.643194   48.643194
11456         58     65      82  127.785945   45.785945
11457         58     66      81  124.622270   43.622270
11458         58     67      80  124.716303   44.716303
11459         58     68      79  125.300787   46.300787
11460         58     69      78  124.486663   46.486663
11461         58     70      77  121.966182   44.966182
11462         58     71      76  118.054738   42.054738
11463         58     72      75  118.600898   43.600898
11464         58     73      74  120.025526   46.025526
11465         58     74      73  118.193691   45.193691
11466         58     75      72  119.701179   47.701179
11467         58     76      71  115.293666   44.293666
11468         58     77      70  116.657338   46.657338
11469         58     78      69  112.840492   43.840492
11470         58     79      68  114.862757   46.862757
11471         58     80      67  108.161605   41.161605
11472         58     81      66  110.718879   44.718879
11473         58     82      65  107.584252   42.584252
11474         58     83      64  107.147986   43.147986
11475         58     84      63  100.610639   37.610639
11476         58     85      62   99.735543   37.735543
11477         58     86      61   96.436279   35.436279
11478         58     87      60   94.259090   34.259090
11479         58     88      59   92.751169   33.751169
11480         58     89      58   95.785411   37.785411
11481         58     90      57   83.748223   26.748223
11482         58     91      56   87.957204   31.957204
11483         58     92      55   82.718893   27.718893
11484         58     93      54   83.691215   29.691215
11485         58     94      53   80.168365   27.168365
11486         58     95      52   73.336009   21.336009
11487         58     96      51   83.603012   32.603012
11488         58     97      50   79.675288   29.675288
11489         58     98      49   74.758306   25.758306
11490         58     99      48   78.481909   30.481909
11491         58    100      47   77.064161   30.064161
11492         58    101      46   72.978324   26.978324
11493         58    102      45   71.892884   26.892884
11494         58    103      44   65.437741   21.437741
11495         58    104      43   69.817753   26.817753
11496         58    105      42   66.328407   24.328407
11497         58    106      41   60.140012   19.140012
11498         58    107      40   55.902040   15.902040
11499         58    108      39   55.150992   16.150992
11500         58    109      38   52.573736   14.573736
11501         58    110      37   50.327702   13.327702
11502         58    111      36   48.317064   12.317064
11503         58    112      35   43.598131    8.598131
11504         58    113      34   42.787806    8.787806
11505         58    114      33   42.756053    9.756053
11506         58    115      32   38.656381    6.656381
11507         58    116      31   39.753710    8.753710
11508         58    117      30   32.594126    2.594126
11509         58    118      29   32.223122    3.223122
11510         58    119      28   32.131723    4.131723
11511         58    120      27   29.464986    2.464986
11512         58    121      26   34.795416    8.795416
11513         58    122      25   28.820219    3.820219
11514         58    123      24   28.750527    4.750527
11515         58    124      23   28.081205    5.081205
11516         58    125      22   26.817408    4.817408
11517         58    126      21   23.890671    2.890671
11518         58    127      20   17.820336   -2.179664
11519         58    128      19   15.406363   -3.593637
11520         58    129      18   14.927862   -3.072138
11521         58    130      17    7.401015   -9.598985
11522         58    131      16    7.999203   -8.000797
11523         58    132      15    0.036580  -14.963420
11524         58    133      14    2.660307  -11.339693
11525         58    134      13    1.081156  -11.918844
11526         58    135      12   -2.629062  -14.629062
11527         58    136      11   -2.551122  -13.551122
11528         58    137      10   -8.243557  -18.243557
11529         58    138       9   -8.495342  -17.495342
11530         58    139       8  -10.217854  -18.217854
11531         58    140       7  -13.317755  -20.317755
11532         58    141       6  -13.023552  -19.023552
11533         58    142       5  -20.480148  -25.480148
11534         58    143       4  -17.763989  -21.763989
11535         58    144       3  -20.482318  -23.482318
11536         58    145       2  -21.065563  -23.065563
11537         58    146       1  -22.422433  -23.422433
11538         58    147       0  -27.322106  -27.322106
11539         59      1     230  218.551375  -11.448625
11540         59      2     229  225.883042   -3.116958
11541         59      3     228  216.752000  -11.248000
11542         59      4     227  221.902376   -5.097624
11543         59      5     226  211.853458  -14.146542
11544         59      6     225  211.446441  -13.553559
11545         59      7     224  212.426492  -11.573508
11546         59      8     223  206.103698  -16.896302
11547         59      9     222  205.609443  -16.390557
11548         59     10     221  198.663493  -22.336507
11549         59     11     220  196.692467  -23.307533
11550         59     12     219  195.653377  -23.346623
11551         59     13     218  196.247573  -21.752427
11552         59     14     217  195.508576  -21.491424
11553         59     15     216  193.339294  -22.660706
11554         59     16     215  186.415937  -28.584063
11555         59     17     214  184.448687  -29.551313
11556         59     18     213  189.918144  -23.081856
11557         59     19     212  188.630840  -23.369160
11558         59     20     211  195.248853  -15.751147
11559         59     21     210  190.416011  -19.583989
11560         59     22     209  191.161543  -17.838457
11561         59     23     208  189.876359  -18.123641
11562         59     24     207  182.577786  -24.422214
11563         59     25     206  183.671516  -22.328484
11564         59     26     205  183.604572  -21.395428
11565         59     27     204  178.745937  -25.254063
11566         59     28     203  177.418618  -25.581382
11567         59     29     202  171.419150  -30.580850
11568         59     30     201  177.790372  -23.209628
11569         59     31     200  173.797160  -26.202840
11570         59     32     199  178.399603  -20.600397
11571         59     33     198  170.249618  -27.750382
11572         59     34     197  170.802867  -26.197133
11573         59     35     196  169.717566  -26.282434
11574         59     36     195  172.272805  -22.727195
11575         59     37     194  165.489839  -28.510161
11576         59     38     193  168.868218  -24.131782
11577         59     39     192  162.988083  -29.011917
11578         59     40     191  165.506947  -25.493053
11579         59     41     190  172.553020  -17.446980
11580         59     42     189  165.944339  -23.055661
11581         59     43     188  167.477241  -20.522759
11582         59     44     187  163.228473  -23.771527
11583         59     45     186  179.269037   -6.730963
11584         59     46     185  171.516200  -13.483800
11585         59     47     184  170.241462  -13.758538
11586         59     48     183  168.485105  -14.514895
11587         59     49     182  169.783678  -12.216322
11588         59     50     181  173.174514   -7.825486
11589         59     51     180  171.979743   -8.020257
11590         59     52     179  172.525640   -6.474360
11591         59     53     178  166.657120  -11.342880
11592         59     54     177  169.353322   -7.646678
11593         59     55     176  168.877047   -7.122953
11594         59     56     175  169.293686   -5.706314
11595         59     57     174  167.875803   -6.124197
11596         59     58     173  172.746264   -0.253736
11597         59     59     172  176.367862    4.367862
11598         59     60     171  175.726380    4.726380
11599         59     61     170  166.236357   -3.763643
11600         59     62     169  166.217748   -2.782252
11601         59     63     168  167.515927   -0.484073
11602         59     64     167  167.968996    0.968996
11603         59     65     166  158.297669   -7.702331
11604         59     66     165  160.190129   -4.809871
11605         59     67     164  158.045297   -5.954703
11606         59     68     163  158.455805   -4.544195
11607         59     69     162  147.005668  -14.994332
11608         59     70     161  153.941997   -7.058003
11609         59     71     160  152.600166   -7.399834
11610         59     72     159  151.152805   -7.847195
11611         59     73     158  148.229383   -9.770617
11612         59     74     157  152.182558   -4.817442
11613         59     75     156  147.848216   -8.151784
11614         59     76     155  146.584729   -8.415271
11615         59     77     154  143.155717  -10.844283
11616         59     78     153  145.193952   -7.806048
11617         59     79     152  149.567685   -2.432315
11618         59     80     151  144.916940   -6.083060
11619         59     81     150  144.164792   -5.835208
11620         59     82     149  140.076219   -8.923781
11621         59     83     148  143.339244   -4.660756
11622         59     84     147  139.250327   -7.749673
11623         59     85     146  142.413193   -3.586807
11624         59     86     145  138.730934   -6.269066
11625         59     87     144  135.440784   -8.559216
11626         59     88     143  132.443251  -10.556749
11627         59     89     142  132.093943   -9.906057
11628         59     90     141  132.167348   -8.832652
11629         59     91     140  126.202115  -13.797885
11630         59     92     139  131.858000   -7.142000
11631         59     93     138  133.104281   -4.895719
11632         59     94     137  129.739721   -7.260279
11633         59     95     136  132.269604   -3.730396
11634         59     96     135  132.790130   -2.209870
11635         59     97     134  134.708980    0.708980
11636         59     98     133  132.690319   -0.309681
11637         59     99     132  129.317123   -2.682877
11638         59    100     131  129.699678   -1.300322
11639         59    101     130  127.574172   -2.425828
11640         59    102     129  123.358996   -5.641004
11641         59    103     128  124.745961   -3.254039
11642         59    104     127  123.110471   -3.889529
11643         59    105     126  126.348640    0.348640
11644         59    106     125  125.113645    0.113645
11645         59    107     124  123.362786   -0.637214
11646         59    108     123  124.149596    1.149596
11647         59    109     122  128.904180    6.904180
11648         59    110     121  121.704948    0.704948
11649         59    111     120  121.042504    1.042504
11650         59    112     119  119.697332    0.697332
11651         59    113     118  126.843298    8.843298
11652         59    114     117  121.868087    4.868087
11653         59    115     116  123.962810    7.962810
11654         59    116     115  126.294785   11.294785
11655         59    117     114  121.391356    7.391356
11656         59    118     113  121.661955    8.661955
11657         59    119     112  116.650906    4.650906
11658         59    120     111  115.987499    4.987499
11659         59    121     110  127.210862   17.210862
11660         59    122     109  118.744035    9.744035
11661         59    123     108  113.855800    5.855800
11662         59    124     107  111.635202    4.635202
11663         59    125     106  108.238717    2.238717
11664         59    126     105  107.404834    2.404834
11665         59    127     104  113.586503    9.586503
11666         59    128     103  116.923536   13.923536
11667         59    129     102  109.040698    7.040698
11668         59    130     101  110.207833    9.207833
11669         59    131     100  106.582477    6.582477
11670         59    132      99  109.579184   10.579184
11671         59    133      98  110.950313   12.950313
11672         59    134      97  105.387487    8.387487
11673         59    135      96  104.663641    8.663641
11674         59    136      95  103.611435    8.611435
11675         59    137      94  107.510790   13.510790
11676         59    138      93   99.723395    6.723395
11677         59    139      92  104.450883   12.450883
11678         59    140      91   97.539978    6.539978
11679         59    141      90   96.212804    6.212804
11680         59    142      89   91.793922    2.793922
11681         59    143      88   95.930551    7.930551
11682         59    144      87   91.313708    4.313708
11683         59    145      86   93.093678    7.093678
11684         59    146      85   86.425441    1.425441
11685         59    147      84   85.058369    1.058369
11686         59    148      83   86.424901    3.424901
11687         59    149      82   84.985433    2.985433
11688         59    150      81   76.717396   -4.282604
11689         59    151      80   89.012135    9.012135
11690         59    152      79   84.746385    5.746385
11691         59    153      78   81.922747    3.922747
11692         59    154      77   84.657325    7.657325
11693         59    155      76   78.477984    2.477984
11694         59    156      75   77.128273    2.128273
11695         59    157      74   75.886990    1.886990
11696         59    158      73   72.811989   -0.188011
11697         59    159      72   70.140111   -1.859889
11698         59    160      71   71.644835    0.644835
11699         59    161      70   73.203213    3.203213
11700         59    162      69   76.330922    7.330922
11701         59    163      68   70.704680    2.704680
11702         59    164      67   71.571578    4.571578
11703         59    165      66   71.038381    5.038381
11704         59    166      65   64.231827   -0.768173
11705         59    167      64   69.117373    5.117373
11706         59    168      63   66.613293    3.613293
11707         59    169      62   61.092010   -0.907990
11708         59    170      61   60.831726   -0.168274
11709         59    171      60   58.656335   -1.343665
11710         59    172      59   57.892740   -1.107260
11711         59    173      58   62.540724    4.540724
11712         59    174      57   61.088076    4.088076
11713         59    175      56   54.803876   -1.196124
11714         59    176      55   56.073894    1.073894
11715         59    177      54   59.217594    5.217594
11716         59    178      53   51.566637   -1.433363
11717         59    179      52   50.894899   -1.105101
11718         59    180      51   48.654755   -2.345245
11719         59    181      50   56.942020    6.942020
11720         59    182      49   53.795825    4.795825
11721         59    183      48   60.018119   12.018119
11722         59    184      47   48.114235    1.114235
11723         59    185      46   53.747024    7.747024
11724         59    186      45   50.283277    5.283277
11725         59    187      44   46.074290    2.074290
11726         59    188      43   47.942631    4.942631
11727         59    189      42   43.890236    1.890236
11728         59    190      41   44.019756    3.019756
11729         59    191      40   42.512664    2.512664
11730         59    192      39   43.254327    4.254327
11731         59    193      38   38.875083    0.875083
11732         59    194      37   41.992770    4.992770
11733         59    195      36   41.393621    5.393621
11734         59    196      35   38.777086    3.777086
11735         59    197      34   37.511244    3.511244
11736         59    198      33   41.124522    8.124522
11737         59    199      32   38.387762    6.387762
11738         59    200      31   36.371815    5.371815
11739         59    201      30   35.023177    5.023177
11740         59    202      29   32.439660    3.439660
11741         59    203      28   28.695216    0.695216
11742         59    204      27   31.610316    4.610316
11743         59    205      26   30.668880    4.668880
11744         59    206      25   28.517889    3.517889
11745         59    207      24   23.646471   -0.353529
11746         59    208      23   24.777838    1.777838
11747         59    209      22   26.439470    4.439470
11748         59    210      21   23.116792    2.116792
11749         59    211      20   24.881651    4.881651
11750         59    212      19   25.095260    6.095260
11751         59    213      18   22.459736    4.459736
11752         59    214      17   18.979568    1.979568
11753         59    215      16   20.675489    4.675489
11754         59    216      15   20.101666    5.101666
11755         59    217      14   20.813735    6.813735
11756         59    218      13   16.289601    3.289601
11757         59    219      12   14.838591    2.838591
11758         59    220      11   16.302530    5.302530
11759         59    221      10   14.053449    4.053449
11760         59    222       9   11.805174    2.805174
11761         59    223       8    9.998058    1.998058
11762         59    224       7   11.221052    4.221052
11763         59    225       6   10.690642    4.690642
11764         59    226       5    9.293658    4.293658
11765         59    227       4    5.425527    1.425527
11766         59    228       3    4.447831    1.447831
11767         59    229       2    3.059242    1.059242
11768         59    230       1    1.379956    0.379956
11769         59    231       0    1.007817    1.007817
11770         60      1     171  195.570641   24.570641
11771         60      2     170  191.062101   21.062101
11772         60      3     169  188.092005   19.092005
11773         60      4     168  182.405029   14.405029
11774         60      5     167  185.381643   18.381643
11775         60      6     166  177.657806   11.657806
11776         60      7     165  178.661622   13.661622
11777         60      8     164  178.992757   14.992757
11778         60      9     163  174.090829   11.090829
11779         60     10     162  174.671650   12.671650
11780         60     11     161  174.134316   13.134316
11781         60     12     160  167.544139    7.544139
11782         60     13     159  172.335485   13.335485
11783         60     14     158  169.262010   11.262010
11784         60     15     157  167.631198   10.631198
11785         60     16     156  164.761528    8.761528
11786         60     17     155  166.470665   11.470665
11787         60     18     154  166.777223   12.777223
11788         60     19     153  170.107563   17.107563
11789         60     20     152  159.410266    7.410266
11790         60     21     151  157.907179    6.907179
11791         60     22     150  155.193565    5.193565
11792         60     23     149  163.620445   14.620445
11793         60     24     148  156.417503    8.417503
11794         60     25     147  153.852901    6.852901
11795         60     26     146  152.693701    6.693701
11796         60     27     145  149.259189    4.259189
11797         60     28     144  149.876925    5.876925
11798         60     29     143  147.014389    4.014389
11799         60     30     142  142.414431    0.414431
11800         60     31     141  151.799620   10.799620
11801         60     32     140  148.631415    8.631415
11802         60     33     139  152.957343   13.957343
11803         60     34     138  143.752689    5.752689
11804         60     35     137  147.394544   10.394544
11805         60     36     136  141.748884    5.748884
11806         60     37     135  140.593069    5.593069
11807         60     38     134  138.132556    4.132556
11808         60     39     133  138.895712    5.895712
11809         60     40     132  137.597455    5.597455
11810         60     41     131  139.905293    8.905293
11811         60     42     130  134.536916    4.536916
11812         60     43     129  139.190981   10.190981
11813         60     44     128  132.412564    4.412564
11814         60     45     127  143.801108   16.801108
11815         60     46     126  135.872027    9.872027
11816         60     47     125  136.038094   11.038094
11817         60     48     124  129.975852    5.975852
11818         60     49     123  137.975875   14.975875
11819         60     50     122  133.024874   11.024874
11820         60     51     121  135.089884   14.089884
11821         60     52     120  129.647037    9.647037
11822         60     53     119  132.917855   13.917855
11823         60     54     118  142.876482   24.876482
11824         60     55     117  138.810834   21.810834
11825         60     56     116  137.559207   21.559207
11826         60     57     115  133.938670   18.938670
11827         60     58     114  132.118449   18.118449
11828         60     59     113  129.788559   16.788559
11829         60     60     112  127.490923   15.490923
11830         60     61     111  130.099207   19.099207
11831         60     62     110  125.223610   15.223610
11832         60     63     109  125.901283   16.901283
11833         60     64     108  121.378202   13.378202
11834         60     65     107  122.261056   15.261056
11835         60     66     106  125.792012   19.792012
11836         60     67     105  122.027557   17.027557
11837         60     68     104  126.882938   22.882938
11838         60     69     103  124.661037   21.661037
11839         60     70     102  126.063381   24.063381
11840         60     71     101  125.205230   24.205230
11841         60     72     100  116.347201   16.347201
11842         60     73      99  121.372192   22.372192
11843         60     74      98  120.130862   22.130862
11844         60     75      97  119.198322   22.198322
11845         60     76      96  126.927046   30.927046
11846         60     77      95  116.646009   21.646009
11847         60     78      94  116.444585   22.444585
11848         60     79      93  118.910390   25.910390
11849         60     80      92  120.238359   28.238359
11850         60     81      91  113.677422   22.677422
11851         60     82      90  116.747679   26.747679
11852         60     83      89  114.426984   25.426984
11853         60     84      88  122.634642   34.634642
11854         60     85      87  118.385738   31.385738
11855         60     86      86  120.736393   34.736393
11856         60     87      85  120.186642   35.186642
11857         60     88      84  120.278649   36.278649
11858         60     89      83  114.887722   31.887722
11859         60     90      82  116.875487   34.875487
11860         60     91      81  110.756380   29.756380
11861         60     92      80  108.295680   28.295680
11862         60     93      79  112.075901   33.075901
11863         60     94      78  103.991789   25.991789
11864         60     95      77  106.270699   29.270699
11865         60     96      76  108.786282   32.786282
11866         60     97      75  103.900651   28.900651
11867         60     98      74   99.915540   25.915540
11868         60     99      73   98.084014   25.084014
11869         60    100      72   97.133967   25.133967
11870         60    101      71   94.081865   23.081865
11871         60    102      70   93.664317   23.664317
11872         60    103      69   97.821777   28.821777
11873         60    104      68   93.638881   25.638881
11874         60    105      67   92.559500   25.559500
11875         60    106      66   90.583598   24.583598
11876         60    107      65   93.331187   28.331187
11877         60    108      64   91.175464   27.175464
11878         60    109      63   90.095011   27.095011
11879         60    110      62   95.305460   33.305460
11880         60    111      61   94.229696   33.229696
11881         60    112      60   89.105525   29.105525
11882         60    113      59   88.271336   29.271336
11883         60    114      58   82.099338   24.099338
11884         60    115      57   86.365097   29.365097
11885         60    116      56   83.596097   27.596097
11886         60    117      55   80.019032   25.019032
11887         60    118      54   78.228448   24.228448
11888         60    119      53   79.864161   26.864161
11889         60    120      52   75.641915   23.641915
11890         60    121      51   79.205921   28.205921
11891         60    122      50   77.306838   27.306838
11892         60    123      49   77.585705   28.585705
11893         60    124      48   75.529508   27.529508
11894         60    125      47   71.700788   24.700788
11895         60    126      46   72.340395   26.340395
11896         60    127      45   69.576901   24.576901
11897         60    128      44   63.511465   19.511465
11898         60    129      43   61.533071   18.533071
11899         60    130      42   55.168673   13.168673
11900         60    131      41   58.968481   17.968481
11901         60    132      40   52.151498   12.151498
11902         60    133      39   49.005854   10.005854
11903         60    134      38   49.884671   11.884671
11904         60    135      37   46.455316    9.455316
11905         60    136      36   40.057442    4.057442
11906         60    137      35   42.435737    7.435737
11907         60    138      34   42.453958    8.453958
11908         60    139      33   39.398726    6.398726
11909         60    140      32   36.755888    4.755888
11910         60    141      31   36.960323    5.960323
11911         60    142      30   35.794175    5.794175
11912         60    143      29   37.183339    8.183339
11913         60    144      28   32.189120    4.189120
11914         60    145      27   32.594218    5.594218
11915         60    146      26   30.897654    4.897654
11916         60    147      25   30.313565    5.313565
11917         60    148      24   37.540477   13.540477
11918         60    149      23   31.207068    8.207068
11919         60    150      22   25.480598    3.480598
11920         60    151      21   25.412493    4.412493
11921         60    152      20   24.556520    4.556520
11922         60    153      19   19.960735    0.960735
11923         60    154      18   20.635019    2.635019
11924         60    155      17   19.675278    2.675278
11925         60    156      16   17.927576    1.927576
11926         60    157      15   13.600866   -1.399134
11927         60    158      14   12.896173   -1.103827
11928         60    159      13    7.163128   -5.836872
11929         60    160      12    6.516225   -5.483775
11930         60    161      11    5.077288   -5.922712
11931         60    162      10    3.969970   -6.030030
11932         60    163       9   -0.593118   -9.593118
11933         60    164       8   -2.821602  -10.821602
11934         60    165       7    1.253304   -5.746696
11935         60    166       6   -2.762002   -8.762002
11936         60    167       5   -7.181926  -12.181926
11937         60    168       4   -9.286140  -13.286140
11938         60    169       3   -9.994213  -12.994213
11939         60    170       2  -11.551943  -13.551943
11940         60    171       1  -17.886656  -18.886656
11941         60    172       0  -19.454269  -19.454269
11942         61      1     184  227.452013   43.452013
11943         61      2     183  212.081852   29.081852
11944         61      3     182  217.512324   35.512324
11945         61      4     181  213.979055   32.979055
11946         61      5     180  204.926068   24.926068
11947         61      6     179  206.210876   27.210876
11948         61      7     178  209.164338   31.164338
11949         61      8     177  203.897943   26.897943
11950         61      9     176  201.523555   25.523555
11951         61     10     175  212.953097   37.953097
11952         61     11     174  201.861592   27.861592
11953         61     12     173  201.300989   28.300989
11954         61     13     172  191.319523   19.319523
11955         61     14     171  199.847165   28.847165
11956         61     15     170  197.588482   27.588482
11957         61     16     169  193.434806   24.434806
11958         61     17     168  192.589558   24.589558
11959         61     18     167  195.890421   28.890421
11960         61     19     166  193.380410   27.380410
11961         61     20     165  183.494888   18.494888
11962         61     21     164  188.594427   24.594427
11963         61     22     163  186.592336   23.592336
11964         61     23     162  179.788425   17.788425
11965         61     24     161  183.745751   22.745751
11966         61     25     160  180.496816   20.496816
11967         61     26     159  175.944115   16.944115
11968         61     27     158  177.669321   19.669321
11969         61     28     157  178.914735   21.914735
11970         61     29     156  174.942391   18.942391
11971         61     30     155  176.340853   21.340853
11972         61     31     154  176.424281   22.424281
11973         61     32     153  176.678899   23.678899
11974         61     33     152  182.933615   30.933615
11975         61     34     151  175.202543   24.202543
11976         61     35     150  171.850442   21.850442
11977         61     36     149  178.339881   29.339881
11978         61     37     148  165.961329   17.961329
11979         61     38     147  175.515867   28.515867
11980         61     39     146  173.649816   27.649816
11981         61     40     145  176.113964   31.113964
11982         61     41     144  178.043464   34.043464
11983         61     42     143  177.894148   34.894148
11984         61     43     142  176.102484   34.102484
11985         61     44     141  174.770657   33.770657
11986         61     45     140  171.696206   31.696206
11987         61     46     139  171.926954   32.926954
11988         61     47     138  165.853239   27.853239
11989         61     48     137  166.259805   29.259805
11990         61     49     136  171.775746   35.775746
11991         61     50     135  166.205139   31.205139
11992         61     51     134  163.142908   29.142908
11993         61     52     133  160.734877   27.734877
11994         61     53     132  165.410150   33.410150
11995         61     54     131  163.052018   32.052018
11996         61     55     130  166.373036   36.373036
11997         61     56     129  155.095742   26.095742
11998         61     57     128  154.200543   26.200543
11999         61     58     127  150.678109   23.678109
12000         61     59     126  153.661639   27.661639
12001         61     60     125  158.717553   33.717553
12002         61     61     124  153.042349   29.042349
12003         61     62     123  148.875496   25.875496
12004         61     63     122  158.360140   36.360140
12005         61     64     121  157.454660   36.454660
12006         61     65     120  158.134482   38.134482
12007         61     66     119  157.794449   38.794449
12008         61     67     118  148.239029   30.239029
12009         61     68     117  147.492405   30.492405
12010         61     69     116  142.283642   26.283642
12011         61     70     115  148.758125   33.758125
12012         61     71     114  141.665983   27.665983
12013         61     72     113  145.432388   32.432388
12014         61     73     112  149.088247   37.088247
12015         61     74     111  149.229961   38.229961
12016         61     75     110  145.327539   35.327539
12017         61     76     109  144.517844   35.517844
12018         61     77     108  149.712067   41.712067
12019         61     78     107  140.831359   33.831359
12020         61     79     106  147.680819   41.680819
12021         61     80     105  141.774974   36.774974
12022         61     81     104  141.934858   37.934858
12023         61     82     103  140.870055   37.870055
12024         61     83     102  148.105186   46.105186
12025         61     84     101  139.438417   38.438417
12026         61     85     100  141.138845   41.138845
12027         61     86      99  139.953024   40.953024
12028         61     87      98  140.584483   42.584483
12029         61     88      97  142.625577   45.625577
12030         61     89      96  139.735661   43.735661
12031         61     90      95  141.538188   46.538188
12032         61     91      94  135.219451   41.219451
12033         61     92      93  132.842828   39.842828
12034         61     93      92  138.175627   46.175627
12035         61     94      91  133.396675   42.396675
12036         61     95      90  134.576059   44.576059
12037         61     96      89  134.460059   45.460059
12038         61     97      88  133.031442   45.031442
12039         61     98      87  142.134543   55.134543
12040         61     99      86  143.640627   57.640627
12041         61    100      85  142.417810   57.417810
12042         61    101      84  131.111321   47.111321
12043         61    102      83  139.707062   56.707062
12044         61    103      82  136.032389   54.032389
12045         61    104      81  133.406110   52.406110
12046         61    105      80  132.925863   52.925863
12047         61    106      79  128.664576   49.664576
12048         61    107      78  128.853338   50.853338
12049         61    108      77  127.948399   50.948399
12050         61    109      76  128.821003   52.821003
12051         61    110      75  129.225343   54.225343
12052         61    111      74  116.648491   42.648491
12053         61    112      73  126.186411   53.186411
12054         61    113      72  120.708278   48.708278
12055         61    114      71  116.826921   45.826921
12056         61    115      70  114.361801   44.361801
12057         61    116      69  116.814034   47.814034
12058         61    117      68  109.924960   41.924960
12059         61    118      67  108.042046   41.042046
12060         61    119      66  103.837780   37.837780
12061         61    120      65  105.637445   40.637445
12062         61    121      64  103.444132   39.444132
12063         61    122      63   98.715259   35.715259
12064         61    123      62   97.022263   35.022263
12065         61    124      61  100.962318   39.962318
12066         61    125      60   88.337187   28.337187
12067         61    126      59   87.634269   28.634269
12068         61    127      58   86.100184   28.100184
12069         61    128      57   85.368139   28.368139
12070         61    129      56   82.141125   26.141125
12071         61    130      55   86.107950   31.107950
12072         61    131      54   80.561836   26.561836
12073         61    132      53   83.303515   30.303515
12074         61    133      52   83.659299   31.659299
12075         61    134      51   80.609592   29.609592
12076         61    135      50   73.927066   23.927066
12077         61    136      49   71.181139   22.181139
12078         61    137      48   67.415700   19.415700
12079         61    138      47   61.123167   14.123167
12080         61    139      46   58.343664   12.343664
12081         61    140      45   56.753930   11.753930
12082         61    141      44   54.486536   10.486536
12083         61    142      43   57.730656   14.730656
12084         61    143      42   50.644368    8.644368
12085         61    144      41   55.052382   14.052382
12086         61    145      40   49.749073    9.749073
12087         61    146      39   50.340595   11.340595
12088         61    147      38   48.044420   10.044420
12089         61    148      37   38.390539    1.390539
12090         61    149      36   38.727250    2.727250
12091         61    150      35   31.343821   -3.656179
12092         61    151      34   34.761370    0.761370
12093         61    152      33   28.930687   -4.069313
12094         61    153      32   27.774505   -4.225495
12095         61    154      31   30.221775   -0.778225
12096         61    155      30   26.946769   -3.053231
12097         61    156      29   23.974070   -5.025930
12098         61    157      28   18.497205   -9.502795
12099         61    158      27   21.134146   -5.865854
12100         61    159      26   12.080384  -13.919616
12101         61    160      25   12.098400  -12.901600
12102         61    161      24   10.749367  -13.250633
12103         61    162      23   10.793775  -12.206225
12104         61    163      22   14.519924   -7.480076
12105         61    164      21   14.234074   -6.765926
12106         61    165      20   11.473868   -8.526132
12107         61    166      19    8.426392  -10.573608
12108         61    167      18    6.491304  -11.508696
12109         61    168      17    7.575908   -9.424092
12110         61    169      16    5.484802  -10.515198
12111         61    170      15    1.156381  -13.843619
12112         61    171      14   -1.480173  -15.480173
12113         61    172      13   -2.430609  -15.430609
12114         61    173      12   -5.002917  -17.002917
12115         61    174      11   -8.820022  -19.820022
12116         61    175      10  -10.486418  -20.486418
12117         61    176       9  -16.215225  -25.215225
12118         61    177       8  -15.638201  -23.638201
12119         61    178       7  -16.439113  -23.439113
12120         61    179       6  -22.419045  -28.419045
12121         61    180       5  -28.259272  -33.259272
12122         61    181       4  -21.979828  -25.979828
12123         61    182       3  -26.454190  -29.454190
12124         61    183       2  -23.487454  -25.487454
12125         61    184       1  -23.585290  -24.585290
12126         61    185       0  -25.718859  -25.718859
12127         62      1     179  187.662142    8.662142
12128         62      2     178  186.079000    8.079000
12129         62      3     177  185.777225    8.777225
12130         62      4     176  183.783306    7.783306
12131         62      5     175  182.106555    7.106555
12132         62      6     174  179.354571    5.354571
12133         62      7     173  180.321710    7.321710
12134         62      8     172  176.890413    4.890413
12135         62      9     171  181.395799   10.395799
12136         62     10     170  174.904837    4.904837
12137         62     11     169  171.881217    2.881217
12138         62     12     168  170.058936    2.058936
12139         62     13     167  163.126550   -3.873450
12140         62     14     166  167.499770    1.499770
12141         62     15     165  165.167665    0.167665
12142         62     16     164  161.955866   -2.044134
12143         62     17     163  166.353451    3.353451
12144         62     18     162  161.588348   -0.411652
12145         62     19     161  159.000125   -1.999875
12146         62     20     160  154.436814   -5.563186
12147         62     21     159  152.719415   -6.280585
12148         62     22     158  155.859317   -2.140683
12149         62     23     157  157.558540    0.558540
12150         62     24     156  155.334731   -0.665269
12151         62     25     155  155.254188    0.254188
12152         62     26     154  153.557352   -0.442648
12153         62     27     153  150.092737   -2.907263
12154         62     28     152  152.680461    0.680461
12155         62     29     151  146.535449   -4.464551
12156         62     30     150  147.605282   -2.394718
12157         62     31     149  143.768594   -5.231406
12158         62     32     148  145.343366   -2.656634
12159         62     33     147  147.187405    0.187405
12160         62     34     146  138.546190   -7.453810
12161         62     35     145  144.034964   -0.965036
12162         62     36     144  145.758910    1.758910
12163         62     37     143  139.048526   -3.951474
12164         62     38     142  137.437689   -4.562311
12165         62     39     141  136.711416   -4.288584
12166         62     40     140  138.745890   -1.254110
12167         62     41     139  138.260394   -0.739606
12168         62     42     138  141.428864    3.428864
12169         62     43     137  137.400852    0.400852
12170         62     44     136  143.698501    7.698501
12171         62     45     135  142.610039    7.610039
12172         62     46     134  135.886500    1.886500
12173         62     47     133  137.610990    4.610990
12174         62     48     132  142.113532   10.113532
12175         62     49     131  142.059811   11.059811
12176         62     50     130  144.591082   14.591082
12177         62     51     129  137.229997    8.229997
12178         62     52     128  138.586276   10.586276
12179         62     53     127  134.362519    7.362519
12180         62     54     126  134.342638    8.342638
12181         62     55     125  127.931557    2.931557
12182         62     56     124  132.028890    8.028890
12183         62     57     123  130.967397    7.967397
12184         62     58     122  131.772888    9.772888
12185         62     59     121  126.249997    5.249997
12186         62     60     120  128.835070    8.835070
12187         62     61     119  131.020998   12.020998
12188         62     62     118  134.383044   16.383044
12189         62     63     117  133.195713   16.195713
12190         62     64     116  130.719259   14.719259
12191         62     65     115  130.741434   15.741434
12192         62     66     114  128.403490   14.403490
12193         62     67     113  127.616449   14.616449
12194         62     68     112  128.010635   16.010635
12195         62     69     111  127.727763   16.727763
12196         62     70     110  126.646330   16.646330
12197         62     71     109  130.098383   21.098383
12198         62     72     108  117.302396    9.302396
12199         62     73     107  122.373537   15.373537
12200         62     74     106  119.201840   13.201840
12201         62     75     105  120.825925   15.825925
12202         62     76     104  116.572471   12.572471
12203         62     77     103  123.517730   20.517730
12204         62     78     102  126.953345   24.953345
12205         62     79     101  123.500705   22.500705
12206         62     80     100  120.306526   20.306526
12207         62     81      99  121.714785   22.714785
12208         62     82      98  120.813080   22.813080
12209         62     83      97  125.070604   28.070604
12210         62     84      96  125.044301   29.044301
12211         62     85      95  123.842081   28.842081
12212         62     86      94  116.341159   22.341159
12213         62     87      93  112.837668   19.837668
12214         62     88      92  112.262735   20.262735
12215         62     89      91  112.638247   21.638247
12216         62     90      90  110.272887   20.272887
12217         62     91      89  107.575903   18.575903
12218         62     92      88  105.615954   17.615954
12219         62     93      87  107.675433   20.675433
12220         62     94      86  105.848330   19.848330
12221         62     95      85  107.392102   22.392102
12222         62     96      84  107.784106   23.784106
12223         62     97      83  102.152774   19.152774
12224         62     98      82  104.530432   22.530432
12225         62     99      81   95.538833   14.538833
12226         62    100      80   98.440127   18.440127
12227         62    101      79   97.374846   18.374846
12228         62    102      78  100.518941   22.518941
12229         62    103      77   94.135510   17.135510
12230         62    104      76   97.155573   21.155573
12231         62    105      75   94.345315   19.345315
12232         62    106      74   89.943823   15.943823
12233         62    107      73   98.345799   25.345799
12234         62    108      72   90.541732   18.541732
12235         62    109      71   93.798561   22.798561
12236         62    110      70   89.056346   19.056346
12237         62    111      69   89.062837   20.062837
12238         62    112      68   85.615560   17.615560
12239         62    113      67   83.526686   16.526686
12240         62    114      66   84.432914   18.432914
12241         62    115      65   89.329794   24.329794
12242         62    116      64   88.224541   24.224541
12243         62    117      63   80.687123   17.687123
12244         62    118      62   83.666075   21.666075
12245         62    119      61   85.663600   24.663600
12246         62    120      60   86.524335   26.524335
12247         62    121      59   87.080462   28.080462
12248         62    122      58   85.199533   27.199533
12249         62    123      57   87.098008   30.098008
12250         62    124      56   77.808678   21.808678
12251         62    125      55   73.507026   18.507026
12252         62    126      54   69.763461   15.763461
12253         62    127      53   68.032143   15.032143
12254         62    128      52   63.656282   11.656282
12255         62    129      51   67.160229   16.160229
12256         62    130      50   65.870716   15.870716
12257         62    131      49   61.872670   12.872670
12258         62    132      48   61.254309   13.254309
12259         62    133      47   65.581655   18.581655
12260         62    134      46   58.351809   12.351809
12261         62    135      45   58.287311   13.287311
12262         62    136      44   57.363062   13.363062
12263         62    137      43   57.447412   14.447412
12264         62    138      42   58.074030   16.074030
12265         62    139      41   53.077233   12.077233
12266         62    140      40   57.816482   17.816482
12267         62    141      39   56.145125   17.145125
12268         62    142      38   51.506705   13.506705
12269         62    143      37   45.984276    8.984276
12270         62    144      36   48.031489   12.031489
12271         62    145      35   47.710652   12.710652
12272         62    146      34   45.816224   11.816224
12273         62    147      33   40.985018    7.985018
12274         62    148      32   38.531998    6.531998
12275         62    149      31   39.948797    8.948797
12276         62    150      30   40.180147   10.180147
12277         62    151      29   32.072374    3.072374
12278         62    152      28   34.645996    6.645996
12279         62    153      27   32.681716    5.681716
12280         62    154      26   32.480601    6.480601
12281         62    155      25   32.237705    7.237705
12282         62    156      24   30.830881    6.830881
12283         62    157      23   27.075032    4.075032
12284         62    158      22   26.107992    4.107992
12285         62    159      21   21.488205    0.488205
12286         62    160      20   20.534287    0.534287
12287         62    161      19   19.062131    0.062131
12288         62    162      18   20.654577    2.654577
12289         62    163      17   16.907794   -0.092206
12290         62    164      16   10.262017   -5.737983
12291         62    165      15   10.966829   -4.033171
12292         62    166      14   11.130649   -2.869351
12293         62    167      13    5.258473   -7.741527
12294         62    168      12    6.537328   -5.462672
12295         62    169      11    0.885395  -10.114605
12296         62    170      10    0.071917   -9.928083
12297         62    171       9   -1.494156  -10.494156
12298         62    172       8   -4.317453  -12.317453
12299         62    173       7   -2.713449   -9.713449
12300         62    174       6   -4.815048  -10.815048
12301         62    175       5   -2.175128   -7.175128
12302         62    176       4   -5.092864   -9.092864
12303         62    177       3   -5.644817   -8.644817
12304         62    178       2   -4.369922   -6.369922
12305         62    179       1  -10.592140  -11.592140
12306         62    180       0  -10.556696  -10.556696
12307         63      1     173  191.047357   18.047357
12308         63      2     172  182.176455   10.176455
12309         63      3     171  180.293348    9.293348
12310         63      4     170  189.493923   19.493923
12311         63      5     169  180.964493   11.964493
12312         63      6     168  181.003416   13.003416
12313         63      7     167  182.135981   15.135981
12314         63      8     166  174.518322    8.518322
12315         63      9     165  176.280249   11.280249
12316         63     10     164  177.527688   13.527688
12317         63     11     163  179.618258   16.618258
12318         63     12     162  174.260498   12.260498
12319         63     13     161  177.804130   16.804130
12320         63     14     160  174.256033   14.256033
12321         63     15     159  174.723098   15.723098
12322         63     16     158  173.042810   15.042810
12323         63     17     157  170.724765   13.724765
12324         63     18     156  165.447793    9.447793
12325         63     19     155  168.832852   13.832852
12326         63     20     154  170.689742   16.689742
12327         63     21     153  165.858392   12.858392
12328         63     22     152  163.610348   11.610348
12329         63     23     151  161.704481   10.704481
12330         63     24     150  166.650109   16.650109
12331         63     25     149  165.041963   16.041963
12332         63     26     148  156.139921    8.139921
12333         63     27     147  160.306882   13.306882
12334         63     28     146  156.159464   10.159464
12335         63     29     145  161.274426   16.274426
12336         63     30     144  155.947980   11.947980
12337         63     31     143  159.157103   16.157103
12338         63     32     142  159.330634   17.330634
12339         63     33     141  156.132546   15.132546
12340         63     34     140  151.757157   11.757157
12341         63     35     139  152.435443   13.435443
12342         63     36     138  147.872793    9.872793
12343         63     37     137  153.054183   16.054183
12344         63     38     136  146.340620   10.340620
12345         63     39     135  146.412690   11.412690
12346         63     40     134  143.150144    9.150144
12347         63     41     133  142.282862    9.282862
12348         63     42     132  140.671128    8.671128
12349         63     43     131  141.622348   10.622348
12350         63     44     130  140.085951   10.085951
12351         63     45     129  139.264672   10.264672
12352         63     46     128  133.274551    5.274551
12353         63     47     127  138.927112   11.927112
12354         63     48     126  134.899629    8.899629
12355         63     49     125  132.152111    7.152111
12356         63     50     124  138.432101   14.432101
12357         63     51     123  139.355556   16.355556
12358         63     52     122  140.768568   18.768568
12359         63     53     121  136.461930   15.461930
12360         63     54     120  137.811303   17.811303
12361         63     55     119  138.905499   19.905499
12362         63     56     118  132.669086   14.669086
12363         63     57     117  132.298014   15.298014
12364         63     58     116  130.856048   14.856048
12365         63     59     115  136.598724   21.598724
12366         63     60     114  131.093175   17.093175
12367         63     61     113  131.144512   18.144512
12368         63     62     112  124.829955   12.829955
12369         63     63     111  126.968723   15.968723
12370         63     64     110  125.858060   15.858060
12371         63     65     109  122.416581   13.416581
12372         63     66     108  120.715848   12.715848
12373         63     67     107  123.601566   16.601566
12374         63     68     106  128.508020   22.508020
12375         63     69     105  125.383150   20.383150
12376         63     70     104  119.092980   15.092980
12377         63     71     103  120.107390   17.107390
12378         63     72     102  122.194996   20.194996
12379         63     73     101  120.533171   19.533171
12380         63     74     100  120.611566   20.611566
12381         63     75      99  119.608986   20.608986
12382         63     76      98  118.070854   20.070854
12383         63     77      97  119.976268   22.976268
12384         63     78      96  121.423571   25.423571
12385         63     79      95  120.794454   25.794454
12386         63     80      94  118.455291   24.455291
12387         63     81      93  113.928785   20.928785
12388         63     82      92  110.003002   18.003002
12389         63     83      91  117.086961   26.086961
12390         63     84      90  118.206791   28.206791
12391         63     85      89  109.678446   20.678446
12392         63     86      88  113.091807   25.091807
12393         63     87      87  108.989145   21.989145
12394         63     88      86  108.249304   22.249304
12395         63     89      85  112.181433   27.181433
12396         63     90      84  113.300884   29.300884
12397         63     91      83  105.249453   22.249453
12398         63     92      82  104.846115   22.846115
12399         63     93      81  102.670180   21.670180
12400         63     94      80  103.956978   23.956978
12401         63     95      79  102.466235   23.466235
12402         63     96      78  104.380636   26.380636
12403         63     97      77   94.997155   17.997155
12404         63     98      76   90.040690   14.040690
12405         63     99      75   94.709210   19.709210
12406         63    100      74   88.859964   14.859964
12407         63    101      73   93.092211   20.092211
12408         63    102      72   90.193713   18.193713
12409         63    103      71   84.104615   13.104615
12410         63    104      70   85.961256   15.961256
12411         63    105      69   83.990140   14.990140
12412         63    106      68   83.023926   15.023926
12413         63    107      67   85.628654   18.628654
12414         63    108      66   81.351085   15.351085
12415         63    109      65   80.329462   15.329462
12416         63    110      64   78.290965   14.290965
12417         63    111      63   76.429188   13.429188
12418         63    112      62   64.941762    2.941762
12419         63    113      61   66.728102    5.728102
12420         63    114      60   69.791566    9.791566
12421         63    115      59   61.493499    2.493499
12422         63    116      58   62.533647    4.533647
12423         63    117      57   61.568011    4.568011
12424         63    118      56   58.842650    2.842650
12425         63    119      55   57.764556    2.764556
12426         63    120      54   66.642378   12.642378
12427         63    121      53   59.240587    6.240587
12428         63    122      52   56.588307    4.588307
12429         63    123      51   64.787594   13.787594
12430         63    124      50   61.910290   11.910290
12431         63    125      49   62.981403   13.981403
12432         63    126      48   57.234192    9.234192
12433         63    127      47   58.798745   11.798745
12434         63    128      46   57.011154   11.011154
12435         63    129      45   54.861487    9.861487
12436         63    130      44   58.914876   14.914876
12437         63    131      43   57.019114   14.019114
12438         63    132      42   51.570034    9.570034
12439         63    133      41   54.471609   13.471609
12440         63    134      40   51.392473   11.392473
12441         63    135      39   47.912180    8.912180
12442         63    136      38   44.551067    6.551067
12443         63    137      37   47.086123   10.086123
12444         63    138      36   45.119380    9.119380
12445         63    139      35   42.867059    7.867059
12446         63    140      34   40.690452    6.690452
12447         63    141      33   39.718418    6.718418
12448         63    142      32   38.506702    6.506702
12449         63    143      31   34.517910    3.517910
12450         63    144      30   38.643524    8.643524
12451         63    145      29   34.742839    5.742839
12452         63    146      28   35.266730    7.266730
12453         63    147      27   35.489510    8.489510
12454         63    148      26   29.438384    3.438384
12455         63    149      25   28.336407    3.336407
12456         63    150      24   26.794005    2.794005
12457         63    151      23   23.739442    0.739442
12458         63    152      22   21.836153   -0.163847
12459         63    153      21   25.199448    4.199448
12460         63    154      20   20.915065    0.915065
12461         63    155      19   19.482089    0.482089
12462         63    156      18   18.620822    0.620822
12463         63    157      17   13.635889   -3.364111
12464         63    158      16   11.977934   -4.022066
12465         63    159      15    9.469706   -5.530294
12466         63    160      14    9.505192   -4.494808
12467         63    161      13   13.874798    0.874798
12468         63    162      12    7.384462   -4.615538
12469         63    163      11    7.491745   -3.508255
12470         63    164      10   12.880678    2.880678
12471         63    165       9    7.767842   -1.232158
12472         63    166       8    0.873837   -7.126163
12473         63    167       7   -2.215906   -9.215906
12474         63    168       6   -0.814495   -6.814495
12475         63    169       5   -5.641345  -10.641345
12476         63    170       4  -11.708105  -15.708105
12477         63    171       3  -10.982414  -13.982414
12478         63    172       2  -13.494853  -15.494853
12479         63    173       1  -15.508295  -16.508295
12480         63    174       0  -17.126680  -17.126680
12481         64      1     282  205.329217  -76.670783
12482         64      2     281  190.075359  -90.924641
12483         64      3     280  190.289905  -89.710095
12484         64      4     279  195.302350  -83.697650
12485         64      5     278  195.337050  -82.662950
12486         64      6     277  192.971128  -84.028872
12487         64      7     276  190.739405  -85.260595
12488         64      8     275  190.633100  -84.366900
12489         64      9     274  187.105261  -86.894739
12490         64     10     273  187.782548  -85.217452
12491         64     11     272  186.724201  -85.275799
12492         64     12     271  181.572435  -89.427565
12493         64     13     270  177.448641  -92.551359
12494         64     14     269  177.225490  -91.774510
12495         64     15     268  179.343691  -88.656309
12496         64     16     267  177.872668  -89.127332
12497         64     17     266  175.528326  -90.471674
12498         64     18     265  176.886418  -88.113582
12499         64     19     264  178.301528  -85.698472
12500         64     20     263  174.800133  -88.199867
12501         64     21     262  172.994224  -89.005776
12502         64     22     261  170.274449  -90.725551
12503         64     23     260  172.295615  -87.704385
12504         64     24     259  175.864587  -83.135413
12505         64     25     258  173.291749  -84.708251
12506         64     26     257  174.691573  -82.308427
12507         64     27     256  169.450017  -86.549983
12508         64     28     255  166.186861  -88.813139
12509         64     29     254  162.255370  -91.744630
12510         64     30     253  163.265182  -89.734818
12511         64     31     252  162.503558  -89.496442
12512         64     32     251  159.123917  -91.876083
12513         64     33     250  166.222360  -83.777640
12514         64     34     249  167.533592  -81.466408
12515         64     35     248  160.751085  -87.248915
12516         64     36     247  168.243410  -78.756590
12517         64     37     246  166.593277  -79.406723
12518         64     38     245  164.679700  -80.320300
12519         64     39     244  163.523235  -80.476765
12520         64     40     243  163.264149  -79.735851
12521         64     41     242  160.610158  -81.389842
12522         64     42     241  160.534179  -80.465821
12523         64     43     240  163.007173  -76.992827
12524         64     44     239  153.695334  -85.304666
12525         64     45     238  154.420050  -83.579950
12526         64     46     237  161.105854  -75.894146
12527         64     47     236  157.463013  -78.536987
12528         64     48     235  154.711361  -80.288639
12529         64     49     234  159.728457  -74.271543
12530         64     50     233  162.300569  -70.699431
12531         64     51     232  161.033875  -70.966125
12532         64     52     231  156.536412  -74.463588
12533         64     53     230  150.630964  -79.369036
12534         64     54     229  145.614705  -83.385295
12535         64     55     228  154.235163  -73.764837
12536         64     56     227  151.183699  -75.816301
12537         64     57     226  145.527823  -80.472177
12538         64     58     225  144.987566  -80.012434
12539         64     59     224  150.992338  -73.007662
12540         64     60     223  145.690654  -77.309346
12541         64     61     222  147.550313  -74.449687
12542         64     62     221  148.984231  -72.015769
12543         64     63     220  143.691398  -76.308602
12544         64     64     219  142.432946  -76.567054
12545         64     65     218  142.519687  -75.480313
12546         64     66     217  138.448848  -78.551152
12547         64     67     216  142.766066  -73.233934
12548         64     68     215  148.108514  -66.891486
12549         64     69     214  142.101533  -71.898467
12550         64     70     213  138.088121  -74.911879
12551         64     71     212  140.559882  -71.440118
12552         64     72     211  138.329392  -72.670608
12553         64     73     210  140.834551  -69.165449
12554         64     74     209  136.671351  -72.328649
12555         64     75     208  137.881922  -70.118078
12556         64     76     207  130.948700  -76.051300
12557         64     77     206  132.170729  -73.829271
12558         64     78     205  130.386513  -74.613487
12559         64     79     204  133.149992  -70.850008
12560         64     80     203  137.801799  -65.198201
12561         64     81     202  143.312185  -58.687815
12562         64     82     201  139.120752  -61.879248
12563         64     83     200  141.211589  -58.788411
12564         64     84     199  137.898516  -61.101484
12565         64     85     198  135.906972  -62.093028
12566         64     86     197  140.681514  -56.318486
12567         64     87     196  136.392748  -59.607252
12568         64     88     195  135.551810  -59.448190
12569         64     89     194  134.363691  -59.636309
12570         64     90     193  132.320779  -60.679221
12571         64     91     192  132.802141  -59.197859
12572         64     92     191  126.982475  -64.017525
12573         64     93     190  128.047271  -61.952729
12574         64     94     189  131.401438  -57.598562
12575         64     95     188  125.529280  -62.470720
12576         64     96     187  126.486823  -60.513177
12577         64     97     186  126.552892  -59.447108
12578         64     98     185  125.866355  -59.133645
12579         64     99     184  125.934995  -58.065005
12580         64    100     183  123.671319  -59.328681
12581         64    101     182  120.326459  -61.673541
12582         64    102     181  123.536779  -57.463221
12583         64    103     180  124.161216  -55.838784
12584         64    104     179  117.653172  -61.346828
12585         64    105     178  116.717261  -61.282739
12586         64    106     177  113.751807  -63.248193
12587         64    107     176  115.913772  -60.086228
12588         64    108     175  111.632754  -63.367246
12589         64    109     174  107.939923  -66.060077
12590         64    110     173  119.989997  -53.010003
12591         64    111     172  116.723584  -55.276416
12592         64    112     171  123.155860  -47.844140
12593         64    113     170  119.806356  -50.193644
12594         64    114     169  121.339499  -47.660501
12595         64    115     168  123.487403  -44.512597
12596         64    116     167  113.609586  -53.390414
12597         64    117     166  116.428131  -49.571869
12598         64    118     165  113.851378  -51.148622
12599         64    119     164  114.315240  -49.684760
12600         64    120     163  111.860777  -51.139223
12601         64    121     162  118.165181  -43.834819
12602         64    122     161  111.234543  -49.765457
12603         64    123     160  109.093481  -50.906519
12604         64    124     159  112.704278  -46.295722
12605         64    125     158  112.082958  -45.917042
12606         64    126     157  105.670864  -51.329136
12607         64    127     156  104.672289  -51.327711
12608         64    128     155  105.593977  -49.406023
12609         64    129     154  106.240257  -47.759743
12610         64    130     153  105.719988  -47.280012
12611         64    131     152  100.636900  -51.363100
12612         64    132     151  101.303474  -49.696526
12613         64    133     150  109.434126  -40.565874
12614         64    134     149  108.897155  -40.102845
12615         64    135     148  103.659969  -44.340031
12616         64    136     147  108.093566  -38.906434
12617         64    137     146  112.604190  -33.395810
12618         64    138     145  112.180193  -32.819807
12619         64    139     144  108.010965  -35.989035
12620         64    140     143  108.480450  -34.519550
12621         64    141     142  111.840738  -30.159262
12622         64    142     141  107.755566  -33.244434
12623         64    143     140  107.151760  -32.848240
12624         64    144     139  105.570316  -33.429684
12625         64    145     138  109.380623  -28.619377
12626         64    146     137  109.540553  -27.459447
12627         64    147     136  107.399135  -28.600865
12628         64    148     135   98.225355  -36.774645
12629         64    149     134  104.471799  -29.528201
12630         64    150     133  100.308564  -32.691436
12631         64    151     132  102.602155  -29.397845
12632         64    152     131   99.737162  -31.262838
12633         64    153     130   99.732780  -30.267220
12634         64    154     129   96.233941  -32.766059
12635         64    155     128   96.283589  -31.716411
12636         64    156     127   92.735864  -34.264136
12637         64    157     126   94.545747  -31.454253
12638         64    158     125   97.916211  -27.083789
12639         64    159     124   93.068240  -30.931760
12640         64    160     123   92.070900  -30.929100
12641         64    161     122   94.922896  -27.077104
12642         64    162     121   90.853953  -30.146047
12643         64    163     120   87.345409  -32.654591
12644         64    164     119   88.605702  -30.394298
12645         64    165     118   91.280807  -26.719193
12646         64    166     117   88.308755  -28.691245
12647         64    167     116   86.664196  -29.335804
12648         64    168     115   88.061834  -26.938166
12649         64    169     114   84.282124  -29.717876
12650         64    170     113   85.150160  -27.849840
12651         64    171     112   75.756651  -36.243349
12652         64    172     111   81.537476  -29.462524
12653         64    173     110   76.746327  -33.253673
12654         64    174     109   75.519161  -33.480839
12655         64    175     108   77.437566  -30.562434
12656         64    176     107   71.881635  -35.118365
12657         64    177     106   67.239543  -38.760457
12658         64    178     105   68.460505  -36.539495
12659         64    179     104   68.923907  -35.076093
12660         64    180     103   65.216498  -37.783502
12661         64    181     102   66.469864  -35.530136
12662         64    182     101   65.976318  -35.023682
12663         64    183     100   65.999122  -34.000878
12664         64    184      99   65.737411  -33.262589
12665         64    185      98   61.880196  -36.119804
12666         64    186      97   62.785120  -34.214880
12667         64    187      96   65.014616  -30.985384
12668         64    188      95   64.870741  -30.129259
12669         64    189      94   62.621629  -31.378371
12670         64    190      93   68.003559  -24.996441
12671         64    191      92   67.685139  -24.314861
12672         64    192      91   59.146318  -31.853682
12673         64    193      90   68.061049  -21.938951
12674         64    194      89   69.037647  -19.962353
12675         64    195      88   56.845343  -31.154657
12676         64    196      87   64.529500  -22.470500
12677         64    197      86   64.532031  -21.467969
12678         64    198      85   58.930168  -26.069832
12679         64    199      84   57.289219  -26.710781
12680         64    200      83   58.524306  -24.475694
12681         64    201      82   56.700828  -25.299172
12682         64    202      81   54.409833  -26.590167
12683         64    203      80   58.658291  -21.341709
12684         64    204      79   53.437822  -25.562178
12685         64    205      78   51.956794  -26.043206
12686         64    206      77   49.816301  -27.183699
12687         64    207      76   53.023034  -22.976966
12688         64    208      75   51.847088  -23.152912
12689         64    209      74   52.961365  -21.038635
12690         64    210      73   49.165996  -23.834004
12691         64    211      72   43.579168  -28.420832
12692         64    212      71   48.553550  -22.446450
12693         64    213      70   47.909652  -22.090348
12694         64    214      69   49.434710  -19.565290
12695         64    215      68   44.526519  -23.473481
12696         64    216      67   42.604386  -24.395614
12697         64    217      66   38.902399  -27.097601
12698         64    218      65   44.626106  -20.373894
12699         64    219      64   39.195568  -24.804432
12700         64    220      63   38.599523  -24.400477
12701         64    221      62   39.743449  -22.256551
12702         64    222      61   36.803509  -24.196491
12703         64    223      60   38.249960  -21.750040
12704         64    224      59   36.255746  -22.744254
12705         64    225      58   29.346938  -28.653062
12706         64    226      57   29.047155  -27.952845
12707         64    227      56   33.133167  -22.866833
12708         64    228      55   31.837105  -23.162895
12709         64    229      54   31.980026  -22.019974
12710         64    230      53   30.038528  -22.961472
12711         64    231      52   32.471494  -19.528506
12712         64    232      51   32.453619  -18.546381
12713         64    233      50   24.314992  -25.685008
12714         64    234      49   27.640970  -21.359030
12715         64    235      48   27.043952  -20.956048
12716         64    236      47   26.225891  -20.774109
12717         64    237      46   24.245903  -21.754097
12718         64    238      45   25.511645  -19.488355
12719         64    239      44   24.264964  -19.735036
12720         64    240      43   23.750605  -19.249395
12721         64    241      42   30.968227  -11.031773
12722         64    242      41   32.378810   -8.621190
12723         64    243      40   38.451104   -1.548896
12724         64    244      39   36.281790   -2.718210
12725         64    245      38   30.550150   -7.449850
12726         64    246      37   28.281537   -8.718463
12727         64    247      36   30.068371   -5.931629
12728         64    248      35   28.785853   -6.214147
12729         64    249      34   28.519263   -5.480737
12730         64    250      33   31.364541   -1.635459
12731         64    251      32   28.732717   -3.267283
12732         64    252      31   25.013480   -5.986520
12733         64    253      30   27.063131   -2.936869
12734         64    254      29   24.863729   -4.136271
12735         64    255      28   18.994227   -9.005773
12736         64    256      27   20.032490   -6.967510
12737         64    257      26   16.870024   -9.129976
12738         64    258      25   18.128344   -6.871656
12739         64    259      24   18.281897   -5.718103
12740         64    260      23   13.836728   -9.163272
12741         64    261      22   15.328693   -6.671307
12742         64    262      21   14.602374   -6.397626
12743         64    263      20   12.938732   -7.061268
12744         64    264      19   11.724162   -7.275838
12745         64    265      18   13.370653   -4.629347
12746         64    266      17   12.027254   -4.972746
12747         64    267      16    9.242985   -6.757015
12748         64    268      15    9.688862   -5.311138
12749         64    269      14    8.423031   -5.576969
12750         64    270      13    6.513892   -6.486108
12751         64    271      12    2.527751   -9.472249
12752         64    272      11    3.396336   -7.603664
12753         64    273      10    2.721812   -7.278188
12754         64    274       9    2.957184   -6.042816
12755         64    275       8    5.456353   -2.543647
12756         64    276       7    4.993964   -2.006036
12757         64    277       6    3.399471   -2.600529
12758         64    278       5    6.779261    1.779261
12759         64    279       4    6.510581    2.510581
12760         64    280       3    5.047610    2.047610
12761         64    281       2    4.696376    2.696376
12762         64    282       1    6.066133    5.066133
12763         64    283       0    5.175456    5.175456
12764         65      1     152  214.581628   62.581628
12765         65      2     151  215.365065   64.365065
12766         65      3     150  212.394169   62.394169
12767         65      4     149  199.007279   50.007279
12768         65      5     148  200.574340   52.574340
12769         65      6     147  202.698969   55.698969
12770         65      7     146  191.337974   45.337974
12771         65      8     145  197.835527   52.835527
12772         65      9     144  189.759839   45.759839
12773         65     10     143  179.271766   36.271766
12774         65     11     142  181.961333   39.961333
12775         65     12     141  182.074008   41.074008
12776         65     13     140  183.555544   43.555544
12777         65     14     139  176.365123   37.365123
12778         65     15     138  181.066286   43.066286
12779         65     16     137  186.645414   49.645414
12780         65     17     136  183.293312   47.293312
12781         65     18     135  189.007805   54.007805
12782         65     19     134  186.957064   52.957064
12783         65     20     133  184.029112   51.029112
12784         65     21     132  182.464185   50.464185
12785         65     22     131  178.197819   47.197819
12786         65     23     130  174.008049   44.008049
12787         65     24     129  177.368088   48.368088
12788         65     25     128  180.138775   52.138775
12789         65     26     127  179.501047   52.501047
12790         65     27     126  175.892862   49.892862
12791         65     28     125  176.848738   51.848738
12792         65     29     124  174.256467   50.256467
12793         65     30     123  168.868462   45.868462
12794         65     31     122  172.988133   50.988133
12795         65     32     121  170.753044   49.753044
12796         65     33     120  175.033867   55.033867
12797         65     34     119  170.652316   51.652316
12798         65     35     118  172.265782   54.265782
12799         65     36     117  165.623648   48.623648
12800         65     37     116  170.528421   54.528421
12801         65     38     115  163.833235   48.833235
12802         65     39     114  174.267941   60.267941
12803         65     40     113  172.623250   59.623250
12804         65     41     112  169.190719   57.190719
12805         65     42     111  160.804094   49.804094
12806         65     43     110  157.294320   47.294320
12807         65     44     109  166.415458   57.415458
12808         65     45     108  165.037383   57.037383
12809         65     46     107  157.756830   50.756830
12810         65     47     106  164.942928   58.942928
12811         65     48     105  158.492273   53.492273
12812         65     49     104  161.877964   57.877964
12813         65     50     103  160.516377   57.516377
12814         65     51     102  159.172531   57.172531
12815         65     52     101  157.699497   56.699497
12816         65     53     100  157.659349   57.659349
12817         65     54      99  153.276479   54.276479
12818         65     55      98  151.795633   53.795633
12819         65     56      97  157.740626   60.740626
12820         65     57      96  150.996232   54.996232
12821         65     58      95  150.845519   55.845519
12822         65     59      94  150.223032   56.223032
12823         65     60      93  148.894942   55.894942
12824         65     61      92  149.425754   57.425754
12825         65     62      91  146.464103   55.464103
12826         65     63      90  146.690732   56.690732
12827         65     64      89  149.691303   60.691303
12828         65     65      88  150.858805   62.858805
12829         65     66      87  144.053767   57.053767
12830         65     67      86  148.184182   62.184182
12831         65     68      85  149.730387   64.730387
12832         65     69      84  142.115366   58.115366
12833         65     70      83  141.037305   58.037305
12834         65     71      82  133.971873   51.971873
12835         65     72      81  138.130435   57.130435
12836         65     73      80  142.068002   62.068002
12837         65     74      79  136.109529   57.109529
12838         65     75      78  136.908604   58.908604
12839         65     76      77  139.424039   62.424039
12840         65     77      76  136.460127   60.460127
12841         65     78      75  136.480898   61.480898
12842         65     79      74  131.540509   57.540509
12843         65     80      73  136.986224   63.986224
12844         65     81      72  131.944519   59.944519
12845         65     82      71  126.187076   55.187076
12846         65     83      70  125.915089   55.915089
12847         65     84      69  127.378272   58.378272
12848         65     85      68  127.628102   59.628102
12849         65     86      67  124.906724   57.906724
12850         65     87      66  122.557553   56.557553
12851         65     88      65  122.822989   57.822989
12852         65     89      64  124.901805   60.901805
12853         65     90      63  123.063030   60.063030
12854         65     91      62  122.029356   60.029356
12855         65     92      61  115.703252   54.703252
12856         65     93      60  119.904822   59.904822
12857         65     94      59  116.792817   57.792817
12858         65     95      58  114.359280   56.359280
12859         65     96      57  114.832149   57.832149
12860         65     97      56  110.596128   54.596128
12861         65     98      55  108.226869   53.226869
12862         65     99      54  104.521051   50.521051
12863         65    100      53  104.280282   51.280282
12864         65    101      52  102.069057   50.069057
12865         65    102      51   93.521023   42.521023
12866         65    103      50   94.386276   44.386276
12867         65    104      49   94.379766   45.379766
12868         65    105      48   90.617327   42.617327
12869         65    106      47   81.662435   34.662435
12870         65    107      46   79.676891   33.676891
12871         65    108      45   78.706706   33.706706
12872         65    109      44   70.149212   26.149212
12873         65    110      43   75.060367   32.060367
12874         65    111      42   73.828446   31.828446
12875         65    112      41   69.404264   28.404264
12876         65    113      40   66.240563   26.240563
12877         65    114      39   63.262360   24.262360
12878         65    115      38   58.750197   20.750197
12879         65    116      37   58.360326   21.360326
12880         65    117      36   55.627871   19.627871
12881         65    118      35   50.502383   15.502383
12882         65    119      34   47.218687   13.218687
12883         65    120      33   44.825689   11.825689
12884         65    121      32   39.720747    7.720747
12885         65    122      31   39.059840    8.059840
12886         65    123      30   33.040979    3.040979
12887         65    124      29   29.770314    0.770314
12888         65    125      28   31.214730    3.214730
12889         65    126      27   31.154081    4.154081
12890         65    127      26   24.145743   -1.854257
12891         65    128      25   28.619196    3.619196
12892         65    129      24   27.931148    3.931148
12893         65    130      23   23.422677    0.422677
12894         65    131      22   22.558692    0.558692
12895         65    132      21   17.239663   -3.760337
12896         65    133      20   20.327137    0.327137
12897         65    134      19   14.572317   -4.427683
12898         65    135      18   12.426178   -5.573822
12899         65    136      17   10.296463   -6.703537
12900         65    137      16   10.698855   -5.301145
12901         65    138      15    4.763568  -10.236432
12902         65    139      14    2.183398  -11.816602
12903         65    140      13   -4.031746  -17.031746
12904         65    141      12    1.216541  -10.783459
12905         65    142      11    0.476501  -10.523499
12906         65    143      10   -9.128119  -19.128119
12907         65    144       9   -5.380384  -14.380384
12908         65    145       8   -9.529332  -17.529332
12909         65    146       7  -13.078443  -20.078443
12910         65    147       6  -13.687901  -19.687901
12911         65    148       5  -17.594855  -22.594855
12912         65    149       4  -20.828029  -24.828029
12913         65    150       3  -21.782137  -24.782137
12914         65    151       2  -23.120463  -25.120463
12915         65    152       1  -20.910735  -21.910735
12916         65    153       0  -22.542783  -22.542783
12917         66      1     201  202.943363    1.943363
12918         66      2     200  189.008147  -10.991853
12919         66      3     199  184.524578  -14.475422
12920         66      4     198  176.325055  -21.674945
12921         66      5     197  176.714846  -20.285154
12922         66      6     196  176.502917  -19.497083
12923         66      7     195  178.142897  -16.857103
12924         66      8     194  175.308548  -18.691452
12925         66      9     193  178.830079  -14.169921
12926         66     10     192  175.276544  -16.723456
12927         66     11     191  172.040684  -18.959316
12928         66     12     190  167.215573  -22.784427
12929         66     13     189  163.772170  -25.227830
12930         66     14     188  161.183987  -26.816013
12931         66     15     187  156.529738  -30.470262
12932         66     16     186  158.725609  -27.274391
12933         66     17     185  157.580543  -27.419457
12934         66     18     184  156.215190  -27.784810
12935         66     19     183  155.539354  -27.460646
12936         66     20     182  151.733468  -30.266532
12937         66     21     181  149.522696  -31.477304
12938         66     22     180  153.631700  -26.368300
12939         66     23     179  151.590508  -27.409492
12940         66     24     178  154.393918  -23.606082
12941         66     25     177  144.986277  -32.013723
12942         66     26     176  151.007535  -24.992465
12943         66     27     175  147.116146  -27.883854
12944         66     28     174  148.788921  -25.211079
12945         66     29     173  145.708500  -27.291500
12946         66     30     172  146.766040  -25.233960
12947         66     31     171  151.830532  -19.169468
12948         66     32     170  149.461818  -20.538182
12949         66     33     169  152.374163  -16.625837
12950         66     34     168  143.375126  -24.624874
12951         66     35     167  143.833518  -23.166482
12952         66     36     166  143.925587  -22.074413
12953         66     37     165  140.753608  -24.246392
12954         66     38     164  137.768188  -26.231812
12955         66     39     163  137.249223  -25.750777
12956         66     40     162  133.704400  -28.295600
12957         66     41     161  137.891511  -23.108489
12958         66     42     160  136.823802  -23.176198
12959         66     43     159  138.223977  -20.776023
12960         66     44     158  137.364975  -20.635025
12961         66     45     157  129.886474  -27.113526
12962         66     46     156  131.665783  -24.334217
12963         66     47     155  131.715620  -23.284380
12964         66     48     154  130.325497  -23.674503
12965         66     49     153  129.353201  -23.646799
12966         66     50     152  131.233291  -20.766709
12967         66     51     151  126.447603  -24.552397
12968         66     52     150  130.320973  -19.679027
12969         66     53     149  120.446146  -28.553854
12970         66     54     148  129.113521  -18.886479
12971         66     55     147  126.580452  -20.419548
12972         66     56     146  121.511166  -24.488834
12973         66     57     145  124.361907  -20.638093
12974         66     58     144  128.024422  -15.975578
12975         66     59     143  133.678375   -9.321625
12976         66     60     142  131.330282  -10.669718
12977         66     61     141  128.364106  -12.635894
12978         66     62     140  136.425692   -3.574308
12979         66     63     139  130.175847   -8.824153
12980         66     64     138  130.698089   -7.301911
12981         66     65     137  127.855081   -9.144919
12982         66     66     136  131.319993   -4.680007
12983         66     67     135  134.192888   -0.807112
12984         66     68     134  129.985442   -4.014558
12985         66     69     133  124.330439   -8.669561
12986         66     70     132  125.262403   -6.737597
12987         66     71     131  122.759129   -8.240871
12988         66     72     130  124.627319   -5.372681
12989         66     73     129  121.360316   -7.639684
12990         66     74     128  123.226061   -4.773939
12991         66     75     127  123.499525   -3.500475
12992         66     76     126  122.712073   -3.287927
12993         66     77     125  126.393885    1.393885
12994         66     78     124  128.231978    4.231978
12995         66     79     123  123.549397    0.549397
12996         66     80     122  120.735163   -1.264837
12997         66     81     121  122.612178    1.612178
12998         66     82     120  121.406223    1.406223
12999         66     83     119  122.014096    3.014096
13000         66     84     118  116.003762   -1.996238
13001         66     85     117  119.930477    2.930477
13002         66     86     116  116.460149    0.460149
13003         66     87     115  114.742008   -0.257992
13004         66     88     114  117.753098    3.753098
13005         66     89     113  110.524382   -2.475618
13006         66     90     112  113.844597    1.844597
13007         66     91     111  114.821929    3.821929
13008         66     92     110  111.372800    1.372800
13009         66     93     109  113.935427    4.935427
13010         66     94     108  117.363530    9.363530
13011         66     95     107  114.235582    7.235582
13012         66     96     106  107.464223    1.464223
13013         66     97     105  108.889843    3.889843
13014         66     98     104  104.918035    0.918035
13015         66     99     103  102.719241   -0.280759
13016         66    100     102  107.364183    5.364183
13017         66    101     101  107.691982    6.691982
13018         66    102     100  102.145653    2.145653
13019         66    103      99  112.018605   13.018605
13020         66    104      98  111.717660   13.717660
13021         66    105      97  112.770383   15.770383
13022         66    106      96  108.393660   12.393660
13023         66    107      95  112.672724   17.672724
13024         66    108      94  107.603728   13.603728
13025         66    109      93  109.770413   16.770413
13026         66    110      92  106.975138   14.975138
13027         66    111      91  103.907227   12.907227
13028         66    112      90  103.027608   13.027608
13029         66    113      89  100.972337   11.972337
13030         66    114      88  109.626714   21.626714
13031         66    115      87  101.480396   14.480396
13032         66    116      86  101.483007   15.483007
13033         66    117      85  106.996378   21.996378
13034         66    118      84  100.073751   16.073751
13035         66    119      83   96.781590   13.781590
13036         66    120      82   96.328428   14.328428
13037         66    121      81   98.912317   17.912317
13038         66    122      80  102.699181   22.699181
13039         66    123      79  102.015516   23.015516
13040         66    124      78   95.257494   17.257494
13041         66    125      77   94.773379   17.773379
13042         66    126      76   91.113324   15.113324
13043         66    127      75   88.289570   13.289570
13044         66    128      74   89.433291   15.433291
13045         66    129      73   94.873540   21.873540
13046         66    130      72   93.571467   21.571467
13047         66    131      71   92.770213   21.770213
13048         66    132      70   92.259341   22.259341
13049         66    133      69   85.734471   16.734471
13050         66    134      68   85.569386   17.569386
13051         66    135      67   81.835613   14.835613
13052         66    136      66   83.216630   17.216630
13053         66    137      65   86.749187   21.749187
13054         66    138      64   85.047307   21.047307
13055         66    139      63   85.106764   22.106764
13056         66    140      62   87.018696   25.018696
13057         66    141      61   79.480054   18.480054
13058         66    142      60   83.215096   23.215096
13059         66    143      59   80.861060   21.861060
13060         66    144      58   78.693013   20.693013
13061         66    145      57   82.258277   25.258277
13062         66    146      56   79.838414   23.838414
13063         66    147      55   74.187500   19.187500
13064         66    148      54   81.154106   27.154106
13065         66    149      53   79.348426   26.348426
13066         66    150      52   79.729609   27.729609
13067         66    151      51   77.425906   26.425906
13068         66    152      50   72.242481   22.242481
13069         66    153      49   70.302158   21.302158
13070         66    154      48   73.291545   25.291545
13071         66    155      47   71.756097   24.756097
13072         66    156      46   68.159071   22.159071
13073         66    157      45   69.658929   24.658929
13074         66    158      44   68.240522   24.240522
13075         66    159      43   66.139120   23.139120
13076         66    160      42   63.950791   21.950791
13077         66    161      41   64.998792   23.998792
13078         66    162      40   61.342061   21.342061
13079         66    163      39   60.200261   21.200261
13080         66    164      38   58.429081   20.429081
13081         66    165      37   55.362319   18.362319
13082         66    166      36   55.606534   19.606534
13083         66    167      35   53.963338   18.963338
13084         66    168      34   49.307018   15.307018
13085         66    169      33   53.427022   20.427022
13086         66    170      32   49.458202   17.458202
13087         66    171      31   44.467277   13.467277
13088         66    172      30   44.238066   14.238066
13089         66    173      29   42.589738   13.589738
13090         66    174      28   42.567617   14.567617
13091         66    175      27   38.201581   11.201581
13092         66    176      26   37.836135   11.836135
13093         66    177      25   33.503589    8.503589
13094         66    178      24   35.674249   11.674249
13095         66    179      23   35.579272   12.579272
13096         66    180      22   29.374858    7.374858
13097         66    181      21   26.834740    5.834740
13098         66    182      20   27.676769    7.676769
13099         66    183      19   22.733712    3.733712
13100         66    184      18   21.056184    3.056184
13101         66    185      17   22.476640    5.476640
13102         66    186      16   19.145243    3.145243
13103         66    187      15   18.015572    3.015572
13104         66    188      14   13.319081   -0.680919
13105         66    189      13   14.502138    1.502138
13106         66    190      12    9.181347   -2.818653
13107         66    191      11   14.514779    3.514779
13108         66    192      10   10.255816    0.255816
13109         66    193       9   11.938109    2.938109
13110         66    194       8    5.370392   -2.629608
13111         66    195       7    4.131996   -2.868004
13112         66    196       6    2.617665   -3.382335
13113         66    197       5    2.610166   -2.389834
13114         66    198       4    0.657177   -3.342823
13115         66    199       3    1.255989   -1.744011
13116         66    200       2   -0.938065   -2.938065
13117         66    201       1   -5.623661   -6.623661
13118         66    202       0   -3.915560   -3.915560
13119         67      1     312  203.131022 -108.868978
13120         67      2     311  199.859099 -111.140901
13121         67      3     310  192.152996 -117.847004
13122         67      4     309  192.274458 -116.725542
13123         67      5     308  192.998320 -115.001680
13124         67      6     307  186.573692 -120.426308
13125         67      7     306  189.936013 -116.063987
13126         67      8     305  195.990019 -109.009981
13127         67      9     304  191.929321 -112.070679
13128         67     10     303  195.524016 -107.475984
13129         67     11     302  198.908400 -103.091600
13130         67     12     301  194.757449 -106.242551
13131         67     13     300  192.079611 -107.920389
13132         67     14     299  187.392807 -111.607193
13133         67     15     298  186.690456 -111.309544
13134         67     16     297  190.802622 -106.197378
13135         67     17     296  190.157301 -105.842699
13136         67     18     295  184.537018 -110.462982
13137         67     19     294  189.430289 -104.569711
13138         67     20     293  183.668892 -109.331108
13139         67     21     292  183.302258 -108.697742
13140         67     22     291  183.794268 -107.205732
13141         67     23     290  178.333059 -111.666941
13142         67     24     289  182.757896 -106.242104
13143         67     25     288  178.959797 -109.040203
13144         67     26     287  175.195887 -111.804113
13145         67     27     286  169.649314 -116.350686
13146         67     28     285  172.459100 -112.540900
13147         67     29     284  174.934971 -109.065029
13148         67     30     283  164.406923 -118.593077
13149         67     31     282  168.707016 -113.292984
13150         67     32     281  170.011958 -110.988042
13151         67     33     280  174.727117 -105.272883
13152         67     34     279  171.022725 -107.977275
13153         67     35     278  164.543367 -113.456633
13154         67     36     277  166.157901 -110.842099
13155         67     37     276  165.369647 -110.630353
13156         67     38     275  166.457034 -108.542966
13157         67     39     274  163.323093 -110.676907
13158         67     40     273  161.398141 -111.601859
13159         67     41     272  167.592187 -104.407813
13160         67     42     271  164.355018 -106.644982
13161         67     43     270  167.493085 -102.506915
13162         67     44     269  168.505413 -100.494587
13163         67     45     268  167.352265 -100.647735
13164         67     46     267  163.152515 -103.847485
13165         67     47     266  161.331316 -104.668684
13166         67     48     265  152.757114 -112.242886
13167         67     49     264  158.744321 -105.255679
13168         67     50     263  152.840212 -110.159788
13169         67     51     262  163.482395  -98.517605
13170         67     52     261  155.170180 -105.829820
13171         67     53     260  148.256084 -111.743916
13172         67     54     259  149.647456 -109.352544
13173         67     55     258  151.485135 -106.514865
13174         67     56     257  146.349604 -110.650396
13175         67     57     256  147.776689 -108.223311
13176         67     58     255  147.316539 -107.683461
13177         67     59     254  146.335039 -107.664961
13178         67     60     253  148.605839 -104.394161
13179         67     61     252  154.870543  -97.129457
13180         67     62     251  152.518261  -98.481739
13181         67     63     250  153.479469  -96.520531
13182         67     64     249  148.734869 -100.265131
13183         67     65     248  147.991414 -100.008586
13184         67     66     247  151.735858  -95.264142
13185         67     67     246  149.400900  -96.599100
13186         67     68     245  152.567082  -92.432918
13187         67     69     244  153.814873  -90.185127
13188         67     70     243  151.590038  -91.409962
13189         67     71     242  151.706326  -90.293674
13190         67     72     241  153.123069  -87.876931
13191         67     73     240  149.792229  -90.207771
13192         67     74     239  144.422712  -94.577288
13193         67     75     238  141.988519  -96.011481
13194         67     76     237  140.621006  -96.378994
13195         67     77     236  148.150568  -87.849432
13196         67     78     235  145.071250  -89.928750
13197         67     79     234  145.620787  -88.379213
13198         67     80     233  139.921157  -93.078843
13199         67     81     232  144.486138  -87.513862
13200         67     82     231  140.241375  -90.758625
13201         67     83     230  145.552870  -84.447130
13202         67     84     229  145.893847  -83.106153
13203         67     85     228  136.809930  -91.190070
13204         67     86     227  145.601390  -81.398610
13205         67     87     226  143.818730  -82.181270
13206         67     88     225  147.223461  -77.776539
13207         67     89     224  145.207293  -78.792707
13208         67     90     223  144.051550  -78.948450
13209         67     91     222  145.491609  -76.508391
13210         67     92     221  140.894136  -80.105864
13211         67     93     220  140.781806  -79.218194
13212         67     94     219  147.732181  -71.267819
13213         67     95     218  140.512784  -77.487216
13214         67     96     217  144.036877  -72.963123
13215         67     97     216  144.444891  -71.555109
13216         67     98     215  146.700158  -68.299842
13217         67     99     214  141.850955  -72.149045
13218         67    100     213  144.339213  -68.660787
13219         67    101     212  144.743689  -67.256311
13220         67    102     211  140.741605  -70.258395
13221         67    103     210  140.623021  -69.376979
13222         67    104     209  142.946823  -66.053177
13223         67    105     208  145.358000  -62.642000
13224         67    106     207  145.378276  -61.621724
13225         67    107     206  139.889978  -66.110022
13226         67    108     205  140.713595  -64.286405
13227         67    109     204  137.176150  -66.823850
13228         67    110     203  141.801253  -61.198747
13229         67    111     202  143.238520  -58.761480
13230         67    112     201  132.880986  -68.119014
13231         67    113     200  133.720965  -66.279035
13232         67    114     199  136.216237  -62.783763
13233         67    115     198  133.292116  -64.707884
13234         67    116     197  132.934179  -64.065821
13235         67    117     196  134.735796  -61.264204
13236         67    118     195  133.854585  -61.145415
13237         67    119     194  130.572104  -63.427896
13238         67    120     193  130.355419  -62.644581
13239         67    121     192  128.456341  -63.543659
13240         67    122     191  126.929551  -64.070449
13241         67    123     190  130.720536  -59.279464
13242         67    124     189  124.358687  -64.641313
13243         67    125     188  126.418131  -61.581869
13244         67    126     187  128.863851  -58.136149
13245         67    127     186  125.945153  -60.054847
13246         67    128     185  123.972155  -61.027845
13247         67    129     184  119.247855  -64.752145
13248         67    130     183  121.018506  -61.981494
13249         67    131     182  123.022208  -58.977792
13250         67    132     181  114.181922  -66.818078
13251         67    133     180  114.789712  -65.210288
13252         67    134     179  120.998750  -58.001250
13253         67    135     178  116.813382  -61.186618
13254         67    136     177  119.918076  -57.081924
13255         67    137     176  121.146131  -54.853869
13256         67    138     175  121.506949  -53.493051
13257         67    139     174  123.563991  -50.436009
13258         67    140     173  120.653604  -52.346396
13259         67    141     172  119.304747  -52.695253
13260         67    142     171  120.112245  -50.887755
13261         67    143     170  119.345794  -50.654206
13262         67    144     169  122.056932  -46.943068
13263         67    145     168  122.994101  -45.005899
13264         67    146     167  114.334771  -52.665229
13265         67    147     166  114.461325  -51.538675
13266         67    148     165  119.619280  -45.380720
13267         67    149     164  112.324386  -51.675614
13268         67    150     163  123.118269  -39.881731
13269         67    151     162  121.264363  -40.735637
13270         67    152     161  117.314850  -43.685150
13271         67    153     160  118.785249  -41.214751
13272         67    154     159  116.987076  -42.012924
13273         67    155     158  119.511957  -38.488043
13274         67    156     157  121.150343  -35.849657
13275         67    157     156  122.030202  -33.969798
13276         67    158     155  117.965553  -37.034447
13277         67    159     154  118.316744  -35.683256
13278         67    160     153  120.468351  -32.531649
13279         67    161     152  120.476558  -31.523442
13280         67    162     151  116.408324  -34.591676
13281         67    163     150  120.406215  -29.593785
13282         67    164     149  115.049163  -33.950837
13283         67    165     148  118.964704  -29.035296
13284         67    166     147  107.573211  -39.426789
13285         67    167     146  108.948703  -37.051297
13286         67    168     145  113.176518  -31.823482
13287         67    169     144  113.653650  -30.346350
13288         67    170     143  109.839953  -33.160047
13289         67    171     142  110.756112  -31.243888
13290         67    172     141  104.581964  -36.418036
13291         67    173     140  103.645552  -36.354448
13292         67    174     139   98.075849  -40.924151
13293         67    175     138  104.107239  -33.892761
13294         67    176     137  102.698070  -34.301930
13295         67    177     136  108.324010  -27.675990
13296         67    178     135  102.432521  -32.567479
13297         67    179     134  103.063449  -30.936551
13298         67    180     133  100.454013  -32.545987
13299         67    181     132  101.578986  -30.421014
13300         67    182     131  103.341448  -27.658552
13301         67    183     130  103.400258  -26.599742
13302         67    184     129  102.456277  -26.543723
13303         67    185     128   95.822923  -32.177077
13304         67    186     127  101.074315  -25.925685
13305         67    187     126  101.252002  -24.747998
13306         67    188     125  100.907275  -24.092725
13307         67    189     124   90.698126  -33.301874
13308         67    190     123   96.530098  -26.469902
13309         67    191     122   93.095418  -28.904582
13310         67    192     121   90.976856  -30.023144
13311         67    193     120   99.051750  -20.948250
13312         67    194     119   93.899391  -25.100609
13313         67    195     118  100.681860  -17.318140
13314         67    196     117   98.803618  -18.196382
13315         67    197     116   90.903597  -25.096403
13316         67    198     115   98.108218  -16.891782
13317         67    199     114   90.995713  -23.004287
13318         67    200     113   92.007393  -20.992607
13319         67    201     112   91.744776  -20.255224
13320         67    202     111   93.678917  -17.321083
13321         67    203     110   93.223163  -16.776837
13322         67    204     109   92.966279  -16.033721
13323         67    205     108   97.497391  -10.502609
13324         67    206     107   90.097774  -16.902226
13325         67    207     106   94.162114  -11.837886
13326         67    208     105   99.679790   -5.320210
13327         67    209     104   92.050235  -11.949765
13328         67    210     103   98.160263   -4.839737
13329         67    211     102   93.909703   -8.090297
13330         67    212     101   88.783462  -12.216538
13331         67    213     100   89.176791  -10.823209
13332         67    214      99   89.385033   -9.614967
13333         67    215      98   85.654248  -12.345752
13334         67    216      97   83.422283  -13.577717
13335         67    217      96   87.134960   -8.865040
13336         67    218      95   82.221104  -12.778896
13337         67    219      94   79.657226  -14.342774
13338         67    220      93   86.600221   -6.399779
13339         67    221      92   79.902036  -12.097964
13340         67    222      91   85.785191   -5.214809
13341         67    223      90   81.652751   -8.347249
13342         67    224      89   79.899777   -9.100223
13343         67    225      88   82.841243   -5.158757
13344         67    226      87   82.353386   -4.646614
13345         67    227      86   84.667422   -1.332578
13346         67    228      85   80.668503   -4.331497
13347         67    229      84   82.066307   -1.933693
13348         67    230      83   79.717963   -3.282037
13349         67    231      82   84.996366    2.996366
13350         67    232      81   80.746333   -0.253667
13351         67    233      80   83.296437    3.296437
13352         67    234      79   81.538701    2.538701
13353         67    235      78   77.598113   -0.401887
13354         67    236      77   76.258959   -0.741041
13355         67    237      76   77.175195    1.175195
13356         67    238      75   75.142167    0.142167
13357         67    239      74   70.255617   -3.744383
13358         67    240      73   73.915185    0.915185
13359         67    241      72   68.661425   -3.338575
13360         67    242      71   63.047815   -7.952185
13361         67    243      70   70.496080    0.496080
13362         67    244      69   73.650997    4.650997
13363         67    245      68   68.430667    0.430667
13364         67    246      67   70.594316    3.594316
13365         67    247      66   65.087739   -0.912261
13366         67    248      65   66.940244    1.940244
13367         67    249      64   65.039182    1.039182
13368         67    250      63   66.640061    3.640061
13369         67    251      62   65.319728    3.319728
13370         67    252      61   71.211886   10.211886
13371         67    253      60   64.930891    4.930891
13372         67    254      59   60.116658    1.116658
13373         67    255      58   62.867858    4.867858
13374         67    256      57   62.027740    5.027740
13375         67    257      56   65.920015    9.920015
13376         67    258      55   60.383914    5.383914
13377         67    259      54   62.998899    8.998899
13378         67    260      53   62.105779    9.105779
13379         67    261      52   59.489542    7.489542
13380         67    262      51   58.886599    7.886599
13381         67    263      50   54.513479    4.513479
13382         67    264      49   53.437693    4.437693
13383         67    265      48   60.458823   12.458823
13384         67    266      47   59.854882   12.854882
13385         67    267      46   56.426450   10.426450
13386         67    268      45   54.858194    9.858194
13387         67    269      44   59.825726   15.825726
13388         67    270      43   62.874786   19.874786
13389         67    271      42   60.554517   18.554517
13390         67    272      41   60.907121   19.907121
13391         67    273      40   56.027433   16.027433
13392         67    274      39   58.515069   19.515069
13393         67    275      38   56.035119   18.035119
13394         67    276      37   55.814594   18.814594
13395         67    277      36   55.800266   19.800266
13396         67    278      35   59.431143   24.431143
13397         67    279      34   58.447020   24.447020
13398         67    280      33   52.900282   19.900282
13399         67    281      32   53.538328   21.538328
13400         67    282      31   58.102115   27.102115
13401         67    283      30   51.249927   21.249927
13402         67    284      29   53.682195   24.682195
13403         67    285      28   54.423840   26.423840
13404         67    286      27   51.749222   24.749222
13405         67    287      26   54.252752   28.252752
13406         67    288      25   51.592477   26.592477
13407         67    289      24   52.636890   28.636890
13408         67    290      23   54.572651   31.572651
13409         67    291      22   54.241635   32.241635
13410         67    292      21   59.104938   38.104938
13411         67    293      20   54.285501   34.285501
13412         67    294      19   50.887353   31.887353
13413         67    295      18   55.064765   37.064765
13414         67    296      17   57.683191   40.683191
13415         67    297      16   49.834304   33.834304
13416         67    298      15   53.474247   38.474247
13417         67    299      14   51.537377   37.537377
13418         67    300      13   49.384992   36.384992
13419         67    301      12   54.573106   42.573106
13420         67    302      11   54.633327   43.633327
13421         67    303      10   55.102439   45.102439
13422         67    304       9   52.210610   43.210610
13423         67    305       8   54.428921   46.428921
13424         67    306       7   54.476512   47.476512
13425         67    307       6   53.486704   47.486704
13426         67    308       5   53.730942   48.730942
13427         67    309       4   52.213103   48.213103
13428         67    310       3   53.724832   50.724832
13429         67    311       2   51.588958   49.588958
13430         67    312       1   54.030267   53.030267
13431         67    313       0   53.043524   53.043524
13432         68      1     198  210.311482   12.311482
13433         68      2     197  193.020929   -3.979071
13434         68      3     196  188.364297   -7.635703
13435         68      4     195  193.631519   -1.368481
13436         68      5     194  192.327768   -1.672232
13437         68      6     193  194.672382    1.672382
13438         68      7     192  190.794072   -1.205928
13439         68      8     191  194.917859    3.917859
13440         68      9     190  188.262506   -1.737494
13441         68     10     189  188.189285   -0.810715
13442         68     11     188  186.589084   -1.410916
13443         68     12     187  184.972865   -2.027135
13444         68     13     186  185.440359   -0.559641
13445         68     14     185  182.534386   -2.465614
13446         68     15     184  176.533527   -7.466473
13447         68     16     183  179.438660   -3.561340
13448         68     17     182  176.625973   -5.374027
13449         68     18     181  179.688828   -1.311172
13450         68     19     180  172.176851   -7.823149
13451         68     20     179  170.981533   -8.018467
13452         68     21     178  168.582138   -9.417862
13453         68     22     177  168.255504   -8.744496
13454         68     23     176  161.652147  -14.347853
13455         68     24     175  163.066962  -11.933038
13456         68     25     174  159.875055  -14.124945
13457         68     26     173  157.017901  -15.982099
13458         68     27     172  160.241903  -11.758097
13459         68     28     171  162.572820   -8.427180
13460         68     29     170  159.065122  -10.934878
13461         68     30     169  154.611715  -14.388285
13462         68     31     168  158.641340   -9.358660
13463         68     32     167  158.815511   -8.184489
13464         68     33     166  161.257729   -4.742271
13465         68     34     165  155.147124   -9.852876
13466         68     35     164  152.607683  -11.392317
13467         68     36     163  151.656936  -11.343064
13468         68     37     162  150.358526  -11.641474
13469         68     38     161  153.113351   -7.886649
13470         68     39     160  154.852815   -5.147185
13471         68     40     159  148.440824  -10.559176
13472         68     41     158  145.023529  -12.976471
13473         68     42     157  146.407310  -10.592690
13474         68     43     156  148.276841   -7.723159
13475         68     44     155  139.871564  -15.128436
13476         68     45     154  142.115631  -11.884369
13477         68     46     153  139.460175  -13.539825
13478         68     47     152  142.862653   -9.137347
13479         68     48     151  148.210032   -2.789968
13480         68     49     150  141.001315   -8.998685
13481         68     50     149  146.158293   -2.841707
13482         68     51     148  140.894064   -7.105936
13483         68     52     147  145.230003   -1.769997
13484         68     53     146  143.898718   -2.101282
13485         68     54     145  133.861090  -11.138910
13486         68     55     144  138.566588   -5.433412
13487         68     56     143  135.410370   -7.589630
13488         68     57     142  135.411052   -6.588948
13489         68     58     141  137.181876   -3.818124
13490         68     59     140  134.698889   -5.301111
13491         68     60     139  133.075825   -5.924175
13492         68     61     138  139.791200    1.791200
13493         68     62     137  132.884191   -4.115809
13494         68     63     136  127.997374   -8.002626
13495         68     64     135  134.465714   -0.534286
13496         68     65     134  133.658990   -0.341010
13497         68     66     133  128.960947   -4.039053
13498         68     67     132  130.440715   -1.559285
13499         68     68     131  124.545629   -6.454371
13500         68     69     130  128.762370   -1.237630
13501         68     70     129  132.537657    3.537657
13502         68     71     128  125.590210   -2.409790
13503         68     72     127  128.557262    1.557262
13504         68     73     126  124.193246   -1.806754
13505         68     74     125  123.407890   -1.592110
13506         68     75     124  120.549469   -3.450531
13507         68     76     123  120.147686   -2.852314
13508         68     77     122  126.473480    4.473480
13509         68     78     121  129.048695    8.048695
13510         68     79     120  126.333495    6.333495
13511         68     80     119  128.147274    9.147274
13512         68     81     118  124.688270    6.688270
13513         68     82     117  124.883995    7.883995
13514         68     83     116  124.850855    8.850855
13515         68     84     115  117.985073    2.985073
13516         68     85     114  116.773502    2.773502
13517         68     86     113  116.172286    3.172286
13518         68     87     112  112.687324    0.687324
13519         68     88     111  112.349987    1.349987
13520         68     89     110  113.987629    3.987629
13521         68     90     109  110.900069    1.900069
13522         68     91     108  106.927046   -1.072954
13523         68     92     107  100.908819   -6.091181
13524         68     93     106  111.050284    5.050284
13525         68     94     105  108.945277    3.945277
13526         68     95     104  105.612032    1.612032
13527         68     96     103  111.056630    8.056630
13528         68     97     102  110.178962    8.178962
13529         68     98     101  109.048876    8.048876
13530         68     99     100  111.722872   11.722872
13531         68    100      99  111.724450   12.724450
13532         68    101      98  108.709139   10.709139
13533         68    102      97  103.405508    6.405508
13534         68    103      96  106.686536   10.686536
13535         68    104      95  103.334164    8.334164
13536         68    105      94  106.350640   12.350640
13537         68    106      93  103.809153   10.809153
13538         68    107      92  104.997020   12.997020
13539         68    108      91  101.920948   10.920948
13540         68    109      90   99.922642    9.922642
13541         68    110      89   96.601010    7.601010
13542         68    111      88   95.442876    7.442876
13543         68    112      87   97.496632   10.496632
13544         68    113      86   94.644192    8.644192
13545         68    114      85   89.784903    4.784903
13546         68    115      84   87.905398    3.905398
13547         68    116      83   88.170191    5.170191
13548         68    117      82   91.169003    9.169003
13549         68    118      81   88.210574    7.210574
13550         68    119      80   87.753979    7.753979
13551         68    120      79   86.789253    7.789253
13552         68    121      78   87.368051    9.368051
13553         68    122      77   85.528257    8.528257
13554         68    123      76   87.317037   11.317037
13555         68    124      75   76.981249    1.981249
13556         68    125      74   77.136405    3.136405
13557         68    126      73   79.362491    6.362491
13558         68    127      72   74.243163    2.243163
13559         68    128      71   73.546586    2.546586
13560         68    129      70   70.528199    0.528199
13561         68    130      69   79.588918   10.588918
13562         68    131      68   72.625402    4.625402
13563         68    132      67   77.350058   10.350058
13564         68    133      66   80.479812   14.479812
13565         68    134      65   76.604088   11.604088
13566         68    135      64   73.581971    9.581971
13567         68    136      63   72.151813    9.151813
13568         68    137      62   71.602411    9.602411
13569         68    138      61   68.396083    7.396083
13570         68    139      60   70.361195   10.361195
13571         68    140      59   67.528948    8.528948
13572         68    141      58   68.895565   10.895565
13573         68    142      57   68.356659   11.356659
13574         68    143      56   59.778234    3.778234
13575         68    144      55   63.239337    8.239337
13576         68    145      54   65.817055   11.817055
13577         68    146      53   54.664993    1.664993
13578         68    147      52   60.323221    8.323221
13579         68    148      51   57.559309    6.559309
13580         68    149      50   59.257946    9.257946
13581         68    150      49   49.654600    0.654600
13582         68    151      48   51.404777    3.404777
13583         68    152      47   53.185817    6.185817
13584         68    153      46   56.634823   10.634823
13585         68    154      45   51.436811    6.436811
13586         68    155      44   54.900044   10.900044
13587         68    156      43   47.026252    4.026252
13588         68    157      42   50.101590    8.101590
13589         68    158      41   46.787583    5.787583
13590         68    159      40   49.352480    9.352480
13591         68    160      39   42.968509    3.968509
13592         68    161      38   44.698339    6.698339
13593         68    162      37   37.333837    0.333837
13594         68    163      36   32.043019   -3.956981
13595         68    164      35   39.266189    4.266189
13596         68    165      34   37.275466    3.275466
13597         68    166      33   34.200963    1.200963
13598         68    167      32   33.655662    1.655662
13599         68    168      31   34.040205    3.040205
13600         68    169      30   33.592644    3.592644
13601         68    170      29   33.323870    4.323870
13602         68    171      28   34.082136    6.082136
13603         68    172      27   35.429630    8.429630
13604         68    173      26   33.692522    7.692522
13605         68    174      25   33.160766    8.160766
13606         68    175      24   29.479141    5.479141
13607         68    176      23   27.933271    4.933271
13608         68    177      22   30.356218    8.356218
13609         68    178      21   26.793885    5.793885
13610         68    179      20   24.973847    4.973847
13611         68    180      19   21.947042    2.947042
13612         68    181      18   15.987794   -2.012206
13613         68    182      17   13.350400   -3.649600
13614         68    183      16   14.550088   -1.449912
13615         68    184      15   11.473926   -3.526074
13616         68    185      14    9.646649   -4.353351
13617         68    186      13   10.172033   -2.827967
13618         68    187      12    8.852388   -3.147612
13619         68    188      11    6.175280   -4.824720
13620         68    189      10    6.250060   -3.749940
13621         68    190       9    1.588343   -7.411657
13622         68    191       8    1.341853   -6.658147
13623         68    192       7   -1.177803   -8.177803
13624         68    193       6   -1.960329   -7.960329
13625         68    194       5   -2.839975   -7.839975
13626         68    195       4   -9.350293  -13.350293
13627         68    196       3   -5.230024   -8.230024
13628         68    197       2  -12.986098  -14.986098
13629         68    198       1  -12.849138  -13.849138
13630         68    199       0  -14.461555  -14.461555
13631         69      1     361  222.125751 -138.874249
13632         69      2     360  227.537330 -132.462670
13633         69      3     359  212.787161 -146.212839
13634         69      4     358  208.535091 -149.464909
13635         69      5     357  207.296482 -149.703518
13636         69      6     356  207.271593 -148.728407
13637         69      7     355  206.017588 -148.982412
13638         69      8     354  203.379968 -150.620032
13639         69      9     353  193.656907 -159.343093
13640         69     10     352  191.228745 -160.771255
13641         69     11     351  189.681454 -161.318546
13642         69     12     350  183.526059 -166.473941
13643         69     13     349  188.159881 -160.840119
13644         69     14     348  182.641813 -165.358187
13645         69     15     347  180.027914 -166.972086
13646         69     16     346  179.084559 -166.915441
13647         69     17     345  185.070963 -159.929037
13648         69     18     344  180.602941 -163.397059
13649         69     19     343  177.722611 -165.277389
13650         69     20     342  179.563391 -162.436609
13651         69     21     341  175.538747 -165.461253
13652         69     22     340  179.119517 -160.880483
13653         69     23     339  176.612622 -162.387378
13654         69     24     338  176.488902 -161.511098
13655         69     25     337  175.927261 -161.072739
13656         69     26     336  171.593389 -164.406611
13657         69     27     335  179.648662 -155.351338
13658         69     28     334  183.016793 -150.983207
13659         69     29     333  175.715082 -157.284918
13660         69     30     332  173.266496 -158.733504
13661         69     31     331  172.185909 -158.814091
13662         69     32     330  172.807874 -157.192126
13663         69     33     329  173.492412 -155.507588
13664         69     34     328  156.588928 -171.411072
13665         69     35     327  162.746860 -164.253140
13666         69     36     326  167.549411 -158.450589
13667         69     37     325  164.554056 -160.445944
13668         69     38     324  164.663280 -159.336720
13669         69     39     323  160.887327 -162.112673
13670         69     40     322  169.067507 -152.932493
13671         69     41     321  169.275293 -151.724707
13672         69     42     320  163.628708 -156.371292
13673         69     43     319  155.219696 -163.780304
13674         69     44     318  158.711095 -159.288905
13675         69     45     317  156.198522 -160.801478
13676         69     46     316  161.731938 -154.268062
13677         69     47     315  165.654205 -149.345795
13678         69     48     314  161.675586 -152.324414
13679         69     49     313  161.998155 -151.001845
13680         69     50     312  156.207912 -155.792088
13681         69     51     311  150.000108 -160.999892
13682         69     52     310  148.776762 -161.223238
13683         69     53     309  150.394383 -158.605617
13684         69     54     308  149.582071 -158.417929
13685         69     55     307  149.725780 -157.274220
13686         69     56     306  152.629630 -153.370370
13687         69     57     305  140.527772 -164.472228
13688         69     58     304  150.494729 -153.505271
13689         69     59     303  147.933665 -155.066335
13690         69     60     302  145.186042 -156.813958
13691         69     61     301  140.944275 -160.055725
13692         69     62     300  140.201161 -159.798839
13693         69     63     299  144.215361 -154.784639
13694         69     64     298  145.818585 -152.181415
13695         69     65     297  146.630114 -150.369886
13696         69     66     296  144.147221 -151.852779
13697         69     67     295  144.608133 -150.391867
13698         69     68     294  142.378734 -151.621266
13699         69     69     293  144.969099 -148.030901
13700         69     70     292  137.122979 -154.877021
13701         69     71     291  153.611697 -137.388303
13702         69     72     290  154.302990 -135.697010
13703         69     73     289  152.796829 -136.203171
13704         69     74     288  147.059595 -140.940405
13705         69     75     287  151.306154 -135.693846
13706         69     76     286  151.483911 -134.516089
13707         69     77     285  151.946141 -133.053859
13708         69     78     284  152.611573 -131.388427
13709         69     79     283  151.989374 -131.010626
13710         69     80     282  150.435478 -131.564522
13711         69     81     281  152.731631 -128.268369
13712         69     82     280  151.720887 -128.279113
13713         69     83     279  151.324654 -127.675346
13714         69     84     278  149.604567 -128.395433
13715         69     85     277  147.050620 -129.949380
13716         69     86     276  149.427240 -126.572760
13717         69     87     275  148.640511 -126.359489
13718         69     88     274  153.857536 -120.142464
13719         69     89     273  142.369667 -130.630333
13720         69     90     272  146.622992 -125.377008
13721         69     91     271  142.113921 -128.886079
13722         69     92     270  139.621332 -130.378668
13723         69     93     269  135.261007 -133.738993
13724         69     94     268  144.714861 -123.285139
13725         69     95     267  135.076094 -131.923906
13726         69     96     266  136.139228 -129.860772
13727         69     97     265  143.571277 -121.428723
13728         69     98     264  134.414199 -129.585801
13729         69     99     263  145.289711 -117.710289
13730         69    100     262  137.281501 -124.718499
13731         69    101     261  139.803461 -121.196539
13732         69    102     260  135.964218 -124.035782
13733         69    103     259  132.650914 -126.349086
13734         69    104     258  133.785967 -124.214033
13735         69    105     257  134.636580 -122.363420
13736         69    106     256  133.788810 -122.211190
13737         69    107     255  136.736485 -118.263515
13738         69    108     254  133.372960 -120.627040
13739         69    109     253  137.477511 -115.522489
13740         69    110     252  136.083111 -115.916889
13741         69    111     251  139.025289 -111.974711
13742         69    112     250  133.060069 -116.939931
13743         69    113     249  137.770489 -111.229511
13744         69    114     248  136.315320 -111.684680
13745         69    115     247  134.112364 -112.887636
13746         69    116     246  139.050488 -106.949512
13747         69    117     245  139.476711 -105.523289
13748         69    118     244  140.541584 -103.458416
13749         69    119     243  135.916462 -107.083538
13750         69    120     242  136.358934 -105.641066
13751         69    121     241  136.648716 -104.351284
13752         69    122     240  142.731615  -97.268385
13753         69    123     239  136.657965 -102.342035
13754         69    124     238  133.590401 -104.409599
13755         69    125     237  130.710782 -106.289218
13756         69    126     236  123.107053 -112.892947
13757         69    127     235  130.105064 -104.894936
13758         69    128     234  130.104601 -103.895399
13759         69    129     233  124.464145 -108.535855
13760         69    130     232  123.778054 -108.221946
13761         69    131     231  124.663415 -106.336585
13762         69    132     230  131.561015  -98.438985
13763         69    133     229  125.166149 -103.833851
13764         69    134     228  130.375585  -97.624415
13765         69    135     227  129.594148  -97.405852
13766         69    136     226  127.435413  -98.564587
13767         69    137     225  127.126167  -97.873833
13768         69    138     224  129.930912  -94.069088
13769         69    139     223  130.866382  -92.133618
13770         69    140     222  120.207621 -101.792379
13771         69    141     221  122.360922  -98.639078
13772         69    142     220  123.400624  -96.599376
13773         69    143     219  126.312644  -92.687356
13774         69    144     218  123.511868  -94.488132
13775         69    145     217  127.445873  -89.554127
13776         69    146     216  126.405935  -89.594065
13777         69    147     215  126.986493  -88.013507
13778         69    148     214  127.421277  -86.578723
13779         69    149     213  115.262425  -97.737575
13780         69    150     212  113.912152  -98.087848
13781         69    151     211  118.782496  -92.217504
13782         69    152     210  113.566316  -96.433684
13783         69    153     209  116.377930  -92.622070
13784         69    154     208  122.764729  -85.235271
13785         69    155     207  120.955649  -86.044351
13786         69    156     206  119.921012  -86.078988
13787         69    157     205  115.845852  -89.154148
13788         69    158     204  118.725631  -85.274369
13789         69    159     203  113.861982  -89.138018
13790         69    160     202  114.385729  -87.614271
13791         69    161     201  115.863558  -85.136442
13792         69    162     200  111.111167  -88.888833
13793         69    163     199  112.428326  -86.571674
13794         69    164     198  111.374215  -86.625785
13795         69    165     197  110.235229  -86.764771
13796         69    166     196  113.552278  -82.447722
13797         69    167     195  113.630707  -81.369293
13798         69    168     194  115.144759  -78.855241
13799         69    169     193  113.329419  -79.670581
13800         69    170     192  118.298607  -73.701393
13801         69    171     191  110.092177  -80.907823
13802         69    172     190  111.104951  -78.895049
13803         69    173     189  113.224278  -75.775722
13804         69    174     188  116.671217  -71.328783
13805         69    175     187  123.283726  -63.716274
13806         69    176     186  115.099611  -70.900389
13807         69    177     185  122.224543  -62.775457
13808         69    178     184  117.783015  -66.216985
13809         69    179     183  115.032006  -67.967994
13810         69    180     182  114.932870  -67.067130
13811         69    181     181  111.203182  -69.796818
13812         69    182     180  113.305682  -66.694318
13813         69    183     179  111.740504  -67.259496
13814         69    184     178  112.250018  -65.749982
13815         69    185     177  111.705558  -65.294442
13816         69    186     176  112.598792  -63.401208
13817         69    187     175  107.068858  -67.931142
13818         69    188     174  108.829405  -65.170595
13819         69    189     173  109.020983  -63.979017
13820         69    190     172  110.936465  -61.063535
13821         69    191     171  104.117567  -66.882433
13822         69    192     170  104.947415  -65.052585
13823         69    193     169  105.009719  -63.990281
13824         69    194     168  103.934368  -64.065632
13825         69    195     167  108.024204  -58.975796
13826         69    196     166  106.589266  -59.410734
13827         69    197     165  104.227382  -60.772618
13828         69    198     164   96.722533  -67.277467
13829         69    199     163   98.920603  -64.079397
13830         69    200     162   96.447945  -65.552055
13831         69    201     161   95.367319  -65.632681
13832         69    202     160  100.854860  -59.145140
13833         69    203     159  100.002831  -58.997169
13834         69    204     158  101.789977  -56.210023
13835         69    205     157  102.529341  -54.470659
13836         69    206     156  108.766185  -47.233815
13837         69    207     155  106.632443  -48.367557
13838         69    208     154  100.674657  -53.325343
13839         69    209     153  102.198354  -50.801646
13840         69    210     152  104.993819  -47.006181
13841         69    211     151  104.252107  -46.747893
13842         69    212     150  106.404712  -43.595288
13843         69    213     149  114.063062  -34.936938
13844         69    214     148  109.888938  -38.111062
13845         69    215     147  108.069848  -38.930152
13846         69    216     146  112.155997  -33.844003
13847         69    217     145  109.769372  -35.230628
13848         69    218     144  112.296576  -31.703424
13849         69    219     143  108.901106  -34.098894
13850         69    220     142  106.537243  -35.462757
13851         69    221     141  109.099931  -31.900069
13852         69    222     140  107.722833  -32.277167
13853         69    223     139  103.289532  -35.710468
13854         69    224     138  110.986066  -27.013934
13855         69    225     137  108.162926  -28.837074
13856         69    226     136  106.794762  -29.205238
13857         69    227     135  106.895233  -28.104767
13858         69    228     134  111.698688  -22.301312
13859         69    229     133  105.369049  -27.630951
13860         69    230     132  113.868735  -18.131265
13861         69    231     131  104.426393  -26.573607
13862         69    232     130  103.643868  -26.356132
13863         69    233     129  100.595596  -28.404404
13864         69    234     128  100.218514  -27.781486
13865         69    235     127   95.707567  -31.292433
13866         69    236     126  102.555840  -23.444160
13867         69    237     125   96.255660  -28.744340
13868         69    238     124  100.910535  -23.089465
13869         69    239     123   96.288474  -26.711526
13870         69    240     122   91.886929  -30.113071
13871         69    241     121   92.074594  -28.925406
13872         69    242     120   93.357201  -26.642799
13873         69    243     119   92.871761  -26.128239
13874         69    244     118   98.086488  -19.913512
13875         69    245     117   94.426546  -22.573454
13876         69    246     116   89.189527  -26.810473
13877         69    247     115   92.340695  -22.659305
13878         69    248     114   95.867853  -18.132147
13879         69    249     113   94.780933  -18.219067
13880         69    250     112   94.222062  -17.777938
13881         69    251     111   94.250939  -16.749061
13882         69    252     110   95.052796  -14.947204
13883         69    253     109   89.600606  -19.399394
13884         69    254     108   89.786728  -18.213272
13885         69    255     107   92.045516  -14.954484
13886         69    256     106   90.318634  -15.681366
13887         69    257     105   86.037059  -18.962941
13888         69    258     104   87.376746  -16.623254
13889         69    259     103   83.090091  -19.909909
13890         69    260     102   94.159268   -7.840732
13891         69    261     101   86.781603  -14.218397
13892         69    262     100   87.593857  -12.406143
13893         69    263      99   87.557338  -11.442662
13894         69    264      98   82.435354  -15.564646
13895         69    265      97   83.981455  -13.018545
13896         69    266      96   85.213124  -10.786876
13897         69    267      95   79.519396  -15.480604
13898         69    268      94   82.783142  -11.216858
13899         69    269      93   80.910466  -12.089534
13900         69    270      92   75.459781  -16.540219
13901         69    271      91   78.539559  -12.460441
13902         69    272      90   77.231282  -12.768718
13903         69    273      89   79.055416   -9.944584
13904         69    274      88   77.497075  -10.502925
13905         69    275      87   78.150482   -8.849518
13906         69    276      86   79.740492   -6.259508
13907         69    277      85   78.716374   -6.283626
13908         69    278      84   76.274090   -7.725910
13909         69    279      83   75.125409   -7.874591
13910         69    280      82   72.969764   -9.030236
13911         69    281      81   72.970482   -8.029518
13912         69    282      80   75.504095   -4.495905
13913         69    283      79   73.752666   -5.247334
13914         69    284      78   71.614063   -6.385937
13915         69    285      77   72.526263   -4.473737
13916         69    286      76   71.819311   -4.180689
13917         69    287      75   70.889965   -4.110035
13918         69    288      74   65.844385   -8.155615
13919         69    289      73   70.262254   -2.737746
13920         69    290      72   72.450083    0.450083
13921         69    291      71   66.391036   -4.608964
13922         69    292      70   65.802490   -4.197510
13923         69    293      69   70.980182    1.980182
13924         69    294      68   64.389127   -3.610873
13925         69    295      67   66.335095   -0.664905
13926         69    296      66   69.211392    3.211392
13927         69    297      65   70.069819    5.069819
13928         69    298      64   65.625994    1.625994
13929         69    299      63   64.555128    1.555128
13930         69    300      62   68.872349    6.872349
13931         69    301      61   69.147426    8.147426
13932         69    302      60   68.231305    8.231305
13933         69    303      59   69.631569   10.631569
13934         69    304      58   68.921736   10.921736
13935         69    305      57   70.032334   13.032334
13936         69    306      56   65.619641    9.619641
13937         69    307      55   71.472551   16.472551
13938         69    308      54   72.398347   18.398347
13939         69    309      53   70.196239   17.196239
13940         69    310      52   69.286732   17.286732
13941         69    311      51   72.464820   21.464820
13942         69    312      50   65.740638   15.740638
13943         69    313      49   69.383781   20.383781
13944         69    314      48   69.754039   21.754039
13945         69    315      47   66.097625   19.097625
13946         69    316      46   68.966116   22.966116
13947         69    317      45   70.064510   25.064510
13948         69    318      44   71.226389   27.226389
13949         69    319      43   69.585065   26.585065
13950         69    320      42   69.811221   27.811221
13951         69    321      41   71.393904   30.393904
13952         69    322      40   66.413149   26.413149
13953         69    323      39   68.529945   29.529945
13954         69    324      38   69.225304   31.225304
13955         69    325      37   74.860604   37.860604
13956         69    326      36   70.747816   34.747816
13957         69    327      35   72.119570   37.119570
13958         69    328      34   75.316819   41.316819
13959         69    329      33   74.025556   41.025556
13960         69    330      32   75.585662   43.585662
13961         69    331      31   75.250871   44.250871
13962         69    332      30   72.404042   42.404042
13963         69    333      29   75.861347   46.861347
13964         69    334      28   74.283758   46.283758
13965         69    335      27   78.950260   51.950260
13966         69    336      26   74.650098   48.650098
13967         69    337      25   75.732042   50.732042
13968         69    338      24   72.400698   48.400698
13969         69    339      23   72.685010   49.685010
13970         69    340      22   68.569591   46.569591
13971         69    341      21   68.381765   47.381765
13972         69    342      20   70.438358   50.438358
13973         69    343      19   71.299673   52.299673
13974         69    344      18   68.954832   50.954832
13975         69    345      17   70.175838   53.175838
13976         69    346      16   72.563377   56.563377
13977         69    347      15   73.896253   58.896253
13978         69    348      14   71.487584   57.487584
13979         69    349      13   75.789675   62.789675
13980         69    350      12   72.550566   60.550566
13981         69    351      11   76.032200   65.032200
13982         69    352      10   75.364513   65.364513
13983         69    353       9   78.353604   69.353604
13984         69    354       8   74.318986   66.318986
13985         69    355       7   72.938849   65.938849
13986         69    356       6   74.427864   68.427864
13987         69    357       5   70.577292   65.577292
13988         69    358       4   76.018216   72.018216
13989         69    359       3   74.180131   71.180131
13990         69    360       2   70.468345   68.468345
13991         69    361       1   72.534861   71.534861
13992         69    362       0   68.127792   68.127792
13993         70      1     136  209.880499   73.880499
13994         70      2     135  194.376957   59.376957
13995         70      3     134  191.759931   57.759931
13996         70      4     133  192.385605   59.385605
13997         70      5     132  195.929362   63.929362
13998         70      6     131  191.295317   60.295317
13999         70      7     130  187.615245   57.615245
14000         70      8     129  187.234440   58.234440
14001         70      9     128  178.506757   50.506757
14002         70     10     127  187.202045   60.202045
14003         70     11     126  179.783941   53.783941
14004         70     12     125  176.665259   51.665259
14005         70     13     124  174.662061   50.662061
14006         70     14     123  176.853432   53.853432
14007         70     15     122  176.513391   54.513391
14008         70     16     121  177.990123   56.990123
14009         70     17     120  171.717644   51.717644
14010         70     18     119  177.757614   58.757614
14011         70     19     118  175.306001   57.306001
14012         70     20     117  183.610256   66.610256
14013         70     21     116  177.988553   61.988553
14014         70     22     115  174.137927   59.137927
14015         70     23     114  169.221734   55.221734
14016         70     24     113  170.989730   57.989730
14017         70     25     112  168.331353   56.331353
14018         70     26     111  164.424420   53.424420
14019         70     27     110  168.351316   58.351316
14020         70     28     109  159.099333   50.099333
14021         70     29     108  164.159361   56.159361
14022         70     30     107  161.404093   54.404093
14023         70     31     106  163.444056   57.444056
14024         70     32     105  155.069231   50.069231
14025         70     33     104  156.664522   52.664522
14026         70     34     103  156.139962   53.139962
14027         70     35     102  150.578539   48.578539
14028         70     36     101  152.965613   51.965613
14029         70     37     100  150.236071   50.236071
14030         70     38      99  146.530620   47.530620
14031         70     39      98  144.645059   46.645059
14032         70     40      97  151.987287   54.987287
14033         70     41      96  151.433105   55.433105
14034         70     42      95  151.700990   56.700990
14035         70     43      94  150.841833   56.841833
14036         70     44      93  152.561904   59.561904
14037         70     45      92  148.973082   56.973082
14038         70     46      91  148.027593   57.027593
14039         70     47      90  139.885680   49.885680
14040         70     48      89  145.274945   56.274945
14041         70     49      88  142.163120   54.163120
14042         70     50      87  143.597921   56.597921
14043         70     51      86  141.022277   55.022277
14044         70     52      85  135.878754   50.878754
14045         70     53      84  137.459293   53.459293
14046         70     54      83  134.282734   51.282734
14047         70     55      82  139.886868   57.886868
14048         70     56      81  131.302438   50.302438
14049         70     57      80  131.265727   51.265727
14050         70     58      79  121.681494   42.681494
14051         70     59      78  131.377036   53.377036
14052         70     60      77  128.046128   51.046128
14053         70     61      76  136.778783   60.778783
14054         70     62      75  132.293155   57.293155
14055         70     63      74  132.783814   58.783814
14056         70     64      73  127.894929   54.894929
14057         70     65      72  134.788189   62.788189
14058         70     66      71  131.456508   60.456508
14059         70     67      70  134.322871   64.322871
14060         70     68      69  128.065577   59.065577
14061         70     69      68  131.736493   63.736493
14062         70     70      67  123.427543   56.427543
14063         70     71      66  126.825710   60.825710
14064         70     72      65  122.267089   57.267089
14065         70     73      64  121.224950   57.224950
14066         70     74      63  124.418737   61.418737
14067         70     75      62  121.250725   59.250725
14068         70     76      61  121.531605   60.531605
14069         70     77      60  121.904687   61.904687
14070         70     78      59  118.840963   59.840963
14071         70     79      58  119.856781   61.856781
14072         70     80      57  115.297940   58.297940
14073         70     81      56  111.325501   55.325501
14074         70     82      55  108.022903   53.022903
14075         70     83      54  111.874394   57.874394
14076         70     84      53  109.299025   56.299025
14077         70     85      52  110.900018   58.900018
14078         70     86      51  112.888279   61.888279
14079         70     87      50  104.754956   54.754956
14080         70     88      49  102.455275   53.455275
14081         70     89      48  108.164847   60.164847
14082         70     90      47  101.695620   54.695620
14083         70     91      46  103.762966   57.762966
14084         70     92      45   97.786388   52.786388
14085         70     93      44   95.055976   51.055976
14086         70     94      43   94.951551   51.951551
14087         70     95      42   95.268460   53.268460
14088         70     96      41   88.784219   47.784219
14089         70     97      40   85.146583   45.146583
14090         70     98      39   79.549180   40.549180
14091         70     99      38   81.999056   43.999056
14092         70    100      37   77.876142   40.876142
14093         70    101      36   72.371545   36.371545
14094         70    102      35   74.591002   39.591002
14095         70    103      34   68.230677   34.230677
14096         70    104      33   67.701811   34.701811
14097         70    105      32   68.042274   36.042274
14098         70    106      31   70.073415   39.073415
14099         70    107      30   62.932817   32.932817
14100         70    108      29   57.583107   28.583107
14101         70    109      28   58.839541   30.839541
14102         70    110      27   51.794202   24.794202
14103         70    111      26   54.462062   28.462062
14104         70    112      25   47.423360   22.423360
14105         70    113      24   46.765648   22.765648
14106         70    114      23   42.655834   19.655834
14107         70    115      22   37.315650   15.315650
14108         70    116      21   39.140801   18.140801
14109         70    117      20   33.434098   13.434098
14110         70    118      19   36.747557   17.747557
14111         70    119      18   33.860630   15.860630
14112         70    120      17   27.781002   10.781002
14113         70    121      16   23.370993    7.370993
14114         70    122      15   22.760605    7.760605
14115         70    123      14   17.964770    3.964770
14116         70    124      13   17.711839    4.711839
14117         70    125      12   15.046288    3.046288
14118         70    126      11   11.981907    0.981907
14119         70    127      10    9.376767   -0.623233
14120         70    128       9    6.418362   -2.581638
14121         70    129       8    0.418792   -7.581208
14122         70    130       7   -2.700632   -9.700632
14123         70    131       6   -3.570022   -9.570022
14124         70    132       5   -9.786616  -14.786616
14125         70    133       4  -10.201093  -14.201093
14126         70    134       3  -13.348180  -16.348180
14127         70    135       2  -13.734044  -15.734044
14128         70    136       1  -16.946296  -17.946296
14129         70    137       0  -16.119055  -16.119055
14130         71      1     207  199.784130   -7.215870
14131         71      2     206  185.467509  -20.532491
14132         71      3     205  190.265271  -14.734729
14133         71      4     204  183.993711  -20.006289
14134         71      5     203  190.796905  -12.203095
14135         71      6     202  187.022843  -14.977157
14136         71      7     201  192.596274   -8.403726
14137         71      8     200  183.865169  -16.134831
14138         71      9     199  191.231338   -7.768662
14139         71     10     198  183.290373  -14.709627
14140         71     11     197  180.247481  -16.752519
14141         71     12     196  176.481081  -19.518919
14142         71     13     195  179.805223  -15.194777
14143         71     14     194  175.493802  -18.506198
14144         71     15     193  169.552255  -23.447745
14145         71     16     192  175.823387  -16.176613
14146         71     17     191  163.667572  -27.332428
14147         71     18     190  165.338578  -24.661422
14148         71     19     189  174.399589  -14.600411
14149         71     20     188  174.126173  -13.873827
14150         71     21     187  170.354451  -16.645549
14151         71     22     186  167.704830  -18.295170
14152         71     23     185  165.595968  -19.404032
14153         71     24     184  162.797062  -21.202938
14154         71     25     183  161.999071  -21.000929
14155         71     26     182  164.283239  -17.716761
14156         71     27     181  161.214982  -19.785018
14157         71     28     180  158.221513  -21.778487
14158         71     29     179  158.058476  -20.941524
14159         71     30     178  162.625257  -15.374743
14160         71     31     177  154.130951  -22.869049
14161         71     32     176  151.429746  -24.570254
14162         71     33     175  151.667082  -23.332918
14163         71     34     174  151.352215  -22.647785
14164         71     35     173  152.007608  -20.992392
14165         71     36     172  145.994990  -26.005010
14166         71     37     171  145.230246  -25.769754
14167         71     38     170  145.251935  -24.748065
14168         71     39     169  144.705659  -24.294341
14169         71     40     168  143.167187  -24.832813
14170         71     41     167  140.221598  -26.778402
14171         71     42     166  141.795835  -24.204165
14172         71     43     165  139.939743  -25.060257
14173         71     44     164  144.963614  -19.036386
14174         71     45     163  136.870003  -26.129997
14175         71     46     162  143.621172  -18.378828
14176         71     47     161  137.921004  -23.078996
14177         71     48     160  140.180390  -19.819610
14178         71     49     159  137.222873  -21.777127
14179         71     50     158  136.659886  -21.340114
14180         71     51     157  135.718959  -21.281041
14181         71     52     156  131.362800  -24.637200
14182         71     53     155  133.173700  -21.826300
14183         71     54     154  138.387381  -15.612619
14184         71     55     153  134.146061  -18.853939
14185         71     56     152  136.566249  -15.433751
14186         71     57     151  132.222684  -18.777316
14187         71     58     150  140.221293   -9.778707
14188         71     59     149  137.465146  -11.534854
14189         71     60     148  135.580014  -12.419986
14190         71     61     147  141.179382   -5.820618
14191         71     62     146  135.043576  -10.956424
14192         71     63     145  131.582489  -13.417511
14193         71     64     144  134.231419   -9.768581
14194         71     65     143  128.597509  -14.402491
14195         71     66     142  127.961103  -14.038897
14196         71     67     141  129.170456  -11.829544
14197         71     68     140  128.753700  -11.246300
14198         71     69     139  123.719299  -15.280701
14199         71     70     138  131.509231   -6.490769
14200         71     71     137  124.402848  -12.597152
14201         71     72     136  119.275385  -16.724615
14202         71     73     135  121.900963  -13.099037
14203         71     74     134  120.393368  -13.606632
14204         71     75     133  120.301658  -12.698342
14205         71     76     132  116.295962  -15.704038
14206         71     77     131  118.989019  -12.010981
14207         71     78     130  120.434012   -9.565988
14208         71     79     129  118.974372  -10.025628
14209         71     80     128  117.399905  -10.600095
14210         71     81     127  114.191872  -12.808128
14211         71     82     126  114.553598  -11.446402
14212         71     83     125  110.677647  -14.322353
14213         71     84     124  109.546119  -14.453881
14214         71     85     123  103.644921  -19.355079
14215         71     86     122  107.361362  -14.638638
14216         71     87     121  106.940992  -14.059008
14217         71     88     120  105.837923  -14.162077
14218         71     89     119  106.041858  -12.958142
14219         71     90     118  110.804785   -7.195215
14220         71     91     117  103.502960  -13.497040
14221         71     92     116  104.977217  -11.022783
14222         71     93     115   98.467980  -16.532020
14223         71     94     114  106.262888   -7.737112
14224         71     95     113  111.701380   -1.298620
14225         71     96     112  104.327353   -7.672647
14226         71     97     111  105.038913   -5.961087
14227         71     98     110  106.676636   -3.323364
14228         71     99     109  106.705906   -2.294094
14229         71    100     108  112.447765    4.447765
14230         71    101     107  108.167209    1.167209
14231         71    102     106  108.374887    2.374887
14232         71    103     105  103.241987   -1.758013
14233         71    104     104  103.955345   -0.044655
14234         71    105     103  101.886657   -1.113343
14235         71    106     102  103.266943    1.266943
14236         71    107     101   98.214260   -2.785740
14237         71    108     100  103.245313    3.245313
14238         71    109      99  104.432933    5.432933
14239         71    110      98  101.245314    3.245314
14240         71    111      97  101.888993    4.888993
14241         71    112      96  101.485284    5.485284
14242         71    113      95   96.974348    1.974348
14243         71    114      94   95.443335    1.443335
14244         71    115      93   95.492574    2.492574
14245         71    116      92   95.112295    3.112295
14246         71    117      91   94.810769    3.810769
14247         71    118      90   92.812303    2.812303
14248         71    119      89   90.887916    1.887916
14249         71    120      88   91.760061    3.760061
14250         71    121      87   89.078293    2.078293
14251         71    122      86   88.053264    2.053264
14252         71    123      85   80.782164   -4.217836
14253         71    124      84   86.153413    2.153413
14254         71    125      83   83.457397    0.457397
14255         71    126      82   85.084808    3.084808
14256         71    127      81   78.802579   -2.197421
14257         71    128      80   78.319562   -1.680438
14258         71    129      79   81.864967    2.864967
14259         71    130      78   83.959631    5.959631
14260         71    131      77   83.316686    6.316686
14261         71    132      76   83.080550    7.080550
14262         71    133      75   75.327605    0.327605
14263         71    134      74   74.855831    0.855831
14264         71    135      73   74.083160    1.083160
14265         71    136      72   75.117522    3.117522
14266         71    137      71   76.908733    5.908733
14267         71    138      70   73.060367    3.060367
14268         71    139      69   71.966255    2.966255
14269         71    140      68   76.277279    8.277279
14270         71    141      67   71.409959    4.409959
14271         71    142      66   77.287821   11.287821
14272         71    143      65   69.775762    4.775762
14273         71    144      64   72.931551    8.931551
14274         71    145      63   73.337042   10.337042
14275         71    146      62   72.382138   10.382138
14276         71    147      61   67.539374    6.539374
14277         71    148      60   67.060551    7.060551
14278         71    149      59   69.957334   10.957334
14279         71    150      58   73.814076   15.814076
14280         71    151      57   73.603680   16.603680
14281         71    152      56   67.974090   11.974090
14282         71    153      55   70.325760   15.325760
14283         71    154      54   69.959212   15.959212
14284         71    155      53   63.398234   10.398234
14285         71    156      52   67.494511   15.494511
14286         71    157      51   66.155526   15.155526
14287         71    158      50   61.962884   11.962884
14288         71    159      49   58.853358    9.853358
14289         71    160      48   55.258704    7.258704
14290         71    161      47   54.701503    7.701503
14291         71    162      46   63.142253   17.142253
14292         71    163      45   57.149140   12.149140
14293         71    164      44   65.614105   21.614105
14294         71    165      43   57.759696   14.759696
14295         71    166      42   58.273360   16.273360
14296         71    167      41   57.158987   16.158987
14297         71    168      40   57.528757   17.528757
14298         71    169      39   56.895014   17.895014
14299         71    170      38   57.278876   19.278876
14300         71    171      37   52.714538   15.714538
14301         71    172      36   51.220971   15.220971
14302         71    173      35   47.692487   12.692487
14303         71    174      34   51.384253   17.384253
14304         71    175      33   45.716266   12.716266
14305         71    176      32   45.188618   13.188618
14306         71    177      31   42.216110   11.216110
14307         71    178      30   43.183642   13.183642
14308         71    179      29   44.155935   15.155935
14309         71    180      28   40.509701   12.509701
14310         71    181      27   39.388258   12.388258
14311         71    182      26   38.574181   12.574181
14312         71    183      25   33.233670    8.233670
14313         71    184      24   36.569913   12.569913
14314         71    185      23   32.087689    9.087689
14315         71    186      22   31.937663    9.937663
14316         71    187      21   29.737438    8.737438
14317         71    188      20   25.272397    5.272397
14318         71    189      19   26.999274    7.999274
14319         71    190      18   25.953529    7.953529
14320         71    191      17   15.149834   -1.850166
14321         71    192      16   20.814143    4.814143
14322         71    193      15   19.006596    4.006596
14323         71    194      14   20.080263    6.080263
14324         71    195      13   18.956794    5.956794
14325         71    196      12   16.403143    4.403143
14326         71    197      11   15.115905    4.115905
14327         71    198      10   12.578802    2.578802
14328         71    199       9   14.303244    5.303244
14329         71    200       8   12.208079    4.208079
14330         71    201       7   11.226393    4.226393
14331         71    202       6   10.006013    4.006013
14332         71    203       5    5.494521    0.494521
14333         71    204       4    7.584962    3.584962
14334         71    205       3    7.613390    4.613390
14335         71    206       2    4.424887    2.424887
14336         71    207       1   -2.236225   -3.236225
14337         71    208       0   -4.859346   -4.859346
14338         72      1     212  188.923935  -23.076065
14339         72      2     211  181.186629  -29.813371
14340         72      3     210  185.044041  -24.955959
14341         72      4     209  187.406438  -21.593562
14342         72      5     208  186.811761  -21.188239
14343         72      6     207  187.038599  -19.961401
14344         72      7     206  190.546703  -15.453297
14345         72      8     205  186.809628  -18.190372
14346         72      9     204  194.031425   -9.968575
14347         72     10     203  189.651547  -13.348453
14348         72     11     202  193.434465   -8.565535
14349         72     12     201  184.644643  -16.355357
14350         72     13     200  184.787323  -15.212677
14351         72     14     199  185.030469  -13.969531
14352         72     15     198  181.673889  -16.326111
14353         72     16     197  179.213365  -17.786635
14354         72     17     196  173.845088  -22.154912
14355         72     18     195  184.067331  -10.932669
14356         72     19     194  176.063728  -17.936272
14357         72     20     193  176.151155  -16.848845
14358         72     21     192  177.502380  -14.497620
14359         72     22     191  173.972975  -17.027025
14360         72     23     190  176.628192  -13.371808
14361         72     24     189  170.920676  -18.079324
14362         72     25     188  171.642647  -16.357353
14363         72     26     187  165.302530  -21.697470
14364         72     27     186  174.374727  -11.625273
14365         72     28     185  174.271302  -10.728698
14366         72     29     184  163.534367  -20.465633
14367         72     30     183  163.423720  -19.576280
14368         72     31     182  165.003694  -16.996306
14369         72     32     181  156.748246  -24.251754
14370         72     33     180  156.459898  -23.540102
14371         72     34     179  161.935597  -17.064403
14372         72     35     178  161.051144  -16.948856
14373         72     36     177  158.874927  -18.125073
14374         72     37     176  154.236479  -21.763521
14375         72     38     175  156.823452  -18.176548
14376         72     39     174  156.293391  -17.706609
14377         72     40     173  158.051612  -14.948388
14378         72     41     172  155.810931  -16.189069
14379         72     42     171  148.558863  -22.441137
14380         72     43     170  151.406652  -18.593348
14381         72     44     169  148.872047  -20.127953
14382         72     45     168  147.120900  -20.879100
14383         72     46     167  150.344627  -16.655373
14384         72     47     166  148.967948  -17.032052
14385         72     48     165  147.666654  -17.333346
14386         72     49     164  146.111510  -17.888490
14387         72     50     163  150.788747  -12.211253
14388         72     51     162  153.895621   -8.104379
14389         72     52     161  144.100505  -16.899495
14390         72     53     160  145.750127  -14.249873
14391         72     54     159  144.255701  -14.744299
14392         72     55     158  143.226004  -14.773996
14393         72     56     157  141.655413  -15.344587
14394         72     57     156  139.439715  -16.560285
14395         72     58     155  144.732977  -10.267023
14396         72     59     154  141.830446  -12.169554
14397         72     60     153  139.901191  -13.098809
14398         72     61     152  138.322625  -13.677375
14399         72     62     151  137.102250  -13.897750
14400         72     63     150  138.959364  -11.040636
14401         72     64     149  139.127650   -9.872350
14402         72     65     148  138.209887   -9.790113
14403         72     66     147  138.607572   -8.392428
14404         72     67     146  146.176314    0.176314
14405         72     68     145  139.644946   -5.355054
14406         72     69     144  146.379764    2.379764
14407         72     70     143  140.893627   -2.106373
14408         72     71     142  139.874724   -2.125276
14409         72     72     141  143.111002    2.111002
14410         72     73     140  136.112368   -3.887632
14411         72     74     139  145.133095    6.133095
14412         72     75     138  136.643300   -1.356700
14413         72     76     137  135.123512   -1.876488
14414         72     77     136  129.913743   -6.086257
14415         72     78     135  130.526275   -4.473725
14416         72     79     134  131.792962   -2.207038
14417         72     80     133  132.250413   -0.749587
14418         72     81     132  137.569260    5.569260
14419         72     82     131  127.047120   -3.952880
14420         72     83     130  127.468549   -2.531451
14421         72     84     129  134.607796    5.607796
14422         72     85     128  133.876685    5.876685
14423         72     86     127  132.427750    5.427750
14424         72     87     126  131.548329    5.548329
14425         72     88     125  127.565746    2.565746
14426         72     89     124  128.003743    4.003743
14427         72     90     123  128.488755    5.488755
14428         72     91     122  129.641049    7.641049
14429         72     92     121  124.292657    3.292657
14430         72     93     120  125.794302    5.794302
14431         72     94     119  121.898994    2.898994
14432         72     95     118  124.181164    6.181164
14433         72     96     117  111.013674   -5.986326
14434         72     97     116  114.877607   -1.122393
14435         72     98     115  116.656970    1.656970
14436         72     99     114  117.546369    3.546369
14437         72    100     113  117.056312    4.056312
14438         72    101     112  116.009600    4.009600
14439         72    102     111  118.014307    7.014307
14440         72    103     110  117.311321    7.311321
14441         72    104     109  123.418982   14.418982
14442         72    105     108  119.404511   11.404511
14443         72    106     107  118.809643   11.809643
14444         72    107     106  121.590210   15.590210
14445         72    108     105  110.630256    5.630256
14446         72    109     104  113.526290    9.526290
14447         72    110     103  113.976688   10.976688
14448         72    111     102  113.876826   11.876826
14449         72    112     101  111.874397   10.874397
14450         72    113     100  118.077295   18.077295
14451         72    114      99  110.167693   11.167693
14452         72    115      98  112.963868   14.963868
14453         72    116      97  112.345901   15.345901
14454         72    117      96  113.290181   17.290181
14455         72    118      95  115.526393   20.526393
14456         72    119      94  108.015792   14.015792
14457         72    120      93  114.412890   21.412890
14458         72    121      92  112.463674   20.463674
14459         72    122      91  102.066390   11.066390
14460         72    123      90  110.611969   20.611969
14461         72    124      89  105.814934   16.814934
14462         72    125      88  105.480693   17.480693
14463         72    126      87  104.060471   17.060471
14464         72    127      86  105.152570   19.152570
14465         72    128      85  100.095648   15.095648
14466         72    129      84  100.666023   16.666023
14467         72    130      83   98.983908   15.983908
14468         72    131      82  100.277800   18.277800
14469         72    132      81  100.962128   19.962128
14470         72    133      80   93.592421   13.592421
14471         72    134      79   95.405151   16.405151
14472         72    135      78   90.010281   12.010281
14473         72    136      77   94.725815   17.725815
14474         72    137      76   91.627490   15.627490
14475         72    138      75   88.553816   13.553816
14476         72    139      74   85.846116   11.846116
14477         72    140      73   76.109066    3.109066
14478         72    141      72   78.513502    6.513502
14479         72    142      71   76.390092    5.390092
14480         72    143      70   74.104360    4.104360
14481         72    144      69   76.854370    7.854370
14482         72    145      68   77.599059    9.599059
14483         72    146      67   73.163429    6.163429
14484         72    147      66   77.283122   11.283122
14485         72    148      65   78.511383   13.511383
14486         72    149      64   72.737416    8.737416
14487         72    150      63   79.454906   16.454906
14488         72    151      62   71.766673    9.766673
14489         72    152      61   72.035865   11.035865
14490         72    153      60   72.544235   12.544235
14491         72    154      59   66.498567    7.498567
14492         72    155      58   67.739413    9.739413
14493         72    156      57   61.556036    4.556036
14494         72    157      56   56.864877    0.864877
14495         72    158      55   56.915070    1.915070
14496         72    159      54   55.353814    1.353814
14497         72    160      53   55.003891    2.003891
14498         72    161      52   52.897288    0.897288
14499         72    162      51   51.132224    0.132224
14500         72    163      50   54.531484    4.531484
14501         72    164      49   51.854079    2.854079
14502         72    165      48   47.634450   -0.365550
14503         72    166      47   45.765507   -1.234493
14504         72    167      46   42.776159   -3.223841
14505         72    168      45   35.676042   -9.323958
14506         72    169      44   36.858911   -7.141089
14507         72    170      43   37.126103   -5.873897
14508         72    171      42   35.858996   -6.141004
14509         72    172      41   33.651018   -7.348982
14510         72    173      40   32.488291   -7.511709
14511         72    174      39   27.318196  -11.681804
14512         72    175      38   23.934600  -14.065400
14513         72    176      37   26.588614  -10.411386
14514         72    177      36   14.559476  -21.440524
14515         72    178      35   17.322712  -17.677288
14516         72    179      34   21.393191  -12.606809
14517         72    180      33   24.804541   -8.195459
14518         72    181      32   18.553112  -13.446888
14519         72    182      31   21.680165   -9.319835
14520         72    183      30   17.492968  -12.507032
14521         72    184      29   15.251546  -13.748454
14522         72    185      28   18.789418   -9.210582
14523         72    186      27   17.238730   -9.761270
14524         72    187      26   12.667130  -13.332870
14525         72    188      25   11.535110  -13.464890
14526         72    189      24   10.796917  -13.203083
14527         72    190      23   10.863049  -12.136951
14528         72    191      22    9.797668  -12.202332
14529         72    192      21    9.714376  -11.285624
14530         72    193      20    4.772983  -15.227017
14531         72    194      19    4.967311  -14.032689
14532         72    195      18    1.330671  -16.669329
14533         72    196      17   -1.458695  -18.458695
14534         72    197      16   -1.386315  -17.386315
14535         72    198      15   -1.957681  -16.957681
14536         72    199      14   -4.289774  -18.289774
14537         72    200      13   -6.524146  -19.524146
14538         72    201      12   -8.452548  -20.452548
14539         72    202      11   -7.889560  -18.889560
14540         72    203      10   -5.690282  -15.690282
14541         72    204       9  -12.777067  -21.777067
14542         72    205       8   -9.424942  -17.424942
14543         72    206       7  -10.926625  -17.926625
14544         72    207       6  -20.060631  -26.060631
14545         72    208       5  -15.362421  -20.362421
14546         72    209       4  -16.598767  -20.598767
14547         72    210       3  -16.478219  -19.478219
14548         72    211       2  -23.431220  -25.431220
14549         72    212       1  -17.459820  -18.459820
14550         72    213       0  -21.022464  -21.022464
14551         73      1     212  189.866631  -22.133369
14552         73      2     211  186.721589  -24.278411
14553         73      3     210  185.750815  -24.249185
14554         73      4     209  178.923031  -30.076969
14555         73      5     208  174.986862  -33.013138
14556         73      6     207  175.928541  -31.071459
14557         73      7     206  176.030110  -29.969890
14558         73      8     205  175.277452  -29.722548
14559         73      9     204  176.680876  -27.319124
14560         73     10     203  170.615039  -32.384961
14561         73     11     202  173.679579  -28.320421
14562         73     12     201  172.742511  -28.257489
14563         73     13     200  171.346996  -28.653004
14564         73     14     199  171.804842  -27.195158
14565         73     15     198  171.340025  -26.659975
14566         73     16     197  167.621012  -29.378988
14567         73     17     196  174.855520  -21.144480
14568         73     18     195  167.635309  -27.364691
14569         73     19     194  162.446446  -31.553554
14570         73     20     193  163.006207  -29.993793
14571         73     21     192  164.538759  -27.461241
14572         73     22     191  161.586781  -29.413219
14573         73     23     190  160.826418  -29.173582
14574         73     24     189  157.281554  -31.718446
14575         73     25     188  162.153491  -25.846509
14576         73     26     187  159.898849  -27.101151
14577         73     27     186  154.553936  -31.446064
14578         73     28     185  151.214697  -33.785303
14579         73     29     184  150.441640  -33.558360
14580         73     30     183  151.813541  -31.186459
14581         73     31     182  148.971136  -33.028864
14582         73     32     181  149.709769  -31.290231
14583         73     33     180  148.216827  -31.783173
14584         73     34     179  153.501493  -25.498507
14585         73     35     178  149.397720  -28.602280
14586         73     36     177  144.869392  -32.130608
14587         73     37     176  139.668747  -36.331253
14588         73     38     175  138.610881  -36.389119
14589         73     39     174  138.873420  -35.126580
14590         73     40     173  141.367232  -31.632768
14591         73     41     172  139.784736  -32.215264
14592         73     42     171  136.148091  -34.851909
14593         73     43     170  134.586941  -35.413059
14594         73     44     169  132.989444  -36.010556
14595         73     45     168  129.877966  -38.122034
14596         73     46     167  133.173974  -33.826026
14597         73     47     166  131.317068  -34.682932
14598         73     48     165  132.535712  -32.464288
14599         73     49     164  134.344389  -29.655611
14600         73     50     163  133.904941  -29.095059
14601         73     51     162  133.109018  -28.890982
14602         73     52     161  135.312286  -25.687714
14603         73     53     160  132.330267  -27.669733
14604         73     54     159  132.777806  -26.222194
14605         73     55     158  130.806007  -27.193993
14606         73     56     157  125.104938  -31.895062
14607         73     57     156  122.872229  -33.127771
14608         73     58     155  123.724407  -31.275593
14609         73     59     154  124.011616  -29.988384
14610         73     60     153  120.494933  -32.505067
14611         73     61     152  122.414996  -29.585004
14612         73     62     151  113.311407  -37.688593
14613         73     63     150  118.088816  -31.911184
14614         73     64     149  114.293023  -34.706977
14615         73     65     148  114.337940  -33.662060
14616         73     66     147  117.015673  -29.984327
14617         73     67     146  116.941502  -29.058498
14618         73     68     145  117.652636  -27.347364
14619         73     69     144  120.963400  -23.036600
14620         73     70     143  118.522635  -24.477365
14621         73     71     142  116.380945  -25.619055
14622         73     72     141  121.995419  -19.004581
14623         73     73     140  113.903056  -26.096944
14624         73     74     139  114.976818  -24.023182
14625         73     75     138  114.294923  -23.705077
14626         73     76     137  111.319534  -25.680466
14627         73     77     136  110.557010  -25.442990
14628         73     78     135  111.596491  -23.403509
14629         73     79     134  112.492773  -21.507227
14630         73     80     133  119.140628  -13.859372
14631         73     81     132  120.214826  -11.785174
14632         73     82     131  118.254011  -12.745989
14633         73     83     130  115.812123  -14.187877
14634         73     84     129  115.327409  -13.672591
14635         73     85     128  114.009756  -13.990244
14636         73     86     127  117.526795   -9.473205
14637         73     87     126  110.865708  -15.134292
14638         73     88     125  109.295978  -15.704022
14639         73     89     124  107.901912  -16.098088
14640         73     90     123  107.683435  -15.316565
14641         73     91     122  106.703820  -15.296180
14642         73     92     121  105.763642  -15.236358
14643         73     93     120  109.006089  -10.993911
14644         73     94     119  101.173291  -17.826709
14645         73     95     118  104.216822  -13.783178
14646         73     96     117  103.415312  -13.584688
14647         73     97     116  104.086000  -11.914000
14648         73     98     115  108.518684   -6.481316
14649         73     99     114  103.368043  -10.631957
14650         73    100     113  108.546011   -4.453989
14651         73    101     112  103.769827   -8.230173
14652         73    102     111  107.203312   -3.796688
14653         73    103     110  104.217817   -5.782183
14654         73    104     109  102.446252   -6.553748
14655         73    105     108   97.884115  -10.115885
14656         73    106     107  100.153718   -6.846282
14657         73    107     106  100.747924   -5.252076
14658         73    108     105   98.646192   -6.353808
14659         73    109     104   99.096813   -4.903187
14660         73    110     103   98.415624   -4.584376
14661         73    111     102   98.112016   -3.887984
14662         73    112     101  101.194484    0.194484
14663         73    113     100   98.316403   -1.683597
14664         73    114      99   92.670624   -6.329376
14665         73    115      98   90.437587   -7.562413
14666         73    116      97   92.521969   -4.478031
14667         73    117      96   85.265426  -10.734574
14668         73    118      95   88.512643   -6.487357
14669         73    119      94   84.617594   -9.382406
14670         73    120      93   80.441018  -12.558982
14671         73    121      92   85.462692   -6.537308
14672         73    122      91   84.258079   -6.741921
14673         73    123      90   83.408436   -6.591564
14674         73    124      89   87.321282   -1.678718
14675         73    125      88   84.524077   -3.475923
14676         73    126      87   84.444696   -2.555304
14677         73    127      86   86.459894    0.459894
14678         73    128      85   86.271980    1.271980
14679         73    129      84   85.460725    1.460725
14680         73    130      83   89.677352    6.677352
14681         73    131      82   83.868047    1.868047
14682         73    132      81   85.657536    4.657536
14683         73    133      80   83.476777    3.476777
14684         73    134      79   81.686511    2.686511
14685         73    135      78   79.442293    1.442293
14686         73    136      77   76.574102   -0.425898
14687         73    137      76   73.160269   -2.839731
14688         73    138      75   78.434096    3.434096
14689         73    139      74   73.944510   -0.055490
14690         73    140      73   71.993755   -1.006245
14691         73    141      72   74.805974    2.805974
14692         73    142      71   67.473230   -3.526770
14693         73    143      70   69.157566   -0.842434
14694         73    144      69   63.476461   -5.523539
14695         73    145      68   64.971646   -3.028354
14696         73    146      67   67.911229    0.911229
14697         73    147      66   66.756727    0.756727
14698         73    148      65   68.208107    3.208107
14699         73    149      64   65.660184    1.660184
14700         73    150      63   69.961660    6.961660
14701         73    151      62   68.864421    6.864421
14702         73    152      61   64.922734    3.922734
14703         73    153      60   61.599944    1.599944
14704         73    154      59   62.866564    3.866564
14705         73    155      58   62.221868    4.221868
14706         73    156      57   61.129356    4.129356
14707         73    157      56   61.167267    5.167267
14708         73    158      55   60.971583    5.971583
14709         73    159      54   56.311381    2.311381
14710         73    160      53   55.466570    2.466570
14711         73    161      52   53.129610    1.129610
14712         73    162      51   51.923424    0.923424
14713         73    163      50   48.725379   -1.274621
14714         73    164      49   49.147252    0.147252
14715         73    165      48   49.754620    1.754620
14716         73    166      47   47.309006    0.309006
14717         73    167      46   44.685589   -1.314411
14718         73    168      45   47.226860    2.226860
14719         73    169      44   44.114160    0.114160
14720         73    170      43   38.694200   -4.305800
14721         73    171      42   36.885484   -5.114516
14722         73    172      41   30.163692  -10.836308
14723         73    173      40   37.917009   -2.082991
14724         73    174      39   32.210890   -6.789110
14725         73    175      38   35.084044   -2.915956
14726         73    176      37   37.715968    0.715968
14727         73    177      36   36.943349    0.943349
14728         73    178      35   30.718962   -4.281038
14729         73    179      34   30.010445   -3.989555
14730         73    180      33   31.203816   -1.796184
14731         73    181      32   30.536933   -1.463067
14732         73    182      31   28.437843   -2.562157
14733         73    183      30   28.672014   -1.327986
14734         73    184      29   27.136773   -1.863227
14735         73    185      28   28.911062    0.911062
14736         73    186      27   33.406158    6.406158
14737         73    187      26   29.158101    3.158101
14738         73    188      25   28.337789    3.337789
14739         73    189      24   24.697142    0.697142
14740         73    190      23   24.071872    1.071872
14741         73    191      22   23.995125    1.995125
14742         73    192      21   24.023223    3.023223
14743         73    193      20   21.504680    1.504680
14744         73    194      19   19.992957    0.992957
14745         73    195      18   20.373303    2.373303
14746         73    196      17   20.475184    3.475184
14747         73    197      16   20.960555    4.960555
14748         73    198      15   20.951638    5.951638
14749         73    199      14   20.064995    6.064995
14750         73    200      13   16.478144    3.478144
14751         73    201      12   16.844860    4.844860
14752         73    202      11   10.844574   -0.155426
14753         73    203      10   12.213254    2.213254
14754         73    204       9   10.692520    1.692520
14755         73    205       8   10.283202    2.283202
14756         73    206       7    6.918237   -0.081763
14757         73    207       6    7.075369    1.075369
14758         73    208       5    5.696643    0.696643
14759         73    209       4    2.133372   -1.866628
14760         73    210       3    0.117779   -2.882221
14761         73    211       2   -1.926331   -3.926331
14762         73    212       1   -0.208756   -1.208756
14763         73    213       0   -0.744514   -0.744514
14764         74      1     165  209.381910   44.381910
14765         74      2     164  192.761683   28.761683
14766         74      3     163  191.293765   28.293765
14767         74      4     162  195.434465   33.434465
14768         74      5     161  188.828575   27.828575
14769         74      6     160  190.695070   30.695070
14770         74      7     159  190.195260   31.195260
14771         74      8     158  186.269239   28.269239
14772         74      9     157  182.755436   25.755436
14773         74     10     156  190.127348   34.127348
14774         74     11     155  187.622310   32.622310
14775         74     12     154  188.651090   34.651090
14776         74     13     153  183.382922   30.382922
14777         74     14     152  178.805678   26.805678
14778         74     15     151  185.605026   34.605026
14779         74     16     150  192.154212   42.154212
14780         74     17     149  184.611214   35.611214
14781         74     18     148  188.036967   40.036967
14782         74     19     147  194.050721   47.050721
14783         74     20     146  187.871783   41.871783
14784         74     21     145  183.819049   38.819049
14785         74     22     144  183.946448   39.946448
14786         74     23     143  184.689925   41.689925
14787         74     24     142  184.403860   42.403860
14788         74     25     141  181.440856   40.440856
14789         74     26     140  172.900438   32.900438
14790         74     27     139  181.151840   42.151840
14791         74     28     138  179.127860   41.127860
14792         74     29     137  175.272158   38.272158
14793         74     30     136  178.029966   42.029966
14794         74     31     135  177.164470   42.164470
14795         74     32     134  172.739695   38.739695
14796         74     33     133  173.175047   40.175047
14797         74     34     132  168.299169   36.299169
14798         74     35     131  172.654047   41.654047
14799         74     36     130  173.722627   43.722627
14800         74     37     129  173.877730   44.877730
14801         74     38     128  174.335661   46.335661
14802         74     39     127  169.943617   42.943617
14803         74     40     126  166.398282   40.398282
14804         74     41     125  170.464137   45.464137
14805         74     42     124  170.453550   46.453550
14806         74     43     123  165.624463   42.624463
14807         74     44     122  164.133974   42.133974
14808         74     45     121  165.449662   44.449662
14809         74     46     120  170.442701   50.442701
14810         74     47     119  161.677439   42.677439
14811         74     48     118  156.625178   38.625178
14812         74     49     117  157.612427   40.612427
14813         74     50     116  159.849301   43.849301
14814         74     51     115  154.104152   39.104152
14815         74     52     114  154.646401   40.646401
14816         74     53     113  152.093303   39.093303
14817         74     54     112  155.710694   43.710694
14818         74     55     111  157.495810   46.495810
14819         74     56     110  153.624544   43.624544
14820         74     57     109  152.478450   43.478450
14821         74     58     108  148.866045   40.866045
14822         74     59     107  152.405039   45.405039
14823         74     60     106  155.398428   49.398428
14824         74     61     105  150.336431   45.336431
14825         74     62     104  148.416617   44.416617
14826         74     63     103  147.361433   44.361433
14827         74     64     102  146.255926   44.255926
14828         74     65     101  146.264658   45.264658
14829         74     66     100  149.336569   49.336569
14830         74     67      99  137.811495   38.811495
14831         74     68      98  138.353289   40.353289
14832         74     69      97  136.349098   39.349098
14833         74     70      96  132.811904   36.811904
14834         74     71      95  137.152214   42.152214
14835         74     72      94  134.686850   40.686850
14836         74     73      93  128.754894   35.754894
14837         74     74      92  135.746128   43.746128
14838         74     75      91  132.235005   41.235005
14839         74     76      90  137.973931   47.973931
14840         74     77      89  134.596480   45.596480
14841         74     78      88  127.683034   39.683034
14842         74     79      87  130.874479   43.874479
14843         74     80      86  132.950938   46.950938
14844         74     81      85  128.331170   43.331170
14845         74     82      84  126.405209   42.405209
14846         74     83      83  124.668647   41.668647
14847         74     84      82  127.136069   45.136069
14848         74     85      81  120.837275   39.837275
14849         74     86      80  125.113627   45.113627
14850         74     87      79  118.542926   39.542926
14851         74     88      78  123.923214   45.923214
14852         74     89      77  123.197220   46.197220
14853         74     90      76  124.436306   48.436306
14854         74     91      75  121.511006   46.511006
14855         74     92      74  123.527109   49.527109
14856         74     93      73  116.793241   43.793241
14857         74     94      72  113.825693   41.825693
14858         74     95      71  113.011919   42.011919
14859         74     96      70  113.312173   43.312173
14860         74     97      69  112.420014   43.420014
14861         74     98      68  114.014860   46.014860
14862         74     99      67  108.673899   41.673899
14863         74    100      66  109.913221   43.913221
14864         74    101      65  107.781026   42.781026
14865         74    102      64  106.639882   42.639882
14866         74    103      63  106.183442   43.183442
14867         74    104      62  106.789470   44.789470
14868         74    105      61  103.843179   42.843179
14869         74    106      60  108.629140   48.629140
14870         74    107      59  103.317823   44.317823
14871         74    108      58  107.812144   49.812144
14872         74    109      57  102.089023   45.089023
14873         74    110      56   96.339884   40.339884
14874         74    111      55   89.570242   34.570242
14875         74    112      54   92.475281   38.475281
14876         74    113      53   87.771815   34.771815
14877         74    114      52   93.789359   41.789359
14878         74    115      51   88.747902   37.747902
14879         74    116      50   90.029196   40.029196
14880         74    117      49   83.182592   34.182592
14881         74    118      48   87.373304   39.373304
14882         74    119      47   82.218791   35.218791
14883         74    120      46   83.909651   37.909651
14884         74    121      45   79.549338   34.549338
14885         74    122      44   76.484740   32.484740
14886         74    123      43   72.484497   29.484497
14887         74    124      42   74.230508   32.230508
14888         74    125      41   70.458155   29.458155
14889         74    126      40   70.879954   30.879954
14890         74    127      39   69.650140   30.650140
14891         74    128      38   58.088670   20.088670
14892         74    129      37   59.635471   22.635471
14893         74    130      36   57.318053   21.318053
14894         74    131      35   55.838379   20.838379
14895         74    132      34   49.150696   15.150696
14896         74    133      33   47.892523   14.892523
14897         74    134      32   44.241938   12.241938
14898         74    135      31   42.159855   11.159855
14899         74    136      30   40.720720   10.720720
14900         74    137      29   34.316796    5.316796
14901         74    138      28   35.541024    7.541024
14902         74    139      27   28.915933    1.915933
14903         74    140      26   27.252550    1.252550
14904         74    141      25   21.406485   -3.593515
14905         74    142      24   25.744501    1.744501
14906         74    143      23   20.693559   -2.306441
14907         74    144      22   24.154974    2.154974
14908         74    145      21   22.706508    1.706508
14909         74    146      20   17.977096   -2.022904
14910         74    147      19   18.531143   -0.468857
14911         74    148      18   14.521811   -3.478189
14912         74    149      17   10.519847   -6.480153
14913         74    150      16    9.102529   -6.897471
14914         74    151      15    7.770683   -7.229317
14915         74    152      14    4.536728   -9.463272
14916         74    153      13   -0.269341  -13.269341
14917         74    154      12    0.129347  -11.870653
14918         74    155      11   -1.222007  -12.222007
14919         74    156      10   -2.373369  -12.373369
14920         74    157       9   -6.087891  -15.087891
14921         74    158       8   -6.465602  -14.465602
14922         74    159       7   -3.266161  -10.266161
14923         74    160       6   -8.497419  -14.497419
14924         74    161       5   -9.079373  -14.079373
14925         74    162       4   -8.422249  -12.422249
14926         74    163       3   -8.294754  -11.294754
14927         74    164       2  -15.818314  -17.818314
14928         74    165       1  -15.562373  -16.562373
14929         74    166       0  -13.668546  -13.668546
14930         75      1     228  222.241260   -5.758740
14931         75      2     227  209.815797  -17.184203
14932         75      3     226  203.331860  -22.668140
14933         75      4     225  194.653094  -30.346906
14934         75      5     224  191.823908  -32.176092
14935         75      6     223  187.435411  -35.564589
14936         75      7     222  189.291545  -32.708455
14937         75      8     221  193.351484  -27.648516
14938         75      9     220  193.170962  -26.829038
14939         75     10     219  186.423782  -32.576218
14940         75     11     218  184.390597  -33.609403
14941         75     12     217  179.837441  -37.162559
14942         75     13     216  175.504887  -40.495113
14943         75     14     215  177.528209  -37.471791
14944         75     15     214  176.612796  -37.387204
14945         75     16     213  172.489610  -40.510390
14946         75     17     212  173.589917  -38.410083
14947         75     18     211  167.901168  -43.098832
14948         75     19     210  164.175998  -45.824002
14949         75     20     209  165.004219  -43.995781
14950         75     21     208  161.811933  -46.188067
14951         75     22     207  166.441003  -40.558997
14952         75     23     206  165.434470  -40.565530
14953         75     24     205  160.285805  -44.714195
14954         75     25     204  162.671159  -41.328841
14955         75     26     203  159.225443  -43.774557
14956         75     27     202  158.294177  -43.705823
14957         75     28     201  160.574870  -40.425130
14958         75     29     200  160.066790  -39.933210
14959         75     30     199  153.047308  -45.952692
14960         75     31     198  154.633085  -43.366915
14961         75     32     197  155.105674  -41.894326
14962         75     33     196  152.732797  -43.267203
14963         75     34     195  153.521035  -41.478965
14964         75     35     194  147.592433  -46.407567
14965         75     36     193  158.133737  -34.866263
14966         75     37     192  153.864079  -38.135921
14967         75     38     191  148.538871  -42.461129
14968         75     39     190  156.615436  -33.384564
14969         75     40     189  151.885829  -37.114171
14970         75     41     188  151.856977  -36.143023
14971         75     42     187  149.342739  -37.657261
14972         75     43     186  148.776354  -37.223646
14973         75     44     185  144.937428  -40.062572
14974         75     45     184  140.005900  -43.994100
14975         75     46     183  143.909777  -39.090223
14976         75     47     182  146.287354  -35.712646
14977         75     48     181  141.450335  -39.549665
14978         75     49     180  144.570201  -35.429799
14979         75     50     179  145.200453  -33.799547
14980         75     51     178  143.470781  -34.529219
14981         75     52     177  146.359530  -30.640470
14982         75     53     176  146.292079  -29.707921
14983         75     54     175  140.043096  -34.956904
14984         75     55     174  145.246414  -28.753586
14985         75     56     173  141.122949  -31.877051
14986         75     57     172  143.195481  -28.804519
14987         75     58     171  137.950471  -33.049529
14988         75     59     170  140.610211  -29.389789
14989         75     60     169  136.229195  -32.770805
14990         75     61     168  136.539381  -31.460619
14991         75     62     167  140.175437  -26.824563
14992         75     63     166  137.932541  -28.067459
14993         75     64     165  138.440814  -26.559186
14994         75     65     164  147.811353  -16.188647
14995         75     66     163  140.705961  -22.294039
14996         75     67     162  142.111380  -19.888620
14997         75     68     161  136.522084  -24.477916
14998         75     69     160  134.803168  -25.196832
14999         75     70     159  135.161749  -23.838251
15000         75     71     158  130.335002  -27.664998
15001         75     72     157  133.000271  -23.999729
15002         75     73     156  130.929746  -25.070254
15003         75     74     155  131.818949  -23.181051
15004         75     75     154  128.649225  -25.350775
15005         75     76     153  125.966760  -27.033240
15006         75     77     152  123.269992  -28.730008
15007         75     78     151  124.624594  -26.375406
15008         75     79     150  118.801398  -31.198602
15009         75     80     149  124.644365  -24.355635
15010         75     81     148  112.974774  -35.025226
15011         75     82     147  113.949550  -33.050450
15012         75     83     146  114.097132  -31.902868
15013         75     84     145  118.221089  -26.778911
15014         75     85     144  117.795358  -26.204642
15015         75     86     143  115.933062  -27.066938
15016         75     87     142  119.158433  -22.841567
15017         75     88     141  119.027830  -21.972170
15018         75     89     140  115.342774  -24.657226
15019         75     90     139  115.756529  -23.243471
15020         75     91     138  113.488423  -24.511577
15021         75     92     137  113.643365  -23.356635
15022         75     93     136  111.609471  -24.390529
15023         75     94     135  109.353697  -25.646303
15024         75     95     134  109.893184  -24.106816
15025         75     96     133  115.171564  -17.828436
15026         75     97     132  120.425087  -11.574913
15027         75     98     131  117.809449  -13.190551
15028         75     99     130  115.977990  -14.022010
15029         75    100     129  114.746631  -14.253369
15030         75    101     128  120.801242   -7.198758
15031         75    102     127  113.613033  -13.386967
15032         75    103     126  113.348915  -12.651085
15033         75    104     125  106.390065  -18.609935
15034         75    105     124  104.702552  -19.297448
15035         75    106     123  107.736220  -15.263780
15036         75    107     122  109.857536  -12.142464
15037         75    108     121  106.756189  -14.243811
15038         75    109     120  108.348487  -11.651513
15039         75    110     119  107.557515  -11.442485
15040         75    111     118  108.015156   -9.984844
15041         75    112     117  101.341093  -15.658907
15042         75    113     116  103.576219  -12.423781
15043         75    114     115  101.868381  -13.131619
15044         75    115     114  101.051888  -12.948112
15045         75    116     113  102.466017  -10.533983
15046         75    117     112   96.977572  -15.022428
15047         75    118     111  101.724979   -9.275021
15048         75    119     110   96.330525  -13.669475
15049         75    120     109   97.132417  -11.867583
15050         75    121     108   92.578822  -15.421178
15051         75    122     107   91.902394  -15.097606
15052         75    123     106   87.945185  -18.054815
15053         75    124     105   90.163830  -14.836170
15054         75    125     104   90.664837  -13.335163
15055         75    126     103   93.560906   -9.439094
15056         75    127     102   84.597001  -17.402999
15057         75    128     101   83.728345  -17.271655
15058         75    129     100   85.419612  -14.580388
15059         75    130      99   79.970026  -19.029974
15060         75    131      98   80.654930  -17.345070
15061         75    132      97   86.385262  -10.614738
15062         75    133      96   86.227274   -9.772726
15063         75    134      95   89.630906   -5.369094
15064         75    135      94   90.431145   -3.568855
15065         75    136      93   87.616199   -5.383801
15066         75    137      92   89.438205   -2.561795
15067         75    138      91   84.222207   -6.777793
15068         75    139      90   81.831959   -8.168041
15069         75    140      89   87.632082   -1.367918
15070         75    141      88   81.942966   -6.057034
15071         75    142      87   83.779463   -3.220537
15072         75    143      86   82.489421   -3.510579
15073         75    144      85   81.412101   -3.587899
15074         75    145      84   84.606312    0.606312
15075         75    146      83   84.936246    1.936246
15076         75    147      82   81.619313   -0.380687
15077         75    148      81   86.823713    5.823713
15078         75    149      80   76.664028   -3.335972
15079         75    150      79   78.811218   -0.188782
15080         75    151      78   73.603463   -4.396537
15081         75    152      77   71.705594   -5.294406
15082         75    153      76   67.026429   -8.973571
15083         75    154      75   68.747942   -6.252058
15084         75    155      74   64.385316   -9.614684
15085         75    156      73   69.638041   -3.361959
15086         75    157      72   64.659081   -7.340919
15087         75    158      71   65.250276   -5.749724
15088         75    159      70   64.249422   -5.750578
15089         75    160      69   66.843758   -2.156242
15090         75    161      68   62.903359   -5.096641
15091         75    162      67   64.345208   -2.654792
15092         75    163      66   67.751916    1.751916
15093         75    164      65   62.244429   -2.755571
15094         75    165      64   63.650567   -0.349433
15095         75    166      63   62.535362   -0.464638
15096         75    167      62   57.811352   -4.188648
15097         75    168      61   53.294425   -7.705575
15098         75    169      60   55.937495   -4.062505
15099         75    170      59   53.749849   -5.250151
15100         75    171      58   48.105237   -9.894763
15101         75    172      57   47.453728   -9.546272
15102         75    173      56   48.333057   -7.666943
15103         75    174      55   46.896717   -8.103283
15104         75    175      54   46.058217   -7.941783
15105         75    176      53   40.405010  -12.594990
15106         75    177      52   39.523598  -12.476402
15107         75    178      51   40.757988  -10.242012
15108         75    179      50   40.637209   -9.362791
15109         75    180      49   37.739494  -11.260506
15110         75    181      48   36.441827  -11.558173
15111         75    182      47   36.048551  -10.951449
15112         75    183      46   37.258215   -8.741785
15113         75    184      45   34.425753  -10.574247
15114         75    185      44   27.696653  -16.303347
15115         75    186      43   26.954566  -16.045434
15116         75    187      42   25.508455  -16.491545
15117         75    188      41   27.212873  -13.787127
15118         75    189      40   25.552296  -14.447704
15119         75    190      39   28.376233  -10.623767
15120         75    191      38   23.692968  -14.307032
15121         75    192      37   23.167206  -13.832794
15122         75    193      36   21.114303  -14.885697
15123         75    194      35   27.115072   -7.884928
15124         75    195      34   23.687195  -10.312805
15125         75    196      33   21.688195  -11.311805
15126         75    197      32   21.135026  -10.864974
15127         75    198      31   21.806758   -9.193242
15128         75    199      30   15.651938  -14.348062
15129         75    200      29   20.582412   -8.417588
15130         75    201      28   16.636335  -11.363665
15131         75    202      27   13.993354  -13.006646
15132         75    203      26   12.362373  -13.637627
15133         75    204      25    7.093848  -17.906152
15134         75    205      24    6.938774  -17.061226
15135         75    206      23    6.349623  -16.650377
15136         75    207      22   10.451513  -11.548487
15137         75    208      21    3.163906  -17.836094
15138         75    209      20    1.913345  -18.086655
15139         75    210      19    4.608955  -14.391045
15140         75    211      18    1.532299  -16.467701
15141         75    212      17    1.875220  -15.124780
15142         75    213      16    3.216624  -12.783376
15143         75    214      15    0.985291  -14.014709
15144         75    215      14   -1.119593  -15.119593
15145         75    216      13    0.589248  -12.410752
15146         75    217      12    2.109284   -9.890716
15147         75    218      11    0.613503  -10.386497
15148         75    219      10   -2.091027  -12.091027
15149         75    220       9    0.562849   -8.437151
15150         75    221       8    0.833530   -7.166470
15151         75    222       7    2.432205   -4.567795
15152         75    223       6   -0.889173   -6.889173
15153         75    224       5   -3.235064   -8.235064
15154         75    225       4   -4.962953   -8.962953
15155         75    226       3   -5.212761   -8.212761
15156         75    227       2   -4.096038   -6.096038
15157         75    228       1   -5.564007   -6.564007
15158         75    229       0   -5.746729   -5.746729
15159         76      1     209  191.748972  -17.251028
15160         76      2     208  196.396764  -11.603236
15161         76      3     207  188.114028  -18.885972
15162         76      4     206  184.282274  -21.717726
15163         76      5     205  179.972660  -25.027340
15164         76      6     204  177.209803  -26.790197
15165         76      7     203  180.146560  -22.853440
15166         76      8     202  177.762516  -24.237484
15167         76      9     201  172.241637  -28.758363
15168         76     10     200  168.108757  -31.891243
15169         76     11     199  170.141723  -28.858277
15170         76     12     198  170.011342  -27.988658
15171         76     13     197  167.591983  -29.408017
15172         76     14     196  160.684602  -35.315398
15173         76     15     195  163.977323  -31.022677
15174         76     16     194  165.311881  -28.688119
15175         76     17     193  160.030991  -32.969009
15176         76     18     192  159.477748  -32.522252
15177         76     19     191  162.930326  -28.069674
15178         76     20     190  158.206845  -31.793155
15179         76     21     189  156.502688  -32.497312
15180         76     22     188  150.876478  -37.123522
15181         76     23     187  152.471528  -34.528472
15182         76     24     186  146.330982  -39.669018
15183         76     25     185  148.489708  -36.510292
15184         76     26     184  147.070473  -36.929527
15185         76     27     183  145.621353  -37.378647
15186         76     28     182  142.583605  -39.416395
15187         76     29     181  147.725453  -33.274547
15188         76     30     180  145.591451  -34.408549
15189         76     31     179  145.708591  -33.291409
15190         76     32     178  149.865661  -28.134339
15191         76     33     177  148.903614  -28.096386
15192         76     34     176  149.769427  -26.230573
15193         76     35     175  146.839163  -28.160837
15194         76     36     174  145.754196  -28.245804
15195         76     37     173  144.571119  -28.428881
15196         76     38     172  143.148882  -28.851118
15197         76     39     171  142.789502  -28.210498
15198         76     40     170  150.605450  -19.394550
15199         76     41     169  143.254423  -25.745577
15200         76     42     168  140.408478  -27.591522
15201         76     43     167  137.216308  -29.783692
15202         76     44     166  142.956800  -23.043200
15203         76     45     165  143.870677  -21.129323
15204         76     46     164  143.799709  -20.200291
15205         76     47     163  144.585521  -18.414479
15206         76     48     162  143.131446  -18.868554
15207         76     49     161  143.882188  -17.117812
15208         76     50     160  140.437282  -19.562718
15209         76     51     159  140.641889  -18.358111
15210         76     52     158  135.805985  -22.194015
15211         76     53     157  133.758699  -23.241301
15212         76     54     156  133.765004  -22.234996
15213         76     55     155  130.879153  -24.120847
15214         76     56     154  127.457946  -26.542054
15215         76     57     153  124.763761  -28.236239
15216         76     58     152  120.010551  -31.989449
15217         76     59     151  119.642508  -31.357492
15218         76     60     150  125.768358  -24.231642
15219         76     61     149  127.982751  -21.017249
15220         76     62     148  121.589712  -26.410288
15221         76     63     147  116.032565  -30.967435
15222         76     64     146  117.180888  -28.819112
15223         76     65     145  124.294051  -20.705949
15224         76     66     144  113.633634  -30.366366
15225         76     67     143  112.188646  -30.811354
15226         76     68     142  112.751306  -29.248694
15227         76     69     141  116.764510  -24.235490
15228         76     70     140  119.309723  -20.690277
15229         76     71     139  112.198407  -26.801593
15230         76     72     138  110.256148  -27.743852
15231         76     73     137  110.343283  -26.656717
15232         76     74     136  108.064936  -27.935064
15233         76     75     135  111.972277  -23.027723
15234         76     76     134  114.263095  -19.736905
15235         76     77     133  113.389094  -19.610906
15236         76     78     132  108.767421  -23.232579
15237         76     79     131  105.888620  -25.111380
15238         76     80     130  108.485208  -21.514792
15239         76     81     129  110.393281  -18.606719
15240         76     82     128  110.984062  -17.015938
15241         76     83     127  105.755141  -21.244859
15242         76     84     126  109.309291  -16.690709
15243         76     85     125  102.197029  -22.802971
15244         76     86     124  107.589441  -16.410559
15245         76     87     123  108.588749  -14.411251
15246         76     88     122  108.587193  -13.412807
15247         76     89     121  101.073596  -19.926404
15248         76     90     120   96.995985  -23.004015
15249         76     91     119   93.144558  -25.855442
15250         76     92     118   96.663376  -21.336624
15251         76     93     117   89.465061  -27.534939
15252         76     94     116   94.771545  -21.228455
15253         76     95     115   95.558409  -19.441591
15254         76     96     114   92.757393  -21.242607
15255         76     97     113   97.280549  -15.719451
15256         76     98     112   97.561954  -14.438046
15257         76     99     111  100.912384  -10.087616
15258         76    100     110   90.342656  -19.657344
15259         76    101     109   90.618042  -18.381958
15260         76    102     108   93.693125  -14.306875
15261         76    103     107   93.197181  -13.802819
15262         76    104     106   90.580503  -15.419497
15263         76    105     105   90.817448  -14.182552
15264         76    106     104   94.931728   -9.068272
15265         76    107     103   95.826413   -7.173587
15266         76    108     102   97.460611   -4.539389
15267         76    109     101   96.677512   -4.322488
15268         76    110     100   94.329408   -5.670592
15269         76    111      99   93.576713   -5.423287
15270         76    112      98   91.599153   -6.400847
15271         76    113      97   91.685427   -5.314573
15272         76    114      96   89.103594   -6.896406
15273         76    115      95   89.168143   -5.831857
15274         76    116      94   88.613506   -5.386494
15275         76    117      93   84.678138   -8.321862
15276         76    118      92   87.271622   -4.728378
15277         76    119      91   80.303316  -10.696684
15278         76    120      90   87.823520   -2.176480
15279         76    121      89   84.073842   -4.926158
15280         76    122      88   81.020485   -6.979515
15281         76    123      87   80.894574   -6.105426
15282         76    124      86   74.280779  -11.719221
15283         76    125      85   72.656898  -12.343102
15284         76    126      84   79.084138   -4.915862
15285         76    127      83   78.354510   -4.645490
15286         76    128      82   79.936127   -2.063873
15287         76    129      81   77.308309   -3.691691
15288         76    130      80   78.819861   -1.180139
15289         76    131      79   75.946857   -3.053143
15290         76    132      78   73.632993   -4.367007
15291         76    133      77   71.486107   -5.513893
15292         76    134      76   72.512679   -3.487321
15293         76    135      75   77.318076    2.318076
15294         76    136      74   74.919522    0.919522
15295         76    137      73   71.028715   -1.971285
15296         76    138      72   69.787560   -2.212440
15297         76    139      71   67.773019   -3.226981
15298         76    140      70   72.704049    2.704049
15299         76    141      69   70.986347    1.986347
15300         76    142      68   63.689664   -4.310336
15301         76    143      67   69.336261    2.336261
15302         76    144      66   62.976573   -3.023427
15303         76    145      65   65.262415    0.262415
15304         76    146      64   63.114071   -0.885929
15305         76    147      63   60.772203   -2.227797
15306         76    148      62   58.919160   -3.080840
15307         76    149      61   61.986533    0.986533
15308         76    150      60   58.135092   -1.864908
15309         76    151      59   61.668523    2.668523
15310         76    152      58   56.239189   -1.760811
15311         76    153      57   60.141572    3.141572
15312         76    154      56   52.788494   -3.211506
15313         76    155      55   54.438038   -0.561962
15314         76    156      54   54.157286    0.157286
15315         76    157      53   50.079159   -2.920841
15316         76    158      52   50.497093   -1.502907
15317         76    159      51   49.870208   -1.129792
15318         76    160      50   47.565214   -2.434786
15319         76    161      49   51.203580    2.203580
15320         76    162      48   45.182354   -2.817646
15321         76    163      47   45.664811   -1.335189
15322         76    164      46   47.084538    1.084538
15323         76    165      45   43.258781   -1.741219
15324         76    166      44   38.717796   -5.282204
15325         76    167      43   38.512154   -4.487846
15326         76    168      42   36.805879   -5.194121
15327         76    169      41   36.963759   -4.036241
15328         76    170      40   36.287104   -3.712896
15329         76    171      39   35.921065   -3.078935
15330         76    172      38   32.203824   -5.796176
15331         76    173      37   26.760686  -10.239314
15332         76    174      36   28.152493   -7.847507
15333         76    175      35   29.858644   -5.141356
15334         76    176      34   29.884948   -4.115052
15335         76    177      33   31.003075   -1.996925
15336         76    178      32   30.204003   -1.795997
15337         76    179      31   28.974401   -2.025599
15338         76    180      30   27.503865   -2.496135
15339         76    181      29   26.416110   -2.583890
15340         76    182      28   24.109343   -3.890657
15341         76    183      27   27.316748    0.316748
15342         76    184      26   23.301930   -2.698070
15343         76    185      25   20.439026   -4.560974
15344         76    186      24   17.994358   -6.005642
15345         76    187      23   15.716758   -7.283242
15346         76    188      22   16.915716   -5.084284
15347         76    189      21   13.106284   -7.893716
15348         76    190      20   14.700487   -5.299513
15349         76    191      19   13.097165   -5.902835
15350         76    192      18   14.246773   -3.753227
15351         76    193      17   14.107603   -2.892397
15352         76    194      16   14.933859   -1.066141
15353         76    195      15   13.806362   -1.193638
15354         76    196      14   13.150187   -0.849813
15355         76    197      13   12.210957   -0.789043
15356         76    198      12   12.062850    0.062850
15357         76    199      11    7.631945   -3.368055
15358         76    200      10   11.647990    1.647990
15359         76    201       9    9.690045    0.690045
15360         76    202       8    9.817919    1.817919
15361         76    203       7    8.723213    1.723213
15362         76    204       6    9.654101    3.654101
15363         76    205       5    4.699086   -0.300914
15364         76    206       4    2.952494   -1.047506
15365         76    207       3    3.488709    0.488709
15366         76    208       2    2.420081    0.420081
15367         76    209       1    1.077853    0.077853
15368         76    210       0    3.657488    3.657488
15369         77      1     153  193.695546   40.695546
15370         77      2     152  192.506231   40.506231
15371         77      3     151  206.844859   55.844859
15372         77      4     150  198.232592   48.232592
15373         77      5     149  200.146638   51.146638
15374         77      6     148  194.460817   46.460817
15375         77      7     147  196.228667   49.228667
15376         77      8     146  196.582566   50.582566
15377         77      9     145  192.775795   47.775795
15378         77     10     144  188.035169   44.035169
15379         77     11     143  180.479987   37.479987
15380         77     12     142  182.023328   40.023328
15381         77     13     141  179.460673   38.460673
15382         77     14     140  178.632307   38.632307
15383         77     15     139  177.158494   38.158494
15384         77     16     138  180.393192   42.393192
15385         77     17     137  175.036469   38.036469
15386         77     18     136  168.487402   32.487402
15387         77     19     135  170.334125   35.334125
15388         77     20     134  168.200330   34.200330
15389         77     21     133  170.438921   37.438921
15390         77     22     132  166.766655   34.766655
15391         77     23     131  161.246161   30.246161
15392         77     24     130  165.258364   35.258364
15393         77     25     129  163.318804   34.318804
15394         77     26     128  158.234592   30.234592
15395         77     27     127  156.814148   29.814148
15396         77     28     126  155.029718   29.029718
15397         77     29     125  149.495076   24.495076
15398         77     30     124  152.063900   28.063900
15399         77     31     123  155.437119   32.437119
15400         77     32     122  155.055267   33.055267
15401         77     33     121  139.605985   18.605985
15402         77     34     120  142.716432   22.716432
15403         77     35     119  139.686955   20.686955
15404         77     36     118  136.792218   18.792218
15405         77     37     117  139.468750   22.468750
15406         77     38     116  132.615834   16.615834
15407         77     39     115  130.660806   15.660806
15408         77     40     114  132.211129   18.211129
15409         77     41     113  129.071181   16.071181
15410         77     42     112  134.034040   22.034040
15411         77     43     111  132.147992   21.147992
15412         77     44     110  129.477681   19.477681
15413         77     45     109  124.380663   15.380663
15414         77     46     108  132.139161   24.139161
15415         77     47     107  132.065909   25.065909
15416         77     48     106  129.311467   23.311467
15417         77     49     105  132.107025   27.107025
15418         77     50     104  138.103363   34.103363
15419         77     51     103  135.001150   32.001150
15420         77     52     102  132.433869   30.433869
15421         77     53     101  132.510360   31.510360
15422         77     54     100  134.306555   34.306555
15423         77     55      99  128.867066   29.867066
15424         77     56      98  136.504625   38.504625
15425         77     57      97  135.220213   38.220213
15426         77     58      96  130.333995   34.333995
15427         77     59      95  134.269835   39.269835
15428         77     60      94  129.574512   35.574512
15429         77     61      93  127.803322   34.803322
15430         77     62      92  132.528408   40.528408
15431         77     63      91  128.427975   37.427975
15432         77     64      90  128.171301   38.171301
15433         77     65      89  131.736825   42.736825
15434         77     66      88  129.199621   41.199621
15435         77     67      87  125.946325   38.946325
15436         77     68      86  122.942101   36.942101
15437         77     69      85  121.634283   36.634283
15438         77     70      84  120.521876   36.521876
15439         77     71      83  123.896575   40.896575
15440         77     72      82  112.104353   30.104353
15441         77     73      81  120.482880   39.482880
15442         77     74      80  114.608374   34.608374
15443         77     75      79  111.885766   32.885766
15444         77     76      78  113.586350   35.586350
15445         77     77      77  111.408308   34.408308
15446         77     78      76  110.328119   34.328119
15447         77     79      75  109.727562   34.727562
15448         77     80      74  105.890370   31.890370
15449         77     81      73  108.260592   35.260592
15450         77     82      72  108.980923   36.980923
15451         77     83      71  107.374574   36.374574
15452         77     84      70  104.661221   34.661221
15453         77     85      69  106.705744   37.705744
15454         77     86      68  102.326608   34.326608
15455         77     87      67  102.362917   35.362917
15456         77     88      66  100.225483   34.225483
15457         77     89      65  101.019398   36.019398
15458         77     90      64  103.366270   39.366270
15459         77     91      63   95.738580   32.738580
15460         77     92      62  101.700918   39.700918
15461         77     93      61   94.082404   33.082404
15462         77     94      60   89.453743   29.453743
15463         77     95      59   85.608345   26.608345
15464         77     96      58   85.328400   27.328400
15465         77     97      57   83.578394   26.578394
15466         77     98      56   78.531727   22.531727
15467         77     99      55   72.543869   17.543869
15468         77    100      54   70.539509   16.539509
15469         77    101      53   73.770235   20.770235
15470         77    102      52   76.819433   24.819433
15471         77    103      51   77.254394   26.254394
15472         77    104      50   77.173119   27.173119
15473         77    105      49   68.142235   19.142235
15474         77    106      48   70.432357   22.432357
15475         77    107      47   70.698952   23.698952
15476         77    108      46   70.699065   24.699065
15477         77    109      45   64.915554   19.915554
15478         77    110      44   68.559168   24.559168
15479         77    111      43   66.742692   23.742692
15480         77    112      42   68.338948   26.338948
15481         77    113      41   58.824542   17.824542
15482         77    114      40   67.586928   27.586928
15483         77    115      39   64.254597   25.254597
15484         77    116      38   60.844681   22.844681
15485         77    117      37   54.873048   17.873048
15486         77    118      36   54.950387   18.950387
15487         77    119      35   55.079061   20.079061
15488         77    120      34   55.716918   21.716918
15489         77    121      33   53.941095   20.941095
15490         77    122      32   52.315333   20.315333
15491         77    123      31   55.821893   24.821893
15492         77    124      30   49.848834   19.848834
15493         77    125      29   46.414739   17.414739
15494         77    126      28   45.135272   17.135272
15495         77    127      27   39.995466   12.995466
15496         77    128      26   37.274190   11.274190
15497         77    129      25   35.760200   10.760200
15498         77    130      24   37.541112   13.541112
15499         77    131      23   36.786411   13.786411
15500         77    132      22   29.962602    7.962602
15501         77    133      21   25.893355    4.893355
15502         77    134      20   26.380064    6.380064
15503         77    135      19   23.497814    4.497814
15504         77    136      18   21.847207    3.847207
15505         77    137      17   19.822290    2.822290
15506         77    138      16   20.056135    4.056135
15507         77    139      15   15.488045    0.488045
15508         77    140      14   10.680506   -3.319494
15509         77    141      13   10.382654   -2.617346
15510         77    142      12   11.008171   -0.991829
15511         77    143      11    8.407530   -2.592470
15512         77    144      10    4.170031   -5.829969
15513         77    145       9    0.677490   -8.322510
15514         77    146       8    3.183488   -4.816512
15515         77    147       7    2.039002   -4.960998
15516         77    148       6   -2.203344   -8.203344
15517         77    149       5   -7.895956  -12.895956
15518         77    150       4   -8.979849  -12.979849
15519         77    151       3   -9.030962  -12.030962
15520         77    152       2  -10.340849  -12.340849
15521         77    153       1  -14.411341  -15.411341
15522         77    154       0  -11.660581  -11.660581
15523         78      1     230  225.026585   -4.973415
15524         78      2     229  245.316598   16.316598
15525         78      3     228  243.790546   15.790546
15526         78      4     227  241.762928   14.762928
15527         78      5     226  233.977629    7.977629
15528         78      6     225  228.883390    3.883390
15529         78      7     224  224.741518    0.741518
15530         78      8     223  229.956770    6.956770
15531         78      9     222  221.658432   -0.341568
15532         78     10     221  215.709378   -5.290622
15533         78     11     220  220.336727    0.336727
15534         78     12     219  218.555552   -0.444448
15535         78     13     218  213.426357   -4.573643
15536         78     14     217  215.211416   -1.788584
15537         78     15     216  199.405814  -16.594186
15538         78     16     215  205.651743   -9.348257
15539         78     17     214  204.580814   -9.419186
15540         78     18     213  202.316861  -10.683139
15541         78     19     212  194.672350  -17.327650
15542         78     20     211  198.924377  -12.075623
15543         78     21     210  195.783312  -14.216688
15544         78     22     209  194.738676  -14.261324
15545         78     23     208  198.063413   -9.936587
15546         78     24     207  194.408489  -12.591511
15547         78     25     206  196.734020   -9.265980
15548         78     26     205  194.627405  -10.372595
15549         78     27     204  194.737868   -9.262132
15550         78     28     203  193.037317   -9.962683
15551         78     29     202  201.016884   -0.983116
15552         78     30     201  194.828335   -6.171665
15553         78     31     200  193.673865   -6.326135
15554         78     32     199  202.531625    3.531625
15555         78     33     198  190.403260   -7.596740
15556         78     34     197  192.630555   -4.369445
15557         78     35     196  187.084801   -8.915199
15558         78     36     195  188.442459   -6.557541
15559         78     37     194  188.068721   -5.931279
15560         78     38     193  188.018854   -4.981146
15561         78     39     192  186.269511   -5.730489
15562         78     40     191  185.845242   -5.154758
15563         78     41     190  179.723512  -10.276488
15564         78     42     189  176.041863  -12.958137
15565         78     43     188  179.094952   -8.905048
15566         78     44     187  181.374028   -5.625972
15567         78     45     186  173.912701  -12.087299
15568         78     46     185  178.702696   -6.297304
15569         78     47     184  180.552210   -3.447790
15570         78     48     183  179.671384   -3.328616
15571         78     49     182  174.209560   -7.790440
15572         78     50     181  179.641718   -1.358282
15573         78     51     180  167.008882  -12.991118
15574         78     52     179  170.826993   -8.173007
15575         78     53     178  173.639745   -4.360255
15576         78     54     177  172.895138   -4.104862
15577         78     55     176  174.064109   -1.935891
15578         78     56     175  171.354334   -3.645666
15579         78     57     174  170.017038   -3.982962
15580         78     58     173  165.464810   -7.535190
15581         78     59     172  167.919165   -4.080835
15582         78     60     171  170.438700   -0.561300
15583         78     61     170  165.812950   -4.187050
15584         78     62     169  163.868351   -5.131649
15585         78     63     168  168.193254    0.193254
15586         78     64     167  170.210572    3.210572
15587         78     65     166  163.935079   -2.064921
15588         78     66     165  160.537916   -4.462084
15589         78     67     164  164.518515    0.518515
15590         78     68     163  161.130060   -1.869940
15591         78     69     162  163.690471    1.690471
15592         78     70     161  168.529674    7.529674
15593         78     71     160  157.535236   -2.464764
15594         78     72     159  162.289051    3.289051
15595         78     73     158  159.846550    1.846550
15596         78     74     157  157.511953    0.511953
15597         78     75     156  162.430796    6.430796
15598         78     76     155  162.141605    7.141605
15599         78     77     154  157.879241    3.879241
15600         78     78     153  157.993487    4.993487
15601         78     79     152  158.596467    6.596467
15602         78     80     151  149.009724   -1.990276
15603         78     81     150  155.133127    5.133127
15604         78     82     149  157.930386    8.930386
15605         78     83     148  152.385219    4.385219
15606         78     84     147  147.826549    0.826549
15607         78     85     146  147.301719    1.301719
15608         78     86     145  154.153993    9.153993
15609         78     87     144  146.389735    2.389735
15610         78     88     143  145.597304    2.597304
15611         78     89     142  148.333834    6.333834
15612         78     90     141  144.250716    3.250716
15613         78     91     140  144.771749    4.771749
15614         78     92     139  146.606941    7.606941
15615         78     93     138  142.652181    4.652181
15616         78     94     137  147.291382   10.291382
15617         78     95     136  147.866668   11.866668
15618         78     96     135  142.098328    7.098328
15619         78     97     134  143.351910    9.351910
15620         78     98     133  139.028430    6.028430
15621         78     99     132  149.416799   17.416799
15622         78    100     131  142.203298   11.203298
15623         78    101     130  147.555752   17.555752
15624         78    102     129  146.207302   17.207302
15625         78    103     128  141.443454   13.443454
15626         78    104     127  142.926183   15.926183
15627         78    105     126  137.693490   11.693490
15628         78    106     125  133.982864    8.982864
15629         78    107     124  139.342505   15.342505
15630         78    108     123  140.977123   17.977123
15631         78    109     122  134.034552   12.034552
15632         78    110     121  137.035008   16.035008
15633         78    111     120  136.970716   16.970716
15634         78    112     119  135.746862   16.746862
15635         78    113     118  143.808007   25.808007
15636         78    114     117  130.755553   13.755553
15637         78    115     116  128.393913   12.393913
15638         78    116     115  130.222381   15.222381
15639         78    117     114  135.281064   21.281064
15640         78    118     113  122.538606    9.538606
15641         78    119     112  125.177614   13.177614
15642         78    120     111  126.632997   15.632997
15643         78    121     110  123.208793   13.208793
15644         78    122     109  119.766367   10.766367
15645         78    123     108  116.472590    8.472590
15646         78    124     107  119.530969   12.530969
15647         78    125     106  114.098275    8.098275
15648         78    126     105  112.133866    7.133866
15649         78    127     104  115.052807   11.052807
15650         78    128     103  114.088667   11.088667
15651         78    129     102  118.848783   16.848783
15652         78    130     101  110.413003    9.413003
15653         78    131     100  117.956653   17.956653
15654         78    132      99  112.469625   13.469625
15655         78    133      98  113.531506   15.531506
15656         78    134      97  108.932954   11.932954
15657         78    135      96  112.161110   16.161110
15658         78    136      95  111.595607   16.595607
15659         78    137      94  108.235537   14.235537
15660         78    138      93  108.490429   15.490429
15661         78    139      92  108.018672   16.018672
15662         78    140      91   99.681040    8.681040
15663         78    141      90  106.723224   16.723224
15664         78    142      89  105.333126   16.333126
15665         78    143      88  103.197783   15.197783
15666         78    144      87  102.900955   15.900955
15667         78    145      86  101.107739   15.107739
15668         78    146      85  102.882290   17.882290
15669         78    147      84  101.580512   17.580512
15670         78    148      83   97.332428   14.332428
15671         78    149      82   96.547410   14.547410
15672         78    150      81   98.264762   17.264762
15673         78    151      80   94.849140   14.849140
15674         78    152      79   99.661587   20.661587
15675         78    153      78   88.886395   10.886395
15676         78    154      77   94.100295   17.100295
15677         78    155      76   83.118393    7.118393
15678         78    156      75   87.683235   12.683235
15679         78    157      74   88.170627   14.170627
15680         78    158      73   90.851558   17.851558
15681         78    159      72   82.547709   10.547709
15682         78    160      71   77.513932    6.513932
15683         78    161      70   83.629979   13.629979
15684         78    162      69   85.404623   16.404623
15685         78    163      68   78.898600   10.898600
15686         78    164      67   79.841148   12.841148
15687         78    165      66   79.897086   13.897086
15688         78    166      65   72.167065    7.167065
15689         78    167      64   73.440861    9.440861
15690         78    168      63   69.579052    6.579052
15691         78    169      62   69.469287    7.469287
15692         78    170      61   61.775719    0.775719
15693         78    171      60   67.810638    7.810638
15694         78    172      59   62.390304    3.390304
15695         78    173      58   62.220076    4.220076
15696         78    174      57   64.183230    7.183230
15697         78    175      56   58.284941    2.284941
15698         78    176      55   62.571872    7.571872
15699         78    177      54   59.225538    5.225538
15700         78    178      53   59.868160    6.868160
15701         78    179      52   56.483088    4.483088
15702         78    180      51   46.675209   -4.324791
15703         78    181      50   43.427645   -6.572355
15704         78    182      49   45.110484   -3.889516
15705         78    183      48   43.572576   -4.427424
15706         78    184      47   36.976607  -10.023393
15707         78    185      46   42.568782   -3.431218
15708         78    186      45   34.733458  -10.266542
15709         78    187      44   33.551004  -10.448996
15710         78    188      43   32.415594  -10.584406
15711         78    189      42   32.226464   -9.773536
15712         78    190      41   28.650016  -12.349984
15713         78    191      40   22.481183  -17.518817
15714         78    192      39   25.729830  -13.270170
15715         78    193      38   22.328845  -15.671155
15716         78    194      37   22.194108  -14.805892
15717         78    195      36   21.158516  -14.841484
15718         78    196      35   19.328412  -15.671588
15719         78    197      34   20.499495  -13.500505
15720         78    198      33   18.869981  -14.130019
15721         78    199      32   18.727081  -13.272919
15722         78    200      31   21.811739   -9.188261
15723         78    201      30   18.889780  -11.110220
15724         78    202      29   20.899269   -8.100731
15725         78    203      28   17.407804  -10.592196
15726         78    204      27   14.512575  -12.487425
15727         78    205      26   12.334273  -13.665727
15728         78    206      25   12.928599  -12.071401
15729         78    207      24    9.764039  -14.235961
15730         78    208      23   12.137253  -10.862747
15731         78    209      22   15.121873   -6.878127
15732         78    210      21   12.189886   -8.810114
15733         78    211      20    7.512150  -12.487850
15734         78    212      19   10.165779   -8.834221
15735         78    213      18    8.284606   -9.715394
15736         78    214      17    6.978417  -10.021583
15737         78    215      16    7.327495   -8.672505
15738         78    216      15    4.088556  -10.911444
15739         78    217      14    2.654531  -11.345469
15740         78    218      13    1.722632  -11.277368
15741         78    219      12    3.350454   -8.649546
15742         78    220      11    3.020121   -7.979879
15743         78    221      10    1.432616   -8.567384
15744         78    222       9   -2.664396  -11.664396
15745         78    223       8   -6.180763  -14.180763
15746         78    224       7   -3.380326  -10.380326
15747         78    225       6   -2.125577   -8.125577
15748         78    226       5   -4.042336   -9.042336
15749         78    227       4   -3.741964   -7.741964
15750         78    228       3   -6.751522   -9.751522
15751         78    229       2   -6.101800   -8.101800
15752         78    230       1   -8.943014   -9.943014
15753         78    231       0  -12.336205  -12.336205
15754         79      1     198  208.303822   10.303822
15755         79      2     197  214.234091   17.234091
15756         79      3     196  213.600896   17.600896
15757         79      4     195  219.585593   24.585593
15758         79      5     194  213.657436   19.657436
15759         79      6     193  212.642934   19.642934
15760         79      7     192  212.212825   20.212825
15761         79      8     191  203.791604   12.791604
15762         79      9     190  206.882978   16.882978
15763         79     10     189  198.312072    9.312072
15764         79     11     188  196.963854    8.963854
15765         79     12     187  197.023128   10.023128
15766         79     13     186  195.215626    9.215626
15767         79     14     185  194.705913    9.705913
15768         79     15     184  190.542939    6.542939
15769         79     16     183  196.296121   13.296121
15770         79     17     182  192.208985   10.208985
15771         79     18     181  196.215320   15.215320
15772         79     19     180  183.603996    3.603996
15773         79     20     179  188.029862    9.029862
15774         79     21     178  179.836330    1.836330
15775         79     22     177  189.858401   12.858401
15776         79     23     176  183.848584    7.848584
15777         79     24     175  186.123277   11.123277
15778         79     25     174  190.552620   16.552620
15779         79     26     173  187.961386   14.961386
15780         79     27     172  183.999200   11.999200
15781         79     28     171  180.349035    9.349035
15782         79     29     170  182.154213   12.154213
15783         79     30     169  181.675110   12.675110
15784         79     31     168  181.238049   13.238049
15785         79     32     167  166.312951   -0.687049
15786         79     33     166  177.613213   11.613213
15787         79     34     165  175.854231   10.854231
15788         79     35     164  176.557776   12.557776
15789         79     36     163  168.835666    5.835666
15790         79     37     162  174.102231   12.102231
15791         79     38     161  169.615828    8.615828
15792         79     39     160  172.642021   12.642021
15793         79     40     159  167.624308    8.624308
15794         79     41     158  167.761784    9.761784
15795         79     42     157  165.722438    8.722438
15796         79     43     156  164.138730    8.138730
15797         79     44     155  165.805927   10.805927
15798         79     45     154  155.134046    1.134046
15799         79     46     153  154.236845    1.236845
15800         79     47     152  154.715219    2.715219
15801         79     48     151  159.574366    8.574366
15802         79     49     150  155.535944    5.535944
15803         79     50     149  156.405289    7.405289
15804         79     51     148  148.168631    0.168631
15805         79     52     147  152.230445    5.230445
15806         79     53     146  151.655541    5.655541
15807         79     54     145  146.067628    1.067628
15808         79     55     144  146.957561    2.957561
15809         79     56     143  153.817690   10.817690
15810         79     57     142  150.867575    8.867575
15811         79     58     141  144.967732    3.967732
15812         79     59     140  145.335554    5.335554
15813         79     60     139  147.305939    8.305939
15814         79     61     138  147.107757    9.107757
15815         79     62     137  156.297455   19.297455
15816         79     63     136  155.638546   19.638546
15817         79     64     135  152.550469   17.550469
15818         79     65     134  156.938212   22.938212
15819         79     66     133  150.833701   17.833701
15820         79     67     132  150.447203   18.447203
15821         79     68     131  151.373672   20.373672
15822         79     69     130  149.410376   19.410376
15823         79     70     129  143.155415   14.155415
15824         79     71     128  151.165350   23.165350
15825         79     72     127  144.770379   17.770379
15826         79     73     126  151.862690   25.862690
15827         79     74     125  148.707613   23.707613
15828         79     75     124  148.351209   24.351209
15829         79     76     123  150.315892   27.315892
15830         79     77     122  144.237164   22.237164
15831         79     78     121  154.302153   33.302153
15832         79     79     120  150.672020   30.672020
15833         79     80     119  147.221665   28.221665
15834         79     81     118  149.733079   31.733079
15835         79     82     117  145.620234   28.620234
15836         79     83     116  145.594504   29.594504
15837         79     84     115  136.318932   21.318932
15838         79     85     114  142.659982   28.659982
15839         79     86     113  143.447911   30.447911
15840         79     87     112  139.948978   27.948978
15841         79     88     111  142.028531   31.028531
15842         79     89     110  132.559092   22.559092
15843         79     90     109  134.029567   25.029567
15844         79     91     108  145.971049   37.971049
15845         79     92     107  134.557499   27.557499
15846         79     93     106  128.940407   22.940407
15847         79     94     105  132.097432   27.097432
15848         79     95     104  133.923089   29.923089
15849         79     96     103  138.406321   35.406321
15850         79     97     102  130.177468   28.177468
15851         79     98     101  132.333286   31.333286
15852         79     99     100  127.916464   27.916464
15853         79    100      99  129.398240   30.398240
15854         79    101      98  123.441690   25.441690
15855         79    102      97  124.204492   27.204492
15856         79    103      96  120.565004   24.565004
15857         79    104      95  119.063425   24.063425
15858         79    105      94  118.022833   24.022833
15859         79    106      93  124.544604   31.544604
15860         79    107      92  109.701258   17.701258
15861         79    108      91  111.497343   20.497343
15862         79    109      90  111.609151   21.609151
15863         79    110      89  116.448513   27.448513
15864         79    111      88  111.319131   23.319131
15865         79    112      87  112.675638   25.675638
15866         79    113      86  105.124217   19.124217
15867         79    114      85  108.134976   23.134976
15868         79    115      84  113.599739   29.599739
15869         79    116      83  107.544370   24.544370
15870         79    117      82  109.083680   27.083680
15871         79    118      81  105.905774   24.905774
15872         79    119      80   98.691921   18.691921
15873         79    120      79   94.683272   15.683272
15874         79    121      78   99.241246   21.241246
15875         79    122      77  100.150462   23.150462
15876         79    123      76   95.794885   19.794885
15877         79    124      75   92.527181   17.527181
15878         79    125      74   92.883897   18.883897
15879         79    126      73   96.052434   23.052434
15880         79    127      72   89.563316   17.563316
15881         79    128      71   92.430537   21.430537
15882         79    129      70   91.912563   21.912563
15883         79    130      69   86.507419   17.507419
15884         79    131      68   83.975293   15.975293
15885         79    132      67   79.698975   12.698975
15886         79    133      66   73.768996    7.768996
15887         79    134      65   79.176042   14.176042
15888         79    135      64   74.731691   10.731691
15889         79    136      63   71.810515    8.810515
15890         79    137      62   70.913976    8.913976
15891         79    138      61   71.559933   10.559933
15892         79    139      60   66.848002    6.848002
15893         79    140      59   66.346525    7.346525
15894         79    141      58   63.182099    5.182099
15895         79    142      57   63.287070    6.287070
15896         79    143      56   64.399968    8.399968
15897         79    144      55   75.070038   20.070038
15898         79    145      54   63.992792    9.992792
15899         79    146      53   67.511755   14.511755
15900         79    147      52   63.577278   11.577278
15901         79    148      51   58.926766    7.926766
15902         79    149      50   61.002696   11.002696
15903         79    150      49   61.357056   12.357056
15904         79    151      48   63.053335   15.053335
15905         79    152      47   56.092389    9.092389
15906         79    153      46   55.979841    9.979841
15907         79    154      45   55.779004   10.779004
15908         79    155      44   53.660887    9.660887
15909         79    156      43   52.741814    9.741814
15910         79    157      42   46.591042    4.591042
15911         79    158      41   50.765526    9.765526
15912         79    159      40   50.745923   10.745923
15913         79    160      39   45.602637    6.602637
15914         79    161      38   40.760148    2.760148
15915         79    162      37   39.792513    2.792513
15916         79    163      36   37.842883    1.842883
15917         79    164      35   31.479965   -3.520035
15918         79    165      34   30.305211   -3.694789
15919         79    166      33   27.767496   -5.232504
15920         79    167      32   25.550301   -6.449699
15921         79    168      31   21.786485   -9.213515
15922         79    169      30   23.323809   -6.676191
15923         79    170      29   18.801247  -10.198753
15924         79    171      28   19.844223   -8.155777
15925         79    172      27   15.083641  -11.916359
15926         79    173      26   12.600394  -13.399606
15927         79    174      25   13.258115  -11.741885
15928         79    175      24   11.776341  -12.223659
15929         79    176      23   13.316924   -9.683076
15930         79    177      22    8.396926  -13.603074
15931         79    178      21    6.024338  -14.975662
15932         79    179      20    9.362541  -10.637459
15933         79    180      19    7.792079  -11.207921
15934         79    181      18    6.821383  -11.178617
15935         79    182      17    0.323937  -16.676063
15936         79    183      16    0.075100  -15.924900
15937         79    184      15    4.228465  -10.771535
15938         79    185      14   -2.526424  -16.526424
15939         79    186      13   -3.104034  -16.104034
15940         79    187      12   -6.498332  -18.498332
15941         79    188      11   -4.894136  -15.894136
15942         79    189      10   -8.102254  -18.102254
15943         79    190       9  -11.137360  -20.137360
15944         79    191       8   -8.783332  -16.783332
15945         79    192       7  -12.216446  -19.216446
15946         79    193       6  -14.565184  -20.565184
15947         79    194       5  -17.629679  -22.629679
15948         79    195       4  -18.216416  -22.216416
15949         79    196       3  -17.276344  -20.276344
15950         79    197       2  -17.419037  -19.419037
15951         79    198       1  -20.676685  -21.676685
15952         79    199       0  -21.446843  -21.446843
15953         80      1     184  198.814864   14.814864
15954         80      2     183  188.738977    5.738977
15955         80      3     182  175.608811   -6.391189
15956         80      4     181  166.042297  -14.957703
15957         80      5     180  172.975508   -7.024492
15958         80      6     179  182.225942    3.225942
15959         80      7     178  181.027296    3.027296
15960         80      8     177  185.983022    8.983022
15961         80      9     176  178.644038    2.644038
15962         80     10     175  175.924008    0.924008
15963         80     11     174  171.641172   -2.358828
15964         80     12     173  161.771812  -11.228188
15965         80     13     172  162.807950   -9.192050
15966         80     14     171  166.339848   -4.660152
15967         80     15     170  163.489810   -6.510190
15968         80     16     169  160.872859   -8.127141
15969         80     17     168  164.717818   -3.282182
15970         80     18     167  158.133719   -8.866281
15971         80     19     166  158.781752   -7.218248
15972         80     20     165  157.982973   -7.017027
15973         80     21     164  155.097601   -8.902399
15974         80     22     163  153.150830   -9.849170
15975         80     23     162  153.445938   -8.554062
15976         80     24     161  151.434394   -9.565606
15977         80     25     160  153.389402   -6.610598
15978         80     26     159  147.789747  -11.210253
15979         80     27     158  147.240068  -10.759932
15980         80     28     157  152.975800   -4.024200
15981         80     29     156  149.321681   -6.678319
15982         80     30     155  149.824567   -5.175433
15983         80     31     154  149.758131   -4.241869
15984         80     32     153  156.691871    3.691871
15985         80     33     152  142.555525   -9.444475
15986         80     34     151  145.027073   -5.972927
15987         80     35     150  138.604724  -11.395276
15988         80     36     149  137.865015  -11.134985
15989         80     37     148  137.383595  -10.616405
15990         80     38     147  140.971348   -6.028652
15991         80     39     146  140.551816   -5.448184
15992         80     40     145  135.503553   -9.496447
15993         80     41     144  133.631834  -10.368166
15994         80     42     143  134.636382   -8.363618
15995         80     43     142  130.338745  -11.661255
15996         80     44     141  127.537940  -13.462060
15997         80     45     140  125.324855  -14.675145
15998         80     46     139  127.024050  -11.975950
15999         80     47     138  128.934971   -9.065029
16000         80     48     137  122.202682  -14.797318
16001         80     49     136  123.238134  -12.761866
16002         80     50     135  122.985241  -12.014759
16003         80     51     134  121.134975  -12.865025
16004         80     52     133  117.840319  -15.159681
16005         80     53     132  121.661481  -10.338519
16006         80     54     131  125.575937   -5.424063
16007         80     55     130  125.818456   -4.181544
16008         80     56     129  121.418699   -7.581301
16009         80     57     128  123.348271   -4.651729
16010         80     58     127  118.710076   -8.289924
16011         80     59     126  123.698829   -2.301171
16012         80     60     125  122.310025   -2.689975
16013         80     61     124  121.259611   -2.740389
16014         80     62     123  121.998643   -1.001357
16015         80     63     122  126.615563    4.615563
16016         80     64     121  122.596572    1.596572
16017         80     65     120  125.129974    5.129974
16018         80     66     119  121.267927    2.267927
16019         80     67     118  119.496569    1.496569
16020         80     68     117  119.037247    2.037247
16021         80     69     116  117.158231    1.158231
16022         80     70     115  114.442207   -0.557793
16023         80     71     114  116.207268    2.207268
16024         80     72     113  112.974631   -0.025369
16025         80     73     112  116.666983    4.666983
16026         80     74     111  110.613500   -0.386500
16027         80     75     110  111.821483    1.821483
16028         80     76     109  106.655475   -2.344525
16029         80     77     108  110.032528    2.032528
16030         80     78     107  110.645628    3.645628
16031         80     79     106  114.610594    8.610594
16032         80     80     105  100.651855   -4.348145
16033         80     81     104  105.799325    1.799325
16034         80     82     103   99.942955   -3.057045
16035         80     83     102  102.848895    0.848895
16036         80     84     101   99.060414   -1.939586
16037         80     85     100   97.006735   -2.993265
16038         80     86      99  100.914212    1.914212
16039         80     87      98   95.773874   -2.226126
16040         80     88      97   99.552179    2.552179
16041         80     89      96   98.689275    2.689275
16042         80     90      95   94.810828   -0.189172
16043         80     91      94   95.191453    1.191453
16044         80     92      93   94.180354    1.180354
16045         80     93      92   94.657436    2.657436
16046         80     94      91   97.119447    6.119447
16047         80     95      90   93.923824    3.923824
16048         80     96      89   99.540711   10.540711
16049         80     97      88   94.066796    6.066796
16050         80     98      87   93.691949    6.691949
16051         80     99      86   92.318078    6.318078
16052         80    100      85   92.313878    7.313878
16053         80    101      84   93.537668    9.537668
16054         80    102      83   93.805131   10.805131
16055         80    103      82   90.489402    8.489402
16056         80    104      81   88.447248    7.447248
16057         80    105      80   94.994061   14.994061
16058         80    106      79   88.519063    9.519063
16059         80    107      78   87.197265    9.197265
16060         80    108      77   88.583617   11.583617
16061         80    109      76   84.996639    8.996639
16062         80    110      75   84.213342    9.213342
16063         80    111      74   84.645072   10.645072
16064         80    112      73   81.568366    8.568366
16065         80    113      72   83.464347   11.464347
16066         80    114      71   81.491973   10.491973
16067         80    115      70   76.344146    6.344146
16068         80    116      69   77.765569    8.765569
16069         80    117      68   75.284624    7.284624
16070         80    118      67   73.517318    6.517318
16071         80    119      66   69.937770    3.937770
16072         80    120      65   72.666766    7.666766
16073         80    121      64   68.185868    4.185868
16074         80    122      63   69.483494    6.483494
16075         80    123      62   68.051645    6.051645
16076         80    124      61   66.154054    5.154054
16077         80    125      60   67.644647    7.644647
16078         80    126      59   67.465928    8.465928
16079         80    127      58   66.593254    8.593254
16080         80    128      57   62.869558    5.869558
16081         80    129      56   56.964703    0.964703
16082         80    130      55   59.032830    4.032830
16083         80    131      54   59.276302    5.276302
16084         80    132      53   54.567352    1.567352
16085         80    133      52   51.868451   -0.131549
16086         80    134      51   52.490217    1.490217
16087         80    135      50   55.785186    5.785186
16088         80    136      49   53.702949    4.702949
16089         80    137      48   57.672473    9.672473
16090         80    138      47   58.628008   11.628008
16091         80    139      46   53.247366    7.247366
16092         80    140      45   52.574048    7.574048
16093         80    141      44   52.306171    8.306171
16094         80    142      43   53.015612   10.015612
16095         80    143      42   52.971026   10.971026
16096         80    144      41   51.781099   10.781099
16097         80    145      40   46.171583    6.171583
16098         80    146      39   43.828880    4.828880
16099         80    147      38   41.798139    3.798139
16100         80    148      37   47.646155   10.646155
16101         80    149      36   40.827896    4.827896
16102         80    150      35   42.041290    7.041290
16103         80    151      34   44.865600   10.865600
16104         80    152      33   39.095089    6.095089
16105         80    153      32   38.967593    6.967593
16106         80    154      31   38.723103    7.723103
16107         80    155      30   40.732029   10.732029
16108         80    156      29   37.776043    8.776043
16109         80    157      28   35.651355    7.651355
16110         80    158      27   36.365310    9.365310
16111         80    159      26   32.130965    6.130965
16112         80    160      25   35.701491   10.701491
16113         80    161      24   33.143990    9.143990
16114         80    162      23   33.709498   10.709498
16115         80    163      22   33.948940   11.948940
16116         80    164      21   34.777725   13.777725
16117         80    165      20   30.350260   10.350260
16118         80    166      19   25.380761    6.380761
16119         80    167      18   29.806848   11.806848
16120         80    168      17   29.882043   12.882043
16121         80    169      16   28.597830   12.597830
16122         80    170      15   23.386748    8.386748
16123         80    171      14   19.819905    5.819905
16124         80    172      13   17.705741    4.705741
16125         80    173      12   21.331244    9.331244
16126         80    174      11   14.626653    3.626653
16127         80    175      10   14.371231    4.371231
16128         80    176       9   11.737071    2.737071
16129         80    177       8   10.489403    2.489403
16130         80    178       7    5.163781   -1.836219
16131         80    179       6    7.918007    1.918007
16132         80    180       5    1.030281   -3.969719
16133         80    181       4    4.236038    0.236038
16134         80    182       3   -6.867343   -9.867343
16135         80    183       2  -11.060243  -13.060243
16136         80    184       1  -13.570836  -14.570836
16137         80    185       0  -15.248643  -15.248643
