       engine_id  cycle  target  prediction   residual
0              1      1     191  205.500568  14.500568
1              1      2     190  190.019242   0.019242
2              1      3     189  191.083087   2.083087
3              1      4     188  186.758020  -1.241980
4              1      5     187  188.850162   1.850162
5              1      6     186  181.472418  -4.527582
6              1      7     185  184.683330  -0.316670
7              1      8     184  181.148605  -2.851395
8              1      9     183  185.160900   2.160900
9              1     10     182  181.088280  -0.911720
10             1     11     181  187.420947   6.420947
11             1     12     180  190.431262  10.431262
12             1     13     179  178.746502  -0.253498
13             1     14     178  178.608994   0.608994
14             1     15     177  174.418052  -2.581948
15             1     16     176  174.189072  -1.810928
16             1     17     175  169.054905  -5.945095
17             1     18     174  170.890116  -3.109884
18             1     19     173  167.170201  -5.829799
19             1     20     172  165.793455  -6.206545
20             1     21     171  167.433956  -3.566044
21             1     22     170  165.810068  -4.189932
22             1     23     169  163.993927  -5.006073
23             1     24     168  163.430000  -4.570000
24             1     25     167  163.019935  -3.980065
25             1     26     166  162.594664  -3.405336
26             1     27     165  162.575312  -2.424688
27             1     28     164  162.835144  -1.164856
28             1     29     163  162.919684  -0.080316
29             1     30     162  162.485315   0.485315
30             1     31     161  161.732810   0.732810
31             1     32     160  159.136768  -0.863232
32             1     33     159  158.624156  -0.375844
33             1     34     158  159.083997   1.083997
34             1     35     157  156.545170  -0.454830
35             1     36     156  155.794879  -0.205121
36             1     37     155  156.264376   1.264376
37             1     38     154  156.843117   2.843117
38             1     39     153  154.516489   1.516489
39             1     40     152  153.847464   1.847464
40             1     41     151  153.670352   2.670352
41             1     42     150  150.529208   0.529208
42             1     43     149  150.442473   1.442473
43             1     44     148  149.802092   1.802092
44             1     45     147  149.508202   2.508202
45             1     46     146  148.779772   2.779772
46             1     47     145  146.718203   1.718203
47             1     48     144  145.139980   1.139980
48             1     49     143  146.995006   3.995006
49             1     50     142  143.389264   1.389264
50             1     51     141  143.201901   2.201901
51             1     52     140  141.918193   1.918193
52             1     53     139  140.611595   1.611595
53             1     54     138  140.901806   2.901806
54             1     55     137  139.691896   2.691896
55             1     56     136  138.273697   2.273697
56             1     57     135  138.075074   3.075074
57             1     58     134  137.286151   3.286151
58             1     59     133  132.980805  -0.019195
59             1     60     132  133.415691   1.415691
60             1     61     131  131.542291   0.542291
61             1     62     130  129.141054  -0.858946
62             1     63     129  124.885107  -4.114893
63             1     64     128  126.946919  -1.053081
64             1     65     127  127.987744   0.987744
65             1     66     126  129.554787   3.554787
66             1     67     125  132.699301   7.699301
67             1     68     124  129.929708   5.929708
68             1     69     123  126.495545   3.495545
69             1     70     122  125.917604   3.917604
70             1     71     121  123.903476   2.903476
71             1     72     120  124.724828   4.724828
72             1     73     119  120.184987   1.184987
73             1     74     118  112.559423  -5.440577
74             1     75     117  112.605919  -4.394081
75             1     76     116  111.530589  -4.469411
76             1     77     115  110.774173  -4.225827
77             1     78     114  109.305285  -4.694715
78             1     79     113  108.513004  -4.486996
79             1     80     112  106.280777  -5.719223
80             1     81     111  104.061556  -6.938444
81             1     82     110  103.900885  -6.099115
82             1     83     109  104.377818  -4.622182
83             1     84     108  104.594064  -3.405936
84             1     85     107  103.881137  -3.118863
85             1     86     106  104.365012  -1.634988
86             1     87     105  103.181168  -1.818832
87             1     88     104  102.504118  -1.495882
88             1     89     103  101.940587  -1.059413
89             1     90     102  101.592999  -0.407001
90             1     91     101   99.967166  -1.032834
91             1     92     100  100.284002   0.284002
92             1     93      99  100.387146   1.387146
93             1     94      98   96.886545  -1.113455
94             1     95      97   98.344527   1.344527
95             1     96      96   98.344992   2.344992
96             1     97      95   97.037565   2.037565
97             1     98      94   94.432226   0.432226
98             1     99      93   94.248915   1.248915
99             1    100      92   93.666524   1.666524
100            1    101      91   92.510109   1.510109
101            1    102      90   93.322774   3.322774
102            1    103      89   90.252898   1.252898
103            1    104      88   90.096758   2.096758
104            1    105      87   93.653702   6.653702
105            1    106      86   93.928490   7.928490
106            1    107      85   95.249570  10.249570
107            1    108      84   89.732161   5.732161
108            1    109      83   89.101288   6.101288
109            1    110      82   87.867765   5.867765
110            1    111      81   81.725535   0.725535
111            1    112      80   82.644849   2.644849
112            1    113      79   83.564147   4.564147
113            1    114      78   82.077104   4.077104
114            1    115      77   81.365579   4.365579
115            1    116      76   74.318763  -1.681237
116            1    117      75   79.373047   4.373047
117            1    118      74   72.387131  -1.612869
118            1    119      73   71.420894  -1.579106
119            1    120      72   69.518361  -2.481639
120            1    121      71   69.024150  -1.975850
121            1    122      70   65.270026  -4.729974
122            1    123      69   64.585715  -4.414285
123            1    124      68   67.543853  -0.456147
124            1    125      67   67.971992   0.971992
125            1    126      66   69.472497   3.472497
126            1    127      65   66.985692   1.985692
127            1    128      64   68.821665   4.821665
128            1    129      63   61.061215  -1.938785
129            1    130      62   58.694382  -3.305618
130            1    131      61   57.963405  -3.036595
131            1    132      60   64.971803   4.971803
132            1    133      59   55.671071  -3.328929
133            1    134      58   57.393515  -0.606485
134            1    135      57   57.818315   0.818315
135            1    136      56   68.384540  12.384540
136            1    137      55   62.530862   7.530862
137            1    138      54   57.186088   3.186088
138            1    139      53   59.463860   6.463860
139            1    140      52   60.103592   8.103592
140            1    141      51   54.249716   3.249716
141            1    142      50   56.554039   6.554039
142            1    143      49   57.235071   8.235071
143            1    144      48   55.607643   7.607643
144            1    145      47   50.379718   3.379718
145            1    146      46   54.943401   8.943401
146            1    147      45   53.620023   8.620023
147            1    148      44   49.835033   5.835033
148            1    149      43   50.509045   7.509045
149            1    150      42   46.796730   4.796730
150            1    151      41   44.387942   3.387942
151            1    152      40   39.541902  -0.458098
152            1    153      39   36.009619  -2.990381
153            1    154      38   34.412171  -3.587829
154            1    155      37   33.152848  -3.847152
155            1    156      36   35.130053  -0.869947
156            1    157      35   32.703624  -2.296376
157            1    158      34   31.578646  -2.421354
158            1    159      33   29.631453  -3.368547
159            1    160      32   30.564078  -1.435922
160            1    161      31   23.656256  -7.343744
161            1    162      30   22.492038  -7.507962
162            1    163      29   21.967275  -7.032725
163            1    164      28   21.025675  -6.974325
164            1    165      27   21.686417  -5.313583
165            1    166      26   21.097171  -4.902829
166            1    167      25   21.701804  -3.298196
167            1    168      24   21.499077  -2.500923
168            1    169      23   21.541443  -1.458557
169            1    170      22   22.020388   0.020388
170            1    171      21   21.516765   0.516765
171            1    172      20   21.167079   1.167079
172            1    173      19   19.502044   0.502044
173            1    174      18   18.944940   0.944940
174            1    175      17   17.490499   0.490499
175            1    176      16   17.535699   1.535699
176            1    177      15   16.738139   1.738139
177            1    178      14   15.715694   1.715694
178            1    179      13   16.695788   3.695788
179            1    180      12   13.644521   1.644521
180            1    181      11   13.208228   2.208228
181            1    182      10   10.550369   0.550369
182            1    183       9   10.023243   1.023243
183            1    184       8    8.572893   0.572893
184            1    185       7    6.950160  -0.049840
185            1    186       6    7.141923   1.141923
186            1    187       5    5.955443   0.955443
187            1    188       4    5.690105   1.690105
188            1    189       3    2.364404  -0.635596
189            1    190       2    2.240854   0.240854
190            1    191       1    0.889993  -0.110007
191            1    192       0    0.723540   0.723540
192            2      1     286  265.591987 -20.408013
193            2      2     285  274.561332 -10.438668
194            2      3     284  279.031101  -4.968899
195            2      4     283  277.410138  -5.589862
196            2      5     282  285.088055   3.088055
197            2      6     281  272.295935  -8.704065
198            2      7     280  275.661378  -4.338622
199            2      8     279  284.534299   5.534299
200            2      9     278  282.320153   4.320153
201            2     10     277  274.222401  -2.777599
202            2     11     276  271.887165  -4.112835
203            2     12     275  276.571866   1.571866
204            2     13     274  275.918797   1.918797
205            2     14     273  271.501482  -1.498518
206            2     15     272  272.788596   0.788596
207            2     16     271  271.474871   0.474871
208            2     17     270  269.314465  -0.685535
209            2     18     269  270.567692   1.567692
210            2     19     268  265.334489  -2.665511
211            2     20     267  269.071843   2.071843
212            2     21     266  267.589271   1.589271
213            2     22     265  265.853496   0.853496
214            2     23     264  261.705388  -2.294612
215            2     24     263  260.498859  -2.501141
216            2     25     262  260.342067  -1.657933
217            2     26     261  261.371661   0.371661
218            2     27     260  260.611194   0.611194
219            2     28     259  259.670431   0.670431
220            2     29     258  259.016618   1.016618
221            2     30     257  257.083646   0.083646
222            2     31     256  255.454588  -0.545412
223            2     32     255  255.778275   0.778275
224            2     33     254  253.426388  -0.573612
225            2     34     253  254.422688   1.422688
226            2     35     252  253.476975   1.476975
227            2     36     251  251.691044   0.691044
228            2     37     250  247.617851  -2.382149
229            2     38     249  248.932970  -0.067030
230            2     39     248  246.354122  -1.645878
231            2     40     247  247.217786   0.217786
232            2     41     246  246.975669   0.975669
233            2     42     245  245.139843   0.139843
234            2     43     244  244.933057   0.933057
235            2     44     243  243.998080   0.998080
236            2     45     242  243.990062   1.990062
237            2     46     241  244.079615   3.079615
238            2     47     240  240.668860   0.668860
239            2     48     239  240.741274   1.741274
240            2     49     238  239.276873   1.276873
241            2     50     237  238.149791   1.149791
242            2     51     236  237.293470   1.293470
243            2     52     235  235.515691   0.515691
244            2     53     234  235.034160   1.034160
245            2     54     233  233.241511   0.241511
246            2     55     232  232.699664   0.699664
247            2     56     231  231.514471   0.514471
248            2     57     230  230.924561   0.924561
249            2     58     229  228.577946  -0.422054
250            2     59     228  227.974392  -0.025608
251            2     60     227  228.061805   1.061805
252            2     61     226  225.533726  -0.466274
253            2     62     225  220.688497  -4.311503
254            2     63     224  221.290079  -2.709921
255            2     64     223  221.625857  -1.374143
256            2     65     222  220.572864  -1.427136
257            2     66     221  219.767410  -1.232590
258            2     67     220  218.286065  -1.713935
259            2     68     219  216.920553  -2.079447
260            2     69     218  216.094595  -1.905405
261            2     70     217  215.353209  -1.646791
262            2     71     216  212.758015  -3.241985
263            2     72     215  213.205811  -1.794189
264            2     73     214  210.538378  -3.461622
265            2     74     213  206.279306  -6.720694
266            2     75     212  210.895464  -1.104536
267            2     76     211  210.064399  -0.935601
268            2     77     210  206.706885  -3.293115
269            2     78     209  204.255271  -4.744729
270            2     79     208  204.706198  -3.293802
271            2     80     207  208.194155   1.194155
272            2     81     206  204.327801  -1.672199
273            2     82     205  203.608639  -1.391361
274            2     83     204  201.320945  -2.679055
275            2     84     203  201.041371  -1.958629
276            2     85     202  201.774940  -0.225060
277            2     86     201  198.759354  -2.240646
278            2     87     200  187.633557 -12.366443
279            2     88     199  185.199865 -13.800135
280            2     89     198  193.863215  -4.136785
281            2     90     197  193.879957  -3.120043
282            2     91     196  192.254048  -3.745952
283            2     92     195  190.059058  -4.940942
284            2     93     194  190.080851  -3.919149
285            2     94     193  185.780148  -7.219852
286            2     95     192  187.703817  -4.296183
287            2     96     191  183.007520  -7.992480
288            2     97     190  187.323162  -2.676838
289            2     98     189  187.446728  -1.553272
290            2     99     188  185.101413  -2.898587
291            2    100     187  182.353470  -4.646530
292            2    101     186  183.001856  -2.998144
293            2    102     185  184.401229  -0.598771
294            2    103     184  182.640191  -1.359809
295            2    104     183  178.134329  -4.865671
296            2    105     182  179.493972  -2.506028
297            2    106     181  179.146933  -1.853067
298            2    107     180  180.419461   0.419461
299            2    108     179  178.096110  -0.903890
300            2    109     178  175.988089  -2.011911
301            2    110     177  165.200235 -11.799765
302            2    111     176  163.577333 -12.422667
303            2    112     175  153.559494 -21.440506
304            2    113     174  172.052736  -1.947264
305            2    114     173  168.936637  -4.063363
306            2    115     172  168.922384  -3.077616
307            2    116     171  168.101705  -2.898295
308            2    117     170  170.479000   0.479000
309            2    118     169  169.406633   0.406633
310            2    119     168  168.121656   0.121656
311            2    120     167  166.129564  -0.870436
312            2    121     166  168.066916   2.066916
313            2    122     165  165.529535   0.529535
314            2    123     164  168.616424   4.616424
315            2    124     163  168.818080   5.818080
316            2    125     162  168.715622   6.715622
317            2    126     161  164.859444   3.859444
318            2    127     160  165.330994   5.330994
319            2    128     159  164.000234   5.000234
320            2    129     158  163.449788   5.449788
321            2    130     157  161.668249   4.668249
322            2    131     156  161.683616   5.683616
323            2    132     155  147.415410  -7.584590
324            2    133     154  158.996176   4.996176
325            2    134     153  159.578557   6.578557
326            2    135     152  158.053816   6.053816
327            2    136     151  158.092905   7.092905
328            2    137     150  154.304386   4.304386
329            2    138     149  158.074351   9.074351
330            2    139     148  158.996696  10.996696
331            2    140     147  160.583582  13.583582
332            2    141     146  158.776534  12.776534
333            2    142     145  155.669256  10.669256
334            2    143     144  148.345741   4.345741
335            2    144     143  150.241693   7.241693
336            2    145     142  138.890429  -3.109571
337            2    146     141  143.222746   2.222746
338            2    147     140  133.705412  -6.294588
339            2    148     139  134.342971  -4.657029
340            2    149     138  137.883145  -0.116855
341            2    150     137  142.149056   5.149056
342            2    151     136  132.370216  -3.629784
343            2    152     135  132.643233  -2.356767
344            2    153     134  124.937694  -9.062306
345            2    154     133  130.326302  -2.673698
346            2    155     132  130.119569  -1.880431
347            2    156     131  131.977287   0.977287
348            2    157     130  128.168237  -1.831763
349            2    158     129  121.256891  -7.743109
350            2    159     128  125.439996  -2.560004
351            2    160     127  121.187547  -5.812453
352            2    161     126  122.574608  -3.425392
353            2    162     125  121.348367  -3.651633
354            2    163     124  121.900491  -2.099509
355            2    164     123  122.817735  -0.182265
356            2    165     122  119.604378  -2.395622
357            2    166     121  119.035599  -1.964401
358            2    167     120  117.726173  -2.273827
359            2    168     119  118.257988  -0.742012
360            2    169     118  112.941971  -5.058029
361            2    170     117  116.394233  -0.605767
362            2    171     116  117.805976   1.805976
363            2    172     115  119.430305   4.430305
364            2    173     114  119.129600   5.129600
365            2    174     113  114.017507   1.017507
366            2    175     112  109.311416  -2.688584
367            2    176     111  111.955555   0.955555
368            2    177     110  112.091425   2.091425
369            2    178     109  115.210373   6.210373
370            2    179     108  111.295601   3.295601
371            2    180     107  108.073084   1.073084
372            2    181     106  109.626715   3.626715
373            2    182     105  107.133984   2.133984
374            2    183     104  108.550981   4.550981
375            2    184     103  108.617568   5.617568
376            2    185     102  107.660950   5.660950
377            2    186     101  104.100923   3.100923
378            2    187     100  102.807669   2.807669
379            2    188      99   98.960257  -0.039743
380            2    189      98   99.028926   1.028926
381            2    190      97  103.403560   6.403560
382            2    191      96   96.105170   0.105170
383            2    192      95   87.440191  -7.559809
384            2    193      94   88.558638  -5.441362
385            2    194      93   93.705709   0.705709
386            2    195      92   95.299627   3.299627
387            2    196      91   90.877474  -0.122526
388            2    197      90   90.915569   0.915569
389            2    198      89   89.447108   0.447108
390            2    199      88   84.921331  -3.078669
391            2    200      87   83.152789  -3.847211
392            2    201      86   83.992980  -2.007020
393            2    202      85   78.981604  -6.018396
394            2    203      84   74.359086  -9.640914
395            2    204      83   74.828654  -8.171346
396            2    205      82   75.445036  -6.554964
397            2    206      81   77.440199  -3.559801
398            2    207      80   76.939477  -3.060523
399            2    208      79   74.871865  -4.128135
400            2    209      78   75.807245  -2.192755
401            2    210      77   74.949463  -2.050537
402            2    211      76   73.405602  -2.594398
403            2    212      75   73.226144  -1.773856
404            2    213      74   72.889178  -1.110822
405            2    214      73   70.474668  -2.525332
406            2    215      72   71.290139  -0.709861
407            2    216      71   74.307061   3.307061
408            2    217      70   67.034301  -2.965699
409            2    218      69   65.896409  -3.103591
410            2    219      68   68.245675   0.245675
411            2    220      67   69.669122   2.669122
412            2    221      66   63.132581  -2.867419
413            2    222      65   64.883624  -0.116376
414            2    223      64   62.198670  -1.801330
415            2    224      63   59.637023  -3.362977
416            2    225      62   61.053888  -0.946112
417            2    226      61   60.588821  -0.411179
418            2    227      60   59.002027  -0.997973
419            2    228      59   59.385766   0.385766
420            2    229      58   59.506346   1.506346
421            2    230      57   52.542891  -4.457109
422            2    231      56   55.494606  -0.505394
423            2    232      55   53.854965  -1.145035
424            2    233      54   52.537049  -1.462951
425            2    234      53   54.444605   1.444605
426            2    235      52   54.335609   2.335609
427            2    236      51   50.645450  -0.354550
428            2    237      50   46.121948  -3.878052
429            2    238      49   50.455430   1.455430
430            2    239      48   43.284920  -4.715080
431            2    240      47   47.834062   0.834062
432            2    241      46   40.523670  -5.476330
433            2    242      45   44.335199  -0.664801
434            2    243      44   46.518932   2.518932
435            2    244      43   44.015019   1.015019
436            2    245      42   40.543934  -1.456066
437            2    246      41   43.962358   2.962358
438            2    247      40   39.273027  -0.726973
439            2    248      39   37.619135  -1.380865
440            2    249      38   35.389892  -2.610108
441            2    250      37   34.085147  -2.914853
442            2    251      36   34.489265  -1.510735
443            2    252      35   33.890513  -1.109487
444            2    253      34   34.128295   0.128295
445            2    254      33   29.666883  -3.333117
446            2    255      32   29.118112  -2.881888
447            2    256      31   32.882693   1.882693
448            2    257      30   29.161086  -0.838914
449            2    258      29   30.590357   1.590357
450            2    259      28   25.867806  -2.132194
451            2    260      27   25.878207  -1.121793
452            2    261      26   24.597066  -1.402934
453            2    262      25   24.989120  -0.010880
454            2    263      24   24.849847   0.849847
455            2    264      23   24.143777   1.143777
456            2    265      22   22.478485   0.478485
457            2    266      21   23.496749   2.496749
458            2    267      20   21.330579   1.330579
459            2    268      19   20.708067   1.708067
460            2    269      18   20.661840   2.661840
461            2    270      17   18.646222   1.646222
462            2    271      16   14.920630  -1.079370
463            2    272      15   13.088216  -1.911784
464            2    273      14   12.303917  -1.696083
465            2    274      13   10.985825  -2.014175
466            2    275      12   10.103450  -1.896550
467            2    276      11    8.538666  -2.461334
468            2    277      10    6.317020  -3.682980
469            2    278       9    6.455842  -2.544158
470            2    279       8    5.536947  -2.463053
471            2    280       7    5.676452  -1.323548
472            2    281       6    5.468785  -0.531215
473            2    282       5    4.285583  -0.714417
474            2    283       4    3.428179  -0.571821
475            2    284       3    3.012603   0.012603
476            2    285       2    2.940479   0.940479
477            2    286       1    2.264512   1.264512
478            2    287       0    1.911760   1.911760
479            3      1     178  216.398092  38.398092
480            3      2     177  186.604235   9.604235
481            3      3     176  178.252883   2.252883
482            3      4     175  177.108986   2.108986
483            3      5     174  172.906528  -1.093472
484            3      6     173  188.987200  15.987200
485            3      7     172  179.277517   7.277517
486            3      8     171  176.758358   5.758358
487            3      9     170  174.960797   4.960797
488            3     10     169  174.717337   5.717337
489            3     11     168  172.496063   4.496063
490            3     12     167  176.026947   9.026947
491            3     13     166  169.217020   3.217020
492            3     14     165  169.688269   4.688269
493            3     15     164  168.687352   4.687352
494            3     16     163  159.013799  -3.986201
495            3     17     162  155.487967  -6.512033
496            3     18     161  160.318410  -0.681590
497            3     19     160  161.370241   1.370241
498            3     20     159  161.133991   2.133991
499            3     21     158  157.497979  -0.502021
500            3     22     157  157.901842   0.901842
501            3     23     156  159.242347   3.242347
502            3     24     155  153.839150  -1.160850
503            3     25     154  153.979864  -0.020136
504            3     26     153  154.120091   1.120091
505            3     27     152  152.805512   0.805512
506            3     28     151  151.538384   0.538384
507            3     29     150  150.852915   0.852915
508            3     30     149  150.774873   1.774873
509            3     31     148  150.648838   2.648838
510            3     32     147  149.190091   2.190091
511            3     33     146  143.982599  -2.017401
512            3     34     145  144.872313  -0.127687
513            3     35     144  144.362859   0.362859
514            3     36     143  142.527842  -0.472158
515            3     37     142  141.186621  -0.813379
516            3     38     141  137.546270  -3.453730
517            3     39     140  137.411651  -2.588349
518            3     40     139  136.405388  -2.594612
519            3     41     138  134.493792  -3.506208
520            3     42     137  133.311508  -3.688492
521            3     43     136  133.629922  -2.370078
522            3     44     135  135.748258   0.748258
523            3     45     134  134.980184   0.980184
524            3     46     133  139.259297   6.259297
525            3     47     132  138.752449   6.752449
526            3     48     131  132.293526   1.293526
527            3     49     130  131.927582   1.927582
528            3     50     129  131.457497   2.457497
529            3     51     128  132.064677   4.064677
530            3     52     127  130.220285   3.220285
531            3     53     126  126.562393   0.562393
532            3     54     125  126.016011   1.016011
533            3     55     124  126.111826   2.111826
534            3     56     123  124.651453   1.651453
535            3     57     122  124.966933   2.966933
536            3     58     121  124.620049   3.620049
537            3     59     120  121.853298   1.853298
538            3     60     119  122.409131   3.409131
539            3     61     118  121.263752   3.263752
540            3     62     117  119.248619   2.248619
541            3     63     116  115.610779  -0.389221
542            3     64     115  114.882650  -0.117350
543            3     65     114  114.212188   0.212188
544            3     66     113  115.940820   2.940820
545            3     67     112  116.200753   4.200753
546            3     68     111  114.308862   3.308862
547            3     69     110  113.352151   3.352151
548            3     70     109  110.920959   1.920959
549            3     71     108  112.064371   4.064371
550            3     72     107  109.808462   2.808462
551            3     73     106  107.502255   1.502255
552            3     74     105  107.882737   2.882737
553            3     75     104  107.998621   3.998621
554            3     76     103  107.474950   4.474950
555            3     77     102  103.840525   1.840525
556            3     78     101  100.441652  -0.558348
557            3     79     100   98.929773  -1.070227
558            3     80      99   98.703357  -0.296643
559            3     81      98   99.102352   1.102352
560            3     82      97   95.232979  -1.767021
561            3     83      96   98.444142   2.444142
562            3     84      95   95.934780   0.934780
563            3     85      94   93.858869  -0.141131
564            3     86      93   90.575523  -2.424477
565            3     87      92   92.755191   0.755191
566            3     88      91   92.288357   1.288357
567            3     89      90   91.016937   1.016937
568            3     90      89   86.800203  -2.199797
569            3     91      88   88.511280   0.511280
570            3     92      87   86.188888  -0.811112
571            3     93      86   83.098171  -2.901829
572            3     94      85   83.112341  -1.887659
573            3     95      84   81.204925  -2.795075
574            3     96      83   79.532391  -3.467609
575            3     97      82   76.866837  -5.133163
576            3     98      81   75.825869  -5.174131
577            3     99      80   76.875886  -3.124114
578            3    100      79   73.807537  -5.192463
579            3    101      78   74.557722  -3.442278
580            3    102      77   80.415014   3.415014
581            3    103      76   74.279462  -1.720538
582            3    104      75   74.106692  -0.893308
583            3    105      74   78.701823   4.701823
584            3    106      73   74.685409   1.685409
585            3    107      72   71.557799  -0.442201
586            3    108      71   72.002841   1.002841
587            3    109      70   72.408340   2.408340
588            3    110      69   70.590863   1.590863
589            3    111      68   71.772840   3.772840
590            3    112      67   68.537211   1.537211
591            3    113      66   67.476116   1.476116
592            3    114      65   66.719778   1.719778
593            3    115      64   67.558516   3.558516
594            3    116      63   67.068596   4.068596
595            3    117      62   65.880204   3.880204
596            3    118      61   66.734863   5.734863
597            3    119      60   69.362682   9.362682
598            3    120      59   64.500761   5.500761
599            3    121      58   64.201908   6.201908
600            3    122      57   62.728869   5.728869
601            3    123      56   62.410398   6.410398
602            3    124      55   59.870613   4.870613
603            3    125      54   59.813561   5.813561
604            3    126      53   59.712888   6.712888
605            3    127      52   56.553880   4.553880
606            3    128      51   53.974293   2.974293
607            3    129      50   55.948472   5.948472
608            3    130      49   49.665910   0.665910
609            3    131      48   48.952810   0.952810
610            3    132      47   46.128940  -0.871060
611            3    133      46   47.356644   1.356644
612            3    134      45   46.275836   1.275836
613            3    135      44   46.239488   2.239488
614            3    136      43   45.075780   2.075780
615            3    137      42   42.911177   0.911177
616            3    138      41   40.763182  -0.236818
617            3    139      40   36.824735  -3.175265
618            3    140      39   37.861502  -1.138498
619            3    141      38   38.547341   0.547341
620            3    142      37   32.641795  -4.358205
621            3    143      36   34.691233  -1.308767
622            3    144      35   35.313986   0.313986
623            3    145      34   35.439355   1.439355
624            3    146      33   34.804216   1.804216
625            3    147      32   35.181980   3.181980
626            3    148      31   34.111706   3.111706
627            3    149      30   33.547145   3.547145
628            3    150      29   33.652297   4.652297
629            3    151      28   30.571517   2.571517
630            3    152      27   26.111897  -0.888103
631            3    153      26   26.470296   0.470296
632            3    154      25   22.057858  -2.942142
633            3    155      24   24.778283   0.778283
634            3    156      23   23.663882   0.663882
635            3    157      22   19.766170  -2.233830
636            3    158      21   18.912557  -2.087443
637            3    159      20   17.716362  -2.283638
638            3    160      19   17.958503  -1.041497
639            3    161      18   18.840843   0.840843
640            3    162      17   17.586048   0.586048
641            3    163      16   16.756242   0.756242
642            3    164      15   14.417992  -0.582008
643            3    165      14   14.584623   0.584623
644            3    166      13   13.278601   0.278601
645            3    167      12   13.772696   1.772696
646            3    168      11   13.403871   2.403871
647            3    169      10   12.917540   2.917540
648            3    170       9    8.898062  -0.101938
649            3    171       8    7.803502  -0.196498
650            3    172       7    5.974428  -1.025572
651            3    173       6    5.899479  -0.100521
652            3    174       5    5.084655   0.084655
653            3    175       4    3.736624  -0.263376
654            3    176       3    2.829826  -0.170174
655            3    177       2    2.394738   0.394738
656            3    178       1    1.865365   0.865365
657            3    179       0    1.547884   1.547884
658            4      1     188  185.355823  -2.644177
659            4      2     187  188.884042   1.884042
660            4      3     186  187.559743   1.559743
661            4      4     185  194.142644   9.142644
662            4      5     184  179.590091  -4.409909
663            4      6     183  182.693885  -0.306115
664            4      7     182  181.537282  -0.462718
665            4      8     181  182.327782   1.327782
666            4      9     180  187.198901   7.198901
667            4     10     179  183.209910   4.209910
668            4     11     178  178.623667   0.623667
669            4     12     177  176.875400  -0.124600
670            4     13     176  176.262782   0.262782
671            4     14     175  177.031805   2.031805
672            4     15     174  178.656947   4.656947
673            4     16     173  171.757331  -1.242669
674            4     17     172  171.299007  -0.700993
675            4     18     171  170.924599  -0.075401
676            4     19     170  172.179982   2.179982
677            4     20     169  170.245695   1.245695
678            4     21     168  170.183779   2.183779
679            4     22     167  166.340769  -0.659231
680            4     23     166  164.731151  -1.268849
681            4     24     165  163.984929  -1.015071
682            4     25     164  167.387180   3.387180
683            4     26     163  163.772053   0.772053
684            4     27     162  163.677524   1.677524
685            4     28     161  161.394337   0.394337
686            4     29     160  162.131887   2.131887
687            4     30     159  156.363402  -2.636598
688            4     31     158  154.294094  -3.705906
689            4     32     157  153.742072  -3.257928
690            4     33     156  153.265022  -2.734978
691            4     34     155  154.946888  -0.053112
692            4     35     154  153.893612  -0.106388
693            4     36     153  153.458321   0.458321
694            4     37     152  150.084143  -1.915857
695            4     38     151  148.423992  -2.576008
696            4     39     150  147.101886  -2.898114
697            4     40     149  144.884436  -4.115564
698            4     41     148  143.362283  -4.637717
699            4     42     147  140.044744  -6.955256
700            4     43     146  137.707239  -8.292761
701            4     44     145  138.523171  -6.476829
702            4     45     144  138.570352  -5.429648
703            4     46     143  139.395992  -3.604008
704            4     47     142  137.744071  -4.255929
705            4     48     141  137.639273  -3.360727
706            4     49     140  136.985204  -3.014796
707            4     50     139  136.406549  -2.593451
708            4     51     138  136.484122  -1.515878
709            4     52     137  135.179527  -1.820473
710            4     53     136  134.697511  -1.302489
711            4     54     135  134.708594  -0.291406
712            4     55     134  134.067990   0.067990
713            4     56     133  131.823596  -1.176404
714            4     57     132  131.126649  -0.873351
715            4     58     131  128.764263  -2.235737
716            4     59     130  126.265323  -3.734677
717            4     60     129  128.105581  -0.894419
718            4     61     128  126.908665  -1.091335
719            4     62     127  122.854072  -4.145928
720            4     63     126  123.692384  -2.307616
721            4     64     125  123.821883  -1.178117
722            4     65     124  125.760274   1.760274
723            4     66     123  123.673669   0.673669
724            4     67     122  124.833757   2.833757
725            4     68     121  123.567810   2.567810
726            4     69     120  125.612003   5.612003
727            4     70     119  121.588315   2.588315
728            4     71     118  120.805104   2.805104
729            4     72     117  120.326770   3.326770
730            4     73     116  118.357307   2.357307
731            4     74     115  113.763861  -1.236139
732            4     75     114  113.627946  -0.372054
733            4     76     113  109.982837  -3.017163
734            4     77     112  107.023810  -4.976190
735            4     78     111  106.469430  -4.530570
736            4     79     110  108.782100  -1.217900
737            4     80     109  105.847024  -3.152976
738            4     81     108  106.314663  -1.685337
739            4     82     107  107.650470   0.650470
740            4     83     106  106.241915   0.241915
741            4     84     105  109.012446   4.012446
742            4     85     104  100.996809  -3.003191
743            4     86     103   99.186682  -3.813318
744            4     87     102  101.238268  -0.761732
745            4     88     101   96.182140  -4.817860
746            4     89     100   96.091632  -3.908368
747            4     90      99   96.427754  -2.572246
748            4     91      98   92.400585  -5.599415
749            4     92      97   92.492463  -4.507537
750            4     93      96   94.491213  -1.508787
751            4     94      95   94.439542  -0.560458
752            4     95      94   94.662197   0.662197
753            4     96      93   94.912996   1.912996
754            4     97      92   94.080226   2.080226
755            4     98      91   93.513635   2.513635
756            4     99      90   93.232549   3.232549
757            4    100      89   92.855241   3.855241
758            4    101      88   93.357233   5.357233
759            4    102      87   91.345622   4.345622
760            4    103      86   90.670616   4.670616
761            4    104      85   92.056102   7.056102
762            4    105      84   91.370742   7.370742
763            4    106      83   90.384043   7.384043
764            4    107      82   85.900989   3.900989
765            4    108      81   85.095017   4.095017
766            4    109      80   81.005156   1.005156
767            4    110      79   81.214070   2.214070
768            4    111      78   81.260622   3.260622
769            4    112      77   79.581209   2.581209
770            4    113      76   80.363562   4.363562
771            4    114      75   78.823059   3.823059
772            4    115      74   74.047648   0.047648
773            4    116      73   72.963210  -0.036790
774            4    117      72   71.720068  -0.279932
775            4    118      71   73.269105   2.269105
776            4    119      70   72.434740   2.434740
777            4    120      69   69.337412   0.337412
778            4    121      68   68.697003   0.697003
779            4    122      67   65.285479  -1.714521
780            4    123      66   67.951372   1.951372
781            4    124      65   64.660002  -0.339998
782            4    125      64   64.574031   0.574031
783            4    126      63   64.730346   1.730346
784            4    127      62   63.508118   1.508118
785            4    128      61   60.122169  -0.877831
786            4    129      60   59.302628  -0.697372
787            4    130      59   62.217423   3.217423
788            4    131      58   60.760185   2.760185
789            4    132      57   61.339397   4.339397
790            4    133      56   61.365468   5.365468
791            4    134      55   56.138975   1.138975
792            4    135      54   55.121928   1.121928
793            4    136      53   54.759013   1.759013
794            4    137      52   49.200986  -2.799014
795            4    138      51   46.582300  -4.417700
796            4    139      50   52.075722   2.075722
797            4    140      49   50.937229   1.937229
798            4    141      48   49.990407   1.990407
799            4    142      47   47.589319   0.589319
800            4    143      46   48.217113   2.217113
801            4    144      45   46.273484   1.273484
802            4    145      44   41.654953  -2.345047
803            4    146      43   41.642026  -1.357974
804            4    147      42   41.811152  -0.188848
805            4    148      41   42.747528   1.747528
806            4    149      40   40.226250   0.226250
807            4    150      39   40.420442   1.420442
808            4    151      38   37.329222  -0.670778
809            4    152      37   38.719212   1.719212
810            4    153      36   41.135280   5.135280
811            4    154      35   32.509585  -2.490415
812            4    155      34   33.870272  -0.129728
813            4    156      33   34.935547   1.935547
814            4    157      32   35.650219   3.650219
815            4    158      31   29.751740  -1.248260
816            4    159      30   29.281976  -0.718024
817            4    160      29   30.094667   1.094667
818            4    161      28   34.166610   6.166610
819            4    162      27   32.889751   5.889751
820            4    163      26   26.763635   0.763635
821            4    164      25   24.371960  -0.628040
822            4    165      24   25.800313   1.800313
823            4    166      23   21.195072  -1.804928
824            4    167      22   21.208721  -0.791279
825            4    168      21   21.970764   0.970764
826            4    169      20   20.473678   0.473678
827            4    170      19   21.096897   2.096897
828            4    171      18   21.881683   3.881683
829            4    172      17   17.078532   0.078532
830            4    173      16   20.341882   4.341882
831            4    174      15   16.899647   1.899647
832            4    175      14   14.963606   0.963606
833            4    176      13   12.286489  -0.713511
834            4    177      12   10.806723  -1.193277
835            4    178      11   10.369187  -0.630813
836            4    179      10    6.765360  -3.234640
837            4    180       9    6.718720  -2.281280
838            4    181       8    7.379661  -0.620339
839            4    182       7    6.129381  -0.870619
840            4    183       6    5.310195  -0.689805
841            4    184       5    4.696658  -0.303342
842            4    185       4    4.005459   0.005459
843            4    186       3    3.537304   0.537304
844            4    187       2    2.571279   0.571279
845            4    188       1    2.030944   1.030944
846            4    189       0    0.906401   0.906401
847            5      1     268  246.917337 -21.082663
848            5      2     267  251.602902 -15.397098
849            5      3     266  260.132114  -5.867886
850            5      4     265  263.091021  -1.908979
851            5      5     264  256.487385  -7.512615
852            5      6     263  258.338869  -4.661131
853            5      7     262  258.117763  -3.882237
854            5      8     261  249.133751 -11.866249
855            5      9     260  254.841743  -5.158257
856            5     10     259  255.650010  -3.349990
857            5     11     258  257.812346  -0.187654
858            5     12     257  256.248440  -0.751560
859            5     13     256  251.473131  -4.526869
860            5     14     255  240.991793 -14.008207
861            5     15     254  253.100560  -0.899440
862            5     16     253  251.106514  -1.893486
863            5     17     252  253.008927   1.008927
864            5     18     251  251.018447   0.018447
865            5     19     250  250.658293   0.658293
866            5     20     249  245.908195  -3.091805
867            5     21     248  247.877602  -0.122398
868            5     22     247  244.826381  -2.173619
869            5     23     246  239.971479  -6.028521
870            5     24     245  239.378228  -5.621772
871            5     25     244  239.075507  -4.924493
872            5     26     243  238.668527  -4.331473
873            5     27     242  238.533885  -3.466115
874            5     28     241  238.997022  -2.002978
875            5     29     240  238.845698  -1.154302
876            5     30     239  241.047436   2.047436
877            5     31     238  240.257244   2.257244
878            5     32     237  234.838865  -2.161135
879            5     33     236  236.695311   0.695311
880            5     34     235  236.595854   1.595854
881            5     35     234  232.485576  -1.514424
882            5     36     233  233.061572   0.061572
883            5     37     232  234.506912   2.506912
884            5     38     231  235.102811   4.102811
885            5     39     230  234.966271   4.966271
886            5     40     229  235.611511   6.611511
887            5     41     228  234.856451   6.856451
888            5     42     227  230.364371   3.364371
889            5     43     226  230.931305   4.931305
890            5     44     225  229.930223   4.930223
891            5     45     224  226.695050   2.695050
892            5     46     223  221.422218  -1.577782
893            5     47     222  224.272284   2.272284
894            5     48     221  224.159998   3.159998
895            5     49     220  225.857114   5.857114
896            5     50     219  220.603556   1.603556
897            5     51     218  217.580487  -0.419513
898            5     52     217  215.801275  -1.198725
899            5     53     216  215.944007  -0.055993
900            5     54     215  215.885550   0.885550
901            5     55     214  216.107609   2.107609
902            5     56     213  214.287677   1.287677
903            5     57     212  214.789136   2.789136
904            5     58     211  212.011332   1.011332
905            5     59     210  211.096260   1.096260
906            5     60     209  210.710733   1.710733
907            5     61     208  211.215625   3.215625
908            5     62     207  204.503767  -2.496233
909            5     63     206  202.871044  -3.128956
910            5     64     205  202.668233  -2.331767
911            5     65     204  200.740992  -3.259008
912            5     66     203  198.979587  -4.020413
913            5     67     202  196.855623  -5.144377
914            5     68     201  198.179460  -2.820540
915            5     69     200  198.295336  -1.704664
916            5     70     199  198.593935  -0.406065
917            5     71     198  195.306587  -2.693413
918            5     72     197  197.525961   0.525961
919            5     73     196  193.149354  -2.850646
920            5     74     195  195.696107   0.696107
921            5     75     194  196.026915   2.026915
922            5     76     193  191.867202  -1.132798
923            5     77     192  189.277491  -2.722509
924            5     78     191  186.118563  -4.881437
925            5     79     190  185.697440  -4.302560
926            5     80     189  185.701461  -3.298539
927            5     81     188  183.686078  -4.313922
928            5     82     187  189.870979   2.870979
929            5     83     186  189.548269   3.548269
930            5     84     185  187.736393   2.736393
931            5     85     184  179.021571  -4.978429
932            5     86     183  176.460537  -6.539463
933            5     87     182  176.876556  -5.123444
934            5     88     181  176.083244  -4.916756
935            5     89     180  174.548864  -5.451136
936            5     90     179  175.976016  -3.023984
937            5     91     178  174.105767  -3.894233
938            5     92     177  171.648468  -5.351532
939            5     93     176  170.517303  -5.482697
940            5     94     175  170.602396  -4.397604
941            5     95     174  170.754867  -3.245133
942            5     96     173  170.171750  -2.828250
943            5     97     172  170.149646  -1.850354
944            5     98     171  168.127380  -2.872620
945            5     99     170  167.390367  -2.609633
946            5    100     169  169.557921   0.557921
947            5    101     168  160.497521  -7.502479
948            5    102     167  164.057253  -2.942747
949            5    103     166  166.468632   0.468632
950            5    104     165  164.692922  -0.307078
951            5    105     164  156.088668  -7.911332
952            5    106     163  163.063714   0.063714
953            5    107     162  151.439952 -10.560048
954            5    108     161  154.509759  -6.490241
955            5    109     160  160.736066   0.736066
956            5    110     159  158.914928  -0.085072
957            5    111     158  155.965354  -2.034646
958            5    112     157  152.441177  -4.558823
959            5    113     156  153.148711  -2.851289
960            5    114     155  150.301389  -4.698611
961            5    115     154  156.045448   2.045448
962            5    116     153  154.142255   1.142255
963            5    117     152  152.876850   0.876850
964            5    118     151  153.617490   2.617490
965            5    119     150  153.511623   3.511623
966            5    120     149  149.821027   0.821027
967            5    121     148  149.944653   1.944653
968            5    122     147  148.542168   1.542168
969            5    123     146  147.007708   1.007708
970            5    124     145  145.550711   0.550711
971            5    125     144  143.731155  -0.268845
972            5    126     143  146.596359   3.596359
973            5    127     142  145.253381   3.253381
974            5    128     141  134.904871  -6.095129
975            5    129     140  141.426966   1.426966
976            5    130     139  139.166317   0.166317
977            5    131     138  137.987538  -0.012462
978            5    132     137  135.405040  -1.594960
979            5    133     136  133.092299  -2.907701
980            5    134     135  134.858661  -0.141339
981            5    135     134  136.442494   2.442494
982            5    136     133  136.215314   3.215314
983            5    137     132  133.407480   1.407480
984            5    138     131  133.244281   2.244281
985            5    139     130  136.616996   6.616996
986            5    140     129  123.686870  -5.313130
987            5    141     128  134.441941   6.441941
988            5    142     127  135.268792   8.268792
989            5    143     126  138.980449  12.980449
990            5    144     125  133.464840   8.464840
991            5    145     124  123.852429  -0.147571
992            5    146     123  119.428275  -3.571725
993            5    147     122  124.575864   2.575864
994            5    148     121  123.422057   2.422057
995            5    149     120  119.224799  -0.775201
996            5    150     119  122.768318   3.768318
997            5    151     118  117.399722  -0.600278
998            5    152     117  115.736335  -1.263665
999            5    153     116  114.816244  -1.183756
1000           5    154     115  114.070141  -0.929859
1001           5    155     114  107.823798  -6.176202
1002           5    156     113  110.980563  -2.019437
1003           5    157     112  110.676429  -1.323571
1004           5    158     111  102.932362  -8.067638
1005           5    159     110  106.668583  -3.331417
1006           5    160     109  106.095055  -2.904945
1007           5    161     108  106.078051  -1.921949
1008           5    162     107  108.240205   1.240205
1009           5    163     106  102.964134  -3.035866
1010           5    164     105   99.009643  -5.990357
1011           5    165     104   96.013123  -7.986877
1012           5    166     103   96.469898  -6.530102
1013           5    167     102   95.625434  -6.374566
1014           5    168     101  100.928395  -0.071605
1015           5    169     100   92.163432  -7.836568
1016           5    170      99   91.060338  -7.939662
1017           5    171      98   89.853564  -8.146436
1018           5    172      97   96.917248  -0.082752
1019           5    173      96   99.217908   3.217908
1020           5    174      95   98.453364   3.453364
1021           5    175      94   96.515553   2.515553
1022           5    176      93   94.124614   1.124614
1023           5    177      92   92.927563   0.927563
1024           5    178      91   95.491585   4.491585
1025           5    179      90   93.398562   3.398562
1026           5    180      89   86.698910  -2.301090
1027           5    181      88   88.738039   0.738039
1028           5    182      87   86.397282  -0.602718
1029           5    183      86   82.198993  -3.801007
1030           5    184      85   84.480362  -0.519638
1031           5    185      84   83.665945  -0.334055
1032           5    186      83   82.515873  -0.484127
1033           5    187      82   80.691499  -1.308501
1034           5    188      81   77.232824  -3.767176
1035           5    189      80   83.408222   3.408222
1036           5    190      79   78.399440  -0.600560
1037           5    191      78   79.082645   1.082645
1038           5    192      77   78.250648   1.250648
1039           5    193      76   79.569473   3.569473
1040           5    194      75   78.647684   3.647684
1041           5    195      74   80.909717   6.909717
1042           5    196      73   72.637134  -0.362866
1043           5    197      72   75.926044   3.926044
1044           5    198      71   71.865806   0.865806
1045           5    199      70   69.245870  -0.754130
1046           5    200      69   70.469163   1.469163
1047           5    201      68   68.505256   0.505256
1048           5    202      67   62.790093  -4.209907
1049           5    203      66   65.810833  -0.189167
1050           5    204      65   61.118020  -3.881980
1051           5    205      64   63.397001  -0.602999
1052           5    206      63   60.401551  -2.598449
1053           5    207      62   59.168375  -2.831625
1054           5    208      61   54.437839  -6.562161
1055           5    209      60   60.803462   0.803462
1056           5    210      59   61.220946   2.220946
1057           5    211      58   59.956049   1.956049
1058           5    212      57   57.679766   0.679766
1059           5    213      56   53.254991  -2.745009
1060           5    214      55   56.048560   1.048560
1061           5    215      54   46.985085  -7.014915
1062           5    216      53   43.615083  -9.384917
1063           5    217      52   45.019147  -6.980853
1064           5    218      51   46.545975  -4.454025
1065           5    219      50   47.176599  -2.823401
1066           5    220      49   47.766174  -1.233826
1067           5    221      48   44.733921  -3.266079
1068           5    222      47   42.908433  -4.091567
1069           5    223      46   37.151553  -8.848447
1070           5    224      45   42.129111  -2.870889
1071           5    225      44   38.031343  -5.968657
1072           5    226      43   38.218549  -4.781451
1073           5    227      42   41.189394  -0.810606
1074           5    228      41   39.940119  -1.059881
1075           5    229      40   38.462641  -1.537359
1076           5    230      39   39.980482   0.980482
1077           5    231      38   37.736718  -0.263282
1078           5    232      37   31.274835  -5.725165
1079           5    233      36   32.571658  -3.428342
1080           5    234      35   31.501913  -3.498087
1081           5    235      34   34.710358   0.710358
1082           5    236      33   35.349133   2.349133
1083           5    237      32   31.213023  -0.786977
1084           5    238      31   32.452932   1.452932
1085           5    239      30   33.756935   3.756935
1086           5    240      29   30.847541   1.847541
1087           5    241      28   29.010482   1.010482
1088           5    242      27   28.355258   1.355258
1089           5    243      26   26.548295   0.548295
1090           5    244      25   22.447017  -2.552983
1091           5    245      24   22.921545  -1.078455
1092           5    246      23   20.560253  -2.439747
1093           5    247      22   17.381613  -4.618387
1094           5    248      21   18.541643  -2.458357
1095           5    249      20   15.890585  -4.109415
1096           5    250      19   16.887557  -2.112443
1097           5    251      18   15.051694  -2.948306
1098           5    252      17   14.545679  -2.454321
1099           5    253      16   13.867078  -2.132922
1100           5    254      15   12.662507  -2.337493
1101           5    255      14   12.177003  -1.822997
1102           5    256      13   11.401691  -1.598309
1103           5    257      12    9.440421  -2.559579
1104           5    258      11    9.918426  -1.081574
1105           5    259      10    7.744431  -2.255569
1106           5    260       9    7.481345  -1.518655
1107           5    261       8    6.942803  -1.057197
1108           5    262       7    6.078769  -0.921231
1109           5    263       6    3.496443  -2.503557
1110           5    264       5    3.279015  -1.720985
1111           5    265       4    3.117609  -0.882391
1112           5    266       3    2.181253  -0.818747
1113           5    267       2    1.866157  -0.133843
1114           5    268       1    1.689291   0.689291
1115           5    269       0    1.584892   1.584892
1116           6      1     187  177.040048  -9.959952
1117           6      2     186  200.617586  14.617586
1118           6      3     185  185.448090   0.448090
1119           6      4     184  188.014739   4.014739
1120           6      5     183  186.755051   3.755051
1121           6      6     182  181.602804  -0.397196
1122           6      7     181  183.035255   2.035255
1123           6      8     180  183.153425   3.153425
1124           6      9     179  181.326606   2.326606
1125           6     10     178  185.186012   7.186012
1126           6     11     177  185.606218   8.606218
1127           6     12     176  189.084172  13.084172
1128           6     13     175  169.261881  -5.738119
1129           6     14     174  170.809377  -3.190623
1130           6     15     173  165.730407  -7.269593
1131           6     16     172  166.240355  -5.759645
1132           6     17     171  165.357035  -5.642965
1133           6     18     170  165.956487  -4.043513
1134           6     19     169  165.624497  -3.375503
1135           6     20     168  164.756388  -3.243612
1136           6     21     167  162.940755  -4.059245
1137           6     22     166  164.551503  -1.448497
1138           6     23     165  164.700063  -0.299937
1139           6     24     164  163.883944  -0.116056
1140           6     25     163  160.983110  -2.016890
1141           6     26     162  161.036088  -0.963912
1142           6     27     161  159.817447  -1.182553
1143           6     28     160  160.962016   0.962016
1144           6     29     159  157.173497  -1.826503
1145           6     30     158  155.188236  -2.811764
1146           6     31     157  154.696751  -2.303249
1147           6     32     156  153.812109  -2.187891
1148           6     33     155  152.747684  -2.252316
1149           6     34     154  152.791229  -1.208771
1150           6     35     153  152.063504  -0.936496
1151           6     36     152  150.765748  -1.234252
1152           6     37     151  150.989493  -0.010507
1153           6     38     150  148.651648  -1.348352
1154           6     39     149  149.294314   0.294314
1155           6     40     148  149.332795   1.332795
1156           6     41     147  149.121598   2.121598
1157           6     42     146  148.201862   2.201862
1158           6     43     145  146.523867   1.523867
1159           6     44     144  147.111663   3.111663
1160           6     45     143  151.060693   8.060693
1161           6     46     142  146.528900   4.528900
1162           6     47     141  144.319333   3.319333
1163           6     48     140  143.002786   3.002786
1164           6     49     139  144.246315   5.246315
1165           6     50     138  142.475900   4.475900
1166           6     51     137  142.525132   5.525132
1167           6     52     136  135.974250  -0.025750
1168           6     53     135  134.325878  -0.674122
1169           6     54     134  133.072965  -0.927035
1170           6     55     133  132.822528  -0.177472
1171           6     56     132  131.789330  -0.210670
1172           6     57     131  131.607868   0.607868
1173           6     58     130  130.075813   0.075813
1174           6     59     129  129.406859   0.406859
1175           6     60     128  132.801845   4.801845
1176           6     61     127  125.003527  -1.996473
1177           6     62     126  124.503248  -1.496752
1178           6     63     125  123.049183  -1.950817
1179           6     64     124  121.997605  -2.002395
1180           6     65     123  121.296904  -1.703096
1181           6     66     122  119.908653  -2.091347
1182           6     67     121  120.317267  -0.682733
1183           6     68     120  119.039367  -0.960633
1184           6     69     119  117.555098  -1.444902
1185           6     70     118  116.543154  -1.456846
1186           6     71     117  114.090579  -2.909421
1187           6     72     116  116.675914   0.675914
1188           6     73     115  119.972561   4.972561
1189           6     74     114  119.007873   5.007873
1190           6     75     113  116.624221   3.624221
1191           6     76     112  117.537292   5.537292
1192           6     77     111  116.462169   5.462169
1193           6     78     110  114.979049   4.979049
1194           6     79     109  112.709405   3.709405
1195           6     80     108  107.590612  -0.409388
1196           6     81     107  111.850719   4.850719
1197           6     82     106  109.170229   3.170229
1198           6     83     105  104.467488  -0.532512
1199           6     84     104  108.078646   4.078646
1200           6     85     103  107.915219   4.915219
1201           6     86     102  107.548564   5.548564
1202           6     87     101  106.625936   5.625936
1203           6     88     100  108.659412   8.659412
1204           6     89      99  105.056768   6.056768
1205           6     90      98   96.532697  -1.467303
1206           6     91      97  103.241268   6.241268
1207           6     92      96   99.053196   3.053196
1208           6     93      95   93.094704  -1.905296
1209           6     94      94   98.040468   4.040468
1210           6     95      93   92.896953  -0.103047
1211           6     96      92   88.548813  -3.451187
1212           6     97      91   91.348806   0.348806
1213           6     98      90   89.892478  -0.107522
1214           6     99      89   83.163377  -5.836623
1215           6    100      88   85.670348  -2.329652
1216           6    101      87   83.452172  -3.547828
1217           6    102      86   83.964862  -2.035138
1218           6    103      85   83.098759  -1.901241
1219           6    104      84   82.600591  -1.399409
1220           6    105      83   81.930453  -1.069547
1221           6    106      82   81.805393  -0.194607
1222           6    107      81   81.509429   0.509429
1223           6    108      80   77.300705  -2.699295
1224           6    109      79   80.883259   1.883259
1225           6    110      78   81.383732   3.383732
1226           6    111      77   84.253432   7.253432
1227           6    112      76   80.993902   4.993902
1228           6    113      75   81.025186   6.025186
1229           6    114      74   79.742605   5.742605
1230           6    115      73   80.629123   7.629123
1231           6    116      72   79.205792   7.205792
1232           6    117      71   78.636946   7.636946
1233           6    118      70   72.401632   2.401632
1234           6    119      69   71.403836   2.403836
1235           6    120      68   69.633954   1.633954
1236           6    121      67   69.092451   2.092451
1237           6    122      66   66.922049   0.922049
1238           6    123      65   69.050041   4.050041
1239           6    124      64   65.546533   1.546533
1240           6    125      63   62.113259  -0.886741
1241           6    126      62   59.983563  -2.016437
1242           6    127      61   58.172356  -2.827644
1243           6    128      60   59.354526  -0.645474
1244           6    129      59   57.771441  -1.228559
1245           6    130      58   55.817868  -2.182132
1246           6    131      57   45.819857 -11.180143
1247           6    132      56   48.002204  -7.997796
1248           6    133      55   47.147061  -7.852939
1249           6    134      54   49.184046  -4.815954
1250           6    135      53   49.962131  -3.037869
1251           6    136      52   52.098405   0.098405
1252           6    137      51   48.901000  -2.099000
1253           6    138      50   50.676219   0.676219
1254           6    139      49   47.846677  -1.153323
1255           6    140      48   51.495294   3.495294
1256           6    141      47   50.617049   3.617049
1257           6    142      46   49.376499   3.376499
1258           6    143      45   46.327657   1.327657
1259           6    144      44   43.298274  -0.701726
1260           6    145      43   44.387994   1.387994
1261           6    146      42   43.508371   1.508371
1262           6    147      41   42.460759   1.460759
1263           6    148      40   38.369066  -1.630934
1264           6    149      39   40.811844   1.811844
1265           6    150      38   36.319747  -1.680253
1266           6    151      37   33.534785  -3.465215
1267           6    152      36   33.374337  -2.625663
1268           6    153      35   33.664321  -1.335679
1269           6    154      34   33.871519  -0.128481
1270           6    155      33   30.832203  -2.167797
1271           6    156      32   28.087358  -3.912642
1272           6    157      31   27.818825  -3.181175
1273           6    158      30   27.595382  -2.404618
1274           6    159      29   30.445544   1.445544
1275           6    160      28   29.485620   1.485620
1276           6    161      27   25.536744  -1.463256
1277           6    162      26   24.679038  -1.320962
1278           6    163      25   21.538561  -3.461439
1279           6    164      24   22.037687  -1.962313
1280           6    165      23   21.692808  -1.307192
1281           6    166      22   19.841772  -2.158228
1282           6    167      21   22.152024   1.152024
1283           6    168      20   18.830622  -1.169378
1284           6    169      19   20.848126   1.848126
1285           6    170      18   18.562965   0.562965
1286           6    171      17   18.693423   1.693423
1287           6    172      16   17.722123   1.722123
1288           6    173      15   17.840081   2.840081
1289           6    174      14   17.767480   3.767480
1290           6    175      13   16.411306   3.411306
1291           6    176      12   14.797392   2.797392
1292           6    177      11   15.448409   4.448409
1293           6    178      10    8.818437  -1.181563
1294           6    179       9    5.851886  -3.148114
1295           6    180       8    5.315548  -2.684452
1296           6    181       7    4.748629  -2.251371
1297           6    182       6    3.451175  -2.548825
1298           6    183       5    2.920745  -2.079255
1299           6    184       4    1.991111  -2.008889
1300           6    185       3    1.180057  -1.819943
1301           6    186       2    1.365881  -0.634119
1302           6    187       1    0.968758  -0.031242
1303           6    188       0    0.983104   0.983104
1304           7      1     258  224.061199 -33.938801
1305           7      2     257  238.298076 -18.701924
1306           7      3     256  233.290652 -22.709348
1307           7      4     255  244.464384 -10.535616
1308           7      5     254  249.171089  -4.828911
1309           7      6     253  237.523913 -15.476087
1310           7      7     252  256.391799   4.391799
1311           7      8     251  247.289164  -3.710836
1312           7      9     250  240.762102  -9.237898
1313           7     10     249  246.412958  -2.587042
1314           7     11     248  241.585028  -6.414972
1315           7     12     247  237.528999  -9.471001
1316           7     13     246  237.049363  -8.950637
1317           7     14     245  235.733669  -9.266331
1318           7     15     244  243.036172  -0.963828
1319           7     16     243  244.297626   1.297626
1320           7     17     242  244.288811   2.288811
1321           7     18     241  243.335354   2.335354
1322           7     19     240  242.100881   2.100881
1323           7     20     239  238.642655  -0.357345
1324           7     21     238  241.891133   3.891133
1325           7     22     237  234.077970  -2.922030
1326           7     23     236  235.599843  -0.400157
1327           7     24     235  236.413756   1.413756
1328           7     25     234  234.161498   0.161498
1329           7     26     233  226.402748  -6.597252
1330           7     27     232  222.631861  -9.368139
1331           7     28     231  225.966844  -5.033156
1332           7     29     230  222.700407  -7.299593
1333           7     30     229  223.504386  -5.495614
1334           7     31     228  225.585687  -2.414313
1335           7     32     227  223.254446  -3.745554
1336           7     33     226  220.651723  -5.348277
1337           7     34     225  219.112547  -5.887453
1338           7     35     224  217.003291  -6.996709
1339           7     36     223  216.985289  -6.014711
1340           7     37     222  217.085613  -4.914387
1341           7     38     221  215.753876  -5.246124
1342           7     39     220  215.729830  -4.270170
1343           7     40     219  214.549017  -4.450983
1344           7     41     218  216.777980  -1.222020
1345           7     42     217  216.716133  -0.283867
1346           7     43     216  215.486537  -0.513463
1347           7     44     215  215.456978   0.456978
1348           7     45     214  215.105698   1.105698
1349           7     46     213  209.765062  -3.234938
1350           7     47     212  205.547353  -6.452647
1351           7     48     211  208.462103  -2.537897
1352           7     49     210  208.793875  -1.206125
1353           7     50     209  207.748652  -1.251348
1354           7     51     208  206.788614  -1.211386
1355           7     52     207  204.827778  -2.172222
1356           7     53     206  203.622279  -2.377721
1357           7     54     205  208.145683   3.145683
1358           7     55     204  206.388449   2.388449
1359           7     56     203  208.717648   5.717648
1360           7     57     202  207.437396   5.437396
1361           7     58     201  205.547515   4.547515
1362           7     59     200  203.174243   3.174243
1363           7     60     199  201.462825   2.462825
1364           7     61     198  199.666714   1.666714
1365           7     62     197  196.071214  -0.928786
1366           7     63     196  200.155593   4.155593
1367           7     64     195  198.556864   3.556864
1368           7     65     194  197.844482   3.844482
1369           7     66     193  195.362613   2.362613
1370           7     67     192  192.639351   0.639351
1371           7     68     191  188.189411  -2.810589
1372           7     69     190  186.841473  -3.158527
1373           7     70     189  184.193509  -4.806491
1374           7     71     188  180.182598  -7.817402
1375           7     72     187  182.101795  -4.898205
1376           7     73     186  182.908659  -3.091341
1377           7     74     185  182.135567  -2.864433
1378           7     75     184  178.575617  -5.424383
1379           7     76     183  181.401367  -1.598633
1380           7     77     182  181.831246  -0.168754
1381           7     78     181  180.277789  -0.722211
1382           7     79     180  178.592635  -1.407365
1383           7     80     179  178.141430  -0.858570
1384           7     81     178  179.636702   1.636702
1385           7     82     177  175.922028  -1.077972
1386           7     83     176  175.204531  -0.795469
1387           7     84     175  173.296098  -1.703902
1388           7     85     174  172.799201  -1.200799
1389           7     86     173  169.868253  -3.131747
1390           7     87     172  171.964567  -0.035433
1391           7     88     171  168.589241  -2.410759
1392           7     89     170  169.402290  -0.597710
1393           7     90     169  169.064842   0.064842
1394           7     91     168  168.194149   0.194149
1395           7     92     167  164.243060  -2.756940
1396           7     93     166  155.504556 -10.495444
1397           7     94     165  162.269681  -2.730319
1398           7     95     164  162.078279  -1.921721
1399           7     96     163  162.875808  -0.124192
1400           7     97     162  161.602201  -0.397799
1401           7     98     161  160.792483  -0.207517
1402           7     99     160  154.150458  -5.849542
1403           7    100     159  159.471705   0.471705
1404           7    101     158  154.956158  -3.043842
1405           7    102     157  154.797618  -2.202382
1406           7    103     156  154.498553  -1.501447
1407           7    104     155  150.654960  -4.345040
1408           7    105     154  152.186361  -1.813639
1409           7    106     153  157.706695   4.706695
1410           7    107     152  151.493486  -0.506514
1411           7    108     151  151.981870   0.981870
1412           7    109     150  153.853668   3.853668
1413           7    110     149  149.503805   0.503805
1414           7    111     148  154.743315   6.743315
1415           7    112     147  152.771202   5.771202
1416           7    113     146  148.697019   2.697019
1417           7    114     145  151.857983   6.857983
1418           7    115     144  140.990900  -3.009100
1419           7    116     143  147.988989   4.988989
1420           7    117     142  145.799675   3.799675
1421           7    118     141  141.521669   0.521669
1422           7    119     140  144.032054   4.032054
1423           7    120     139  139.170870   0.170870
1424           7    121     138  138.385175   0.385175
1425           7    122     137  139.592463   2.592463
1426           7    123     136  140.141157   4.141157
1427           7    124     135  133.003599  -1.996401
1428           7    125     134  128.502982  -5.497018
1429           7    126     133  130.680275  -2.319725
1430           7    127     132  123.237120  -8.762880
1431           7    128     131  123.794006  -7.205994
1432           7    129     130  127.626590  -2.373410
1433           7    130     129  126.955676  -2.044324
1434           7    131     128  128.838792   0.838792
1435           7    132     127  119.818002  -7.181998
1436           7    133     126  116.457148  -9.542852
1437           7    134     125  119.413422  -5.586578
1438           7    135     124  120.515331  -3.484669
1439           7    136     123  121.357613  -1.642387
1440           7    137     122  114.553310  -7.446690
1441           7    138     121  111.412670  -9.587330
1442           7    139     120  116.455152  -3.544848
1443           7    140     119  115.484850  -3.515150
1444           7    141     118  121.207059   3.207059
1445           7    142     117  119.896755   2.896755
1446           7    143     116  114.499442  -1.500558
1447           7    144     115  115.145787   0.145787
1448           7    145     114  114.681716   0.681716
1449           7    146     113  117.734737   4.734737
1450           7    147     112  112.162920   0.162920
1451           7    148     111  114.235202   3.235202
1452           7    149     110  111.879740   1.879740
1453           7    150     109  105.293507  -3.706493
1454           7    151     108  103.343946  -4.656054
1455           7    152     107  105.872334  -1.127666
1456           7    153     106   94.970735 -11.029265
1457           7    154     105   96.193902  -8.806098
1458           7    155     104   98.865905  -5.134095
1459           7    156     103   97.922449  -5.077551
1460           7    157     102   90.717993 -11.282007
1461           7    158     101   97.315677  -3.684323
1462           7    159     100   94.809900  -5.190100
1463           7    160      99   98.481048  -0.518952
1464           7    161      98   96.503342  -1.496658
1465           7    162      97   97.579252   0.579252
1466           7    163      96   88.133487  -7.866513
1467           7    164      95   89.549914  -5.450086
1468           7    165      94   98.841875   4.841875
1469           7    166      93   96.756245   3.756245
1470           7    167      92   96.652753   4.652753
1471           7    168      91   90.316962  -0.683038
1472           7    169      90   95.958122   5.958122
1473           7    170      89   92.503911   3.503911
1474           7    171      88   92.241584   4.241584
1475           7    172      87   89.159796   2.159796
1476           7    173      86   84.224985  -1.775015
1477           7    174      85   86.009598   1.009598
1478           7    175      84   83.936530  -0.063470
1479           7    176      83   77.895598  -5.104402
1480           7    177      82   80.548202  -1.451798
1481           7    178      81   77.865224  -3.134776
1482           7    179      80   72.818199  -7.181801
1483           7    180      79   74.765864  -4.234136
1484           7    181      78   73.976439  -4.023561
1485           7    182      77   72.944856  -4.055144
1486           7    183      76   73.951386  -2.048614
1487           7    184      75   73.653138  -1.346862
1488           7    185      74   74.471844   0.471844
1489           7    186      73   73.251996   0.251996
1490           7    187      72   72.078341   0.078341
1491           7    188      71   63.988754  -7.011246
1492           7    189      70   63.722755  -6.277245
1493           7    190      69   71.004428   2.004428
1494           7    191      68   68.336767   0.336767
1495           7    192      67   67.031118   0.031118
1496           7    193      66   63.325271  -2.674729
1497           7    194      65   64.854253  -0.145747
1498           7    195      64   62.039479  -1.960521
1499           7    196      63   56.780320  -6.219680
1500           7    197      62   54.564994  -7.435006
1501           7    198      61   56.315214  -4.684786
1502           7    199      60   55.377158  -4.622842
1503           7    200      59   57.122277  -1.877723
1504           7    201      58   55.456980  -2.543020
1505           7    202      57   58.267697   1.267697
1506           7    203      56   54.789368  -1.210632
1507           7    204      55   53.891408  -1.108592
1508           7    205      54   52.931449  -1.068551
1509           7    206      53   53.752408   0.752408
1510           7    207      52   51.279271  -0.720729
1511           7    208      51   51.591107   0.591107
1512           7    209      50   47.719754  -2.280246
1513           7    210      49   49.321263   0.321263
1514           7    211      48   48.523539   0.523539
1515           7    212      47   50.435758   3.435758
1516           7    213      46   47.054358   1.054358
1517           7    214      45   46.133704   1.133704
1518           7    215      44   45.164276   1.164276
1519           7    216      43   45.346017   2.346017
1520           7    217      42   39.330211  -2.669789
1521           7    218      41   39.418171  -1.581829
1522           7    219      40   39.016362  -0.983638
1523           7    220      39   39.271990   0.271990
1524           7    221      38   39.049302   1.049302
1525           7    222      37   39.516230   2.516230
1526           7    223      36   38.882005   2.882005
1527           7    224      35   36.767804   1.767804
1528           7    225      34   35.389528   1.389528
1529           7    226      33   30.061558  -2.938442
1530           7    227      32   28.829178  -3.170822
1531           7    228      31   30.533397  -0.466603
1532           7    229      30   28.820418  -1.179582
1533           7    230      29   26.419745  -2.580255
1534           7    231      28   27.145203  -0.854797
1535           7    232      27   25.631737  -1.368263
1536           7    233      26   25.562359  -0.437641
1537           7    234      25   23.782545  -1.217455
1538           7    235      24   22.482501  -1.517499
1539           7    236      23   29.043404   6.043404
1540           7    237      22   24.873813   2.873813
1541           7    238      21   26.647278   5.647278
1542           7    239      20   25.154046   5.154046
1543           7    240      19   20.128427   1.128427
1544           7    241      18   20.452266   2.452266
1545           7    242      17   20.958692   3.958692
1546           7    243      16   17.271387   1.271387
1547           7    244      15   16.042114   1.042114
1548           7    245      14   14.336728   0.336728
1549           7    246      13   13.297231   0.297231
1550           7    247      12   10.654389  -1.345611
1551           7    248      11   10.753916  -0.246084
1552           7    249      10    9.262048  -0.737952
1553           7    250       9    8.565250  -0.434750
1554           7    251       8    7.088729  -0.911271
1555           7    252       7    5.980629  -1.019371
1556           7    253       6    7.084917   1.084917
1557           7    254       5    3.389645  -1.610355
1558           7    255       4    3.406789  -0.593211
1559           7    256       3    2.896032  -0.103968
1560           7    257       2    2.450169   0.450169
1561           7    258       1    2.078846   1.078846
1562           7    259       0    0.702155   0.702155
1563           8      1     149  163.334963  14.334963
1564           8      2     148  154.105756   6.105756
1565           8      3     147  154.796022   7.796022
1566           8      4     146  157.375306  11.375306
1567           8      5     145  156.274274  11.274274
1568           8      6     144  142.167707  -1.832293
1569           8      7     143  145.495031   2.495031
1570           8      8     142  143.832387   1.832387
1571           8      9     141  141.723175   0.723175
1572           8     10     140  137.551011  -2.448989
1573           8     11     139  151.377589  12.377589
1574           8     12     138  142.715996   4.715996
1575           8     13     137  137.176316   0.176316
1576           8     14     136  144.150241   8.150241
1577           8     15     135  133.711782  -1.288218
1578           8     16     134  132.098617  -1.901383
1579           8     17     133  131.717447  -1.282553
1580           8     18     132  137.064107   5.064107
1581           8     19     131  133.369094   2.369094
1582           8     20     130  130.699491   0.699491
1583           8     21     129  131.884008   2.884008
1584           8     22     128  128.842850   0.842850
1585           8     23     127  129.650633   2.650633
1586           8     24     126  129.902699   3.902699
1587           8     25     125  130.101335   5.101335
1588           8     26     124  127.093653   3.093653
1589           8     27     123  121.274198  -1.725802
1590           8     28     122  119.458312  -2.541688
1591           8     29     121  116.526464  -4.473536
1592           8     30     120  118.185570  -1.814430
1593           8     31     119  118.070979  -0.929021
1594           8     32     118  116.652867  -1.347133
1595           8     33     117  117.038109   0.038109
1596           8     34     116  116.604755   0.604755
1597           8     35     115  113.747404  -1.252596
1598           8     36     114  114.385766   0.385766
1599           8     37     113  113.564818   0.564818
1600           8     38     112  114.901675   2.901675
1601           8     39     111  113.759941   2.759941
1602           8     40     110  113.864470   3.864470
1603           8     41     109  113.704038   4.704038
1604           8     42     108  110.578852   2.578852
1605           8     43     107  110.899282   3.899282
1606           8     44     106  110.619808   4.619808
1607           8     45     105  107.907032   2.907032
1608           8     46     104  111.826782   7.826782
1609           8     47     103  108.585142   5.585142
1610           8     48     102   98.463916  -3.536084
1611           8     49     101  108.105482   7.105482
1612           8     50     100  100.480550   0.480550
1613           8     51      99   98.833891  -0.166109
1614           8     52      98   93.246566  -4.753434
1615           8     53      97   91.501272  -5.498728
1616           8     54      96   90.818863  -5.181137
1617           8     55      95   91.246322  -3.753678
1618           8     56      94   92.204375  -1.795625
1619           8     57      93   96.833603   3.833603
1620           8     58      92   91.421539  -0.578461
1621           8     59      91   89.936204  -1.063796
1622           8     60      90   90.273767   0.273767
1623           8     61      89   87.505666  -1.494334
1624           8     62      88   87.899740  -0.100260
1625           8     63      87   84.737222  -2.262778
1626           8     64      86   84.181463  -1.818537
1627           8     65      85   83.096087  -1.903913
1628           8     66      84   81.939354  -2.060646
1629           8     67      83   81.460273  -1.539727
1630           8     68      82   80.041071  -1.958929
1631           8     69      81   79.404197  -1.595803
1632           8     70      80   80.316782   0.316782
1633           8     71      79   77.948997  -1.051003
1634           8     72      78   75.165542  -2.834458
1635           8     73      77   76.672500  -0.327500
1636           8     74      76   75.314816  -0.685184
1637           8     75      75   73.706818  -1.293182
1638           8     76      74   79.142670   5.142670
1639           8     77      73   76.951672   3.951672
1640           8     78      72   79.011564   7.011564
1641           8     79      71   75.493736   4.493736
1642           8     80      70   77.935523   7.935523
1643           8     81      69   75.515758   6.515758
1644           8     82      68   74.961668   6.961668
1645           8     83      67   75.650496   8.650496
1646           8     84      66   73.939338   7.939338
1647           8     85      65   72.706556   7.706556
1648           8     86      64   69.822153   5.822153
1649           8     87      63   68.631841   5.631841
1650           8     88      62   65.849181   3.849181
1651           8     89      61   62.626069   1.626069
1652           8     90      60   61.339955   1.339955
1653           8     91      59   60.423065   1.423065
1654           8     92      58   59.062300   1.062300
1655           8     93      57   58.060248   1.060248
1656           8     94      56   58.008785   2.008785
1657           8     95      55   57.390839   2.390839
1658           8     96      54   60.914520   6.914520
1659           8     97      53   52.984426  -0.015574
1660           8     98      52   51.730133  -0.269867
1661           8     99      51   51.536542   0.536542
1662           8    100      50   50.821161   0.821161
1663           8    101      49   50.754405   1.754405
1664           8    102      48   49.238889   1.238889
1665           8    103      47   48.717708   1.717708
1666           8    104      46   50.332578   4.332578
1667           8    105      45   48.424209   3.424209
1668           8    106      44   44.519680   0.519680
1669           8    107      43   43.041492   0.041492
1670           8    108      42   43.268757   1.268757
1671           8    109      41   42.755123   1.755123
1672           8    110      40   43.543931   3.543931
1673           8    111      39   41.726671   2.726671
1674           8    112      38   43.557193   5.557193
1675           8    113      37   40.178724   3.178724
1676           8    114      36   37.137146   1.137146
1677           8    115      35   37.463294   2.463294
1678           8    116      34   35.202968   1.202968
1679           8    117      33   32.996385  -0.003615
1680           8    118      32   31.730355  -0.269645
1681           8    119      31   32.286108   1.286108
1682           8    120      30   32.215455   2.215455
1683           8    121      29   30.626520   1.626520
1684           8    122      28   27.697581  -0.302419
1685           8    123      27   26.469724  -0.530276
1686           8    124      26   22.195188  -3.804812
1687           8    125      25   19.592675  -5.407325
1688           8    126      24   24.552386   0.552386
1689           8    127      23   23.847449   0.847449
1690           8    128      22   19.363162  -2.636838
1691           8    129      21   16.600777  -4.399223
1692           8    130      20   18.348176  -1.651824
1693           8    131      19   15.014346  -3.985654
1694           8    132      18   16.999821  -1.000179
1695           8    133      17   11.722670  -5.277330
1696           8    134      16   11.660730  -4.339270
1697           8    135      15   14.553993  -0.446007
1698           8    136      14   10.873895  -3.126105
1699           8    137      13    7.365286  -5.634714
1700           8    138      12    7.410423  -4.589577
1701           8    139      11    6.808990  -4.191010
1702           8    140      10    6.552964  -3.447036
1703           8    141       9    6.281313  -2.718687
1704           8    142       8    5.758921  -2.241079
1705           8    143       7    3.663280  -3.336720
1706           8    144       6    2.509450  -3.490550
1707           8    145       5    2.852462  -2.147538
1708           8    146       4    2.642295  -1.357705
1709           8    147       3    1.819462  -1.180538
1710           8    148       2    3.300783   1.300783
1711           8    149       1    2.202440   1.202440
1712           8    150       0    0.625508   0.625508
1713           9      1     200  192.784825  -7.215175
1714           9      2     199  191.048926  -7.951074
1715           9      3     198  201.791314   3.791314
1716           9      4     197  191.951204  -5.048796
1717           9      5     196  190.908875  -5.091125
1718           9      6     195  191.690595  -3.309405
1719           9      7     194  195.249816   1.249816
1720           9      8     193  190.404254  -2.595746
1721           9      9     192  193.266375   1.266375
1722           9     10     191  191.688726   0.688726
1723           9     11     190  187.310053  -2.689947
1724           9     12     189  192.003112   3.003112
1725           9     13     188  189.999602   1.999602
1726           9     14     187  183.365949  -3.634051
1727           9     15     186  186.255013   0.255013
1728           9     16     185  187.038341   2.038341
1729           9     17     184  187.112254   3.112254
1730           9     18     183  187.354154   4.354154
1731           9     19     182  182.051754   0.051754
1732           9     20     181  179.094035  -1.905965
1733           9     21     180  178.937453  -1.062547
1734           9     22     179  176.975300  -2.024700
1735           9     23     178  177.946338  -0.053662
1736           9     24     177  179.366177   2.366177
1737           9     25     176  180.187445   4.187445
1738           9     26     175  180.024933   5.024933
1739           9     27     174  177.720266   3.720266
1740           9     28     173  173.890176   0.890176
1741           9     29     172  173.541337   1.541337
1742           9     30     171  173.335814   2.335814
1743           9     31     170  172.347644   2.347644
1744           9     32     169  168.539617  -0.460383
1745           9     33     168  169.353815   1.353815
1746           9     34     167  168.630386   1.630386
1747           9     35     166  168.779934   2.779934
1748           9     36     165  167.801709   2.801709
1749           9     37     164  166.935599   2.935599
1750           9     38     163  165.408214   2.408214
1751           9     39     162  164.816235   2.816235
1752           9     40     161  164.025747   3.025747
1753           9     41     160  163.495967   3.495967
1754           9     42     159  159.112514   0.112514
1755           9     43     158  159.027663   1.027663
1756           9     44     157  160.354703   3.354703
1757           9     45     156  158.147337   2.147337
1758           9     46     155  157.974724   2.974724
1759           9     47     154  157.559435   3.559435
1760           9     48     153  156.481878   3.481878
1761           9     49     152  157.428200   5.428200
1762           9     50     151  155.154347   4.154347
1763           9     51     150  154.498700   4.498700
1764           9     52     149  153.862494   4.862494
1765           9     53     148  145.732750  -2.267250
1766           9     54     147  146.946921  -0.053079
1767           9     55     146  146.666661   0.666661
1768           9     56     145  143.646462  -1.353538
1769           9     57     144  142.712927  -1.287073
1770           9     58     143  142.630776  -0.369224
1771           9     59     142  139.302576  -2.697424
1772           9     60     141  139.628132  -1.371868
1773           9     61     140  137.257930  -2.742070
1774           9     62     139  133.335834  -5.664166
1775           9     63     138  133.626106  -4.373894
1776           9     64     137  132.312368  -4.687632
1777           9     65     136  132.638710  -3.361290
1778           9     66     135  131.959412  -3.040588
1779           9     67     134  131.497490  -2.502510
1780           9     68     133  128.327615  -4.672385
1781           9     69     132  126.321192  -5.678808
1782           9     70     131  128.426131  -2.573869
1783           9     71     130  125.214206  -4.785794
1784           9     72     129  126.920871  -2.079129
1785           9     73     128  122.857597  -5.142403
1786           9     74     127  121.112950  -5.887050
1787           9     75     126  124.576251  -1.423749
1788           9     76     125  121.060806  -3.939194
1789           9     77     124  121.097538  -2.902462
1790           9     78     123  119.538896  -3.461104
1791           9     79     122  120.082730  -1.917270
1792           9     80     121  120.122033  -0.877967
1793           9     81     120  123.655015   3.655015
1794           9     82     119  120.256825   1.256825
1795           9     83     118  122.675047   4.675047
1796           9     84     117  121.409860   4.409860
1797           9     85     116  120.698669   4.698669
1798           9     86     115  119.700669   4.700669
1799           9     87     114  119.385432   5.385432
1800           9     88     113  118.012203   5.012203
1801           9     89     112  116.981475   4.981475
1802           9     90     111  116.697107   5.697107
1803           9     91     110  116.929900   6.929900
1804           9     92     109  114.881491   5.881491
1805           9     93     108  112.458010   4.458010
1806           9     94     107  109.013141   2.013141
1807           9     95     106   98.601094  -7.398906
1808           9     96     105  101.015009  -3.984991
1809           9     97     104  103.876318  -0.123682
1810           9     98     103  104.277631   1.277631
1811           9     99     102  102.351117   0.351117
1812           9    100     101   95.887839  -5.112161
1813           9    101     100   97.448856  -2.551144
1814           9    102      99   96.245918  -2.754082
1815           9    103      98   92.801195  -5.198805
1816           9    104      97   94.881603  -2.118397
1817           9    105      96   94.411563  -1.588437
1818           9    106      95   89.893179  -5.106821
1819           9    107      94   92.734322  -1.265678
1820           9    108      93   87.937170  -5.062830
1821           9    109      92   87.928291  -4.071709
1822           9    110      91   87.829735  -3.170265
1823           9    111      90   87.135206  -2.864794
1824           9    112      89   87.566981  -1.433019
1825           9    113      88   82.018341  -5.981659
1826           9    114      87   86.831310  -0.168690
1827           9    115      86   83.684895  -2.315105
1828           9    116      85   81.841428  -3.158572
1829           9    117      84   83.179391  -0.820609
1830           9    118      83   79.990410  -3.009590
1831           9    119      82   82.229583   0.229583
1832           9    120      81   77.788253  -3.211747
1833           9    121      80   82.550884   2.550884
1834           9    122      79   77.043308  -1.956692
1835           9    123      78   80.447051   2.447051
1836           9    124      77   79.914648   2.914648
1837           9    125      76   76.481060   0.481060
1838           9    126      75   74.551560  -0.448440
1839           9    127      74   76.425314   2.425314
1840           9    128      73   74.041252   1.041252
1841           9    129      72   75.391340   3.391340
1842           9    130      71   68.916014  -2.083986
1843           9    131      70   64.618709  -5.381291
1844           9    132      69   59.793736  -9.206264
1845           9    133      68   64.284947  -3.715053
1846           9    134      67   62.172901  -4.827099
1847           9    135      66   64.656107  -1.343893
1848           9    136      65   63.431123  -1.568877
1849           9    137      64   62.862259  -1.137741
1850           9    138      63   69.666125   6.666125
1851           9    139      62   65.497162   3.497162
1852           9    140      61   68.426630   7.426630
1853           9    141      60   65.772104   5.772104
1854           9    142      59   61.872253   2.872253
1855           9    143      58   67.512024   9.512024
1856           9    144      57   59.969121   2.969121
1857           9    145      56   58.331674   2.331674
1858           9    146      55   51.796178  -3.203822
1859           9    147      54   51.879950  -2.120050
1860           9    148      53   46.643365  -6.356635
1861           9    149      52   47.840226  -4.159774
1862           9    150      51   48.806350  -2.193650
1863           9    151      50   50.995035   0.995035
1864           9    152      49   53.923882   4.923882
1865           9    153      48   52.244592   4.244592
1866           9    154      47   48.664459   1.664459
1867           9    155      46   51.421386   5.421386
1868           9    156      45   46.770639   1.770639
1869           9    157      44   45.129393   1.129393
1870           9    158      43   44.137755   1.137755
1871           9    159      42   42.452032   0.452032
1872           9    160      41   40.576012  -0.423988
1873           9    161      40   39.327452  -0.672548
1874           9    162      39   40.930319   1.930319
1875           9    163      38   38.709569   0.709569
1876           9    164      37   40.805299   3.805299
1877           9    165      36   38.191245   2.191245
1878           9    166      35   37.100619   2.100619
1879           9    167      34   35.298101   1.298101
1880           9    168      33   34.984225   1.984225
1881           9    169      32   34.469057   2.469057
1882           9    170      31   33.673123   2.673123
1883           9    171      30   35.063416   5.063416
1884           9    172      29   33.296095   4.296095
1885           9    173      28   30.287463   2.287463
1886           9    174      27   29.463235   2.463235
1887           9    175      26   32.441204   6.441204
1888           9    176      25   22.908054  -2.091946
1889           9    177      24   22.000772  -1.999228
1890           9    178      23   23.594041   0.594041
1891           9    179      22   22.887044   0.887044
1892           9    180      21   25.141883   4.141883
1893           9    181      20   24.302563   4.302563
1894           9    182      19   20.234093   1.234093
1895           9    183      18   19.398654   1.398654
1896           9    184      17   17.886383   0.886383
1897           9    185      16   15.680766  -0.319234
1898           9    186      15   14.824850  -0.175150
1899           9    187      14   14.132669   0.132669
1900           9    188      13   14.138562   1.138562
1901           9    189      12   13.092291   1.092291
1902           9    190      11    9.663115  -1.336885
1903           9    191      10    7.166010  -2.833990
1904           9    192       9    6.651207  -2.348793
1905           9    193       8    6.655440  -1.344560
1906           9    194       7    6.658198  -0.341802
1907           9    195       6    5.527535  -0.472465
1908           9    196       5    5.596666   0.596666
1909           9    197       4    4.555227   0.555227
1910           9    198       3    3.568593   0.568593
1911           9    199       2    2.846591   0.846591
1912           9    200       1    2.041865   1.041865
1913           9    201       0    1.453326   1.453326
1914          10      1     221  223.758100   2.758100
1915          10      2     220  219.898604  -0.101396
1916          10      3     219  216.878947  -2.121053
1917          10      4     218  208.274703  -9.725297
1918          10      5     217  217.369762   0.369762
1919          10      6     216  213.230029  -2.769971
1920          10      7     215  215.458424   0.458424
1921          10      8     214  213.246782  -0.753218
1922          10      9     213  209.516901  -3.483099
1923          10     10     212  208.343865  -3.656135
1924          10     11     211  206.676944  -4.323056
1925          10     12     210  206.574789  -3.425211
1926          10     13     209  211.209777   2.209777
1927          10     14     208  207.348245  -0.651755
1928          10     15     207  203.542575  -3.457425
1929          10     16     206  204.950791  -1.049209
1930          10     17     205  204.432474  -0.567526
1931          10     18     204  205.511132   1.511132
1932          10     19     203  205.324652   2.324652
1933          10     20     202  205.881739   3.881739
1934          10     21     201  205.835868   4.835868
1935          10     22     200  202.179677   2.179677
1936          10     23     199  201.827881   2.827881
1937          10     24     198  200.390673   2.390673
1938          10     25     197  198.507777   1.507777
1939          10     26     196  198.074437   2.074437
1940          10     27     195  196.960591   1.960591
1941          10     28     194  194.624317   0.624317
1942          10     29     193  194.122598   1.122598
1943          10     30     192  192.723878   0.723878
1944          10     31     191  192.001687   1.001687
1945          10     32     190  192.533458   2.533458
1946          10     33     189  191.311218   2.311218
1947          10     34     188  190.779425   2.779425
1948          10     35     187  189.050746   2.050746
1949          10     36     186  187.901359   1.901359
1950          10     37     185  186.428372   1.428372
1951          10     38     184  183.318822  -0.681178
1952          10     39     183  182.108794  -0.891206
1953          10     40     182  180.289512  -1.710488
1954          10     41     181  180.345321  -0.654679
1955          10     42     180  181.610422   1.610422
1956          10     43     179  178.656931  -0.343069
1957          10     44     178  178.321756   0.321756
1958          10     45     177  178.437106   1.437106
1959          10     46     176  177.504433   1.504433
1960          10     47     175  177.791204   2.791204
1961          10     48     174  178.398002   4.398002
1962          10     49     173  178.071812   5.071812
1963          10     50     172  172.468701   0.468701
1964          10     51     171  172.454893   1.454893
1965          10     52     170  171.400706   1.400706
1966          10     53     169  168.279476  -0.720524
1967          10     54     168  169.334251   1.334251
1968          10     55     167  170.379560   3.379560
1969          10     56     166  169.570455   3.570455
1970          10     57     165  165.386566   0.386566
1971          10     58     164  161.792828  -2.207172
1972          10     59     163  163.964810   0.964810
1973          10     60     162  162.532726   0.532726
1974          10     61     161  162.291332   1.291332
1975          10     62     160  161.396139   1.396139
1976          10     63     159  158.740504  -0.259496
1977          10     64     158  160.792653   2.792653
1978          10     65     157  161.670324   4.670324
1979          10     66     156  158.999031   2.999031
1980          10     67     155  157.184777   2.184777
1981          10     68     154  155.777831   1.777831
1982          10     69     153  154.038790   1.038790
1983          10     70     152  153.667391   1.667391
1984          10     71     151  154.285455   3.285455
1985          10     72     150  152.950727   2.950727
1986          10     73     149  152.207466   3.207466
1987          10     74     148  147.766960  -0.233040
1988          10     75     147  145.985019  -1.014981
1989          10     76     146  146.917848   0.917848
1990          10     77     145  147.106075   2.106075
1991          10     78     144  145.792952   1.792952
1992          10     79     143  144.404589   1.404589
1993          10     80     142  144.460639   2.460639
1994          10     81     141  142.384549   1.384549
1995          10     82     140  138.832130  -1.167870
1996          10     83     139  140.811004   1.811004
1997          10     84     138  142.279326   4.279326
1998          10     85     137  138.869902   1.869902
1999          10     86     136  140.086422   4.086422
2000          10     87     135  137.765834   2.765834
2001          10     88     134  134.504693   0.504693
2002          10     89     133  126.081724  -6.918276
2003          10     90     132  129.944132  -2.055868
2004          10     91     131  128.100119  -2.899881
2005          10     92     130  130.433356   0.433356
2006          10     93     129  125.453692  -3.546308
2007          10     94     128  123.024622  -4.975378
2008          10     95     127  120.281454  -6.718546
2009          10     96     126  118.403679  -7.596321
2010          10     97     125  118.238830  -6.761170
2011          10     98     124  116.683926  -7.316074
2012          10     99     123  119.481147  -3.518853
2013          10    100     122  121.299333  -0.700667
2014          10    101     121  120.397704  -0.602296
2015          10    102     120  122.056360   2.056360
2016          10    103     119  122.256044   3.256044
2017          10    104     118  119.502491   1.502491
2018          10    105     117  121.247139   4.247139
2019          10    106     116  117.330947   1.330947
2020          10    107     115  117.449187   2.449187
2021          10    108     114  114.136646   0.136646
2022          10    109     113  113.812652   0.812652
2023          10    110     112  110.140113  -1.859887
2024          10    111     111  109.433245  -1.566755
2025          10    112     110  107.879021  -2.120979
2026          10    113     109  112.457046   3.457046
2027          10    114     108  107.717344  -0.282656
2028          10    115     107  101.666492  -5.333508
2029          10    116     106  107.922117   1.922117
2030          10    117     105  106.409766   1.409766
2031          10    118     104  108.141196   4.141196
2032          10    119     103  107.572349   4.572349
2033          10    120     102  103.890339   1.890339
2034          10    121     101  104.134022   3.134022
2035          10    122     100   97.101570  -2.898430
2036          10    123      99   99.894450   0.894450
2037          10    124      98   97.337615  -0.662385
2038          10    125      97   92.419049  -4.580951
2039          10    126      96   91.153556  -4.846444
2040          10    127      95   88.249579  -6.750421
2041          10    128      94   90.702516  -3.297484
2042          10    129      93   88.500374  -4.499626
2043          10    130      92   87.014482  -4.985518
2044          10    131      91   93.871015   2.871015
2045          10    132      90   93.817405   3.817405
2046          10    133      89   90.160066   1.160066
2047          10    134      88   90.168427   2.168427
2048          10    135      87   90.014653   3.014653
2049          10    136      86   81.261539  -4.738461
2050          10    137      85   81.979862  -3.020138
2051          10    138      84   82.202735  -1.797265
2052          10    139      83   83.616209   0.616209
2053          10    140      82   81.425566  -0.574434
2054          10    141      81   79.161363  -1.838637
2055          10    142      80   79.114983  -0.885017
2056          10    143      79   81.683739   2.683739
2057          10    144      78   76.482075  -1.517925
2058          10    145      77   78.975054   1.975054
2059          10    146      76   77.943120   1.943120
2060          10    147      75   82.334771   7.334771
2061          10    148      74   79.244742   5.244742
2062          10    149      73   78.105672   5.105672
2063          10    150      72   81.326338   9.326338
2064          10    151      71   73.673892   2.673892
2065          10    152      70   71.919572   1.919572
2066          10    153      69   70.312436   1.312436
2067          10    154      68   71.841958   3.841958
2068          10    155      67   73.551411   6.551411
2069          10    156      66   73.159560   7.159560
2070          10    157      65   65.414694   0.414694
2071          10    158      64   60.531243  -3.468757
2072          10    159      63   61.052805  -1.947195
2073          10    160      62   61.187797  -0.812203
2074          10    161      61   61.338059   0.338059
2075          10    162      60   61.028006   1.028006
2076          10    163      59   60.226993   1.226993
2077          10    164      58   57.779030  -0.220970
2078          10    165      57   58.665793   1.665793
2079          10    166      56   58.693697   2.693697
2080          10    167      55   58.721004   3.721004
2081          10    168      54   55.243875   1.243875
2082          10    169      53   50.974076  -2.025924
2083          10    170      52   53.104903   1.104903
2084          10    171      51   52.562642   1.562642
2085          10    172      50   50.586970   0.586970
2086          10    173      49   53.331129   4.331129
2087          10    174      48   51.402377   3.402377
2088          10    175      47   49.398885   2.398885
2089          10    176      46   46.217764   0.217764
2090          10    177      45   45.350784   0.350784
2091          10    178      44   46.061495   2.061495
2092          10    179      43   46.213990   3.213990
2093          10    180      42   43.368697   1.368697
2094          10    181      41   47.039082   6.039082
2095          10    182      40   44.131410   4.131410
2096          10    183      39   42.475793   3.475793
2097          10    184      38   45.590893   7.590893
2098          10    185      37   46.739926   9.739926
2099          10    186      36   43.868029   7.868029
2100          10    187      35   39.111002   4.111002
2101          10    188      34   36.975417   2.975417
2102          10    189      33   39.741952   6.741952
2103          10    190      32   36.710950   4.710950
2104          10    191      31   36.130529   5.130529
2105          10    192      30   36.561640   6.561640
2106          10    193      29   32.060992   3.060992
2107          10    194      28   26.226289  -1.773711
2108          10    195      27   23.874009  -3.125991
2109          10    196      26   21.226901  -4.773099
2110          10    197      25   20.092139  -4.907861
2111          10    198      24   22.635477  -1.364523
2112          10    199      23   21.955132  -1.044868
2113          10    200      22   21.107205  -0.892795
2114          10    201      21   19.534912  -1.465088
2115          10    202      20   19.883196  -0.116804
2116          10    203      19   17.777213  -1.222787
2117          10    204      18   16.105479  -1.894521
2118          10    205      17   14.825385  -2.174615
2119          10    206      16   12.853681  -3.146319
2120          10    207      15   12.637884  -2.362116
2121          10    208      14   14.130417   0.130417
2122          10    209      13   14.182088   1.182088
2123          10    210      12   11.655658  -0.344342
2124          10    211      11   11.657140   0.657140
2125          10    212      10   11.671240   1.671240
2126          10    213       9   10.685751   1.685751
2127          10    214       8   10.355198   2.355198
2128          10    215       7    9.782739   2.782739
2129          10    216       6    8.025482   2.025482
2130          10    217       5    7.071396   2.071396
2131          10    218       4    5.816268   1.816268
2132          10    219       3    5.437902   2.437902
2133          10    220       2    6.121763   4.121763
2134          10    221       1    5.606204   4.606204
2135          10    222       0    4.053258   4.053258
2136          11      1     239  226.539121 -12.460879
2137          11      2     238  247.878963   9.878963
2138          11      3     237  235.776242  -1.223758
2139          11      4     236  233.420242  -2.579758
2140          11      5     235  226.325595  -8.674405
2141          11      6     234  229.954647  -4.045353
2142          11      7     233  228.231436  -4.768564
2143          11      8     232  239.972828   7.972828
2144          11      9     231  226.097931  -4.902069
2145          11     10     230  224.070993  -5.929007
2146          11     11     229  226.208399  -2.791601
2147          11     12     228  225.581795  -2.418205
2148          11     13     227  224.136968  -2.863032
2149          11     14     226  222.275317  -3.724683
2150          11     15     225  218.407022  -6.592978
2151          11     16     224  219.229284  -4.770716
2152          11     17     223  216.623344  -6.376656
2153          11     18     222  216.349798  -5.650202
2154          11     19     221  217.759787  -3.240213
2155          11     20     220  216.350830  -3.649170
2156          11     21     219  218.654622  -0.345378
2157          11     22     218  215.454258  -2.545742
2158          11     23     217  214.442381  -2.557619
2159          11     24     216  214.277280  -1.722720
2160          11     25     215  211.063303  -3.936697
2161          11     26     214  209.804706  -4.195294
2162          11     27     213  208.473583  -4.526417
2163          11     28     212  206.063758  -5.936242
2164          11     29     211  204.743517  -6.256483
2165          11     30     210  204.087193  -5.912807
2166          11     31     209  207.090173  -1.909827
2167          11     32     208  201.954570  -6.045430
2168          11     33     207  207.842285   0.842285
2169          11     34     206  206.182101   0.182101
2170          11     35     205  204.982798  -0.017202
2171          11     36     204  203.558129  -0.441871
2172          11     37     203  202.693707  -0.306293
2173          11     38     202  201.180247  -0.819753
2174          11     39     201  200.776689  -0.223311
2175          11     40     200  200.562503   0.562503
2176          11     41     199  203.605222   4.605222
2177          11     42     198  197.133737  -0.866263
2178          11     43     197  198.000265   1.000265
2179          11     44     196  196.486374   0.486374
2180          11     45     195  199.730132   4.730132
2181          11     46     194  198.369547   4.369547
2182          11     47     193  194.243176   1.243176
2183          11     48     192  191.290928  -0.709072
2184          11     49     191  193.036483   2.036483
2185          11     50     190  190.634510   0.634510
2186          11     51     189  190.631598   1.631598
2187          11     52     188  188.861308   0.861308
2188          11     53     187  185.410845  -1.589155
2189          11     54     186  185.438628  -0.561372
2190          11     55     185  193.105583   8.105583
2191          11     56     184  190.848147   6.848147
2192          11     57     183  187.748665   4.748665
2193          11     58     182  184.565398   2.565398
2194          11     59     181  181.459566   0.459566
2195          11     60     180  180.591461   0.591461
2196          11     61     179  180.373549   1.373549
2197          11     62     178  179.774285   1.774285
2198          11     63     177  177.500504   0.500504
2199          11     64     176  177.883053   1.883053
2200          11     65     175  175.480936   0.480936
2201          11     66     174  172.458485  -1.541515
2202          11     67     173  171.550344  -1.449656
2203          11     68     172  170.569545  -1.430455
2204          11     69     171  171.678220   0.678220
2205          11     70     170  171.650263   1.650263
2206          11     71     169  169.918715   0.918715
2207          11     72     168  167.676242  -0.323758
2208          11     73     167  163.019894  -3.980106
2209          11     74     166  161.318335  -4.681665
2210          11     75     165  161.945301  -3.054699
2211          11     76     164  161.715988  -2.284012
2212          11     77     163  160.454019  -2.545981
2213          11     78     162  159.762445  -2.237555
2214          11     79     161  157.869546  -3.130454
2215          11     80     160  158.274017  -1.725983
2216          11     81     159  157.213514  -1.786486
2217          11     82     158  157.271210  -0.728790
2218          11     83     157  152.861631  -4.138369
2219          11     84     156  152.216068  -3.783932
2220          11     85     155  151.308979  -3.691021
2221          11     86     154  153.016066  -0.983934
2222          11     87     153  150.376767  -2.623233
2223          11     88     152  151.485877  -0.514123
2224          11     89     151  150.045115  -0.954885
2225          11     90     150  150.201067   0.201067
2226          11     91     149  149.896951   0.896951
2227          11     92     148  147.147089  -0.852911
2228          11     93     147  140.692089  -6.307911
2229          11     94     146  143.339350  -2.660650
2230          11     95     145  144.059783  -0.940217
2231          11     96     144  142.542128  -1.457872
2232          11     97     143  145.222253   2.222253
2233          11     98     142  141.665355  -0.334645
2234          11     99     141  138.659762  -2.340238
2235          11    100     140  140.299297   0.299297
2236          11    101     139  142.923253   3.923253
2237          11    102     138  143.143660   5.143660
2238          11    103     137  139.134075   2.134075
2239          11    104     136  138.357564   2.357564
2240          11    105     135  136.041579   1.041579
2241          11    106     134  141.812274   7.812274
2242          11    107     133  141.384956   8.384956
2243          11    108     132  139.901933   7.901933
2244          11    109     131  140.623709   9.623709
2245          11    110     130  135.432984   5.432984
2246          11    111     129  135.458074   6.458074
2247          11    112     128  137.944665   9.944665
2248          11    113     127  138.860820  11.860820
2249          11    114     126  133.490989   7.490989
2250          11    115     125  129.129301   4.129301
2251          11    116     124  133.002166   9.002166
2252          11    117     123  124.340091   1.340091
2253          11    118     122  111.553341 -10.446659
2254          11    119     121  114.461436  -6.538564
2255          11    120     120  114.892162  -5.107838
2256          11    121     119  114.292538  -4.707462
2257          11    122     118  116.018522  -1.981478
2258          11    123     117  118.536111   1.536111
2259          11    124     116  115.387156  -0.612844
2260          11    125     115  108.844508  -6.155492
2261          11    126     114  114.183835   0.183835
2262          11    127     113  111.700208  -1.299792
2263          11    128     112  105.933856  -6.066144
2264          11    129     111   98.562286 -12.437714
2265          11    130     110  108.157730  -1.842270
2266          11    131     109  107.060570  -1.939430
2267          11    132     108  105.768757  -2.231243
2268          11    133     107  104.108613  -2.891387
2269          11    134     106   99.484606  -6.515394
2270          11    135     105  101.104203  -3.895797
2271          11    136     104   99.162049  -4.837951
2272          11    137     103   99.954839  -3.045161
2273          11    138     102   96.352463  -5.647537
2274          11    139     101  101.630499   0.630499
2275          11    140     100  104.035964   4.035964
2276          11    141      99  102.782534   3.782534
2277          11    142      98  105.200998   7.200998
2278          11    143      97  105.004060   8.004060
2279          11    144      96   99.996585   3.996585
2280          11    145      95   95.248005   0.248005
2281          11    146      94   95.255983   1.255983
2282          11    147      93   92.312258  -0.687742
2283          11    148      92   88.189667  -3.810333
2284          11    149      91   84.983107  -6.016893
2285          11    150      90   89.382409  -0.617591
2286          11    151      89   93.056756   4.056756
2287          11    152      88   84.433192  -3.566808
2288          11    153      87   84.595748  -2.404252
2289          11    154      86   74.648693 -11.351307
2290          11    155      85   75.677384  -9.322616
2291          11    156      84   84.807598   0.807598
2292          11    157      83   83.895234   0.895234
2293          11    158      82   78.485310  -3.514690
2294          11    159      81   76.191883  -4.808117
2295          11    160      80   74.856112  -5.143888
2296          11    161      79   78.574355  -0.425645
2297          11    162      78   77.141316  -0.858684
2298          11    163      77   78.158792   1.158792
2299          11    164      76   75.110204  -0.889796
2300          11    165      75   73.438629  -1.561371
2301          11    166      74   71.235587  -2.764413
2302          11    167      73   71.729576  -1.270424
2303          11    168      72   70.985413  -1.014587
2304          11    169      71   68.881410  -2.118590
2305          11    170      70   69.495802  -0.504198
2306          11    171      69   70.949002   1.949002
2307          11    172      68   68.878636   0.878636
2308          11    173      67   67.252453   0.252453
2309          11    174      66   64.250509  -1.749491
2310          11    175      65   59.274410  -5.725590
2311          11    176      64   62.148441  -1.851559
2312          11    177      63   59.608550  -3.391450
2313          11    178      62   57.387135  -4.612865
2314          11    179      61   55.271437  -5.728563
2315          11    180      60   52.960167  -7.039833
2316          11    181      59   58.539356  -0.460644
2317          11    182      58   59.803247   1.803247
2318          11    183      57   59.800700   2.800700
2319          11    184      56   50.121948  -5.878052
2320          11    185      55   50.517287  -4.482713
2321          11    186      54   53.719428  -0.280572
2322          11    187      53   55.336778   2.336778
2323          11    188      52   51.821367  -0.178633
2324          11    189      51   50.613664  -0.386336
2325          11    190      50   49.134018  -0.865982
2326          11    191      49   50.039183   1.039183
2327          11    192      48   48.812304   0.812304
2328          11    193      47   47.755860   0.755860
2329          11    194      46   46.714454   0.714454
2330          11    195      45   44.376760  -0.623240
2331          11    196      44   44.526634   0.526634
2332          11    197      43   40.789241  -2.210759
2333          11    198      42   40.737106  -1.262894
2334          11    199      41   37.516222  -3.483778
2335          11    200      40   37.410770  -2.589230
2336          11    201      39   38.293803  -0.706197
2337          11    202      38   36.302957  -1.697043
2338          11    203      37   33.429454  -3.570546
2339          11    204      36   31.787728  -4.212272
2340          11    205      35   28.748482  -6.251518
2341          11    206      34   33.823668  -0.176332
2342          11    207      33   32.066623  -0.933377
2343          11    208      32   34.956479   2.956479
2344          11    209      31   28.911985  -2.088015
2345          11    210      30   26.643523  -3.356477
2346          11    211      29   28.724984  -0.275016
2347          11    212      28   28.307428   0.307428
2348          11    213      27   26.527398  -0.472602
2349          11    214      26   26.941615   0.941615
2350          11    215      25   26.609741   1.609741
2351          11    216      24   23.751224  -0.248776
2352          11    217      23   23.155157   0.155157
2353          11    218      22   21.337190  -0.662810
2354          11    219      21   22.507010   1.507010
2355          11    220      20   19.742954  -0.257046
2356          11    221      19   17.788090  -1.211910
2357          11    222      18   17.293370  -0.706630
2358          11    223      17   17.388400   0.388400
2359          11    224      16   14.721793  -1.278207
2360          11    225      15   13.802018  -1.197982
2361          11    226      14   12.112993  -1.887007
2362          11    227      13   12.068112  -0.931888
2363          11    228      12   11.826279  -0.173721
2364          11    229      11   10.571664  -0.428336
2365          11    230      10   10.045877   0.045877
2366          11    231       9    9.700327   0.700327
2367          11    232       8    8.708457   0.708457
2368          11    233       7    8.900546   1.900546
2369          11    234       6    7.746124   1.746124
2370          11    235       5    7.992975   2.992975
2371          11    236       4    6.659285   2.659285
2372          11    237       3    4.008829   1.008829
2373          11    238       2    2.955014   0.955014
2374          11    239       1    2.265428   1.265428
2375          11    240       0    1.436347   1.436347
2376          12      1     169  180.621205  11.621205
2377          12      2     168  179.965352  11.965352
2378          12      3     167  180.381370  13.381370
2379          12      4     166  172.520848   6.520848
2380          12      5     165  167.704122   2.704122
2381          12      6     164  165.033679   1.033679
2382          12      7     163  170.556295   7.556295
2383          12      8     162  155.484062  -6.515938
2384          12      9     161  164.496594   3.496594
2385          12     10     160  167.057174   7.057174
2386          12     11     159  155.953082  -3.046918
2387          12     12     158  166.379805   8.379805
2388          12     13     157  164.936352   7.936352
2389          12     14     156  168.076919  12.076919
2390          12     15     155  151.631006  -3.368994
2391          12     16     154  151.880944  -2.119056
2392          12     17     153  151.645143  -1.354857
2393          12     18     152  150.339429  -1.660571
2394          12     19     151  148.726303  -2.273697
2395          12     20     150  148.192219  -1.807781
2396          12     21     149  147.292017  -1.707983
2397          12     22     148  147.467952  -0.532048
2398          12     23     147  147.873906   0.873906
2399          12     24     146  147.095510   1.095510
2400          12     25     145  147.529422   2.529422
2401          12     26     144  146.657921   2.657921
2402          12     27     143  145.539830   2.539830
2403          12     28     142  144.939310   2.939310
2404          12     29     141  143.647177   2.647177
2405          12     30     140  143.349947   3.349947
2406          12     31     139  141.940430   2.940430
2407          12     32     138  140.294915   2.294915
2408          12     33     137  140.020231   3.020231
2409          12     34     136  140.772794   4.772794
2410          12     35     135  135.530756   0.530756
2411          12     36     134  134.410871   0.410871
2412          12     37     133  133.934392   0.934392
2413          12     38     132  132.392250   0.392250
2414          12     39     131  134.973501   3.973501
2415          12     40     130  132.520827   2.520827
2416          12     41     129  131.609181   2.609181
2417          12     42     128  130.555812   2.555812
2418          12     43     127  130.134227   3.134227
2419          12     44     126  129.448904   3.448904
2420          12     45     125  129.489421   4.489421
2421          12     46     124  126.816090   2.816090
2422          12     47     123  125.788658   2.788658
2423          12     48     122  123.333611   1.333611
2424          12     49     121  123.530287   2.530287
2425          12     50     120  119.949259  -0.050741
2426          12     51     119  118.631638  -0.368362
2427          12     52     118  119.152172   1.152172
2428          12     53     117  116.164996  -0.835004
2429          12     54     116  115.176364  -0.823636
2430          12     55     115  115.341093   0.341093
2431          12     56     114  113.904665  -0.095335
2432          12     57     113  112.343927  -0.656073
2433          12     58     112  111.719946  -0.280054
2434          12     59     111  109.770763  -1.229237
2435          12     60     110  110.037865   0.037865
2436          12     61     109  104.692733  -4.307267
2437          12     62     108  103.346348  -4.653652
2438          12     63     107  105.564315  -1.435685
2439          12     64     106  107.531704   1.531704
2440          12     65     105  103.597448  -1.402552
2441          12     66     104  102.064069  -1.935931
2442          12     67     103  104.527590   1.527590
2443          12     68     102  104.598818   2.598818
2444          12     69     101  104.507743   3.507743
2445          12     70     100  105.394759   5.394759
2446          12     71      99  104.351584   5.351584
2447          12     72      98  102.452860   4.452860
2448          12     73      97   98.629519   1.629519
2449          12     74      96   96.936551   0.936551
2450          12     75      95   94.729694  -0.270306
2451          12     76      94   94.057521   0.057521
2452          12     77      93   93.331430   0.331430
2453          12     78      92   93.279122   1.279122
2454          12     79      91   92.316629   1.316629
2455          12     80      90   94.382170   4.382170
2456          12     81      89   94.702274   5.702274
2457          12     82      88   93.889010   5.889010
2458          12     83      87   91.739774   4.739774
2459          12     84      86   93.094786   7.094786
2460          12     85      85   89.666451   4.666451
2461          12     86      84   82.545797  -1.454203
2462          12     87      83   85.101859   2.101859
2463          12     88      82   87.480443   5.480443
2464          12     89      81   83.674139   2.674139
2465          12     90      80   82.790860   2.790860
2466          12     91      79   85.049964   6.049964
2467          12     92      78   79.515508   1.515508
2468          12     93      77   78.750578   1.750578
2469          12     94      76   80.093558   4.093558
2470          12     95      75   72.380519  -2.619481
2471          12     96      74   76.973425   2.973425
2472          12     97      73   69.074457  -3.925543
2473          12     98      72   70.114174  -1.885826
2474          12     99      71   70.602458  -0.397542
2475          12    100      70   70.615349   0.615349
2476          12    101      69   74.429808   5.429808
2477          12    102      68   74.371008   6.371008
2478          12    103      67   70.375185   3.375185
2479          12    104      66   67.896996   1.896996
2480          12    105      65   66.530456   1.530456
2481          12    106      64   68.399039   4.399039
2482          12    107      63   68.746887   5.746887
2483          12    108      62   68.740319   6.740319
2484          12    109      61   68.359762   7.359762
2485          12    110      60   67.924757   7.924757
2486          12    111      59   66.432236   7.432236
2487          12    112      58   65.969565   7.969565
2488          12    113      57   60.090539   3.090539
2489          12    114      56   60.515968   4.515968
2490          12    115      55   61.042492   6.042492
2491          12    116      54   58.840489   4.840489
2492          12    117      53   57.834878   4.834878
2493          12    118      52   49.958702  -2.041298
2494          12    119      51   50.069345  -0.930655
2495          12    120      50   50.711259   0.711259
2496          12    121      49   50.070944   1.070944
2497          12    122      48   48.227218   0.227218
2498          12    123      47   45.643112  -1.356888
2499          12    124      46   49.896283   3.896283
2500          12    125      45   48.464933   3.464933
2501          12    126      44   44.478993   0.478993
2502          12    127      43   43.817488   0.817488
2503          12    128      42   41.703847  -0.296153
2504          12    129      41   31.799879  -9.200121
2505          12    130      40   33.025202  -6.974798
2506          12    131      39   28.657961 -10.342039
2507          12    132      38   28.278773  -9.721227
2508          12    133      37   32.440264  -4.559736
2509          12    134      36   31.528786  -4.471214
2510          12    135      35   28.674892  -6.325108
2511          12    136      34   29.675974  -4.324026
2512          12    137      33   28.162406  -4.837594
2513          12    138      32   27.333951  -4.666049
2514          12    139      31   26.171969  -4.828031
2515          12    140      30   30.744605   0.744605
2516          12    141      29   26.432775  -2.567225
2517          12    142      28   26.412330  -1.587670
2518          12    143      27   26.740437  -0.259563
2519          12    144      26   27.876051   1.876051
2520          12    145      25   25.970396   0.970396
2521          12    146      24   29.798136   5.798136
2522          12    147      23   26.304680   3.304680
2523          12    148      22   28.353976   6.353976
2524          12    149      21   20.794371  -0.205629
2525          12    150      20   19.098527  -0.901473
2526          12    151      19   22.231752   3.231752
2527          12    152      18   19.840586   1.840586
2528          12    153      17   20.009626   3.009626
2529          12    154      16   21.307659   5.307659
2530          12    155      15   18.125469   3.125469
2531          12    156      14   17.078382   3.078382
2532          12    157      13   16.242767   3.242767
2533          12    158      12   16.802006   4.802006
2534          12    159      11   12.164149   1.164149
2535          12    160      10    7.859646  -2.140354
2536          12    161       9    7.156937  -1.843063
2537          12    162       8    6.499953  -1.500047
2538          12    163       7    4.630855  -2.369145
2539          12    164       6    5.249840  -0.750160
2540          12    165       5    4.787178  -0.212822
2541          12    166       4    4.154094   0.154094
2542          12    167       3    3.175432   0.175432
2543          12    168       2    3.771054   1.771054
2544          12    169       1    1.712160   0.712160
2545          12    170       0    0.868687   0.868687
2546          13      1     162  189.141892  27.141892
2547          13      2     161  176.686260  15.686260
2548          13      3     160  176.436701  16.436701
2549          13      4     159  167.766520   8.766520
2550          13      5     158  161.506967   3.506967
2551          13      6     157  165.904099   8.904099
2552          13      7     156  160.156483   4.156483
2553          13      8     155  156.507905   1.507905
2554          13      9     154  155.345888   1.345888
2555          13     10     153  158.685482   5.685482
2556          13     11     152  151.798514  -0.201486
2557          13     12     151  148.535731  -2.464269
2558          13     13     150  146.170679  -3.829321
2559          13     14     149  154.487040   5.487040
2560          13     15     148  138.724469  -9.275531
2561          13     16     147  143.571180  -3.428820
2562          13     17     146  143.677861  -2.322139
2563          13     18     145  143.038958  -1.961042
2564          13     19     144  142.365700  -1.634300
2565          13     20     143  143.265613   0.265613
2566          13     21     142  144.063187   2.063187
2567          13     22     141  143.835319   2.835319
2568          13     23     140  143.342131   3.342131
2569          13     24     139  142.743288   3.743288
2570          13     25     138  138.611627   0.611627
2571          13     26     137  136.890042  -0.109958
2572          13     27     136  135.862585  -0.137415
2573          13     28     135  135.807734   0.807734
2574          13     29     134  133.649799  -0.350201
2575          13     30     133  133.600917   0.600917
2576          13     31     132  130.108338  -1.891662
2577          13     32     131  132.273995   1.273995
2578          13     33     130  130.597101   0.597101
2579          13     34     129  130.534839   1.534839
2580          13     35     128  127.560557  -0.439443
2581          13     36     127  128.282841   1.282841
2582          13     37     126  124.407796  -1.592204
2583          13     38     125  120.771139  -4.228861
2584          13     39     124  122.524744  -1.475256
2585          13     40     123  121.358772  -1.641228
2586          13     41     122  121.942758  -0.057242
2587          13     42     121  120.726555  -0.273445
2588          13     43     120  119.557694  -0.442306
2589          13     44     119  118.708870  -0.291130
2590          13     45     118  119.160039   1.160039
2591          13     46     117  116.733931  -0.266069
2592          13     47     116  115.389432  -0.610568
2593          13     48     115  114.016711  -0.983289
2594          13     49     114  113.414622  -0.585378
2595          13     50     113  110.942503  -2.057497
2596          13     51     112  112.894954   0.894954
2597          13     52     111  106.602007  -4.397993
2598          13     53     110  105.887844  -4.112156
2599          13     54     109  105.930596  -3.069404
2600          13     55     108  109.027560   1.027560
2601          13     56     107  105.320480  -1.679520
2602          13     57     106  105.106194  -0.893806
2603          13     58     105  102.979490  -2.020510
2604          13     59     104  103.102094  -0.897906
2605          13     60     103  100.005535  -2.994465
2606          13     61     102  101.156060  -0.843940
2607          13     62     101   99.576632  -1.423368
2608          13     63     100   97.810882  -2.189118
2609          13     64      99   98.161237  -0.838763
2610          13     65      98   95.124049  -2.875951
2611          13     66      97   92.897472  -4.102528
2612          13     67      96   95.324906  -0.675094
2613          13     68      95   90.611524  -4.388476
2614          13     69      94   90.364224  -3.635776
2615          13     70      93   91.989365  -1.010635
2616          13     71      92   91.228040  -0.771960
2617          13     72      91   92.241727   1.241727
2618          13     73      90   90.241953   0.241953
2619          13     74      89   92.543561   3.543561
2620          13     75      88   91.694350   3.694350
2621          13     76      87   92.073481   5.073481
2622          13     77      86   91.851954   5.851954
2623          13     78      85   87.980210   2.980210
2624          13     79      84   90.748417   6.748417
2625          13     80      83   87.590081   4.590081
2626          13     81      82   88.477358   6.477358
2627          13     82      81   89.441031   8.441031
2628          13     83      80   89.498011   9.498011
2629          13     84      79   94.294643  15.294643
2630          13     85      78   85.538569   7.538569
2631          13     86      77   86.500902   9.500902
2632          13     87      76   85.488385   9.488385
2633          13     88      75   85.912516  10.912516
2634          13     89      74   84.094537  10.094537
2635          13     90      73   81.713860   8.713860
2636          13     91      72   74.079341   2.079341
2637          13     92      71   71.548336   0.548336
2638          13     93      70   70.612406   0.612406
2639          13     94      69   71.704109   2.704109
2640          13     95      68   67.422926  -0.577074
2641          13     96      67   66.421141  -0.578859
2642          13     97      66   65.714301  -0.285699
2643          13     98      65   63.571196  -1.428804
2644          13     99      64   63.216604  -0.783396
2645          13    100      63   60.834671  -2.165329
2646          13    101      62   58.331758  -3.668242
2647          13    102      61   59.848905  -1.151095
2648          13    103      60   58.932968  -1.067032
2649          13    104      59   61.989478   2.989478
2650          13    105      58   57.162737  -0.837263
2651          13    106      57   55.577443  -1.422557
2652          13    107      56   58.623823   2.623823
2653          13    108      55   59.705133   4.705133
2654          13    109      54   55.264819   1.264819
2655          13    110      53   53.793270   0.793270
2656          13    111      52   52.164807   0.164807
2657          13    112      51   48.227054  -2.772946
2658          13    113      50   46.314414  -3.685586
2659          13    114      49   45.285206  -3.714794
2660          13    115      48   44.064115  -3.935885
2661          13    116      47   48.618934   1.618934
2662          13    117      46   42.448571  -3.551429
2663          13    118      45   45.174840   0.174840
2664          13    119      44   44.177537   0.177537
2665          13    120      43   45.168105   2.168105
2666          13    121      42   43.247645   1.247645
2667          13    122      41   44.136305   3.136305
2668          13    123      40   42.626629   2.626629
2669          13    124      39   39.875905   0.875905
2670          13    125      38   43.270050   5.270050
2671          13    126      37   42.296956   5.296956
2672          13    127      36   40.709814   4.709814
2673          13    128      35   38.360952   3.360952
2674          13    129      34   38.458019   4.458019
2675          13    130      33   36.905982   3.905982
2676          13    131      32   39.296391   7.296391
2677          13    132      31   36.475203   5.475203
2678          13    133      30   35.375884   5.375884
2679          13    134      29   31.282189   2.282189
2680          13    135      28   31.769478   3.769478
2681          13    136      27   28.706518   1.706518
2682          13    137      26   30.782095   4.782095
2683          13    138      25   29.770118   4.770118
2684          13    139      24   28.038975   4.038975
2685          13    140      23   21.259790  -1.740210
2686          13    141      22   20.667118  -1.332882
2687          13    142      21   15.365431  -5.634569
2688          13    143      20   18.863589  -1.136411
2689          13    144      19   19.826266   0.826266
2690          13    145      18   20.895843   2.895843
2691          13    146      17   14.424048  -2.575952
2692          13    147      16   11.354360  -4.645640
2693          13    148      15   10.840510  -4.159490
2694          13    149      14    7.596061  -6.403939
2695          13    150      13    8.530757  -4.469243
2696          13    151      12    8.070934  -3.929066
2697          13    152      11    5.724888  -5.275112
2698          13    153      10    6.261167  -3.738833
2699          13    154       9    5.589894  -3.410106
2700          13    155       8    5.349319  -2.650681
2701          13    156       7    6.216128  -0.783872
2702          13    157       6    4.615167  -1.384833
2703          13    158       5    4.015785  -0.984215
2704          13    159       4    2.970242  -1.029758
2705          13    160       3    2.310404  -0.689596
2706          13    161       2    1.311959  -0.688041
2707          13    162       1    0.913592  -0.086408
2708          13    163       0    0.542321   0.542321
2709          14      1     179  172.401307  -6.598693
2710          14      2     178  173.484582  -4.515418
2711          14      3     177  166.707785 -10.292215
2712          14      4     176  172.086764  -3.913236
2713          14      5     175  177.451334   2.451334
2714          14      6     174  178.290319   4.290319
2715          14      7     173  172.220029  -0.779971
2716          14      8     172  174.305904   2.305904
2717          14      9     171  174.942927   3.942927
2718          14     10     170  170.824271   0.824271
2719          14     11     169  166.867218  -2.132782
2720          14     12     168  165.515557  -2.484443
2721          14     13     167  164.669571  -2.330429
2722          14     14     166  169.713313   3.713313
2723          14     15     165  162.347142  -2.652858
2724          14     16     164  161.298872  -2.701128
2725          14     17     163  157.598569  -5.401431
2726          14     18     162  165.125663   3.125663
2727          14     19     161  162.197645   1.197645
2728          14     20     160  158.570197  -1.429803
2729          14     21     159  158.177155  -0.822845
2730          14     22     158  158.606805   0.606805
2731          14     23     157  158.911218   1.911218
2732          14     24     156  159.389650   3.389650
2733          14     25     155  158.196048   3.196048
2734          14     26     154  160.049634   6.049634
2735          14     27     153  151.413082  -1.586918
2736          14     28     152  150.331393  -1.668607
2737          14     29     151  149.046020  -1.953980
2738          14     30     150  147.894704  -2.105296
2739          14     31     149  147.048587  -1.951413
2740          14     32     148  145.917042  -2.082958
2741          14     33     147  144.852595  -2.147405
2742          14     34     146  145.592546  -0.407454
2743          14     35     145  142.763973  -2.236027
2744          14     36     144  142.619254  -1.380746
2745          14     37     143  140.915133  -2.084867
2746          14     38     142  137.820380  -4.179620
2747          14     39     141  135.708556  -5.291444
2748          14     40     140  134.753739  -5.246261
2749          14     41     139  135.427987  -3.572013
2750          14     42     138  136.894124  -1.105876
2751          14     43     137  135.373078  -1.626922
2752          14     44     136  134.318764  -1.681236
2753          14     45     135  135.268382   0.268382
2754          14     46     134  132.668167  -1.331833
2755          14     47     133  131.912459  -1.087541
2756          14     48     132  129.930448  -2.069552
2757          14     49     131  129.321868  -1.678132
2758          14     50     130  130.663635   0.663635
2759          14     51     129  129.654458   0.654458
2760          14     52     128  130.446212   2.446212
2761          14     53     127  128.320523   1.320523
2762          14     54     126  128.322003   2.322003
2763          14     55     125  126.670074   1.670074
2764          14     56     124  127.078771   3.078771
2765          14     57     123  127.694611   4.694611
2766          14     58     122  126.521375   4.521375
2767          14     59     121  124.407336   3.407336
2768          14     60     120  124.099620   4.099620
2769          14     61     119  125.286959   6.286959
2770          14     62     118  124.502143   6.502143
2771          14     63     117  118.234214   1.234214
2772          14     64     116  117.026717   1.026717
2773          14     65     115  115.402701   0.402701
2774          14     66     114  113.565302  -0.434698
2775          14     67     113  113.307789   0.307789
2776          14     68     112  112.306494   0.306494
2777          14     69     111  110.569895  -0.430105
2778          14     70     110  111.915111   1.915111
2779          14     71     109  110.241525   1.241525
2780          14     72     108  109.122838   1.122838
2781          14     73     107  107.818102   0.818102
2782          14     74     106  106.707302   0.707302
2783          14     75     105  107.529412   2.529412
2784          14     76     104  105.022931   1.022931
2785          14     77     103  105.580579   2.580579
2786          14     78     102  103.253129   1.253129
2787          14     79     101  103.629397   2.629397
2788          14     80     100  102.673179   2.673179
2789          14     81      99   99.296992   0.296992
2790          14     82      98   98.367470   0.367470
2791          14     83      97   97.599303   0.599303
2792          14     84      96   96.159404   0.159404
2793          14     85      95   96.340309   1.340309
2794          14     86      94   97.591184   3.591184
2795          14     87      93   96.747138   3.747138
2796          14     88      92   96.164211   4.164211
2797          14     89      91   92.599652   1.599652
2798          14     90      90   89.297410  -0.702590
2799          14     91      89   90.578796   1.578796
2800          14     92      88   88.760045   0.760045
2801          14     93      87   85.131497  -1.868503
2802          14     94      86   83.199982  -2.800018
2803          14     95      85   80.408640  -4.591360
2804          14     96      84   78.285002  -5.714998
2805          14     97      83   77.633272  -5.366728
2806          14     98      82   76.483372  -5.516628
2807          14     99      81   75.738107  -5.261893
2808          14    100      80   75.706688  -4.293312
2809          14    101      79   74.409451  -4.590549
2810          14    102      78   83.029914   5.029914
2811          14    103      77   86.092338   9.092338
2812          14    104      76   85.162874   9.162874
2813          14    105      75   76.178772   1.178772
2814          14    106      74   67.845811  -6.154189
2815          14    107      73   67.257650  -5.742350
2816          14    108      72   65.650128  -6.349872
2817          14    109      71   63.686126  -7.313874
2818          14    110      70   63.252042  -6.747958
2819          14    111      69   65.076749  -3.923251
2820          14    112      68   62.593608  -5.406392
2821          14    113      67   62.183887  -4.816113
2822          14    114      66   60.498758  -5.501242
2823          14    115      65   65.015499   0.015499
2824          14    116      64   61.923062  -2.076938
2825          14    117      63   63.332823   0.332823
2826          14    118      62   64.946268   2.946268
2827          14    119      61   63.577731   2.577731
2828          14    120      60   59.733969  -0.266031
2829          14    121      59   58.106830  -0.893170
2830          14    122      58   55.288759  -2.711241
2831          14    123      57   55.344305  -1.655695
2832          14    124      56   55.110864  -0.889136
2833          14    125      55   53.307643  -1.692357
2834          14    126      54   54.992913   0.992913
2835          14    127      53   55.553264   2.553264
2836          14    128      52   56.196759   4.196759
2837          14    129      51   53.749563   2.749563
2838          14    130      50   53.717263   3.717263
2839          14    131      49   55.672562   6.672562
2840          14    132      48   53.897003   5.897003
2841          14    133      47   50.625715   3.625715
2842          14    134      46   49.164349   3.164349
2843          14    135      45   49.445415   4.445415
2844          14    136      44   46.037105   2.037105
2845          14    137      43   44.490628   1.490628
2846          14    138      42   43.310278   1.310278
2847          14    139      41   44.245831   3.245831
2848          14    140      40   41.744310   1.744310
2849          14    141      39   45.174302   6.174302
2850          14    142      38   41.564412   3.564412
2851          14    143      37   35.205003  -1.794997
2852          14    144      36   35.726533  -0.273467
2853          14    145      35   35.840127   0.840127
2854          14    146      34   35.159260   1.159260
2855          14    147      33   36.112551   3.112551
2856          14    148      32   34.890543   2.890543
2857          14    149      31   35.307393   4.307393
2858          14    150      30   31.870699   1.870699
2859          14    151      29   30.290391   1.290391
2860          14    152      28   26.774208  -1.225792
2861          14    153      27   23.176317  -3.823683
2862          14    154      26   23.359325  -2.640675
2863          14    155      25   23.376513  -1.623487
2864          14    156      24   20.362509  -3.637491
2865          14    157      23   18.902043  -4.097957
2866          14    158      22   20.012949  -1.987051
2867          14    159      21   18.695857  -2.304143
2868          14    160      20   19.440582  -0.559418
2869          14    161      19   18.140727  -0.859273
2870          14    162      18   16.803562  -1.196438
2871          14    163      17   18.940811   1.940811
2872          14    164      16   14.356883  -1.643117
2873          14    165      15   14.604283  -0.395717
2874          14    166      14   12.017237  -1.982763
2875          14    167      13    9.336971  -3.663029
2876          14    168      12    9.554652  -2.445348
2877          14    169      11   11.712243   0.712243
2878          14    170      10   10.788444   0.788444
2879          14    171       9    9.605664   0.605664
2880          14    172       8    9.085847   1.085847
2881          14    173       7    7.457245   0.457245
2882          14    174       6    5.865415  -0.134585
2883          14    175       5    5.082696   0.082696
2884          14    176       4    4.604271   0.604271
2885          14    177       3    3.766521   0.766521
2886          14    178       2    4.044764   2.044764
2887          14    179       1    4.025751   3.025751
2888          14    180       0    2.322647   2.322647
2889          15      1     206  224.684695  18.684695
2890          15      2     205  211.858658   6.858658
2891          15      3     204  208.164113   4.164113
2892          15      4     203  205.952366   2.952366
2893          15      5     202  206.444534   4.444534
2894          15      6     201  204.725688   3.725688
2895          15      7     200  205.592957   5.592957
2896          15      8     199  203.293961   4.293961
2897          15      9     198  201.604391   3.604391
2898          15     10     197  199.763704   2.763704
2899          15     11     196  200.620664   4.620664
2900          15     12     195  194.858897  -0.141103
2901          15     13     194  198.654326   4.654326
2902          15     14     193  202.195529   9.195529
2903          15     15     192  193.972890   1.972890
2904          15     16     191  189.334061  -1.665939
2905          15     17     190  188.673311  -1.326689
2906          15     18     189  188.566147  -0.433853
2907          15     19     188  187.564779  -0.435221
2908          15     20     187  186.936955  -0.063045
2909          15     21     186  187.459537   1.459537
2910          15     22     185  187.906534   2.906534
2911          15     23     184  186.457494   2.457494
2912          15     24     183  187.495768   4.495768
2913          15     25     182  185.655163   3.655163
2914          15     26     181  185.302593   4.302593
2915          15     27     180  184.803361   4.803361
2916          15     28     179  182.917036   3.917036
2917          15     29     178  183.580971   5.580971
2918          15     30     177  177.341824   0.341824
2919          15     31     176  175.175391  -0.824609
2920          15     32     175  176.507053   1.507053
2921          15     33     174  175.375444   1.375444
2922          15     34     173  177.336564   4.336564
2923          15     35     172  176.438143   4.438143
2924          15     36     171  174.395280   3.395280
2925          15     37     170  173.193388   3.193388
2926          15     38     169  173.088215   4.088215
2927          15     39     168  170.604625   2.604625
2928          15     40     167  167.536135   0.536135
2929          15     41     166  166.733010   0.733010
2930          15     42     165  167.423913   2.423913
2931          15     43     164  164.042825   0.042825
2932          15     44     163  164.102095   1.102095
2933          15     45     162  163.923252   1.923252
2934          15     46     161  159.888463  -1.111537
2935          15     47     160  157.926697  -2.073303
2936          15     48     159  159.407834   0.407834
2937          15     49     158  158.996772   0.996772
2938          15     50     157  159.222514   2.222514
2939          15     51     156  156.549619   0.549619
2940          15     52     155  158.272237   3.272237
2941          15     53     154  156.395116   2.395116
2942          15     54     153  155.822032   2.822032
2943          15     55     152  150.473447  -1.526553
2944          15     56     151  148.417179  -2.582821
2945          15     57     150  148.512039  -1.487961
2946          15     58     149  148.856084  -0.143916
2947          15     59     148  144.875292  -3.124708
2948          15     60     147  145.676048  -1.323952
2949          15     61     146  144.919572  -1.080428
2950          15     62     145  143.876125  -1.123875
2951          15     63     144  138.468208  -5.531792
2952          15     64     143  140.598863  -2.401137
2953          15     65     142  139.152572  -2.847428
2954          15     66     141  140.631840  -0.368160
2955          15     67     140  139.936744  -0.063256
2956          15     68     139  135.399097  -3.600903
2957          15     69     138  134.356817  -3.643183
2958          15     70     137  134.404102  -2.595898
2959          15     71     136  130.844698  -5.155302
2960          15     72     135  130.138743  -4.861257
2961          15     73     134  128.305646  -5.694354
2962          15     74     133  127.384101  -5.615899
2963          15     75     132  128.317106  -3.682894
2964          15     76     131  131.279638   0.279638
2965          15     77     130  126.711792  -3.288208
2966          15     78     129  127.736921  -1.263079
2967          15     79     128  126.925832  -1.074168
2968          15     80     127  126.418985  -0.581015
2969          15     81     126  125.802593  -0.197407
2970          15     82     125  125.482705   0.482705
2971          15     83     124  123.039538  -0.960462
2972          15     84     123  122.848682  -0.151318
2973          15     85     122  124.288597   2.288597
2974          15     86     121  122.320049   1.320049
2975          15     87     120  121.841470   1.841470
2976          15     88     119  121.301241   2.301241
2977          15     89     118  119.295133   1.295133
2978          15     90     117  120.049689   3.049689
2979          15     91     116  120.062234   4.062234
2980          15     92     115  117.829547   2.829547
2981          15     93     114  115.407036   1.407036
2982          15     94     113  111.683829  -1.316171
2983          15     95     112  110.501961  -1.498039
2984          15     96     111  110.754826  -0.245174
2985          15     97     110  108.819060  -1.180940
2986          15     98     109  109.541548   0.541548
2987          15     99     108  108.508949   0.508949
2988          15    100     107  110.354902   3.354902
2989          15    101     106  109.740947   3.740947
2990          15    102     105  106.629083   1.629083
2991          15    103     104  104.339711   0.339711
2992          15    104     103  102.031874  -0.968126
2993          15    105     102  104.741977   2.741977
2994          15    106     101  102.568408   1.568408
2995          15    107     100  103.610131   3.610131
2996          15    108      99  101.975310   2.975310
2997          15    109      98  102.224628   4.224628
2998          15    110      97  103.379935   6.379935
2999          15    111      96  100.059826   4.059826
3000          15    112      95   96.869821   1.869821
3001          15    113      94   91.580202  -2.419798
3002          15    114      93   92.684994  -0.315006
3003          15    115      92   93.441644   1.441644
3004          15    116      91   94.110703   3.110703
3005          15    117      90   93.132703   3.132703
3006          15    118      89   94.618027   5.618027
3007          15    119      88   93.518838   5.518838
3008          15    120      87   92.732749   5.732749
3009          15    121      86   89.117227   3.117227
3010          15    122      85   88.729550   3.729550
3011          15    123      84   88.043792   4.043792
3012          15    124      83   87.481635   4.481635
3013          15    125      82   87.455092   5.455092
3014          15    126      81   88.268715   7.268715
3015          15    127      80   76.883707  -3.116293
3016          15    128      79   78.051562  -0.948438
3017          15    129      78   75.499613  -2.500387
3018          15    130      77   74.208814  -2.791186
3019          15    131      76   68.976291  -7.023709
3020          15    132      75   68.296664  -6.703336
3021          15    133      74   70.819312  -3.180688
3022          15    134      73   66.392756  -6.607244
3023          15    135      72   66.209229  -5.790771
3024          15    136      71   66.385563  -4.614437
3025          15    137      70   63.311075  -6.688925
3026          15    138      69   63.010827  -5.989173
3027          15    139      68   62.540266  -5.459734
3028          15    140      67   64.048243  -2.951757
3029          15    141      66   66.767509   0.767509
3030          15    142      65   62.418520  -2.581480
3031          15    143      64   61.804172  -2.195828
3032          15    144      63   59.928495  -3.071505
3033          15    145      62   59.377442  -2.622558
3034          15    146      61   59.897028  -1.102972
3035          15    147      60   57.662501  -2.337499
3036          15    148      59   59.721099   0.721099
3037          15    149      58   61.049861   3.049861
3038          15    150      57   58.453901   1.453901
3039          15    151      56   59.423912   3.423912
3040          15    152      55   54.682762  -0.317238
3041          15    153      54   55.637767   1.637767
3042          15    154      53   55.751958   2.751958
3043          15    155      52   57.231167   5.231167
3044          15    156      51   58.330121   7.330121
3045          15    157      50   53.941625   3.941625
3046          15    158      49   52.678150   3.678150
3047          15    159      48   46.808973  -1.191027
3048          15    160      47   49.917992   2.917992
3049          15    161      46   47.182249   1.182249
3050          15    162      45   44.951288  -0.048712
3051          15    163      44   44.967774   0.967774
3052          15    164      43   42.430499  -0.569501
3053          15    165      42   42.918595   0.918595
3054          15    166      41   39.196673  -1.803327
3055          15    167      40   39.526057  -0.473943
3056          15    168      39   37.531560  -1.468440
3057          15    169      38   37.968687  -0.031313
3058          15    170      37   34.533229  -2.466771
3059          15    171      36   38.703765   2.703765
3060          15    172      35   39.716324   4.716324
3061          15    173      34   32.793024  -1.206976
3062          15    174      33   38.448104   5.448104
3063          15    175      32   28.290161  -3.709839
3064          15    176      31   27.443074  -3.556926
3065          15    177      30   23.168177  -6.831823
3066          15    178      29   23.352792  -5.647208
3067          15    179      28   24.143869  -3.856131
3068          15    180      27   22.781046  -4.218954
3069          15    181      26   25.008212  -0.991788
3070          15    182      25   25.612879   0.612879
3071          15    183      24   23.288141  -0.711859
3072          15    184      23   21.465072  -1.534928
3073          15    185      22   18.663376  -3.336624
3074          15    186      21   19.330521  -1.669479
3075          15    187      20   21.318558   1.318558
3076          15    188      19   19.920992   0.920992
3077          15    189      18   17.135208  -0.864792
3078          15    190      17   16.399909  -0.600091
3079          15    191      16   15.177774  -0.822226
3080          15    192      15   14.441223  -0.558777
3081          15    193      14   11.513180  -2.486820
3082          15    194      13    9.929384  -3.070616
3083          15    195      12   10.644208  -1.355792
3084          15    196      11    9.367574  -1.632426
3085          15    197      10    8.325293  -1.674707
3086          15    198       9    8.147197  -0.852803
3087          15    199       8    7.014486  -0.985514
3088          15    200       7    6.746368  -0.253632
3089          15    201       6    5.091124  -0.908876
3090          15    202       5    3.711163  -1.288837
3091          15    203       4    3.360301  -0.639699
3092          15    204       3    3.515302   0.515302
3093          15    205       2    2.678547   0.678547
3094          15    206       1    1.995440   0.995440
3095          15    207       0    2.055383   2.055383
3096          16      1     208  202.240789  -5.759211
3097          16      2     207  203.070370  -3.929630
3098          16      3     206  199.727364  -6.272636
3099          16      4     205  202.409582  -2.590418
3100          16      5     204  212.768946   8.768946
3101          16      6     203  197.055655  -5.944345
3102          16      7     202  199.578766  -2.421234
3103          16      8     201  198.258281  -2.741719
3104          16      9     200  199.326886  -0.673114
3105          16     10     199  201.345442   2.345442
3106          16     11     198  191.796475  -6.203525
3107          16     12     197  190.246578  -6.753422
3108          16     13     196  191.608882  -4.391118
3109          16     14     195  186.102796  -8.897204
3110          16     15     194  183.521133 -10.478867
3111          16     16     193  184.691712  -8.308288
3112          16     17     192  183.866519  -8.133481
3113          16     18     191  188.967326  -2.032674
3114          16     19     190  187.305213  -2.694787
3115          16     20     189  190.622061   1.622061
3116          16     21     188  186.834167  -1.165833
3117          16     22     187  184.058309  -2.941691
3118          16     23     186  183.874025  -2.125975
3119          16     24     185  183.690368  -1.309632
3120          16     25     184  182.884245  -1.115755
3121          16     26     183  183.401745   0.401745
3122          16     27     182  182.411043   0.411043
3123          16     28     181  181.286671   0.286671
3124          16     29     180  175.833519  -4.166481
3125          16     30     179  174.769975  -4.230025
3126          16     31     178  174.265392  -3.734608
3127          16     32     177  173.323015  -3.676985
3128          16     33     176  173.178612  -2.821388
3129          16     34     175  172.449870  -2.550130
3130          16     35     174  170.827525  -3.172475
3131          16     36     173  175.472361   2.472361
3132          16     37     172  175.447933   3.447933
3133          16     38     171  174.152091   3.152091
3134          16     39     170  173.684850   3.684850
3135          16     40     169  171.752039   2.752039
3136          16     41     168  166.374710  -1.625290
3137          16     42     167  164.915061  -2.084939
3138          16     43     166  163.135538  -2.864462
3139          16     44     165  164.484271  -0.515729
3140          16     45     164  163.717898  -0.282102
3141          16     46     163  163.567259   0.567259
3142          16     47     162  163.756743   1.756743
3143          16     48     161  160.890947  -0.109053
3144          16     49     160  160.384145   0.384145
3145          16     50     159  158.915807  -0.084193
3146          16     51     158  157.023821  -0.976179
3147          16     52     157  155.252743  -1.747257
3148          16     53     156  153.054244  -2.945756
3149          16     54     155  152.684074  -2.315926
3150          16     55     154  151.337942  -2.662058
3151          16     56     153  150.285983  -2.714017
3152          16     57     152  151.256318  -0.743682
3153          16     58     151  149.234894  -1.765106
3154          16     59     150  149.659353  -0.340647
3155          16     60     149  149.175893   0.175893
3156          16     61     148  148.806878   0.806878
3157          16     62     147  145.381898  -1.618102
3158          16     63     146  145.021180  -0.978820
3159          16     64     145  141.154358  -3.845642
3160          16     65     144  143.348473  -0.651527
3161          16     66     143  142.349311  -0.650689
3162          16     67     142  143.806110   1.806110
3163          16     68     141  142.397363   1.397363
3164          16     69     140  140.776612   0.776612
3165          16     70     139  140.471669   1.471669
3166          16     71     138  139.342748   1.342748
3167          16     72     137  136.539792  -0.460208
3168          16     73     136  132.441929  -3.558071
3169          16     74     135  133.696714  -1.303286
3170          16     75     134  133.529584  -0.470416
3171          16     76     133  131.119395  -1.880605
3172          16     77     132  130.876860  -1.123140
3173          16     78     131  131.088725   0.088725
3174          16     79     130  129.908757  -0.091243
3175          16     80     129  130.212368   1.212368
3176          16     81     128  128.968993   0.968993
3177          16     82     127  128.187653   1.187653
3178          16     83     126  125.770115  -0.229885
3179          16     84     125  124.266443  -0.733557
3180          16     85     124  123.528921  -0.471079
3181          16     86     123  126.507179   3.507179
3182          16     87     122  121.855863  -0.144137
3183          16     88     121  118.907134  -2.092866
3184          16     89     120  120.707208   0.707208
3185          16     90     119  122.260295   3.260295
3186          16     91     118  110.624724  -7.375276
3187          16     92     117  113.194115  -3.805885
3188          16     93     116  113.166177  -2.833823
3189          16     94     115  116.339768   1.339768
3190          16     95     114  113.965663  -0.034337
3191          16     96     113  113.440720   0.440720
3192          16     97     112  111.134745  -0.865255
3193          16     98     111  105.552011  -5.447989
3194          16     99     110  106.796204  -3.203796
3195          16    100     109  103.356495  -5.643505
3196          16    101     108  102.601639  -5.398361
3197          16    102     107  101.330799  -5.669201
3198          16    103     106  101.780259  -4.219741
3199          16    104     105  100.817457  -4.182543
3200          16    105     104   97.733848  -6.266152
3201          16    106     103  102.167800  -0.832200
3202          16    107     102  101.429838  -0.570162
3203          16    108     101  101.719465   0.719465
3204          16    109     100   96.859891  -3.140109
3205          16    110      99   99.682387   0.682387
3206          16    111      98   96.688904  -1.311096
3207          16    112      97   93.243626  -3.756374
3208          16    113      96   94.147595  -1.852405
3209          16    114      95   96.022023   1.022023
3210          16    115      94   94.452014   0.452014
3211          16    116      93   92.927803  -0.072197
3212          16    117      92   91.679443  -0.320557
3213          16    118      91   93.084286   2.084286
3214          16    119      90   94.559759   4.559759
3215          16    120      89   93.225587   4.225587
3216          16    121      88   81.834230  -6.165770
3217          16    122      87   83.282547  -3.717453
3218          16    123      86   83.287716  -2.712284
3219          16    124      85   82.689327  -2.310673
3220          16    125      84   84.109191   0.109191
3221          16    126      83   83.404460   0.404460
3222          16    127      82   83.230207   1.230207
3223          16    128      81   81.052734   0.052734
3224          16    129      80   80.135557   0.135557
3225          16    130      79   78.880887  -0.119113
3226          16    131      78   76.806395  -1.193605
3227          16    132      77   77.787418   0.787418
3228          16    133      76   70.176788  -5.823212
3229          16    134      75   78.088697   3.088697
3230          16    135      74   78.113953   4.113953
3231          16    136      73   78.305127   5.305127
3232          16    137      72   73.137740   1.137740
3233          16    138      71   70.552846  -0.447154
3234          16    139      70   69.497528  -0.502472
3235          16    140      69   68.930440  -0.069560
3236          16    141      68   69.563992   1.563992
3237          16    142      67   67.160311   0.160311
3238          16    143      66   60.020969  -5.979031
3239          16    144      65   60.071393  -4.928607
3240          16    145      64   62.235243  -1.764757
3241          16    146      63   60.331362  -2.668638
3242          16    147      62   63.395445   1.395445
3243          16    148      61   58.784516  -2.215484
3244          16    149      60   58.839173  -1.160827
3245          16    150      59   55.369737  -3.630263
3246          16    151      58   53.010894  -4.989106
3247          16    152      57   57.353813   0.353813
3248          16    153      56   55.951929  -0.048071
3249          16    154      55   56.482867   1.482867
3250          16    155      54   57.196478   3.196478
3251          16    156      53   57.725700   4.725700
3252          16    157      52   53.994391   1.994391
3253          16    158      51   53.190349   2.190349
3254          16    159      50   53.356934   3.356934
3255          16    160      49   53.977037   4.977037
3256          16    161      48   53.259071   5.259071
3257          16    162      47   53.470578   6.470578
3258          16    163      46   49.471663   3.471663
3259          16    164      45   51.261570   6.261570
3260          16    165      44   49.905615   5.905615
3261          16    166      43   48.129812   5.129812
3262          16    167      42   48.305649   6.305649
3263          16    168      41   48.943324   7.943324
3264          16    169      40   45.217239   5.217239
3265          16    170      39   39.840620   0.840620
3266          16    171      38   35.596871  -2.403129
3267          16    172      37   37.890946   0.890946
3268          16    173      36   37.382561   1.382561
3269          16    174      35   31.297227  -3.702773
3270          16    175      34   34.121171   0.121171
3271          16    176      33   31.884602  -1.115398
3272          16    177      32   31.854548  -0.145452
3273          16    178      31   32.023653   1.023653
3274          16    179      30   32.921585   2.921585
3275          16    180      29   27.148862  -1.851138
3276          16    181      28   23.399213  -4.600787
3277          16    182      27   27.389577   0.389577
3278          16    183      26   25.581873  -0.418127
3279          16    184      25   26.862383   1.862383
3280          16    185      24   25.444965   1.444965
3281          16    186      23   21.276636  -1.723364
3282          16    187      22   24.264497   2.264497
3283          16    188      21   24.220682   3.220682
3284          16    189      20   20.129678   0.129678
3285          16    190      19   19.394805   0.394805
3286          16    191      18   18.992678   0.992678
3287          16    192      17   17.496197   0.496197
3288          16    193      16   14.945847  -1.054153
3289          16    194      15   12.916635  -2.083365
3290          16    195      14   11.046039  -2.953961
3291          16    196      13   13.349601   0.349601
3292          16    197      12   11.461277  -0.538723
3293          16    198      11   10.746262  -0.253738
3294          16    199      10    9.220301  -0.779699
3295          16    200       9    5.784227  -3.215773
3296          16    201       8    7.339529  -0.660471
3297          16    202       7    2.275592  -4.724408
3298          16    203       6    3.630512  -2.369488
3299          16    204       5    4.712195  -0.287805
3300          16    205       4    5.413049   1.413049
3301          16    206       3    9.179620   6.179620
3302          16    207       2    4.886985   2.886985
3303          16    208       1    3.111624   2.111624
3304          16    209       0    4.218426   4.218426
3305          17      1     275  257.753585 -17.246415
3306          17      2     274  268.141467  -5.858533
3307          17      3     273  261.003624 -11.996376
3308          17      4     272  256.735051 -15.264949
3309          17      5     271  266.215109  -4.784891
3310          17      6     270  265.311046  -4.688954
3311          17      7     269  263.952661  -5.047339
3312          17      8     268  260.802717  -7.197283
3313          17      9     267  264.890759  -2.109241
3314          17     10     266  259.374642  -6.625358
3315          17     11     265  260.225471  -4.774529
3316          17     12     264  256.283412  -7.716588
3317          17     13     263  253.407401  -9.592599
3318          17     14     262  251.497580 -10.502420
3319          17     15     261  259.231332  -1.768668
3320          17     16     260  265.498955   5.498955
3321          17     17     259  257.356889  -1.643111
3322          17     18     258  256.523106  -1.476894
3323          17     19     257  263.085395   6.085395
3324          17     20     256  257.009637   1.009637
3325          17     21     255  250.830268  -4.169732
3326          17     22     254  249.534262  -4.465738
3327          17     23     253  250.430625  -2.569375
3328          17     24     252  250.080608  -1.919392
3329          17     25     251  247.081368  -3.918632
3330          17     26     250  247.114138  -2.885862
3331          17     27     249  245.778905  -3.221095
3332          17     28     248  246.876889  -1.123111
3333          17     29     247  241.330572  -5.669428
3334          17     30     246  240.742241  -5.257759
3335          17     31     245  239.174863  -5.825137
3336          17     32     244  237.613481  -6.386519
3337          17     33     243  239.238399  -3.761601
3338          17     34     242  239.617235  -2.382765
3339          17     35     241  240.161788  -0.838212
3340          17     36     240  240.864093   0.864093
3341          17     37     239  241.598635   2.598635
3342          17     38     238  242.847545   4.847545
3343          17     39     237  241.566317   4.566317
3344          17     40     236  240.840087   4.840087
3345          17     41     235  236.328614   1.328614
3346          17     42     234  234.196153   0.196153
3347          17     43     233  232.494107  -0.505893
3348          17     44     232  229.740596  -2.259404
3349          17     45     231  227.887532  -3.112468
3350          17     46     230  230.679740   0.679740
3351          17     47     229  231.182136   2.182136
3352          17     48     228  231.665200   3.665200
3353          17     49     227  232.400291   5.400291
3354          17     50     226  231.404820   5.404820
3355          17     51     225  231.713609   6.713609
3356          17     52     224  228.842546   4.842546
3357          17     53     223  226.708826   3.708826
3358          17     54     222  231.957676   9.957676
3359          17     55     221  218.643041  -2.356959
3360          17     56     220  224.146979   4.146979
3361          17     57     219  224.919166   5.919166
3362          17     58     218  221.226583   3.226583
3363          17     59     217  221.049425   4.049425
3364          17     60     216  217.334469   1.334469
3365          17     61     215  216.573560   1.573560
3366          17     62     214  214.119791   0.119791
3367          17     63     213  210.428814  -2.571186
3368          17     64     212  212.147830   0.147830
3369          17     65     211  207.964622  -3.035378
3370          17     66     210  208.817717  -1.182283
3371          17     67     209  208.879805  -0.120195
3372          17     68     208  208.787776   0.787776
3373          17     69     207  206.660971  -0.339029
3374          17     70     206  203.212571  -2.787429
3375          17     71     205  204.661440  -0.338560
3376          17     72     204  202.447704  -1.552296
3377          17     73     203  202.381495  -0.618505
3378          17     74     202  202.337753   0.337753
3379          17     75     201  201.819314   0.819314
3380          17     76     200  200.788133   0.788133
3381          17     77     199  200.240820   1.240820
3382          17     78     198  197.511306  -0.488694
3383          17     79     197  196.624918  -0.375082
3384          17     80     196  195.803020  -0.196980
3385          17     81     195  191.571997  -3.428003
3386          17     82     194  189.332974  -4.667026
3387          17     83     193  187.144754  -5.855246
3388          17     84     192  188.660858  -3.339142
3389          17     85     191  189.292184  -1.707816
3390          17     86     190  187.266517  -2.733483
3391          17     87     189  187.427981  -1.572019
3392          17     88     188  185.195166  -2.804834
3393          17     89     187  180.304971  -6.695029
3394          17     90     186  180.942957  -5.057043
3395          17     91     185  182.694771  -2.305229
3396          17     92     184  180.549497  -3.450503
3397          17     93     183  181.366374  -1.633626
3398          17     94     182  179.080943  -2.919057
3399          17     95     181  181.963582   0.963582
3400          17     96     180  176.379196  -3.620804
3401          17     97     179  177.342330  -1.657670
3402          17     98     178  176.243677  -1.756323
3403          17     99     177  177.725968   0.725968
3404          17    100     176  176.731757   0.731757
3405          17    101     175  175.220960   0.220960
3406          17    102     174  173.703994  -0.296006
3407          17    103     173  169.769762  -3.230238
3408          17    104     172  173.449606   1.449606
3409          17    105     171  174.226589   3.226589
3410          17    106     170  169.990116  -0.009884
3411          17    107     169  171.810470   2.810470
3412          17    108     168  170.368514   2.368514
3413          17    109     167  169.012947   2.012947
3414          17    110     166  167.876931   1.876931
3415          17    111     165  169.376460   4.376460
3416          17    112     164  168.146022   4.146022
3417          17    113     163  164.950351   1.950351
3418          17    114     162  168.891969   6.891969
3419          17    115     161  161.120886   0.120886
3420          17    116     160  161.779874   1.779874
3421          17    117     159  162.259352   3.259352
3422          17    118     158  153.376690  -4.623310
3423          17    119     157  156.718277  -0.281723
3424          17    120     156  159.977807   3.977807
3425          17    121     155  151.030259  -3.969741
3426          17    122     154  155.463968   1.463968
3427          17    123     153  140.474504 -12.525496
3428          17    124     152  141.178032 -10.821968
3429          17    125     151  150.237039  -0.762961
3430          17    126     150  142.984248  -7.015752
3431          17    127     149  142.804337  -6.195663
3432          17    128     148  146.570485  -1.429515
3433          17    129     147  142.134554  -4.865446
3434          17    130     146  144.878996  -1.121004
3435          17    131     145  145.422232   0.422232
3436          17    132     144  145.621592   1.621592
3437          17    133     143  137.815477  -5.184523
3438          17    134     142  139.418768  -2.581232
3439          17    135     141  135.035634  -5.964366
3440          17    136     140  139.482125  -0.517875
3441          17    137     139  137.336842  -1.663158
3442          17    138     138  138.224472   0.224472
3443          17    139     137  134.759872  -2.240128
3444          17    140     136  128.385167  -7.614833
3445          17    141     135  128.906889  -6.093111
3446          17    142     134  130.578542  -3.421458
3447          17    143     133  131.375116  -1.624884
3448          17    144     132  128.518027  -3.481973
3449          17    145     131  127.319085  -3.680915
3450          17    146     130  123.204780  -6.795220
3451          17    147     129  124.589168  -4.410832
3452          17    148     128  121.954737  -6.045263
3453          17    149     127  115.479951 -11.520049
3454          17    150     126  118.326719  -7.673281
3455          17    151     125  122.739210  -2.260790
3456          17    152     124  122.500897  -1.499103
3457          17    153     123  123.719669   0.719669
3458          17    154     122  118.045364  -3.954636
3459          17    155     121  112.941180  -8.058820
3460          17    156     120  114.327751  -5.672249
3461          17    157     119  110.104327  -8.895673
3462          17    158     118  113.162448  -4.837552
3463          17    159     117  108.662892  -8.337108
3464          17    160     116  107.215556  -8.784444
3465          17    161     115  101.980352 -13.019648
3466          17    162     114  105.733517  -8.266483
3467          17    163     113  106.763252  -6.236748
3468          17    164     112  108.051288  -3.948712
3469          17    165     111  110.418807  -0.581193
3470          17    166     110  110.201930   0.201930
3471          17    167     109  107.800074  -1.199926
3472          17    168     108  109.815268   1.815268
3473          17    169     107  107.139015   0.139015
3474          17    170     106  105.548797  -0.451203
3475          17    171     105  106.825847   1.825847
3476          17    172     104  107.247707   3.247707
3477          17    173     103  103.870668   0.870668
3478          17    174     102  103.149049   1.149049
3479          17    175     101  102.501876   1.501876
3480          17    176     100  103.177486   3.177486
3481          17    177      99  103.096754   4.096754
3482          17    178      98  102.360555   4.360555
3483          17    179      97  101.040439   4.040439
3484          17    180      96   97.681687   1.681687
3485          17    181      95   98.796030   3.796030
3486          17    182      94   95.428799   1.428799
3487          17    183      93   95.654845   2.654845
3488          17    184      92   95.941099   3.941099
3489          17    185      91   91.963002   0.963002
3490          17    186      90   91.771599   1.771599
3491          17    187      89   91.774277   2.774277
3492          17    188      88   90.333499   2.333499
3493          17    189      87   88.227668   1.227668
3494          17    190      86   84.746741  -1.253259
3495          17    191      85   81.109563  -3.890437
3496          17    192      84   79.041712  -4.958288
3497          17    193      83   79.633341  -3.366659
3498          17    194      82   73.794491  -8.205509
3499          17    195      81   70.992447 -10.007553
3500          17    196      80   71.230900  -8.769100
3501          17    197      79   77.229664  -1.770336
3502          17    198      78   79.210642   1.210642
3503          17    199      77   73.641582  -3.358418
3504          17    200      76   77.597942   1.597942
3505          17    201      75   75.451476   0.451476
3506          17    202      74   77.808814   3.808814
3507          17    203      73   71.557806  -1.442194
3508          17    204      72   75.998494   3.998494
3509          17    205      71   73.871783   2.871783
3510          17    206      70   77.474809   7.474809
3511          17    207      69   78.425346   9.425346
3512          17    208      68   76.978565   8.978565
3513          17    209      67   76.058030   9.058030
3514          17    210      66   69.979192   3.979192
3515          17    211      65   71.052901   6.052901
3516          17    212      64   66.299460   2.299460
3517          17    213      63   70.396401   7.396401
3518          17    214      62   68.089095   6.089095
3519          17    215      61   69.297678   8.297678
3520          17    216      60   66.050595   6.050595
3521          17    217      59   62.843106   3.843106
3522          17    218      58   56.415038  -1.584962
3523          17    219      57   53.974645  -3.025355
3524          17    220      56   53.597137  -2.402863
3525          17    221      55   55.778112   0.778112
3526          17    222      54   55.643781   1.643781
3527          17    223      53   56.084722   3.084722
3528          17    224      52   53.180937   1.180937
3529          17    225      51   51.204795   0.204795
3530          17    226      50   52.666985   2.666985
3531          17    227      49   51.540299   2.540299
3532          17    228      48   49.897820   1.897820
3533          17    229      47   49.074714   2.074714
3534          17    230      46   47.677435   1.677435
3535          17    231      45   43.177490  -1.822510
3536          17    232      44   44.229676   0.229676
3537          17    233      43   40.056924  -2.943076
3538          17    234      42   41.447352  -0.552648
3539          17    235      41   37.747841  -3.252159
3540          17    236      40   36.487485  -3.512515
3541          17    237      39   35.530554  -3.469446
3542          17    238      38   34.763328  -3.236672
3543          17    239      37   34.037762  -2.962238
3544          17    240      36   31.346794  -4.653206
3545          17    241      35   31.232623  -3.767377
3546          17    242      34   30.580605  -3.419395
3547          17    243      33   30.417963  -2.582037
3548          17    244      32   29.817857  -2.182143
3549          17    245      31   27.311036  -3.688964
3550          17    246      30   26.821854  -3.178146
3551          17    247      29   27.552434  -1.447566
3552          17    248      28   27.815250  -0.184750
3553          17    249      27   25.862761  -1.137239
3554          17    250      26   24.637444  -1.362556
3555          17    251      25   23.060342  -1.939658
3556          17    252      24   22.876463  -1.123537
3557          17    253      23   23.413278   0.413278
3558          17    254      22   23.045128   1.045128
3559          17    255      21   22.135203   1.135203
3560          17    256      20   20.047363   0.047363
3561          17    257      19   19.009809   0.009809
3562          17    258      18   18.464346   0.464346
3563          17    259      17   17.089344   0.089344
3564          17    260      16   16.447077   0.447077
3565          17    261      15   15.189069   0.189069
3566          17    262      14   14.570081   0.570081
3567          17    263      13   14.638025   1.638025
3568          17    264      12   13.021819   1.021819
3569          17    265      11   11.028052   0.028052
3570          17    266      10    8.910381  -1.089619
3571          17    267       9    8.111303  -0.888697
3572          17    268       8    7.217801  -0.782199
3573          17    269       7    6.301164  -0.698836
3574          17    270       6    5.910242  -0.089758
3575          17    271       5    4.907844  -0.092156
3576          17    272       4    4.548031   0.548031
3577          17    273       3    2.986029  -0.013971
3578          17    274       2    2.447551   0.447551
3579          17    275       1    1.834769   0.834769
3580          17    276       0    1.766122   1.766122
3581          18      1     194  189.659126  -4.340874
3582          18      2     193  180.830627 -12.169373
3583          18      3     192  194.418289   2.418289
3584          18      4     191  187.364668  -3.635332
3585          18      5     190  191.777221   1.777221
3586          18      6     189  192.846604   3.846604
3587          18      7     188  188.453458   0.453458
3588          18      8     187  185.342855  -1.657145
3589          18      9     186  189.057666   3.057666
3590          18     10     185  185.040780   0.040780
3591          18     11     184  180.988584  -3.011416
3592          18     12     183  178.092699  -4.907301
3593          18     13     182  180.461497  -1.538503
3594          18     14     181  179.290319  -1.709681
3595          18     15     180  181.183893   1.183893
3596          18     16     179  180.032374   1.032374
3597          18     17     178  176.556204  -1.443796
3598          18     18     177  177.163160   0.163160
3599          18     19     176  175.900544  -0.099456
3600          18     20     175  175.371787   0.371787
3601          18     21     174  175.351543   1.351543
3602          18     22     173  176.796078   3.796078
3603          18     23     172  174.320032   2.320032
3604          18     24     171  172.494595   1.494595
3605          18     25     170  169.230053  -0.769947
3606          18     26     169  170.502843   1.502843
3607          18     27     168  169.037429   1.037429
3608          18     28     167  167.697607   0.697607
3609          18     29     166  167.515006   1.515006
3610          18     30     165  167.285986   2.285986
3611          18     31     164  166.508481   2.508481
3612          18     32     163  167.712572   4.712572
3613          18     33     162  164.150673   2.150673
3614          18     34     161  161.366482   0.366482
3615          18     35     160  159.916514  -0.083486
3616          18     36     159  161.560301   2.560301
3617          18     37     158  155.477748  -2.522252
3618          18     38     157  155.513567  -1.486433
3619          18     39     156  157.595212   1.595212
3620          18     40     155  153.540829  -1.459171
3621          18     41     154  154.204717   0.204717
3622          18     42     153  150.862305  -2.137695
3623          18     43     152  150.380916  -1.619084
3624          18     44     151  150.444837  -0.555163
3625          18     45     150  149.690946  -0.309054
3626          18     46     149  150.125782   1.125782
3627          18     47     148  148.888355   0.888355
3628          18     48     147  146.904035  -0.095965
3629          18     49     146  145.889533  -0.110467
3630          18     50     145  149.378784   4.378784
3631          18     51     144  149.338836   5.338836
3632          18     52     143  147.404099   4.404099
3633          18     53     142  147.633487   5.633487
3634          18     54     141  146.067679   5.067679
3635          18     55     140  146.158106   6.158106
3636          18     56     139  140.342116   1.342116
3637          18     57     138  140.416036   2.416036
3638          18     58     137  135.814232  -1.185768
3639          18     59     136  136.174422   0.174422
3640          18     60     135  136.351588   1.351588
3641          18     61     134  133.596650  -0.403350
3642          18     62     133  132.281457  -0.718543
3643          18     63     132  130.351478  -1.648522
3644          18     64     131  131.429808   0.429808
3645          18     65     130  130.976191   0.976191
3646          18     66     129  131.578881   2.578881
3647          18     67     128  133.255694   5.255694
3648          18     68     127  129.855827   2.855827
3649          18     69     126  127.849867   1.849867
3650          18     70     125  122.066681  -2.933319
3651          18     71     124  122.902866  -1.097134
3652          18     72     123  120.983935  -2.016065
3653          18     73     122  122.249451   0.249451
3654          18     74     121  120.647514  -0.352486
3655          18     75     120  119.658696  -0.341304
3656          18     76     119  120.495531   1.495531
3657          18     77     118  118.340092   0.340092
3658          18     78     117  119.323770   2.323770
3659          18     79     116  123.247011   7.247011
3660          18     80     115  118.136497   3.136497
3661          18     81     114  117.104157   3.104157
3662          18     82     113  116.472341   3.472341
3663          18     83     112  116.295126   4.295126
3664          18     84     111  114.833589   3.833589
3665          18     85     110  110.441903   0.441903
3666          18     86     109  107.946297  -1.053703
3667          18     87     108  109.842277   1.842277
3668          18     88     107  107.517426   0.517426
3669          18     89     106  102.486567  -3.513433
3670          18     90     105  107.379998   2.379998
3671          18     91     104  106.441983   2.441983
3672          18     92     103   98.886630  -4.113370
3673          18     93     102  101.629558  -0.370442
3674          18     94     101  105.560756   4.560756
3675          18     95     100  104.907891   4.907891
3676          18     96      99  103.911139   4.911139
3677          18     97      98  102.317942   4.317942
3678          18     98      97  104.343154   7.343154
3679          18     99      96  101.500265   5.500265
3680          18    100      95  104.817544   9.817544
3681          18    101      94   99.119835   5.119835
3682          18    102      93   96.934875   3.934875
3683          18    103      92   97.639149   5.639149
3684          18    104      91   94.181143   3.181143
3685          18    105      90   94.642958   4.642958
3686          18    106      89   90.627135   1.627135
3687          18    107      88   92.699502   4.699502
3688          18    108      87   95.981886   8.981886
3689          18    109      86   93.706169   7.706169
3690          18    110      85   87.033850   2.033850
3691          18    111      84   84.444466   0.444466
3692          18    112      83   86.383135   3.383135
3693          18    113      82   86.727831   4.727831
3694          18    114      81   85.292933   4.292933
3695          18    115      80   76.319626  -3.680374
3696          18    116      79   74.991538  -4.008462
3697          18    117      78   74.413112  -3.586888
3698          18    118      77   72.915441  -4.084559
3699          18    119      76   73.634620  -2.365380
3700          18    120      75   74.167177  -0.832823
3701          18    121      74   72.104333  -1.895667
3702          18    122      73   70.004003  -2.995997
3703          18    123      72   70.946460  -1.053540
3704          18    124      71   71.432844   0.432844
3705          18    125      70   75.449198   5.449198
3706          18    126      69   70.288015   1.288015
3707          18    127      68   66.372603  -1.627397
3708          18    128      67   65.587942  -1.412058
3709          18    129      66   66.097840   0.097840
3710          18    130      65   67.196677   2.196677
3711          18    131      64   66.427808   2.427808
3712          18    132      63   68.534162   5.534162
3713          18    133      62   59.394692  -2.605308
3714          18    134      61   55.632591  -5.367409
3715          18    135      60   56.488542  -3.511458
3716          18    136      59   54.136246  -4.863754
3717          18    137      58   53.979769  -4.020231
3718          18    138      57   56.263917  -0.736083
3719          18    139      56   55.480373  -0.519627
3720          18    140      55   53.781826  -1.218174
3721          18    141      54   52.774755  -1.225245
3722          18    142      53   52.647916  -0.352084
3723          18    143      52   51.560464  -0.439536
3724          18    144      51   48.811583  -2.188417
3725          18    145      50   47.191883  -2.808117
3726          18    146      49   46.425113  -2.574887
3727          18    147      48   45.804994  -2.195006
3728          18    148      47   45.184616  -1.815384
3729          18    149      46   45.631135  -0.368865
3730          18    150      45   45.714652   0.714652
3731          18    151      44   44.066025   0.066025
3732          18    152      43   45.488247   2.488247
3733          18    153      42   42.819462   0.819462
3734          18    154      41   43.492722   2.492722
3735          18    155      40   42.944452   2.944452
3736          18    156      39   42.547498   3.547498
3737          18    157      38   43.354664   5.354664
3738          18    158      37   41.394399   4.394399
3739          18    159      36   41.299844   5.299844
3740          18    160      35   42.638863   7.638863
3741          18    161      34   40.900474   6.900474
3742          18    162      33   41.119461   8.119461
3743          18    163      32   39.745747   7.745747
3744          18    164      31   36.045036   5.045036
3745          18    165      30   34.464538   4.464538
3746          18    166      29   31.819876   2.819876
3747          18    167      28   31.801427   3.801427
3748          18    168      27   28.565706   1.565706
3749          18    169      26   25.897658  -0.102342
3750          18    170      25   27.929103   2.929103
3751          18    171      24   30.625036   6.625036
3752          18    172      23   25.554272   2.554272
3753          18    173      22   21.461905  -0.538095
3754          18    174      21   19.254582  -1.745418
3755          18    175      20   17.729774  -2.270226
3756          18    176      19   18.309881  -0.690119
3757          18    177      18   18.032001   0.032001
3758          18    178      17   17.827114   0.827114
3759          18    179      16   17.340168   1.340168
3760          18    180      15   16.716883   1.716883
3761          18    181      14   15.750094   1.750094
3762          18    182      13   15.186068   2.186068
3763          18    183      12   11.834316  -0.165684
3764          18    184      11   10.320821  -0.679179
3765          18    185      10   10.682993   0.682993
3766          18    186       9   10.394989   1.394989
3767          18    187       8    9.548575   1.548575
3768          18    188       7    9.449279   2.449279
3769          18    189       6    7.675252   1.675252
3770          18    190       5    6.425839   1.425839
3771          18    191       4    5.210138   1.210138
3772          18    192       3    4.294810   1.294810
3773          18    193       2    2.083085   0.083085
3774          18    194       1    1.712243   0.712243
3775          18    195       0    1.471815   1.471815
3776          19      1     157  162.888794   5.888794
3777          19      2     156  166.702262  10.702262
3778          19      3     155  148.661750  -6.338250
3779          19      4     154  151.294066  -2.705934
3780          19      5     153  160.424614   7.424614
3781          19      6     152  154.614426   2.614426
3782          19      7     151  157.798123   6.798123
3783          19      8     150  152.953767   2.953767
3784          19      9     149  156.253110   7.253110
3785          19     10     148  150.648541   2.648541
3786          19     11     147  150.418959   3.418959
3787          19     12     146  152.094077   6.094077
3788          19     13     145  151.242883   6.242883
3789          19     14     144  149.283901   5.283901
3790          19     15     143  147.283283   4.283283
3791          19     16     142  151.881763   9.881763
3792          19     17     141  149.407349   8.407349
3793          19     18     140  150.991388  10.991388
3794          19     19     139  143.646465   4.646465
3795          19     20     138  140.932190   2.932190
3796          19     21     137  144.641445   7.641445
3797          19     22     136  140.037069   4.037069
3798          19     23     135  137.277594   2.277594
3799          19     24     134  136.408714   2.408714
3800          19     25     133  135.411190   2.411190
3801          19     26     132  135.917721   3.917721
3802          19     27     131  137.565686   6.565686
3803          19     28     130  136.917520   6.917520
3804          19     29     129  132.644466   3.644466
3805          19     30     128  134.416598   6.416598
3806          19     31     127  133.849306   6.849306
3807          19     32     126  126.018940   0.018940
3808          19     33     125  121.868828  -3.131172
3809          19     34     124  122.967163  -1.032837
3810          19     35     123  122.646050  -0.353950
3811          19     36     122  122.705936   0.705936
3812          19     37     121  119.955376  -1.044624
3813          19     38     120  122.271771   2.271771
3814          19     39     119  121.920003   2.920003
3815          19     40     118  121.857008   3.857008
3816          19     41     117  122.571622   5.571622
3817          19     42     116  122.364078   6.364078
3818          19     43     115  118.051685   3.051685
3819          19     44     114  111.791726  -2.208274
3820          19     45     113  112.063423  -0.936577
3821          19     46     112  107.934881  -4.065119
3822          19     47     111  106.322417  -4.677583
3823          19     48     110  104.597022  -5.402978
3824          19     49     109  101.669229  -7.330771
3825          19     50     108  101.825241  -6.174759
3826          19     51     107  100.722378  -6.277622
3827          19     52     106   96.544406  -9.455594
3828          19     53     105   99.114002  -5.885998
3829          19     54     104  100.538418  -3.461582
3830          19     55     103   95.538215  -7.461785
3831          19     56     102   96.336929  -5.663071
3832          19     57     101  102.369544   1.369544
3833          19     58     100  102.266393   2.266393
3834          19     59      99   99.498586   0.498586
3835          19     60      98   95.339080  -2.660920
3836          19     61      97   96.256882  -0.743118
3837          19     62      96  104.968360   8.968360
3838          19     63      95  100.163250   5.163250
3839          19     64      94  103.911398   9.911398
3840          19     65      93  102.131802   9.131802
3841          19     66      92   95.953389   3.953389
3842          19     67      91   91.091873   0.091873
3843          19     68      90   91.146167   1.146167
3844          19     69      89   91.645122   2.645122
3845          19     70      88   92.016295   4.016295
3846          19     71      87   92.441521   5.441521
3847          19     72      86   90.055452   4.055452
3848          19     73      85   90.025285   5.025285
3849          19     74      84   87.918172   3.918172
3850          19     75      83   87.680628   4.680628
3851          19     76      82   90.744332   8.744332
3852          19     77      81   82.245578   1.245578
3853          19     78      80   88.251159   8.251159
3854          19     79      79   87.636696   8.636696
3855          19     80      78   80.697204   2.697204
3856          19     81      77   77.835854   0.835854
3857          19     82      76   77.171405   1.171405
3858          19     83      75   76.849604   1.849604
3859          19     84      74   74.337820   0.337820
3860          19     85      73   73.979453   0.979453
3861          19     86      72   71.813804  -0.186196
3862          19     87      71   71.544844   0.544844
3863          19     88      70   70.336738   0.336738
3864          19     89      69   68.897862  -0.102138
3865          19     90      68   68.937557   0.937557
3866          19     91      67   67.661876   0.661876
3867          19     92      66   67.789583   1.789583
3868          19     93      65   66.484763   1.484763
3869          19     94      64   64.415707   0.415707
3870          19     95      63   61.215982  -1.784018
3871          19     96      62   55.859423  -6.140577
3872          19     97      61   50.729409 -10.270591
3873          19     98      60   54.070784  -5.929216
3874          19     99      59   53.788671  -5.211329
3875          19    100      58   55.012999  -2.987001
3876          19    101      57   54.548559  -2.451441
3877          19    102      56   53.386709  -2.613291
3878          19    103      55   55.033399   0.033399
3879          19    104      54   53.863692  -0.136308
3880          19    105      53   47.464879  -5.535121
3881          19    106      52   47.605086  -4.394914
3882          19    107      51   44.846872  -6.153128
3883          19    108      50   44.639863  -5.360137
3884          19    109      49   48.285760  -0.714240
3885          19    110      48   46.598904  -1.401096
3886          19    111      47   46.853199  -0.146801
3887          19    112      46   47.349839   1.349839
3888          19    113      45   45.662397   0.662397
3889          19    114      44   48.312073   4.312073
3890          19    115      43   44.471746   1.471746
3891          19    116      42   44.682141   2.682141
3892          19    117      41   44.959723   3.959723
3893          19    118      40   40.421097   0.421097
3894          19    119      39   39.477557   0.477557
3895          19    120      38   40.902844   2.902844
3896          19    121      37   38.129260   1.129260
3897          19    122      36   36.100066   0.100066
3898          19    123      35   32.215592  -2.784408
3899          19    124      34   31.503790  -2.496210
3900          19    125      33   29.163491  -3.836509
3901          19    126      32   31.213525  -0.786475
3902          19    127      31   27.887693  -3.112307
3903          19    128      30   27.211381  -2.788619
3904          19    129      29   30.902457   1.902457
3905          19    130      28   24.315106  -3.684894
3906          19    131      27   22.892178  -4.107822
3907          19    132      26   19.947968  -6.052032
3908          19    133      25   23.036192  -1.963808
3909          19    134      24   22.376804  -1.623196
3910          19    135      23   19.081404  -3.918596
3911          19    136      22   20.322348  -1.677652
3912          19    137      21   20.959154  -0.040846
3913          19    138      20   19.547887  -0.452113
3914          19    139      19   17.350757  -1.649243
3915          19    140      18   14.634008  -3.365992
3916          19    141      17   15.457079  -1.542921
3917          19    142      16   15.363887  -0.636113
3918          19    143      15   18.103559   3.103559
3919          19    144      14   14.208541   0.208541
3920          19    145      13   14.044257   1.044257
3921          19    146      12   12.112117   0.112117
3922          19    147      11   11.122880   0.122880
3923          19    148      10   10.399696   0.399696
3924          19    149       9   11.104075   2.104075
3925          19    150       8    9.349900   1.349900
3926          19    151       7    7.715588   0.715588
3927          19    152       6    6.733753   0.733753
3928          19    153       5    4.995144  -0.004856
3929          19    154       4    3.842561  -0.157439
3930          19    155       3    3.118907   0.118907
3931          19    156       2    2.858723   0.858723
3932          19    157       1    0.959401  -0.040599
3933          19    158       0    1.322747   1.322747
3934          20      1     233  231.078964  -1.921036
3935          20      2     232  211.631836 -20.368164
3936          20      3     231  237.020307   6.020307
3937          20      4     230  229.593334  -0.406666
3938          20      5     229  224.373816  -4.626184
3939          20      6     228  225.244142  -2.755858
3940          20      7     227  221.797390  -5.202610
3941          20      8     226  223.144496  -2.855504
3942          20      9     225  217.720548  -7.279452
3943          20     10     224  225.265743   1.265743
3944          20     11     223  218.281189  -4.718811
3945          20     12     222  219.867913  -2.132087
3946          20     13     221  218.980199  -2.019801
3947          20     14     220  217.499900  -2.500100
3948          20     15     219  212.727290  -6.272710
3949          20     16     218  214.239930  -3.760070
3950          20     17     217  210.510012  -6.489988
3951          20     18     216  212.897434  -3.102566
3952          20     19     215  214.669112  -0.330888
3953          20     20     214  212.176985  -1.823015
3954          20     21     213  214.107799   1.107799
3955          20     22     212  213.070257   1.070257
3956          20     23     211  210.988713  -0.011287
3957          20     24     210  202.681289  -7.318711
3958          20     25     209  205.057757  -3.942243
3959          20     26     208  205.648757  -2.351243
3960          20     27     207  204.276096  -2.723904
3961          20     28     206  203.531517  -2.468483
3962          20     29     205  203.028980  -1.971020
3963          20     30     204  203.659577  -0.340423
3964          20     31     203  202.112147  -0.887853
3965          20     32     202  198.672332  -3.327668
3966          20     33     201  197.888048  -3.111952
3967          20     34     200  197.509626  -2.490374
3968          20     35     199  198.249463  -0.750537
3969          20     36     198  194.841707  -3.158293
3970          20     37     197  192.963326  -4.036674
3971          20     38     196  192.940259  -3.059741
3972          20     39     195  192.292082  -2.707918
3973          20     40     194  190.719105  -3.280895
3974          20     41     193  191.844676  -1.155324
3975          20     42     192  190.362318  -1.637682
3976          20     43     191  188.086412  -2.913588
3977          20     44     190  185.303612  -4.696388
3978          20     45     189  183.745147  -5.254853
3979          20     46     188  181.429657  -6.570343
3980          20     47     187  182.288866  -4.711134
3981          20     48     186  181.019616  -4.980384
3982          20     49     185  185.133745   0.133745
3983          20     50     184  183.953391  -0.046609
3984          20     51     183  180.896005  -2.103995
3985          20     52     182  181.388132  -0.611868
3986          20     53     181  177.490982  -3.509018
3987          20     54     180  179.717424  -0.282576
3988          20     55     179  178.673262  -0.326738
3989          20     56     178  178.261495   0.261495
3990          20     57     177  178.278433   1.278433
3991          20     58     176  176.055811   0.055811
3992          20     59     175  174.283426  -0.716574
3993          20     60     174  173.459701  -0.540299
3994          20     61     173  170.794696  -2.205304
3995          20     62     172  167.449881  -4.550119
3996          20     63     171  167.871919  -3.128081
3997          20     64     170  167.779770  -2.220230
3998          20     65     169  167.258876  -1.741124
3999          20     66     168  169.697603   1.697603
4000          20     67     167  168.097270   1.097270
4001          20     68     166  167.492760   1.492760
4002          20     69     165  164.994643  -0.005357
4003          20     70     164  163.277947  -0.722053
4004          20     71     163  160.670259  -2.329741
4005          20     72     162  157.896319  -4.103681
4006          20     73     161  156.491820  -4.508180
4007          20     74     160  155.814818  -4.185182
4008          20     75     159  156.203469  -2.796531
4009          20     76     158  154.948499  -3.051501
4010          20     77     157  157.244080   0.244080
4011          20     78     156  153.222500  -2.777500
4012          20     79     155  151.729473  -3.270527
4013          20     80     154  150.895991  -3.104009
4014          20     81     153  150.812380  -2.187620
4015          20     82     152  148.241461  -3.758539
4016          20     83     151  146.741106  -4.258894
4017          20     84     150  145.476798  -4.523202
4018          20     85     149  144.732101  -4.267899
4019          20     86     148  145.078909  -2.921091
4020          20     87     147  147.500980   0.500980
4021          20     88     146  145.042915  -0.957085
4022          20     89     145  139.234980  -5.765020
4023          20     90     144  140.111513  -3.888487
4024          20     91     143  144.012144   1.012144
4025          20     92     142  141.812184  -0.187816
4026          20     93     141  141.571193   0.571193
4027          20     94     140  137.867440  -2.132560
4028          20     95     139  135.960551  -3.039449
4029          20     96     138  132.488510  -5.511490
4030          20     97     137  133.801703  -3.198297
4031          20     98     136  132.767138  -3.232862
4032          20     99     135  131.593059  -3.406941
4033          20    100     134  132.041219  -1.958781
4034          20    101     133  132.165313  -0.834687
4035          20    102     132  131.523885  -0.476115
4036          20    103     131  128.664499  -2.335501
4037          20    104     130  126.583164  -3.416836
4038          20    105     129  129.344065   0.344065
4039          20    106     128  126.262572  -1.737428
4040          20    107     127  128.172972   1.172972
4041          20    108     126  127.555236   1.555236
4042          20    109     125  126.932088   1.932088
4043          20    110     124  124.094964   0.094964
4044          20    111     123  127.022283   4.022283
4045          20    112     122  117.840814  -4.159186
4046          20    113     121  116.259346  -4.740654
4047          20    114     120  120.271391   0.271391
4048          20    115     119  120.659623   1.659623
4049          20    116     118  117.966427  -0.033573
4050          20    117     117  114.318046  -2.681954
4051          20    118     116  111.040140  -4.959860
4052          20    119     115  115.367059   0.367059
4053          20    120     114  111.068340  -2.931660
4054          20    121     113  116.394112   3.394112
4055          20    122     112  108.670323  -3.329677
4056          20    123     111  106.047604  -4.952396
4057          20    124     110  107.410509  -2.589491
4058          20    125     109  106.492441  -2.507559
4059          20    126     108  109.265275   1.265275
4060          20    127     107  109.064973   2.064973
4061          20    128     106  109.932529   3.932529
4062          20    129     105  102.573043  -2.426957
4063          20    130     104  104.721364   0.721364
4064          20    131     103  103.853141   0.853141
4065          20    132     102   99.408624  -2.591376
4066          20    133     101   97.972341  -3.027659
4067          20    134     100  102.136635   2.136635
4068          20    135      99   99.884201   0.884201
4069          20    136      98   98.032994   0.032994
4070          20    137      97   98.398747   1.398747
4071          20    138      96   98.394865   2.394865
4072          20    139      95   98.749156   3.749156
4073          20    140      94   93.234714  -0.765286
4074          20    141      93   90.594873  -2.405127
4075          20    142      92   89.743413  -2.256587
4076          20    143      91   90.721164  -0.278836
4077          20    144      90   90.390302   0.390302
4078          20    145      89   89.823957   0.823957
4079          20    146      88   89.062700   1.062700
4080          20    147      87   87.779717   0.779717
4081          20    148      86   88.680493   2.680493
4082          20    149      85   87.012295   2.012295
4083          20    150      84   86.431404   2.431404
4084          20    151      83   86.570354   3.570354
4085          20    152      82   85.988530   3.988530
4086          20    153      81   86.654732   5.654732
4087          20    154      80   81.949207   1.949207
4088          20    155      79   80.382256   1.382256
4089          20    156      78   73.870664  -4.129336
4090          20    157      77   74.474286  -2.525714
4091          20    158      76   70.437035  -5.562965
4092          20    159      75   76.919098   1.919098
4093          20    160      74   68.899962  -5.100038
4094          20    161      73   66.642345  -6.357655
4095          20    162      72   66.419168  -5.580832
4096          20    163      71   65.908756  -5.091244
4097          20    164      70   65.784392  -4.215608
4098          20    165      69   64.087943  -4.912057
4099          20    166      68   62.767848  -5.232152
4100          20    167      67   65.799897  -1.200103
4101          20    168      66   64.883955  -1.116045
4102          20    169      65   60.650108  -4.349892
4103          20    170      64   61.044324  -2.955676
4104          20    171      63   60.634082  -2.365918
4105          20    172      62   58.037053  -3.962947
4106          20    173      61   55.365389  -5.634611
4107          20    174      60   54.208681  -5.791319
4108          20    175      59   54.954579  -4.045421
4109          20    176      58   54.274066  -3.725934
4110          20    177      57   54.381159  -2.618841
4111          20    178      56   55.657243  -0.342757
4112          20    179      55   55.593729   0.593729
4113          20    180      54   54.753626   0.753626
4114          20    181      53   54.472187   1.472187
4115          20    182      52   54.148309   2.148309
4116          20    183      51   54.178796   3.178796
4117          20    184      50   52.199836   2.199836
4118          20    185      49   51.916245   2.916245
4119          20    186      48   52.610245   4.610245
4120          20    187      47   53.432860   6.432860
4121          20    188      46   49.737912   3.737912
4122          20    189      45   49.137723   4.137723
4123          20    190      44   45.151605   1.151605
4124          20    191      43   43.861373   0.861373
4125          20    192      42   44.272516   2.272516
4126          20    193      41   42.551180   1.551180
4127          20    194      40   39.315316  -0.684684
4128          20    195      39   43.361736   4.361736
4129          20    196      38   35.771840  -2.228160
4130          20    197      37   38.628058   1.628058
4131          20    198      36   36.139924   0.139924
4132          20    199      35   30.909661  -4.090339
4133          20    200      34   33.230029  -0.769971
4134          20    201      33   30.513623  -2.486377
4135          20    202      32   33.736516   1.736516
4136          20    203      31   32.687313   1.687313
4137          20    204      30   24.928415  -5.071585
4138          20    205      29   29.037642   0.037642
4139          20    206      28   28.618599   0.618599
4140          20    207      27   26.640718  -0.359282
4141          20    208      26   23.362794  -2.637206
4142          20    209      25   25.565855   0.565855
4143          20    210      24   24.099736   0.099736
4144          20    211      23   24.452438   1.452438
4145          20    212      22   21.670322  -0.329678
4146          20    213      21   20.386536  -0.613464
4147          20    214      20   21.954527   1.954527
4148          20    215      19   20.041064   1.041064
4149          20    216      18   16.392672  -1.607328
4150          20    217      17   16.036477  -0.963523
4151          20    218      16   13.441962  -2.558038
4152          20    219      15   14.769225  -0.230775
4153          20    220      14   15.494374   1.494374
4154          20    221      13   16.683953   3.683953
4155          20    222      12   15.784605   3.784605
4156          20    223      11   10.955143  -0.044857
4157          20    224      10   10.406481   0.406481
4158          20    225       9   13.389526   4.389526
4159          20    226       8    9.536689   1.536689
4160          20    227       7    8.944980   1.944980
4161          20    228       6    9.923206   3.923206
4162          20    229       5    7.418429   2.418429
4163          20    230       4    9.617044   5.617044
4164          20    231       3    6.017464   3.017464
4165          20    232       2    2.761720   0.761720
4166          20    233       1    2.642433   1.642433
4167          20    234       0    2.345209   2.345209
4168          21      1     194  184.316891  -9.683109
4169          21      2     193  196.395658   3.395658
4170          21      3     192  198.667787   6.667787
4171          21      4     191  182.841218  -8.158782
4172          21      5     190  194.429170   4.429170
4173          21      6     189  186.703224  -2.296776
4174          21      7     188  187.122071  -0.877929
4175          21      8     187  184.224960  -2.775040
4176          21      9     186  193.597243   7.597243
4177          21     10     185  189.519387   4.519387
4178          21     11     184  191.927075   7.927075
4179          21     12     183  186.514467   3.514467
4180          21     13     182  189.236523   7.236523
4181          21     14     181  175.845117  -5.154883
4182          21     15     180  178.050905  -1.949095
4183          21     16     179  176.790812  -2.209188
4184          21     17     178  175.130037  -2.869963
4185          21     18     177  177.228559   0.228559
4186          21     19     176  176.351020   0.351020
4187          21     20     175  175.985764   0.985764
4188          21     21     174  178.313859   4.313859
4189          21     22     173  178.382297   5.382297
4190          21     23     172  168.405047  -3.594953
4191          21     24     171  168.583797  -2.416203
4192          21     25     170  163.975139  -6.024861
4193          21     26     169  168.453187  -0.546813
4194          21     27     168  167.698437  -0.301563
4195          21     28     167  168.087835   1.087835
4196          21     29     166  165.251533  -0.748467
4197          21     30     165  164.925125  -0.074875
4198          21     31     164  163.883654  -0.116346
4199          21     32     163  161.175186  -1.824814
4200          21     33     162  161.367652  -0.632348
4201          21     34     161  161.193177   0.193177
4202          21     35     160  156.795565  -3.204435
4203          21     36     159  154.882093  -4.117907
4204          21     37     158  156.043032  -1.956968
4205          21     38     157  156.653254  -0.346746
4206          21     39     156  156.505206   0.505206
4207          21     40     155  154.237163  -0.762837
4208          21     41     154  154.461494   0.461494
4209          21     42     153  154.292482   1.292482
4210          21     43     152  153.190141   1.190141
4211          21     44     151  151.311951   0.311951
4212          21     45     150  150.258211   0.258211
4213          21     46     149  150.537407   1.537407
4214          21     47     148  148.500805   0.500805
4215          21     48     147  144.888278  -2.111722
4216          21     49     146  143.264187  -2.735813
4217          21     50     145  144.168005  -0.831995
4218          21     51     144  145.500604   1.500604
4219          21     52     143  148.077777   5.077777
4220          21     53     142  145.272190   3.272190
4221          21     54     141  145.060798   4.060798
4222          21     55     140  143.212848   3.212848
4223          21     56     139  139.331943   0.331943
4224          21     57     138  141.388580   3.388580
4225          21     58     137  136.422899  -0.577101
4226          21     59     136  136.771273   0.771273
4227          21     60     135  136.152808   1.152808
4228          21     61     134  132.048352  -1.951648
4229          21     62     133  133.902846   0.902846
4230          21     63     132  130.219035  -1.780965
4231          21     64     131  131.351438   0.351438
4232          21     65     130  130.574704   0.574704
4233          21     66     129  130.298036   1.298036
4234          21     67     128  127.837178  -0.162822
4235          21     68     127  127.491093   0.491093
4236          21     69     126  128.084444   2.084444
4237          21     70     125  126.346984   1.346984
4238          21     71     124  126.047893   2.047893
4239          21     72     123  125.329378   2.329378
4240          21     73     122  120.848511  -1.151489
4241          21     74     121  121.778611   0.778611
4242          21     75     120  116.981070  -3.018930
4243          21     76     119  117.651950  -1.348050
4244          21     77     118  117.434108  -0.565892
4245          21     78     117  118.418726   1.418726
4246          21     79     116  118.806837   2.806837
4247          21     80     115  120.188433   5.188433
4248          21     81     114  117.454129   3.454129
4249          21     82     113  117.824274   4.824274
4250          21     83     112  116.112818   4.112818
4251          21     84     111  114.845207   3.845207
4252          21     85     110  112.807340   2.807340
4253          21     86     109  112.237208   3.237208
4254          21     87     108  111.742599   3.742599
4255          21     88     107  109.627697   2.627697
4256          21     89     106  108.395947   2.395947
4257          21     90     105  107.804171   2.804171
4258          21     91     104  108.501949   4.501949
4259          21     92     103  103.870710   0.870710
4260          21     93     102  102.932657   0.932657
4261          21     94     101  102.284397   1.284397
4262          21     95     100  100.673106   0.673106
4263          21     96      99   94.176516  -4.823484
4264          21     97      98   89.748615  -8.251385
4265          21     98      97   94.146823  -2.853177
4266          21     99      96   94.659368  -1.340632
4267          21    100      95   89.470176  -5.529824
4268          21    101      94   87.220065  -6.779935
4269          21    102      93   85.417089  -7.582911
4270          21    103      92   86.621792  -5.378208
4271          21    104      91   88.073050  -2.926950
4272          21    105      90   87.789535  -2.210465
4273          21    106      89   90.048610   1.048610
4274          21    107      88   91.324219   3.324219
4275          21    108      87   91.083464   4.083464
4276          21    109      86   78.220876  -7.779124
4277          21    110      85   77.763485  -7.236515
4278          21    111      84   79.255243  -4.744757
4279          21    112      83   75.121776  -7.878224
4280          21    113      82   76.332181  -5.667819
4281          21    114      81   74.224644  -6.775356
4282          21    115      80   74.014610  -5.985390
4283          21    116      79   79.675068   0.675068
4284          21    117      78   78.819491   0.819491
4285          21    118      77   74.898571  -2.101429
4286          21    119      76   73.681641  -2.318359
4287          21    120      75   77.055189   2.055189
4288          21    121      74   77.154164   3.154164
4289          21    122      73   74.362759   1.362759
4290          21    123      72   79.253998   7.253998
4291          21    124      71   79.318370   8.318370
4292          21    125      70   77.664325   7.664325
4293          21    126      69   74.559684   5.559684
4294          21    127      68   71.755879   3.755879
4295          21    128      67   69.125932   2.125932
4296          21    129      66   65.947323  -0.052677
4297          21    130      65   67.665424   2.665424
4298          21    131      64   64.911110   0.911110
4299          21    132      63   59.870194  -3.129806
4300          21    133      62   60.458478  -1.541522
4301          21    134      61   59.195642  -1.804358
4302          21    135      60   57.576626  -2.423374
4303          21    136      59   57.302378  -1.697622
4304          21    137      58   57.618843  -0.381157
4305          21    138      57   58.333460   1.333460
4306          21    139      56   56.452476   0.452476
4307          21    140      55   57.690345   2.690345
4308          21    141      54   58.311003   4.311003
4309          21    142      53   62.017333   9.017333
4310          21    143      52   58.692852   6.692852
4311          21    144      51   54.182134   3.182134
4312          21    145      50   55.027184   5.027184
4313          21    146      49   53.170489   4.170489
4314          21    147      48   41.927467  -6.072533
4315          21    148      47   53.592539   6.592539
4316          21    149      46   49.255244   3.255244
4317          21    150      45   51.653093   6.653093
4318          21    151      44   51.987491   7.987491
4319          21    152      43   48.568120   5.568120
4320          21    153      42   34.926736  -7.073264
4321          21    154      41   40.807751  -0.192249
4322          21    155      40   36.812111  -3.187889
4323          21    156      39   43.452123   4.452123
4324          21    157      38   33.369509  -4.630491
4325          21    158      37   34.615020  -2.384980
4326          21    159      36   38.072780   2.072780
4327          21    160      35   38.375587   3.375587
4328          21    161      34   36.448073   2.448073
4329          21    162      33   36.878722   3.878722
4330          21    163      32   36.956608   4.956608
4331          21    164      31   32.298392   1.298392
4332          21    165      30   30.605022   0.605022
4333          21    166      29   28.871940  -0.128060
4334          21    167      28   30.086797   2.086797
4335          21    168      27   32.632098   5.632098
4336          21    169      26   30.898890   4.898890
4337          21    170      25   31.008599   6.008599
4338          21    171      24   31.312336   7.312336
4339          21    172      23   31.201787   8.201787
4340          21    173      22   29.091788   7.091788
4341          21    174      21   27.485213   6.485213
4342          21    175      20   24.687847   4.687847
4343          21    176      19   24.465180   5.465180
4344          21    177      18   21.010160   3.010160
4345          21    178      17   19.562396   2.562396
4346          21    179      16   19.939677   3.939677
4347          21    180      15   16.809352   1.809352
4348          21    181      14   16.787120   2.787120
4349          21    182      13   13.569926   0.569926
4350          21    183      12   13.898948   1.898948
4351          21    184      11    9.493293  -1.506707
4352          21    185      10    8.205233  -1.794767
4353          21    186       9    7.774585  -1.225415
4354          21    187       8    7.853985  -0.146015
4355          21    188       7    5.739949  -1.260051
4356          21    189       6    5.914882  -0.085118
4357          21    190       5    5.074594   0.074594
4358          21    191       4    5.364177   1.364177
4359          21    192       3    4.326377   1.326377
4360          21    193       2    3.523533   1.523533
4361          21    194       1    2.339627   1.339627
4362          21    195       0    1.482737   1.482737
4363          22      1     201  197.630688  -3.369312
4364          22      2     200  197.684592  -2.315408
4365          22      3     199  189.710522  -9.289478
4366          22      4     198  195.911727  -2.088273
4367          22      5     197  189.893458  -7.106542
4368          22      6     196  189.639340  -6.360660
4369          22      7     195  192.464684  -2.535316
4370          22      8     194  189.652215  -4.347785
4371          22      9     193  190.498544  -2.501456
4372          22     10     192  190.472417  -1.527583
4373          22     11     191  188.914998  -2.085002
4374          22     12     190  190.003569   0.003569
4375          22     13     189  184.283389  -4.716611
4376          22     14     188  186.200488  -1.799512
4377          22     15     187  187.494922   0.494922
4378          22     16     186  186.832381   0.832381
4379          22     17     185  186.354277   1.354277
4380          22     18     184  180.536321  -3.463679
4381          22     19     183  179.149516  -3.850484
4382          22     20     182  179.998391  -2.001609
4383          22     21     181  180.511773  -0.488227
4384          22     22     180  173.800278  -6.199722
4385          22     23     179  173.694534  -5.305466
4386          22     24     178  173.282523  -4.717477
4387          22     25     177  172.406056  -4.593944
4388          22     26     176  172.868360  -3.131640
4389          22     27     175  171.578585  -3.421415
4390          22     28     174  170.149020  -3.850980
4391          22     29     173  170.155383  -2.844617
4392          22     30     172  170.461277  -1.538723
4393          22     31     171  168.922281  -2.077719
4394          22     32     170  166.508893  -3.491107
4395          22     33     169  165.652926  -3.347074
4396          22     34     168  165.789386  -2.210614
4397          22     35     167  167.123561   0.123561
4398          22     36     166  166.835962   0.835962
4399          22     37     165  165.942919   0.942919
4400          22     38     164  164.707592   0.707592
4401          22     39     163  163.940016   0.940016
4402          22     40     162  163.539753   1.539753
4403          22     41     161  163.053637   2.053637
4404          22     42     160  162.328732   2.328732
4405          22     43     159  161.057940   2.057940
4406          22     44     158  161.564769   3.564769
4407          22     45     157  159.961046   2.961046
4408          22     46     156  160.104418   4.104418
4409          22     47     155  158.083762   3.083762
4410          22     48     154  158.486332   4.486332
4411          22     49     153  156.995841   3.995841
4412          22     50     152  154.211754   2.211754
4413          22     51     151  151.022697   0.022697
4414          22     52     150  154.117261   4.117261
4415          22     53     149  152.543186   3.543186
4416          22     54     148  151.760489   3.760489
4417          22     55     147  151.569999   4.569999
4418          22     56     146  148.690005   2.690005
4419          22     57     145  147.742141   2.742141
4420          22     58     144  145.917053   1.917053
4421          22     59     143  148.297172   5.297172
4422          22     60     142  144.043716   2.043716
4423          22     61     141  139.660219  -1.339781
4424          22     62     140  143.240268   3.240268
4425          22     63     139  142.254609   3.254609
4426          22     64     138  138.134657   0.134657
4427          22     65     137  134.814246  -2.185754
4428          22     66     136  140.978016   4.978016
4429          22     67     135  138.890851   3.890851
4430          22     68     134  138.651740   4.651740
4431          22     69     133  132.518357  -0.481643
4432          22     70     132  128.384402  -3.615598
4433          22     71     131  126.160102  -4.839898
4434          22     72     130  124.404628  -5.595372
4435          22     73     129  123.301205  -5.698795
4436          22     74     128  122.317392  -5.682608
4437          22     75     127  121.969424  -5.030576
4438          22     76     126  122.672633  -3.327367
4439          22     77     125  124.400267  -0.599733
4440          22     78     124  120.309570  -3.690430
4441          22     79     123  120.250302  -2.749698
4442          22     80     122  119.297981  -2.702019
4443          22     81     121  116.693997  -4.306003
4444          22     82     120  115.247438  -4.752562
4445          22     83     119  112.463441  -6.536559
4446          22     84     118  112.684510  -5.315490
4447          22     85     117  112.433280  -4.566720
4448          22     86     116  110.143985  -5.856015
4449          22     87     115  109.872328  -5.127672
4450          22     88     114  109.120139  -4.879861
4451          22     89     113  108.155071  -4.844929
4452          22     90     112  105.064360  -6.935640
4453          22     91     111  104.861371  -6.138629
4454          22     92     110  104.360980  -5.639020
4455          22     93     109  104.243834  -4.756166
4456          22     94     108  103.964094  -4.035906
4457          22     95     107  103.112443  -3.887557
4458          22     96     106  102.937142  -3.062858
4459          22     97     105  103.381725  -1.618275
4460          22     98     104  103.422544  -0.577456
4461          22     99     103  102.374727  -0.625273
4462          22    100     102  101.777125  -0.222875
4463          22    101     101  102.269796   1.269796
4464          22    102     100  100.825178   0.825178
4465          22    103      99  101.930816   2.930816
4466          22    104      98   98.139183   0.139183
4467          22    105      97   98.002058   1.002058
4468          22    106      96   95.250517  -0.749483
4469          22    107      95   94.770274  -0.229726
4470          22    108      94   93.427597  -0.572403
4471          22    109      93   94.104020   1.104020
4472          22    110      92   94.431425   2.431425
4473          22    111      91   94.877701   3.877701
4474          22    112      90   92.390234   2.390234
4475          22    113      89   91.066282   2.066282
4476          22    114      88   90.739604   2.739604
4477          22    115      87   85.981853  -1.018147
4478          22    116      86   90.380709   4.380709
4479          22    117      85   90.903481   5.903481
4480          22    118      84   85.366633   1.366633
4481          22    119      83   84.771749   1.771749
4482          22    120      82   83.470604   1.470604
4483          22    121      81   83.935027   2.935027
4484          22    122      80   82.113829   2.113829
4485          22    123      79   82.297728   3.297728
4486          22    124      78   78.913517   0.913517
4487          22    125      77   76.793022  -0.206978
4488          22    126      76   68.148265  -7.851735
4489          22    127      75   68.347861  -6.652139
4490          22    128      74   68.358247  -5.641753
4491          22    129      73   69.109135  -3.890865
4492          22    130      72   70.434734  -1.565266
4493          22    131      71   66.903746  -4.096254
4494          22    132      70   66.860770  -3.139230
4495          22    133      69   65.338858  -3.661142
4496          22    134      68   65.600130  -2.399870
4497          22    135      67   63.484875  -3.515125
4498          22    136      66   64.153361  -1.846639
4499          22    137      65   63.893964  -1.106036
4500          22    138      64   64.336132   0.336132
4501          22    139      63   62.343002  -0.656998
4502          22    140      62   62.848412   0.848412
4503          22    141      61   63.170041   2.170041
4504          22    142      60   58.081467  -1.918533
4505          22    143      59   57.532802  -1.467198
4506          22    144      58   57.217241  -0.782759
4507          22    145      57   59.736858   2.736858
4508          22    146      56   58.790787   2.790787
4509          22    147      55   53.203428  -1.796572
4510          22    148      54   51.358856  -2.641144
4511          22    149      53   53.334535   0.334535
4512          22    150      52   51.582029  -0.417971
4513          22    151      51   48.487796  -2.512204
4514          22    152      50   50.821607   0.821607
4515          22    153      49   50.409879   1.409879
4516          22    154      48   49.845863   1.845863
4517          22    155      47   50.622942   3.622942
4518          22    156      46   48.843773   2.843773
4519          22    157      45   47.044158   2.044158
4520          22    158      44   45.039013   1.039013
4521          22    159      43   46.771768   3.771768
4522          22    160      42   43.600270   1.600270
4523          22    161      41   42.421841   1.421841
4524          22    162      40   41.633243   1.633243
4525          22    163      39   36.436067  -2.563933
4526          22    164      38   42.779899   4.779899
4527          22    165      37   37.742583   0.742583
4528          22    166      36   34.451666  -1.548334
4529          22    167      35   34.956448  -0.043552
4530          22    168      34   36.055642   2.055642
4531          22    169      33   33.130898   0.130898
4532          22    170      32   35.540896   3.540896
4533          22    171      31   30.785429  -0.214571
4534          22    172      30   34.158495   4.158495
4535          22    173      29   26.817861  -2.182139
4536          22    174      28   28.881725   0.881725
4537          22    175      27   28.670859   1.670859
4538          22    176      26   28.970757   2.970757
4539          22    177      25   30.439837   5.439837
4540          22    178      24   29.555755   5.555755
4541          22    179      23   25.597252   2.597252
4542          22    180      22   24.424504   2.424504
4543          22    181      21   24.046179   3.046179
4544          22    182      20   25.725905   5.725905
4545          22    183      19   20.783309   1.783309
4546          22    184      18   19.822317   1.822317
4547          22    185      17   21.822308   4.822308
4548          22    186      16   18.653079   2.653079
4549          22    187      15   20.203792   5.203792
4550          22    188      14   14.431784   0.431784
4551          22    189      13   13.372793   0.372793
4552          22    190      12   11.806740  -0.193260
4553          22    191      11    8.467427  -2.532573
4554          22    192      10    7.269400  -2.730600
4555          22    193       9    5.971021  -3.028979
4556          22    194       8    6.445690  -1.554310
4557          22    195       7    5.906209  -1.093791
4558          22    196       6    6.588312   0.588312
4559          22    197       5    5.560016   0.560016
4560          22    198       4    5.302044   1.302044
4561          22    199       3    4.435359   1.435359
4562          22    200       2    4.485696   2.485696
4563          22    201       1    4.788175   3.788175
4564          22    202       0    4.406893   4.406893
4565          23      1     167  183.312600  16.312600
4566          23      2     166  174.905848   8.905848
4567          23      3     165  160.055082  -4.944918
4568          23      4     164  167.711044   3.711044
4569          23      5     163  167.720140   4.720140
4570          23      6     162  168.018416   6.018416
4571          23      7     161  165.736673   4.736673
4572          23      8     160  164.971145   4.971145
4573          23      9     159  165.594905   6.594905
4574          23     10     158  159.212846   1.212846
4575          23     11     157  160.318165   3.318165
4576          23     12     156  155.808482  -0.191518
4577          23     13     155  152.963537  -2.036463
4578          23     14     154  151.621653  -2.378347
4579          23     15     153  151.954481  -1.045519
4580          23     16     152  152.290272   0.290272
4581          23     17     151  151.895347   0.895347
4582          23     18     150  151.632043   1.632043
4583          23     19     149  152.043177   3.043177
4584          23     20     148  151.299134   3.299134
4585          23     21     147  149.320370   2.320370
4586          23     22     146  150.489994   4.489994
4587          23     23     145  150.180198   5.180198
4588          23     24     144  145.918788   1.918788
4589          23     25     143  143.714392   0.714392
4590          23     26     142  141.545677  -0.454323
4591          23     27     141  139.980303  -1.019697
4592          23     28     140  138.310867  -1.689133
4593          23     29     139  142.019568   3.019568
4594          23     30     138  137.198559  -0.801441
4595          23     31     137  137.511805   0.511805
4596          23     32     136  135.337309  -0.662691
4597          23     33     135  137.037409   2.037409
4598          23     34     134  135.122144   1.122144
4599          23     35     133  136.226487   3.226487
4600          23     36     132  136.311979   4.311979
4601          23     37     131  138.050682   7.050682
4602          23     38     130  136.814607   6.814607
4603          23     39     129  134.509657   5.509657
4604          23     40     128  132.551525   4.551525
4605          23     41     127  131.830254   4.830254
4606          23     42     126  130.451822   4.451822
4607          23     43     125  128.765186   3.765186
4608          23     44     124  128.069866   4.069866
4609          23     45     123  127.769640   4.769640
4610          23     46     122  127.010187   5.010187
4611          23     47     121  125.983374   4.983374
4612          23     48     120  125.133740   5.133740
4613          23     49     119  123.698713   4.698713
4614          23     50     118  121.647001   3.647001
4615          23     51     117  116.964449  -0.035551
4616          23     52     116  117.771285   1.771285
4617          23     53     115  120.944477   5.944477
4618          23     54     114  117.403976   3.403976
4619          23     55     113  113.023851   0.023851
4620          23     56     112  111.455219  -0.544781
4621          23     57     111  106.021029  -4.978971
4622          23     58     110  113.794391   3.794391
4623          23     59     109  105.472355  -3.527645
4624          23     60     108  104.062485  -3.937515
4625          23     61     107  102.945564  -4.054436
4626          23     62     106  102.573626  -3.426374
4627          23     63     105  102.496101  -2.503899
4628          23     64     104  102.995951  -1.004049
4629          23     65     103  105.732001   2.732001
4630          23     66     102  102.844105   0.844105
4631          23     67     101   95.712203  -5.287797
4632          23     68     100   97.197794  -2.802206
4633          23     69      99   96.343874  -2.656126
4634          23     70      98   95.191646  -2.808354
4635          23     71      97   98.666824   1.666824
4636          23     72      96   99.810005   3.810005
4637          23     73      95   96.700760   1.700760
4638          23     74      94   97.169860   3.169860
4639          23     75      93   94.324166   1.324166
4640          23     76      92   93.291781   1.291781
4641          23     77      91   82.547673  -8.452327
4642          23     78      90   83.264228  -6.735772
4643          23     79      89   80.834368  -8.165632
4644          23     80      88   80.250151  -7.749849
4645          23     81      87   78.267522  -8.732478
4646          23     82      86   82.020200  -3.979800
4647          23     83      85   81.661891  -3.338109
4648          23     84      84   81.782778  -2.217222
4649          23     85      83   80.998230  -2.001770
4650          23     86      82   82.666130   0.666130
4651          23     87      81   82.214188   1.214188
4652          23     88      80   78.670967  -1.329033
4653          23     89      79   79.512311   0.512311
4654          23     90      78   80.180009   2.180009
4655          23     91      77   77.260025   0.260025
4656          23     92      76   76.680813   0.680813
4657          23     93      75   79.351885   4.351885
4658          23     94      74   80.783169   6.783169
4659          23     95      73   81.916841   8.916841
4660          23     96      72   74.037573   2.037573
4661          23     97      71   74.026595   3.026595
4662          23     98      70   74.956050   4.956050
4663          23     99      69   72.540663   3.540663
4664          23    100      68   72.227137   4.227137
4665          23    101      67   68.358389   1.358389
4666          23    102      66   66.592128   0.592128
4667          23    103      65   66.823089   1.823089
4668          23    104      64   64.452042   0.452042
4669          23    105      63   66.845029   3.845029
4670          23    106      62   63.324031   1.324031
4671          23    107      61   57.697029  -3.302971
4672          23    108      60   60.951805   0.951805
4673          23    109      59   59.494353   0.494353
4674          23    110      58   58.934588   0.934588
4675          23    111      57   60.014087   3.014087
4676          23    112      56   58.341631   2.341631
4677          23    113      55   51.816764  -3.183236
4678          23    114      54   46.004322  -7.995678
4679          23    115      53   46.660729  -6.339271
4680          23    116      52   49.537656  -2.462344
4681          23    117      51   47.589402  -3.410598
4682          23    118      50   47.899903  -2.100097
4683          23    119      49   45.400297  -3.599703
4684          23    120      48   45.277364  -2.722636
4685          23    121      47   45.320940  -1.679060
4686          23    122      46   45.593845  -0.406155
4687          23    123      45   40.743431  -4.256569
4688          23    124      44   41.051880  -2.948120
4689          23    125      43   39.114450  -3.885550
4690          23    126      42   36.414124  -5.585876
4691          23    127      41   41.854817   0.854817
4692          23    128      40   40.434625   0.434625
4693          23    129      39   38.190062  -0.809938
4694          23    130      38   36.235758  -1.764242
4695          23    131      37   30.833926  -6.166074
4696          23    132      36   34.600702  -1.399298
4697          23    133      35   29.978387  -5.021613
4698          23    134      34   30.720165  -3.279835
4699          23    135      33   29.046658  -3.953342
4700          23    136      32   27.508788  -4.491212
4701          23    137      31   28.727341  -2.272659
4702          23    138      30   26.106178  -3.893822
4703          23    139      29   28.412673  -0.587327
4704          23    140      28   33.045087   5.045087
4705          23    141      27   29.996522   2.996522
4706          23    142      26   25.675122  -0.324878
4707          23    143      25   23.914859  -1.085141
4708          23    144      24   24.436471   0.436471
4709          23    145      23   23.792385   0.792385
4710          23    146      22   24.407459   2.407459
4711          23    147      21   23.321033   2.321033
4712          23    148      20   23.814684   3.814684
4713          23    149      19   22.852963   3.852963
4714          23    150      18   19.384192   1.384192
4715          23    151      17   14.390627  -2.609373
4716          23    152      16   13.937635  -2.062365
4717          23    153      15   12.673815  -2.326185
4718          23    154      14   11.910836  -2.089164
4719          23    155      13   15.340313   2.340313
4720          23    156      12   13.879842   1.879842
4721          23    157      11   13.161470   2.161470
4722          23    158      10   11.539946   1.539946
4723          23    159       9    8.665355  -0.334645
4724          23    160       8    8.934382   0.934382
4725          23    161       7    8.212321   1.212321
4726          23    162       6    4.985059  -1.014941
4727          23    163       5    5.314351   0.314351
4728          23    164       4    5.603421   1.603421
4729          23    165       3    3.002109   0.002109
4730          23    166       2    3.879783   1.879783
4731          23    167       1    2.135991   1.135991
4732          23    168       0    1.805650   1.805650
4733          24      1     146  174.065339  28.065339
4734          24      2     145  159.863490  14.863490
4735          24      3     144  164.645707  20.645707
4736          24      4     143  147.345711   4.345711
4737          24      5     142  146.069845   4.069845
4738          24      6     141  151.211342  10.211342
4739          24      7     140  155.750277  15.750277
4740          24      8     139  151.694723  12.694723
4741          24      9     138  155.024564  17.024564
4742          24     10     137  147.402282  10.402282
4743          24     11     136  146.701040  10.701040
4744          24     12     135  150.439510  15.439510
4745          24     13     134  143.357069   9.357069
4746          24     14     133  138.779613   5.779613
4747          24     15     132  134.394781   2.394781
4748          24     16     131  133.453483   2.453483
4749          24     17     130  134.343285   4.343285
4750          24     18     129  133.533383   4.533383
4751          24     19     128  132.711476   4.711476
4752          24     20     127  128.996509   1.996509
4753          24     21     126  127.643582   1.643582
4754          24     22     125  132.178604   7.178604
4755          24     23     124  128.859139   4.859139
4756          24     24     123  125.016484   2.016484
4757          24     25     122  125.709681   3.709681
4758          24     26     121  126.706034   5.706034
4759          24     27     120  122.218083   2.218083
4760          24     28     119  119.604967   0.604967
4761          24     29     118  116.051753  -1.948247
4762          24     30     117  115.223845  -1.776155
4763          24     31     116  113.112904  -2.887096
4764          24     32     115  112.567552  -2.432448
4765          24     33     114  110.325611  -3.674389
4766          24     34     113  110.282069  -2.717931
4767          24     35     112  112.773885   0.773885
4768          24     36     111  110.921986  -0.078014
4769          24     37     110  108.080098  -1.919902
4770          24     38     109  106.782379  -2.217621
4771          24     39     108  105.588975  -2.411025
4772          24     40     107  104.465672  -2.534328
4773          24     41     106  104.364742  -1.635258
4774          24     42     105  104.295097  -0.704903
4775          24     43     104  100.790961  -3.209039
4776          24     44     103  101.210655  -1.789345
4777          24     45     102  102.328323   0.328323
4778          24     46     101   97.457032  -3.542968
4779          24     47     100   99.072485  -0.927515
4780          24     48      99   97.175026  -1.824974
4781          24     49      98   96.880293  -1.119707
4782          24     50      97   97.696743   0.696743
4783          24     51      96   99.040737   3.040737
4784          24     52      95   97.401560   2.401560
4785          24     53      94   96.119461   2.119461
4786          24     54      93   91.021542  -1.978458
4787          24     55      92   88.497851  -3.502149
4788          24     56      91   87.752549  -3.247451
4789          24     57      90   86.328603  -3.671397
4790          24     58      89   84.703005  -4.296995
4791          24     59      88   87.087542  -0.912458
4792          24     60      87   86.163788  -0.836212
4793          24     61      86   83.141683  -2.858317
4794          24     62      85   84.761159  -0.238841
4795          24     63      84   84.351074   0.351074
4796          24     64      83   80.498668  -2.501332
4797          24     65      82   81.904840  -0.095160
4798          24     66      81   80.995159  -0.004841
4799          24     67      80   79.783353  -0.216647
4800          24     68      79   80.479652   1.479652
4801          24     69      78   78.025940   0.025940
4802          24     70      77   77.338530   0.338530
4803          24     71      76   76.291784   0.291784
4804          24     72      75   81.266506   6.266506
4805          24     73      74   79.109023   5.109023
4806          24     74      73   75.475974   2.475974
4807          24     75      72   75.605166   3.605166
4808          24     76      71   71.389896   0.389896
4809          24     77      70   71.311815   1.311815
4810          24     78      69   70.754748   1.754748
4811          24     79      68   71.327124   3.327124
4812          24     80      67   72.324022   5.324022
4813          24     81      66   70.750433   4.750433
4814          24     82      65   69.252772   4.252772
4815          24     83      64   67.796213   3.796213
4816          24     84      63   68.167416   5.167416
4817          24     85      62   66.947462   4.947462
4818          24     86      61   67.903651   6.903651
4819          24     87      60   63.551871   3.551871
4820          24     88      59   61.382367   2.382367
4821          24     89      58   60.580472   2.580472
4822          24     90      57   59.350187   2.350187
4823          24     91      56   59.510105   3.510105
4824          24     92      55   58.653682   3.653682
4825          24     93      54   55.141695   1.141695
4826          24     94      53   50.642950  -2.357050
4827          24     95      52   48.962994  -3.037006
4828          24     96      51   51.243336   0.243336
4829          24     97      50   52.421218   2.421218
4830          24     98      49   50.117300   1.117300
4831          24     99      48   47.069878  -0.930122
4832          24    100      47   45.446715  -1.553285
4833          24    101      46   44.789156  -1.210844
4834          24    102      45   46.571349   1.571349
4835          24    103      44   43.559439  -0.440561
4836          24    104      43   42.372684  -0.627316
4837          24    105      42   41.557502  -0.442498
4838          24    106      41   40.217838  -0.782162
4839          24    107      40   42.297836   2.297836
4840          24    108      39   44.495149   5.495149
4841          24    109      38   44.658203   6.658203
4842          24    110      37   40.557565   3.557565
4843          24    111      36   41.424973   5.424973
4844          24    112      35   36.387775   1.387775
4845          24    113      34   36.791839   2.791839
4846          24    114      33   36.902201   3.902201
4847          24    115      32   34.409541   2.409541
4848          24    116      31   33.422776   2.422776
4849          24    117      30   31.324120   1.324120
4850          24    118      29   31.779305   2.779305
4851          24    119      28   29.380524   1.380524
4852          24    120      27   31.594880   4.594880
4853          24    121      26   30.075813   4.075813
4854          24    122      25   22.668576  -2.331424
4855          24    123      24   21.960661  -2.039339
4856          24    124      23   23.555355   0.555355
4857          24    125      22   21.545366  -0.454634
4858          24    126      21   20.213010  -0.786990
4859          24    127      20   19.070698  -0.929302
4860          24    128      19   18.913058  -0.086942
4861          24    129      18   19.458553   1.458553
4862          24    130      17   18.975815   1.975815
4863          24    131      16   19.569572   3.569572
4864          24    132      15   19.149077   4.149077
4865          24    133      14   18.083663   4.083663
4866          24    134      13   10.944463  -2.055537
4867          24    135      12   10.392257  -1.607743
4868          24    136      11    9.993853  -1.006147
4869          24    137      10   10.317382   0.317382
4870          24    138       9   10.077640   1.077640
4871          24    139       8    7.965734  -0.034266
4872          24    140       7    7.720652   0.720652
4873          24    141       6    6.456452   0.456452
4874          24    142       5    4.928616  -0.071384
4875          24    143       4    3.438756  -0.561244
4876          24    144       3    2.330044  -0.669956
4877          24    145       2    1.728963  -0.271037
4878          24    146       1    1.492642   0.492642
4879          24    147       0    1.103002   1.103002
4880          25      1     229  201.021928 -27.978072
4881          25      2     228  216.802344 -11.197656
4882          25      3     227  220.846083  -6.153917
4883          25      4     226  213.079985 -12.920015
4884          25      5     225  219.802229  -5.197771
4885          25      6     224  222.031585  -1.968415
4886          25      7     223  217.352640  -5.647360
4887          25      8     222  219.858334  -2.141666
4888          25      9     221  216.915330  -4.084670
4889          25     10     220  211.092271  -8.907729
4890          25     11     219  194.211669 -24.788331
4891          25     12     218  201.609216 -16.390784
4892          25     13     217  217.569813   0.569813
4893          25     14     216  213.785297  -2.214703
4894          25     15     215  211.520408  -3.479592
4895          25     16     214  212.004579  -1.995421
4896          25     17     213  211.512717  -1.487283
4897          25     18     212  211.552527  -0.447473
4898          25     19     211  208.281853  -2.718147
4899          25     20     210  208.691535  -1.308465
4900          25     21     209  207.954171  -1.045829
4901          25     22     208  205.615734  -2.384266
4902          25     23     207  205.985588  -1.014412
4903          25     24     206  206.892447   0.892447
4904          25     25     205  205.251291   0.251291
4905          25     26     204  204.273776   0.273776
4906          25     27     203  199.202277  -3.797723
4907          25     28     202  199.625628  -2.374372
4908          25     29     201  198.686043  -2.313957
4909          25     30     200  193.248817  -6.751183
4910          25     31     199  194.273752  -4.726248
4911          25     32     198  191.421180  -6.578820
4912          25     33     197  191.648555  -5.351445
4913          25     34     196  192.154757  -3.845243
4914          25     35     195  193.247857  -1.752143
4915          25     36     194  192.857968  -1.142032
4916          25     37     193  192.044124  -0.955876
4917          25     38     192  191.755787  -0.244213
4918          25     39     191  192.437851   1.437851
4919          25     40     190  191.488758   1.488758
4920          25     41     189  190.653929   1.653929
4921          25     42     188  192.499175   4.499175
4922          25     43     187  191.925982   4.925982
4923          25     44     186  187.641446   1.641446
4924          25     45     185  191.026102   6.026102
4925          25     46     184  189.260669   5.260669
4926          25     47     183  183.718644   0.718644
4927          25     48     182  184.578662   2.578662
4928          25     49     181  185.946156   4.946156
4929          25     50     180  184.812751   4.812751
4930          25     51     179  179.048978   0.048978
4931          25     52     178  177.935483  -0.064517
4932          25     53     177  174.409821  -2.590179
4933          25     54     176  173.338806  -2.661194
4934          25     55     175  174.569029  -0.430971
4935          25     56     174  172.390541  -1.609459
4936          25     57     173  175.280016   2.280016
4937          25     58     172  174.207114   2.207114
4938          25     59     171  170.757412  -0.242588
4939          25     60     170  171.412204   1.412204
4940          25     61     169  170.984415   1.984415
4941          25     62     168  172.024465   4.024465
4942          25     63     167  170.663667   3.663667
4943          25     64     166  163.841781  -2.158219
4944          25     65     165  164.248095  -0.751905
4945          25     66     164  160.400868  -3.599132
4946          25     67     163  162.501092  -0.498908
4947          25     68     162  161.140278  -0.859722
4948          25     69     161  160.341399  -0.658601
4949          25     70     160  158.234982  -1.765018
4950          25     71     159  154.133891  -4.866109
4951          25     72     158  152.192238  -5.807762
4952          25     73     157  151.412427  -5.587573
4953          25     74     156  155.082492  -0.917508
4954          25     75     155  154.012078  -0.987922
4955          25     76     154  153.918296  -0.081704
4956          25     77     153  153.425527   0.425527
4957          25     78     152  149.647514  -2.352486
4958          25     79     151  148.944272  -2.055728
4959          25     80     150  146.661497  -3.338503
4960          25     81     149  147.395335  -1.604665
4961          25     82     148  144.302658  -3.697342
4962          25     83     147  143.758501  -3.241499
4963          25     84     146  141.816245  -4.183755
4964          25     85     145  137.784716  -7.215284
4965          25     86     144  136.466541  -7.533459
4966          25     87     143  138.406718  -4.593282
4967          25     88     142  137.445186  -4.554814
4968          25     89     141  134.920113  -6.079887
4969          25     90     140  135.860471  -4.139529
4970          25     91     139  135.551593  -3.448407
4971          25     92     138  125.651739 -12.348261
4972          25     93     137  125.008962 -11.991038
4973          25     94     136  126.440838  -9.559162
4974          25     95     135  127.633419  -7.366581
4975          25     96     134  124.720807  -9.279193
4976          25     97     133  126.220099  -6.779901
4977          25     98     132  129.440410  -2.559590
4978          25     99     131  130.617943  -0.382057
4979          25    100     130  130.749335   0.749335
4980          25    101     129  129.583781   0.583781
4981          25    102     128  128.980238   0.980238
4982          25    103     127  130.400686   3.400686
4983          25    104     126  127.740779   1.740779
4984          25    105     125  124.325639  -0.674361
4985          25    106     124  124.167042   0.167042
4986          25    107     123  123.742848   0.742848
4987          25    108     122  126.881513   4.881513
4988          25    109     121  126.181282   5.181282
4989          25    110     120  127.330424   7.330424
4990          25    111     119  122.887190   3.887190
4991          25    112     118  118.831295   0.831295
4992          25    113     117  121.924322   4.924322
4993          25    114     116  120.554692   4.554692
4994          25    115     115  112.337447  -2.662553
4995          25    116     114  110.141600  -3.858400
4996          25    117     113  105.943622  -7.056378
4997          25    118     112  109.118084  -2.881916
4998          25    119     111  108.047140  -2.952860
4999          25    120     110  107.818366  -2.181634
5000          25    121     109  103.515571  -5.484429
5001          25    122     108  101.880835  -6.119165
5002          25    123     107  105.965042  -1.034958
5003          25    124     106  103.132963  -2.867037
5004          25    125     105  104.003996  -0.996004
5005          25    126     104  103.749246  -0.250754
5006          25    127     103   99.917200  -3.082800
5007          25    128     102   93.780631  -8.219369
5008          25    129     101   98.771590  -2.228410
5009          25    130     100   92.001488  -7.998512
5010          25    131      99  100.640684   1.640684
5011          25    132      98   99.939429   1.939429
5012          25    133      97  101.098126   4.098126
5013          25    134      96   98.460282   2.460282
5014          25    135      95   98.360008   3.360008
5015          25    136      94   99.017351   5.017351
5016          25    137      93   98.144318   5.144318
5017          25    138      92   96.677207   4.677207
5018          25    139      91   92.472466   1.472466
5019          25    140      90   92.542179   2.542179
5020          25    141      89   93.460067   4.460067
5021          25    142      88   91.918104   3.918104
5022          25    143      87   89.833812   2.833812
5023          25    144      86   90.461476   4.461476
5024          25    145      85   95.368586  10.368586
5025          25    146      84   90.128032   6.128032
5026          25    147      83   90.186587   7.186587
5027          25    148      82   89.870523   7.870523
5028          25    149      81   85.437756   4.437756
5029          25    150      80   83.442850   3.442850
5030          25    151      79   82.674946   3.674946
5031          25    152      78   77.885220  -0.114780
5032          25    153      77   76.565924  -0.434076
5033          25    154      76   80.259974   4.259974
5034          25    155      75   75.475497   0.475497
5035          25    156      74   74.276419   0.276419
5036          25    157      73   75.372246   2.372246
5037          25    158      72   72.718031   0.718031
5038          25    159      71   73.777548   2.777548
5039          25    160      70   67.192806  -2.807194
5040          25    161      69   65.260427  -3.739573
5041          25    162      68   66.293831  -1.706169
5042          25    163      67   65.166405  -1.833595
5043          25    164      66   68.627243   2.627243
5044          25    165      65   61.943546  -3.056454
5045          25    166      64   62.130346  -1.869654
5046          25    167      63   62.981100  -0.018900
5047          25    168      62   64.618677   2.618677
5048          25    169      61   62.719428   1.719428
5049          25    170      60   54.390370  -5.609630
5050          25    171      59   55.342330  -3.657670
5051          25    172      58   55.877590  -2.122410
5052          25    173      57   55.047547  -1.952453
5053          25    174      56   56.703741   0.703741
5054          25    175      55   55.253133   0.253133
5055          25    176      54   56.319765   2.319765
5056          25    177      53   53.973908   0.973908
5057          25    178      52   57.464043   5.464043
5058          25    179      51   53.728026   2.728026
5059          25    180      50   48.051033  -1.948967
5060          25    181      49   49.498130   0.498130
5061          25    182      48   47.125522  -0.874478
5062          25    183      47   45.592798  -1.407202
5063          25    184      46   47.020276   1.020276
5064          25    185      45   42.993919  -2.006081
5065          25    186      44   41.797022  -2.202978
5066          25    187      43   39.692151  -3.307849
5067          25    188      42   39.089592  -2.910408
5068          25    189      41   34.116823  -6.883177
5069          25    190      40   36.429188  -3.570812
5070          25    191      39   31.660470  -7.339530
5071          25    192      38   29.767197  -8.232803
5072          25    193      37   31.193622  -5.806378
5073          25    194      36   29.339190  -6.660810
5074          25    195      35   27.303500  -7.696500
5075          25    196      34   29.405319  -4.594681
5076          25    197      33   27.896485  -5.103515
5077          25    198      32   29.579426  -2.420574
5078          25    199      31   29.621433  -1.378567
5079          25    200      30   30.070349   0.070349
5080          25    201      29   24.983698  -4.016302
5081          25    202      28   22.872994  -5.127006
5082          25    203      27   24.701164  -2.298836
5083          25    204      26   24.074840  -1.925160
5084          25    205      25   23.754327  -1.245673
5085          25    206      24   24.208082   0.208082
5086          25    207      23   23.812999   0.812999
5087          25    208      22   22.115582   0.115582
5088          25    209      21   20.282747  -0.717253
5089          25    210      20   18.659837  -1.340163
5090          25    211      19   18.563231  -0.436769
5091          25    212      18   18.482269   0.482269
5092          25    213      17   16.337654  -0.662346
5093          25    214      16   15.023264  -0.976736
5094          25    215      15   14.355922  -0.644078
5095          25    216      14   13.252743  -0.747257
5096          25    217      13   11.930418  -1.069582
5097          25    218      12   12.620204   0.620204
5098          25    219      11   10.666976  -0.333024
5099          25    220      10   10.902913   0.902913
5100          25    221       9    9.935063   0.935063
5101          25    222       8    7.744464  -0.255536
5102          25    223       7    6.949640  -0.050360
5103          25    224       6    4.655732  -1.344268
5104          25    225       5    3.751987  -1.248013
5105          25    226       4    4.922284   0.922284
5106          25    227       3    4.339957   1.339957
5107          25    228       2    2.912915   0.912915
5108          25    229       1    1.708521   0.708521
5109          25    230       0    1.643162   1.643162
5110          26      1     198  193.833640  -4.166360
5111          26      2     197  199.540001   2.540001
5112          26      3     196  200.047458   4.047458
5113          26      4     195  193.598693  -1.401307
5114          26      5     194  195.345772   1.345772
5115          26      6     193  188.336902  -4.663098
5116          26      7     192  190.883725  -1.116275
5117          26      8     191  199.834227   8.834227
5118          26      9     190  190.438123   0.438123
5119          26     10     189  186.355923  -2.644077
5120          26     11     188  182.884717  -5.115283
5121          26     12     187  182.271833  -4.728167
5122          26     13     186  184.699426  -1.300574
5123          26     14     185  177.683470  -7.316530
5124          26     15     184  180.596602  -3.403398
5125          26     16     183  182.008933  -0.991067
5126          26     17     182  179.914761  -2.085239
5127          26     18     181  181.500889   0.500889
5128          26     19     180  177.721806  -2.278194
5129          26     20     179  180.416100   1.416100
5130          26     21     178  179.597628   1.597628
5131          26     22     177  176.186496  -0.813504
5132          26     23     176  176.528910   0.528910
5133          26     24     175  173.854260  -1.145740
5134          26     25     174  170.932435  -3.067565
5135          26     26     173  170.828289  -2.171711
5136          26     27     172  170.152843  -1.847157
5137          26     28     171  170.028587  -0.971413
5138          26     29     170  168.132714  -1.867286
5139          26     30     169  166.576066  -2.423934
5140          26     31     168  166.122429  -1.877571
5141          26     32     167  165.956284  -1.043716
5142          26     33     166  163.409922  -2.590078
5143          26     34     165  163.350470  -1.649530
5144          26     35     164  161.493670  -2.506330
5145          26     36     163  162.427345  -0.572655
5146          26     37     162  161.009802  -0.990198
5147          26     38     161  160.279828  -0.720172
5148          26     39     160  160.234021   0.234021
5149          26     40     159  158.536026  -0.463974
5150          26     41     158  159.350567   1.350567
5151          26     42     157  157.461608   0.461608
5152          26     43     156  152.039881  -3.960119
5153          26     44     155  150.321552  -4.678448
5154          26     45     154  150.771862  -3.228138
5155          26     46     153  149.215738  -3.784262
5156          26     47     152  145.846689  -6.153311
5157          26     48     151  148.325364  -2.674636
5158          26     49     150  150.532604   0.532604
5159          26     50     149  147.107162  -1.892838
5160          26     51     148  146.453914  -1.546086
5161          26     52     147  145.848627  -1.151373
5162          26     53     146  135.881814 -10.118186
5163          26     54     145  144.024204  -0.975796
5164          26     55     144  146.152535   2.152535
5165          26     56     143  142.244424  -0.755576
5166          26     57     142  144.257960   2.257960
5167          26     58     141  141.868549   0.868549
5168          26     59     140  143.922110   3.922110
5169          26     60     139  141.164154   2.164154
5170          26     61     138  139.796699   1.796699
5171          26     62     137  135.961811  -1.038189
5172          26     63     136  136.364915   0.364915
5173          26     64     135  137.018432   2.018432
5174          26     65     134  135.378896   1.378896
5175          26     66     133  135.503222   2.503222
5176          26     67     132  133.934410   1.934410
5177          26     68     131  131.230552   0.230552
5178          26     69     130  133.976524   3.976524
5179          26     70     129  132.443304   3.443304
5180          26     71     128  130.985961   2.985961
5181          26     72     127  128.841402   1.841402
5182          26     73     126  129.311664   3.311664
5183          26     74     125  126.641994   1.641994
5184          26     75     124  123.910863  -0.089137
5185          26     76     123  120.586107  -2.413893
5186          26     77     122  124.227685   2.227685
5187          26     78     121  123.026117   2.026117
5188          26     79     120  121.527785   1.527785
5189          26     80     119  117.620065  -1.379935
5190          26     81     118  119.055023   1.055023
5191          26     82     117  118.850640   1.850640
5192          26     83     116  118.331120   2.331120
5193          26     84     115  117.186433   2.186433
5194          26     85     114  114.679276   0.679276
5195          26     86     113  114.012525   1.012525
5196          26     87     112  113.507621   1.507621
5197          26     88     111  109.449229  -1.550771
5198          26     89     110  110.800510   0.800510
5199          26     90     109  110.798728   1.798728
5200          26     91     108  113.001967   5.001967
5201          26     92     107  110.870819   3.870819
5202          26     93     106  105.509627  -0.490373
5203          26     94     105   98.883497  -6.116503
5204          26     95     104   98.070763  -5.929237
5205          26     96     103   94.657274  -8.342726
5206          26     97     102   94.587139  -7.412861
5207          26     98     101   94.727988  -6.272012
5208          26     99     100   95.234607  -4.765393
5209          26    100      99   96.363389  -2.636611
5210          26    101      98  101.009338   3.009338
5211          26    102      97   97.031162   0.031162
5212          26    103      96   91.258501  -4.741499
5213          26    104      95   89.347641  -5.652359
5214          26    105      94   90.979117  -3.020883
5215          26    106      93   89.375361  -3.624639
5216          26    107      92   94.891465   2.891465
5217          26    108      91   92.334833   1.334833
5218          26    109      90   90.104493   0.104493
5219          26    110      89   90.962004   1.962004
5220          26    111      88   89.887047   1.887047
5221          26    112      87   88.864464   1.864464
5222          26    113      86   89.721281   3.721281
5223          26    114      85   88.553747   3.553747
5224          26    115      84   89.037103   5.037103
5225          26    116      83   86.055762   3.055762
5226          26    117      82   86.451603   4.451603
5227          26    118      81   83.625936   2.625936
5228          26    119      80   84.657566   4.657566
5229          26    120      79   85.685335   6.685335
5230          26    121      78   83.800951   5.800951
5231          26    122      77   86.084757   9.084757
5232          26    123      76   83.216464   7.216464
5233          26    124      75   86.770748  11.770748
5234          26    125      74   77.602279   3.602279
5235          26    126      73   77.053295   4.053295
5236          26    127      72   68.529711  -3.470289
5237          26    128      71   71.269406   0.269406
5238          26    129      70   63.330407  -6.669593
5239          26    130      69   62.691562  -6.308438
5240          26    131      68   66.956917  -1.043083
5241          26    132      67   65.301769  -1.698231
5242          26    133      66   64.381696  -1.618304
5243          26    134      65   65.982029   0.982029
5244          26    135      64   62.667525  -1.332475
5245          26    136      63   60.515635  -2.484365
5246          26    137      62   58.588103  -3.411897
5247          26    138      61   58.521098  -2.478902
5248          26    139      60   56.973592  -3.026408
5249          26    140      59   57.400185  -1.599815
5250          26    141      58   55.643706  -2.356294
5251          26    142      57   53.638460  -3.361540
5252          26    143      56   51.290793  -4.709207
5253          26    144      55   50.596774  -4.403226
5254          26    145      54   51.953215  -2.046785
5255          26    146      53   50.781202  -2.218798
5256          26    147      52   50.642400  -1.357600
5257          26    148      51   46.317601  -4.682399
5258          26    149      50   47.413211  -2.586789
5259          26    150      49   45.822441  -3.177559
5260          26    151      48   42.925323  -5.074677
5261          26    152      47   44.499971  -2.500029
5262          26    153      46   44.891994  -1.108006
5263          26    154      45   41.626337  -3.373663
5264          26    155      44   41.976347  -2.023653
5265          26    156      43   42.414420  -0.585580
5266          26    157      42   41.260698  -0.739302
5267          26    158      41   41.293956   0.293956
5268          26    159      40   40.126118   0.126118
5269          26    160      39   40.514172   1.514172
5270          26    161      38   36.854404  -1.145596
5271          26    162      37   35.462528  -1.537472
5272          26    163      36   37.314815   1.314815
5273          26    164      35   36.814095   1.814095
5274          26    165      34   36.351066   2.351066
5275          26    166      33   35.444938   2.444938
5276          26    167      32   31.690089  -0.309911
5277          26    168      31   29.957783  -1.042217
5278          26    169      30   31.274506   1.274506
5279          26    170      29   28.025057  -0.974943
5280          26    171      28   28.097055   0.097055
5281          26    172      27   29.428253   2.428253
5282          26    173      26   26.659713   0.659713
5283          26    174      25   25.798755   0.798755
5284          26    175      24   23.727157  -0.272843
5285          26    176      23   21.905521  -1.094479
5286          26    177      22   20.884354  -1.115646
5287          26    178      21   20.917428  -0.082572
5288          26    179      20   16.438762  -3.561238
5289          26    180      19   17.937372  -1.062628
5290          26    181      18   16.592752  -1.407248
5291          26    182      17   12.738075  -4.261925
5292          26    183      16   14.477897  -1.522103
5293          26    184      15   13.603055  -1.396945
5294          26    185      14   14.327082   0.327082
5295          26    186      13   13.459325   0.459325
5296          26    187      12   11.575641  -0.424359
5297          26    188      11   13.982317   2.982317
5298          26    189      10   13.069843   3.069843
5299          26    190       9   12.897851   3.897851
5300          26    191       8    8.328464   0.328464
5301          26    192       7    6.522575  -0.477425
5302          26    193       6    5.787254  -0.212746
5303          26    194       5    5.024624   0.024624
5304          26    195       4    4.413010   0.413010
5305          26    196       3    5.669927   2.669927
5306          26    197       2    3.507144   1.507144
5307          26    198       1    3.617661   2.617661
5308          26    199       0    3.844416   3.844416
5309          27      1     155  164.921188   9.921188
5310          27      2     154  156.929787   2.929787
5311          27      3     153  162.103094   9.103094
5312          27      4     152  156.317273   4.317273
5313          27      5     151  160.145878   9.145878
5314          27      6     150  160.626390  10.626390
5315          27      7     149  149.277225   0.277225
5316          27      8     148  153.516362   5.516362
5317          27      9     147  154.551488   7.551488
5318          27     10     146  153.898473   7.898473
5319          27     11     145  145.695174   0.695174
5320          27     12     144  141.123759  -2.876241
5321          27     13     143  145.026261   2.026261
5322          27     14     142  138.384310  -3.615690
5323          27     15     141  136.633609  -4.366391
5324          27     16     140  136.085253  -3.914747
5325          27     17     139  135.216462  -3.783538
5326          27     18     138  138.541161   0.541161
5327          27     19     137  138.608297   1.608297
5328          27     20     136  138.508589   2.508589
5329          27     21     135  134.265581  -0.734419
5330          27     22     134  132.566820  -1.433180
5331          27     23     133  132.968044  -0.031956
5332          27     24     132  133.605625   1.605625
5333          27     25     131  131.271498   0.271498
5334          27     26     130  131.067515   1.067515
5335          27     27     129  129.400448   0.400448
5336          27     28     128  128.172197   0.172197
5337          27     29     127  126.945330  -0.054670
5338          27     30     126  127.318950   1.318950
5339          27     31     125  125.413434   0.413434
5340          27     32     124  125.062645   1.062645
5341          27     33     123  124.628792   1.628792
5342          27     34     122  124.962148   2.962148
5343          27     35     121  123.300604   2.300604
5344          27     36     120  121.373336   1.373336
5345          27     37     119  120.789678   1.789678
5346          27     38     118  119.768052   1.768052
5347          27     39     117  118.889913   1.889913
5348          27     40     116  116.308526   0.308526
5349          27     41     115  117.612140   2.612140
5350          27     42     114  113.727165  -0.272835
5351          27     43     113  112.288353  -0.711647
5352          27     44     112  112.029021   0.029021
5353          27     45     111  113.096921   2.096921
5354          27     46     110  113.308478   3.308478
5355          27     47     109  112.628533   3.628533
5356          27     48     108  108.963821   0.963821
5357          27     49     107  107.121422   0.121422
5358          27     50     106  107.544729   1.544729
5359          27     51     105  107.478931   2.478931
5360          27     52     104  103.414668  -0.585332
5361          27     53     103  102.116466  -0.883534
5362          27     54     102  101.528125  -0.471875
5363          27     55     101  105.755011   4.755011
5364          27     56     100   99.257180  -0.742820
5365          27     57      99  100.353223   1.353223
5366          27     58      98  100.636101   2.636101
5367          27     59      97   94.379165  -2.620835
5368          27     60      96   95.006361  -0.993639
5369          27     61      95   94.907205  -0.092795
5370          27     62      94   92.474434  -1.525566
5371          27     63      93   91.732381  -1.267619
5372          27     64      92   92.193685   0.193685
5373          27     65      91   90.532874  -0.467126
5374          27     66      90   90.907191   0.907191
5375          27     67      89   90.867593   1.867593
5376          27     68      88   89.738234   1.738234
5377          27     69      87   86.759082  -0.240918
5378          27     70      86   86.814725   0.814725
5379          27     71      85   85.042566   0.042566
5380          27     72      84   87.285323   3.285323
5381          27     73      83   87.916737   4.916737
5382          27     74      82   85.521730   3.521730
5383          27     75      81   85.638382   4.638382
5384          27     76      80   85.462988   5.462988
5385          27     77      79   84.153365   5.153365
5386          27     78      78   81.459711   3.459711
5387          27     79      77   82.290663   5.290663
5388          27     80      76   80.242915   4.242915
5389          27     81      75   77.118688   2.118688
5390          27     82      74   82.465314   8.465314
5391          27     83      73   79.710378   6.710378
5392          27     84      72   76.885052   4.885052
5393          27     85      71   75.415617   4.415617
5394          27     86      70   77.399696   7.399696
5395          27     87      69   83.595059  14.595059
5396          27     88      68   80.422074  12.422074
5397          27     89      67   78.081403  11.081403
5398          27     90      66   70.779683   4.779683
5399          27     91      65   71.520525   6.520525
5400          27     92      64   75.710157  11.710157
5401          27     93      63   70.125116   7.125116
5402          27     94      62   62.375074   0.375074
5403          27     95      61   57.505254  -3.494746
5404          27     96      60   56.694225  -3.305775
5405          27     97      59   58.415391  -0.584609
5406          27     98      58   56.895163  -1.104837
5407          27     99      57   58.116787   1.116787
5408          27    100      56   58.732645   2.732645
5409          27    101      55   56.894794   1.894794
5410          27    102      54   51.636289  -2.363711
5411          27    103      53   49.604106  -3.395894
5412          27    104      52   50.658819  -1.341181
5413          27    105      51   54.154411   3.154411
5414          27    106      50   56.236188   6.236188
5415          27    107      49   52.556974   3.556974
5416          27    108      48   56.781514   8.781514
5417          27    109      47   54.799923   7.799923
5418          27    110      46   49.209454   3.209454
5419          27    111      45   47.009627   2.009627
5420          27    112      44   41.733098  -2.266902
5421          27    113      43   40.753261  -2.246739
5422          27    114      42   41.796508  -0.203492
5423          27    115      41   43.705867   2.705867
5424          27    116      40   42.579090   2.579090
5425          27    117      39   41.888362   2.888362
5426          27    118      38   40.088764   2.088764
5427          27    119      37   40.926153   3.926153
5428          27    120      36   34.757761  -1.242239
5429          27    121      35   38.925180   3.925180
5430          27    122      34   37.131612   3.131612
5431          27    123      33   36.072821   3.072821
5432          27    124      32   36.143511   4.143511
5433          27    125      31   37.070104   6.070104
5434          27    126      30   34.265943   4.265943
5435          27    127      29   31.905216   2.905216
5436          27    128      28   29.337003   1.337003
5437          27    129      27   26.245957  -0.754043
5438          27    130      26   28.460106   2.460106
5439          27    131      25   26.688260   1.688260
5440          27    132      24   25.653877   1.653877
5441          27    133      23   23.255753   0.255753
5442          27    134      22   24.788110   2.788110
5443          27    135      21   26.790045   5.790045
5444          27    136      20   21.538681   1.538681
5445          27    137      19   17.321135  -1.678865
5446          27    138      18   17.097954  -0.902046
5447          27    139      17   14.942389  -2.057611
5448          27    140      16   15.774337  -0.225663
5449          27    141      15   16.976143   1.976143
5450          27    142      14   13.343764  -0.656236
5451          27    143      13   12.534712  -0.465288
5452          27    144      12   10.605453  -1.394547
5453          27    145      11    9.698382  -1.301618
5454          27    146      10    9.966652  -0.033348
5455          27    147       9    7.294925  -1.705075
5456          27    148       8    6.001538  -1.998462
5457          27    149       7    5.835232  -1.164768
5458          27    150       6    4.203374  -1.796626
5459          27    151       5    3.630126  -1.369874
5460          27    152       4    3.672967  -0.327033
5461          27    153       3    3.437921   0.437921
5462          27    154       2    2.967437   0.967437
5463          27    155       1    2.567134   1.567134
5464          27    156       0    2.294013   2.294013
5465          28      1     164  183.204821  19.204821
5466          28      2     163  168.620673   5.620673
5467          28      3     162  170.503555   8.503555
5468          28      4     161  174.650566  13.650566
5469          28      5     160  168.063213   8.063213
5470          28      6     159  167.899129   8.899129
5471          28      7     158  170.991667  12.991667
5472          28      8     157  158.891444   1.891444
5473          28      9     156  155.379090  -0.620910
5474          28     10     155  163.015008   8.015008
5475          28     11     154  167.463709  13.463709
5476          28     12     153  160.833098   7.833098
5477          28     13     152  158.898786   6.898786
5478          28     14     151  160.541088   9.541088
5479          28     15     150  150.697296   0.697296
5480          28     16     149  150.274551   1.274551
5481          28     17     148  148.180867   0.180867
5482          28     18     147  148.722568   1.722568
5483          28     19     146  148.001231   2.001231
5484          28     20     145  147.139581   2.139581
5485          28     21     144  145.350268   1.350268
5486          28     22     143  144.443665   1.443665
5487          28     23     142  141.186799  -0.813201
5488          28     24     141  141.340906   0.340906
5489          28     25     140  142.351690   2.351690
5490          28     26     139  141.529770   2.529770
5491          28     27     138  137.577291  -0.422709
5492          28     28     137  136.470243  -0.529757
5493          28     29     136  135.944013  -0.055987
5494          28     30     135  134.653752  -0.346248
5495          28     31     134  131.999690  -2.000310
5496          28     32     133  131.987526  -1.012474
5497          28     33     132  130.390826  -1.609174
5498          28     34     131  130.633355  -0.366645
5499          28     35     130  129.511694  -0.488306
5500          28     36     129  136.257407   7.257407
5501          28     37     128  132.029119   4.029119
5502          28     38     127  128.442244   1.442244
5503          28     39     126  129.790613   3.790613
5504          28     40     125  121.052982  -3.947018
5505          28     41     124  126.596872   2.596872
5506          28     42     123  125.982014   2.982014
5507          28     43     122  121.470779  -0.529221
5508          28     44     121  123.101577   2.101577
5509          28     45     120  123.462961   3.462961
5510          28     46     119  121.405972   2.405972
5511          28     47     118  122.947908   4.947908
5512          28     48     117  119.321379   2.321379
5513          28     49     116  119.125079   3.125079
5514          28     50     115  113.315226  -1.684774
5515          28     51     114  112.302528  -1.697472
5516          28     52     113  110.902812  -2.097188
5517          28     53     112  110.113931  -1.886069
5518          28     54     111  105.643160  -5.356840
5519          28     55     110  104.341570  -5.658430
5520          28     56     109  105.030083  -3.969917
5521          28     57     108  101.558698  -6.441302
5522          28     58     107  100.776111  -6.223889
5523          28     59     106  100.494151  -5.505849
5524          28     60     105  100.603764  -4.396236
5525          28     61     104  101.072070  -2.927930
5526          28     62     103   98.260463  -4.739537
5527          28     63     102   97.882984  -4.117016
5528          28     64     101   99.585687  -1.414313
5529          28     65     100   97.603515  -2.396485
5530          28     66      99   96.787725  -2.212275
5531          28     67      98   97.652034  -0.347966
5532          28     68      97   94.798358  -2.201642
5533          28     69      96   96.774144   0.774144
5534          28     70      95   95.151377   0.151377
5535          28     71      94   94.496212   0.496212
5536          28     72      93   94.838358   1.838358
5537          28     73      92   96.354783   4.354783
5538          28     74      91   94.894502   3.894502
5539          28     75      90   94.206068   4.206068
5540          28     76      89   89.678969   0.678969
5541          28     77      88   86.516677  -1.483323
5542          28     78      87   94.092545   7.092545
5543          28     79      86   92.824805   6.824805
5544          28     80      85   92.063308   7.063308
5545          28     81      84   90.454256   6.454256
5546          28     82      83   89.207727   6.207727
5547          28     83      82   92.503512  10.503512
5548          28     84      81   93.501655  12.501655
5549          28     85      80   89.345749   9.345749
5550          28     86      79   84.835409   5.835409
5551          28     87      78   85.049582   7.049582
5552          28     88      77   77.024453   0.024453
5553          28     89      76   77.159747   1.159747
5554          28     90      75   74.972094  -0.027906
5555          28     91      74   75.858273   1.858273
5556          28     92      73   72.705671  -0.294329
5557          28     93      72   75.005282   3.005282
5558          28     94      71   73.534185   2.534185
5559          28     95      70   69.309938  -0.690062
5560          28     96      69   60.997626  -8.002374
5561          28     97      68   69.080101   1.080101
5562          28     98      67   67.452786   0.452786
5563          28     99      66   67.799175   1.799175
5564          28    100      65   65.805275   0.805275
5565          28    101      64   67.281154   3.281154
5566          28    102      63   62.291880  -0.708120
5567          28    103      62   62.618028   0.618028
5568          28    104      61   61.555070   0.555070
5569          28    105      60   61.315734   1.315734
5570          28    106      59   59.870313   0.870313
5571          28    107      58   59.050510   1.050510
5572          28    108      57   59.545710   2.545710
5573          28    109      56   59.713509   3.713509
5574          28    110      55   54.749994  -0.250006
5575          28    111      54   59.399624   5.399624
5576          28    112      53   52.029669  -0.970331
5577          28    113      52   52.030705   0.030705
5578          28    114      51   48.426871  -2.573129
5579          28    115      50   46.014623  -3.985377
5580          28    116      49   48.333353  -0.666647
5581          28    117      48   46.872602  -1.127398
5582          28    118      47   47.396314   0.396314
5583          28    119      46   46.750305   0.750305
5584          28    120      45   47.953625   2.953625
5585          28    121      44   43.400103  -0.599897
5586          28    122      43   42.547417  -0.452583
5587          28    123      42   42.553992   0.553992
5588          28    124      41   41.819387   0.819387
5589          28    125      40   40.061939   0.061939
5590          28    126      39   41.835411   2.835411
5591          28    127      38   43.364016   5.364016
5592          28    128      37   40.134360   3.134360
5593          28    129      36   41.717411   5.717411
5594          28    130      35   38.661934   3.661934
5595          28    131      34   39.921680   5.921680
5596          28    132      33   38.897975   5.897975
5597          28    133      32   34.792629   2.792629
5598          28    134      31   35.555635   4.555635
5599          28    135      30   33.013158   3.013158
5600          28    136      29   31.427169   2.427169
5601          28    137      28   28.292320   0.292320
5602          28    138      27   26.579364  -0.420636
5603          28    139      26   22.005729  -3.994271
5604          28    140      25   23.832816  -1.167184
5605          28    141      24   22.300855  -1.699145
5606          28    142      23   19.607569  -3.392431
5607          28    143      22   19.567750  -2.432250
5608          28    144      21   18.776088  -2.223912
5609          28    145      20   18.795571  -1.204429
5610          28    146      19   18.017718  -0.982282
5611          28    147      18   18.166680   0.166680
5612          28    148      17   17.392468   0.392468
5613          28    149      16   18.371513   2.371513
5614          28    150      15   15.109217   0.109217
5615          28    151      14   13.725212  -0.274788
5616          28    152      13   12.024620  -0.975380
5617          28    153      12   11.890388  -0.109612
5618          28    154      11   12.580442   1.580442
5619          28    155      10   10.135152   0.135152
5620          28    156       9    9.540473   0.540473
5621          28    157       8    9.450579   1.450579
5622          28    158       7    9.492226   2.492226
5623          28    159       6    7.543866   1.543866
5624          28    160       5    8.085776   3.085776
5625          28    161       4    6.972469   2.972469
5626          28    162       3    4.535613   1.535613
5627          28    163       2    4.178463   2.178463
5628          28    164       1    3.018699   2.018699
5629          28    165       0    2.552958   2.552958
5630          29      1     162  171.807200   9.807200
5631          29      2     161  164.143320   3.143320
5632          29      3     160  159.812932  -0.187068
5633          29      4     159  161.423077   2.423077
5634          29      5     158  154.110944  -3.889056
5635          29      6     157  156.613180  -0.386820
5636          29      7     156  156.687547   0.687547
5637          29      8     155  154.735476  -0.264524
5638          29      9     154  160.232583   6.232583
5639          29     10     153  156.168197   3.168197
5640          29     11     152  160.961270   8.961270
5641          29     12     151  158.891372   7.891372
5642          29     13     150  154.423722   4.423722
5643          29     14     149  154.905776   5.905776
5644          29     15     148  153.260635   5.260635
5645          29     16     147  154.415810   7.415810
5646          29     17     146  149.980722   3.980722
5647          29     18     145  153.550819   8.550819
5648          29     19     144  148.527259   4.527259
5649          29     20     143  145.561755   2.561755
5650          29     21     142  145.468432   3.468432
5651          29     22     141  139.535347  -1.464653
5652          29     23     140  138.503469  -1.496531
5653          29     24     139  138.730220  -0.269780
5654          29     25     138  138.444201   0.444201
5655          29     26     137  140.405130   3.405130
5656          29     27     136  138.402264   2.402264
5657          29     28     135  137.515070   2.515070
5658          29     29     134  134.510129   0.510129
5659          29     30     133  133.416104   0.416104
5660          29     31     132  130.878626  -1.121374
5661          29     32     131  129.328529  -1.671471
5662          29     33     130  128.504148  -1.495852
5663          29     34     129  131.528859   2.528859
5664          29     35     128  130.725741   2.725741
5665          29     36     127  129.558598   2.558598
5666          29     37     126  127.212392   1.212392
5667          29     38     125  126.398497   1.398497
5668          29     39     124  126.183415   2.183415
5669          29     40     123  126.907196   3.907196
5670          29     41     122  123.550553   1.550553
5671          29     42     121  123.606088   2.606088
5672          29     43     120  123.232893   3.232893
5673          29     44     119  120.941030   1.941030
5674          29     45     118  120.814438   2.814438
5675          29     46     117  119.340013   2.340013
5676          29     47     116  116.256946   0.256946
5677          29     48     115  118.416893   3.416893
5678          29     49     114  115.382887   1.382887
5679          29     50     113  113.869884   0.869884
5680          29     51     112  112.496774   0.496774
5681          29     52     111  114.616446   3.616446
5682          29     53     110  111.393116   1.393116
5683          29     54     109  110.917267   1.917267
5684          29     55     108  109.902412   1.902412
5685          29     56     107  108.203098   1.203098
5686          29     57     106  108.594358   2.594358
5687          29     58     105  107.043373   2.043373
5688          29     59     104  106.666537   2.666537
5689          29     60     103  108.481036   5.481036
5690          29     61     102  104.308321   2.308321
5691          29     62     101  103.027336   2.027336
5692          29     63     100  101.821230   1.821230
5693          29     64      99  100.744810   1.744810
5694          29     65      98  101.151421   3.151421
5695          29     66      97  101.397167   4.397167
5696          29     67      96   98.953736   2.953736
5697          29     68      95   98.285355   3.285355
5698          29     69      94   97.373344   3.373344
5699          29     70      93   93.745876   0.745876
5700          29     71      92   96.479553   4.479553
5701          29     72      91   89.715713  -1.284287
5702          29     73      90   89.834219  -0.165781
5703          29     74      89   87.817269  -1.182731
5704          29     75      88   86.425185  -1.574815
5705          29     76      87   86.053582  -0.946418
5706          29     77      86   82.019074  -3.980926
5707          29     78      85   83.985016  -1.014984
5708          29     79      84   84.859231   0.859231
5709          29     80      83   81.205656  -1.794344
5710          29     81      82   81.413958  -0.586042
5711          29     82      81   80.831720  -0.168280
5712          29     83      80   79.347783  -0.652217
5713          29     84      79   79.872748   0.872748
5714          29     85      78   75.608470  -2.391530
5715          29     86      77   73.931801  -3.068199
5716          29     87      76   77.719892   1.719892
5717          29     88      75   76.817855   1.817855
5718          29     89      74   72.726347  -1.273653
5719          29     90      73   68.730456  -4.269544
5720          29     91      72   72.639995   0.639995
5721          29     92      71   72.076641   1.076641
5722          29     93      70   66.705028  -3.294972
5723          29     94      69   70.443881   1.443881
5724          29     95      68   69.493090   1.493090
5725          29     96      67   68.190460   1.190460
5726          29     97      66   65.788835  -0.211165
5727          29     98      65   65.752447   0.752447
5728          29     99      64   62.850963  -1.149037
5729          29    100      63   58.898022  -4.101978
5730          29    101      62   58.826450  -3.173550
5731          29    102      61   57.952432  -3.047568
5732          29    103      60   58.277681  -1.722319
5733          29    104      59   57.358830  -1.641170
5734          29    105      58   57.502599  -0.497401
5735          29    106      57   58.822758   1.822758
5736          29    107      56   59.588151   3.588151
5737          29    108      55   56.524937   1.524937
5738          29    109      54   57.045627   3.045627
5739          29    110      53   54.565767   1.565767
5740          29    111      52   53.464815   1.464815
5741          29    112      51   53.706366   2.706366
5742          29    113      50   54.189860   4.189860
5743          29    114      49   49.544231   0.544231
5744          29    115      48   49.763357   1.763357
5745          29    116      47   49.014720   2.014720
5746          29    117      46   47.498736   1.498736
5747          29    118      45   47.525029   2.525029
5748          29    119      44   43.164306  -0.835694
5749          29    120      43   40.322875  -2.677125
5750          29    121      42   40.300502  -1.699498
5751          29    122      41   37.617118  -3.382882
5752          29    123      40   39.250891  -0.749109
5753          29    124      39   38.329161  -0.670839
5754          29    125      38   36.182614  -1.817386
5755          29    126      37   37.707921   0.707921
5756          29    127      36   34.286371  -1.713629
5757          29    128      35   31.678358  -3.321642
5758          29    129      34   33.216516  -0.783484
5759          29    130      33   33.524374   0.524374
5760          29    131      32   29.598436  -2.401564
5761          29    132      31   31.431014   0.431014
5762          29    133      30   28.175645  -1.824355
5763          29    134      29   27.263893  -1.736107
5764          29    135      28   25.392178  -2.607822
5765          29    136      27   26.090466  -0.909534
5766          29    137      26   26.827941   0.827941
5767          29    138      25   25.591340   0.591340
5768          29    139      24   25.428729   1.428729
5769          29    140      23   25.237487   2.237487
5770          29    141      22   25.364101   3.364101
5771          29    142      21   25.270999   4.270999
5772          29    143      20   21.047957   1.047957
5773          29    144      19   16.588847  -2.411153
5774          29    145      18   15.342440  -2.657560
5775          29    146      17   14.454832  -2.545168
5776          29    147      16   14.601988  -1.398012
5777          29    148      15   13.499108  -1.500892
5778          29    149      14   11.939219  -2.060781
5779          29    150      13   10.792866  -2.207134
5780          29    151      12    9.948255  -2.051745
5781          29    152      11    8.133682  -2.866318
5782          29    153      10    9.133166  -0.866834
5783          29    154       9    7.235471  -1.764529
5784          29    155       8    6.670783  -1.329217
5785          29    156       7    4.934339  -2.065661
5786          29    157       6    4.743087  -1.256913
5787          29    158       5    4.323640  -0.676360
5788          29    159       4    4.072265   0.072265
5789          29    160       3    3.819720   0.819720
5790          29    161       2    2.003206   0.003206
5791          29    162       1    2.078053   1.078053
5792          29    163       0    0.817211   0.817211
5793          30      1     193  199.092886   6.092886
5794          30      2     192  197.003953   5.003953
5795          30      3     191  195.349074   4.349074
5796          30      4     190  202.098689  12.098689
5797          30      5     189  197.883437   8.883437
5798          30      6     188  186.128162  -1.871838
5799          30      7     187  190.293051   3.293051
5800          30      8     186  182.968690  -3.031310
5801          30      9     185  180.821241  -4.178759
5802          30     10     184  189.594225   5.594225
5803          30     11     183  184.213529   1.213529
5804          30     12     182  189.914013   7.914013
5805          30     13     181  186.570036   5.570036
5806          30     14     180  187.015794   7.015794
5807          30     15     179  174.831249  -4.168751
5808          30     16     178  171.674679  -6.325321
5809          30     17     177  170.980963  -6.019037
5810          30     18     176  167.465769  -8.534231
5811          30     19     175  170.233416  -4.766584
5812          30     20     174  169.533142  -4.466858
5813          30     21     173  169.881806  -3.118194
5814          30     22     172  166.005132  -5.994868
5815          30     23     171  165.256215  -5.743785
5816          30     24     170  165.534385  -4.465615
5817          30     25     169  164.780287  -4.219713
5818          30     26     168  165.544716  -2.455284
5819          30     27     167  164.009991  -2.990009
5820          30     28     166  161.568657  -4.431343
5821          30     29     165  163.167656  -1.832344
5822          30     30     164  164.703290   0.703290
5823          30     31     163  162.770914  -0.229086
5824          30     32     162  163.322231   1.322231
5825          30     33     161  162.511105   1.511105
5826          30     34     160  160.183242   0.183242
5827          30     35     159  159.678210   0.678210
5828          30     36     158  161.642002   3.642002
5829          30     37     157  160.422995   3.422995
5830          30     38     156  157.648780   1.648780
5831          30     39     155  161.001525   6.001525
5832          30     40     154  158.290329   4.290329
5833          30     41     153  159.106333   6.106333
5834          30     42     152  151.778036  -0.221964
5835          30     43     151  152.609350   1.609350
5836          30     44     150  152.858431   2.858431
5837          30     45     149  145.292965  -3.707035
5838          30     46     148  143.508749  -4.491251
5839          30     47     147  140.750672  -6.249328
5840          30     48     146  140.230735  -5.769265
5841          30     49     145  140.050578  -4.949422
5842          30     50     144  139.487088  -4.512912
5843          30     51     143  137.816645  -5.183355
5844          30     52     142  143.109126   1.109126
5845          30     53     141  142.882243   1.882243
5846          30     54     140  141.044334   1.044334
5847          30     55     139  139.148818   0.148818
5848          30     56     138  138.119732   0.119732
5849          30     57     137  138.768171   1.768171
5850          30     58     136  135.571152  -0.428848
5851          30     59     135  133.033419  -1.966581
5852          30     60     134  133.623626  -0.376374
5853          30     61     133  132.684191  -0.315809
5854          30     62     132  133.308793   1.308793
5855          30     63     131  129.208458  -1.791542
5856          30     64     130  130.058063   0.058063
5857          30     65     129  130.011469   1.011469
5858          30     66     128  130.086623   2.086623
5859          30     67     127  126.543262  -0.456738
5860          30     68     126  124.388755  -1.611245
5861          30     69     125  123.413503  -1.586497
5862          30     70     124  124.337014   0.337014
5863          30     71     123  127.161712   4.161712
5864          30     72     122  127.661885   5.661885
5865          30     73     121  126.075374   5.075374
5866          30     74     120  124.979020   4.979020
5867          30     75     119  121.159287   2.159287
5868          30     76     118  117.695847  -0.304153
5869          30     77     117  121.578231   4.578231
5870          30     78     116  117.575344   1.575344
5871          30     79     115  112.398797  -2.601203
5872          30     80     114  110.677488  -3.322512
5873          30     81     113  107.261109  -5.738891
5874          30     82     112  108.242235  -3.757765
5875          30     83     111  112.015164   1.015164
5876          30     84     110  109.829827  -0.170173
5877          30     85     109  109.911904   0.911904
5878          30     86     108  106.891810  -1.108190
5879          30     87     107  107.978591   0.978591
5880          30     88     106  110.744719   4.744719
5881          30     89     105  108.811633   3.811633
5882          30     90     104  109.009943   5.009943
5883          30     91     103  108.840081   5.840081
5884          30     92     102  109.682779   7.682779
5885          30     93     101  108.637822   7.637822
5886          30     94     100  108.350197   8.350197
5887          30     95      99   94.104716  -4.895284
5888          30     96      98   96.706871  -1.293129
5889          30     97      97   93.000800  -3.999200
5890          30     98      96  108.380174  12.380174
5891          30     99      95   94.831972  -0.168028
5892          30    100      94   90.699936  -3.300064
5893          30    101      93   89.531451  -3.468549
5894          30    102      92   90.143100  -1.856900
5895          30    103      91   90.809960  -0.190040
5896          30    104      90   85.595439  -4.404561
5897          30    105      89   87.565571  -1.434429
5898          30    106      88   85.469467  -2.530533
5899          30    107      87   92.733783   5.733783
5900          30    108      86   83.543708  -2.456292
5901          30    109      85   83.610304  -1.389696
5902          30    110      84   78.096031  -5.903969
5903          30    111      83   75.205929  -7.794071
5904          30    112      82   76.846751  -5.153249
5905          30    113      81   78.557674  -2.442326
5906          30    114      80   76.316601  -3.683399
5907          30    115      79   75.637392  -3.362608
5908          30    116      78   75.778919  -2.221081
5909          30    117      77   76.011318  -0.988682
5910          30    118      76   75.953984  -0.046016
5911          30    119      75   74.493567  -0.506433
5912          30    120      74   75.784346   1.784346
5913          30    121      73   78.497379   5.497379
5914          30    122      72   75.866612   3.866612
5915          30    123      71   77.236986   6.236986
5916          30    124      70   68.651501  -1.348499
5917          30    125      69   71.698618   2.698618
5918          30    126      68   69.899660   1.899660
5919          30    127      67   67.291594   0.291594
5920          30    128      66   68.511163   2.511163
5921          30    129      65   70.473021   5.473021
5922          30    130      64   69.684823   5.684823
5923          30    131      63   71.370067   8.370067
5924          30    132      62   69.548898   7.548898
5925          30    133      61   68.634739   7.634739
5926          30    134      60   65.630814   5.630814
5927          30    135      59   64.855295   5.855295
5928          30    136      58   60.039398   2.039398
5929          30    137      57   57.383311   0.383311
5930          30    138      56   58.756580   2.756580
5931          30    139      55   57.229957   2.229957
5932          30    140      54   56.733299   2.733299
5933          30    141      53   53.030037   0.030037
5934          30    142      52   52.554012   0.554012
5935          30    143      51   54.384028   3.384028
5936          30    144      50   47.131275  -2.868725
5937          30    145      49   48.060805  -0.939195
5938          30    146      48   46.630297  -1.369703
5939          30    147      47   44.786020  -2.213980
5940          30    148      46   42.425728  -3.574272
5941          30    149      45   42.494552  -2.505448
5942          30    150      44   43.135264  -0.864736
5943          30    151      43   41.695208  -1.304792
5944          30    152      42   41.560390  -0.439610
5945          30    153      41   40.503602  -0.496398
5946          30    154      40   41.038474   1.038474
5947          30    155      39   41.713153   2.713153
5948          30    156      38   41.604508   3.604508
5949          30    157      37   43.696593   6.696593
5950          30    158      36   37.611372   1.611372
5951          30    159      35   32.375219  -2.624781
5952          30    160      34   31.636505  -2.363495
5953          30    161      33   27.931141  -5.068859
5954          30    162      32   28.144559  -3.855441
5955          30    163      31   27.826875  -3.173125
5956          30    164      30   25.660943  -4.339057
5957          30    165      29   25.147384  -3.852616
5958          30    166      28   25.788038  -2.211962
5959          30    167      27   24.925222  -2.074778
5960          30    168      26   25.858461  -0.141539
5961          30    169      25   23.379530  -1.620470
5962          30    170      24   24.188767   0.188767
5963          30    171      23   22.474377  -0.525623
5964          30    172      22   20.725890  -1.274110
5965          30    173      21   21.280011   0.280011
5966          30    174      20   21.216823   1.216823
5967          30    175      19   20.833506   1.833506
5968          30    176      18   19.778306   1.778306
5969          30    177      17   17.881777   0.881777
5970          30    178      16   17.749230   1.749230
5971          30    179      15   17.682499   2.682499
5972          30    180      14   17.603635   3.603635
5973          30    181      13   16.835616   3.835616
5974          30    182      12   11.032700  -0.967300
5975          30    183      11   10.446955  -0.553045
5976          30    184      10   10.318682   0.318682
5977          30    185       9   10.415220   1.415220
5978          30    186       8    8.353445   0.353445
5979          30    187       7    7.442346   0.442346
5980          30    188       6    5.716095  -0.283905
5981          30    189       5    5.695399   0.695399
5982          30    190       4    4.335734   0.335734
5983          30    191       3    2.856462  -0.143538
5984          30    192       2    2.011675   0.011675
5985          30    193       1    1.594582   0.594582
5986          30    194       0    1.501019   1.501019
5987          31      1     233  239.752525   6.752525
5988          31      2     232  233.975188   1.975188
5989          31      3     231  224.193540  -6.806460
5990          31      4     230  220.852603  -9.147397
5991          31      5     229  219.014970  -9.985030
5992          31      6     228  225.191842  -2.808158
5993          31      7     227  218.394427  -8.605573
5994          31      8     226  221.774060  -4.225940
5995          31      9     225  225.466857   0.466857
5996          31     10     224  222.541794  -1.458206
5997          31     11     223  224.609234   1.609234
5998          31     12     222  224.915981   2.915981
5999          31     13     221  219.965071  -1.034929
6000          31     14     220  217.939642  -2.060358
6001          31     15     219  218.516566  -0.483434
6002          31     16     218  221.388268   3.388268
6003          31     17     217  220.664284   3.664284
6004          31     18     216  218.890127   2.890127
6005          31     19     215  215.248572   0.248572
6006          31     20     214  212.104251  -1.895749
6007          31     21     213  206.809410  -6.190590
6008          31     22     212  209.135236  -2.864764
6009          31     23     211  201.904301  -9.095699
6010          31     24     210  205.787739  -4.212261
6011          31     25     209  203.737483  -5.262517
6012          31     26     208  204.760769  -3.239231
6013          31     27     207  204.463949  -2.536051
6014          31     28     206  203.776239  -2.223761
6015          31     29     205  204.174018  -0.825982
6016          31     30     204  205.312346   1.312346
6017          31     31     203  204.909049   1.909049
6018          31     32     202  203.663702   1.663702
6019          31     33     201  203.058382   2.058382
6020          31     34     200  199.029705  -0.970295
6021          31     35     199  199.909087   0.909087
6022          31     36     198  199.278208   1.278208
6023          31     37     197  197.407101   0.407101
6024          31     38     196  197.869906   1.869906
6025          31     39     195  195.583300   0.583300
6026          31     40     194  195.267125   1.267125
6027          31     41     193  193.387536   0.387536
6028          31     42     192  192.361586   0.361586
6029          31     43     191  189.681109  -1.318891
6030          31     44     190  188.994185  -1.005815
6031          31     45     189  188.668251  -0.331749
6032          31     46     188  187.828691  -0.171309
6033          31     47     187  187.346264   0.346264
6034          31     48     186  187.465343   1.465343
6035          31     49     185  187.586674   2.586674
6036          31     50     184  185.870430   1.870430
6037          31     51     183  182.769017  -0.230983
6038          31     52     182  181.251751  -0.748249
6039          31     53     181  177.738810  -3.261190
6040          31     54     180  178.042968  -1.957032
6041          31     55     179  177.339052  -1.660948
6042          31     56     178  178.023493   0.023493
6043          31     57     177  173.922918  -3.077082
6044          31     58     176  174.691324  -1.308676
6045          31     59     175  175.162525   0.162525
6046          31     60     174  174.640179   0.640179
6047          31     61     173  172.686730  -0.313270
6048          31     62     172  172.563783   0.563783
6049          31     63     171  170.517232  -0.482768
6050          31     64     170  167.870813  -2.129187
6051          31     65     169  169.530194   0.530194
6052          31     66     168  170.018087   2.018087
6053          31     67     167  169.739437   2.739437
6054          31     68     166  164.286028  -1.713972
6055          31     69     165  165.366027   0.366027
6056          31     70     164  163.254110  -0.745890
6057          31     71     163  159.782678  -3.217322
6058          31     72     162  158.669366  -3.330634
6059          31     73     161  157.588370  -3.411630
6060          31     74     160  157.662011  -2.337989
6061          31     75     159  151.760115  -7.239885
6062          31     76     158  155.810701  -2.189299
6063          31     77     157  154.145933  -2.854067
6064          31     78     156  154.729189  -1.270811
6065          31     79     155  153.645263  -1.354737
6066          31     80     154  153.502080  -0.497920
6067          31     81     153  153.145126   0.145126
6068          31     82     152  151.013403  -0.986597
6069          31     83     151  149.834562  -1.165438
6070          31     84     150  151.490126   1.490126
6071          31     85     149  151.281420   2.281420
6072          31     86     148  148.940111   0.940111
6073          31     87     147  145.307919  -1.692081
6074          31     88     146  147.289599   1.289599
6075          31     89     145  146.663650   1.663650
6076          31     90     144  145.166365   1.166365
6077          31     91     143  146.968196   3.968196
6078          31     92     142  143.089657   1.089657
6079          31     93     141  144.064282   3.064282
6080          31     94     140  136.287029  -3.712971
6081          31     95     139  136.820230  -2.179770
6082          31     96     138  129.573236  -8.426764
6083          31     97     137  131.590873  -5.409127
6084          31     98     136  137.177158   1.177158
6085          31     99     135  135.627291   0.627291
6086          31    100     134  130.363067  -3.636933
6087          31    101     133  127.824992  -5.175008
6088          31    102     132  125.272239  -6.727761
6089          31    103     131  126.630466  -4.369534
6090          31    104     130  125.787095  -4.212905
6091          31    105     129  125.377995  -3.622005
6092          31    106     128  125.855420  -2.144580
6093          31    107     127  126.108574  -0.891426
6094          31    108     126  127.097946   1.097946
6095          31    109     125  122.985838  -2.014162
6096          31    110     124  123.180179  -0.819821
6097          31    111     123  121.230846  -1.769154
6098          31    112     122  124.070245   2.070245
6099          31    113     121  125.205534   4.205534
6100          31    114     120  119.627283  -0.372717
6101          31    115     119  115.761582  -3.238418
6102          31    116     118  119.997467   1.997467
6103          31    117     117  122.224761   5.224761
6104          31    118     116  118.822299   2.822299
6105          31    119     115  114.836569  -0.163431
6106          31    120     114  117.777830   3.777830
6107          31    121     113  112.978648  -0.021352
6108          31    122     112  110.949361  -1.050639
6109          31    123     111  107.851922  -3.148078
6110          31    124     110  107.417685  -2.582315
6111          31    125     109  106.800569  -2.199431
6112          31    126     108  106.877341  -1.122659
6113          31    127     107  106.961558  -0.038442
6114          31    128     106  106.947591   0.947591
6115          31    129     105  105.413996   0.413996
6116          31    130     104  105.677813   1.677813
6117          31    131     103  107.702032   4.702032
6118          31    132     102  105.995183   3.995183
6119          31    133     101  106.853259   5.853259
6120          31    134     100   99.913304  -0.086696
6121          31    135      99  101.771995   2.771995
6122          31    136      98  101.675177   3.675177
6123          31    137      97  100.088060   3.088060
6124          31    138      96   98.706691   2.706691
6125          31    139      95   98.227136   3.227136
6126          31    140      94   97.620848   3.620848
6127          31    141      93   88.665291  -4.334709
6128          31    142      92   89.457633  -2.542367
6129          31    143      91   88.970639  -2.029361
6130          31    144      90   90.393054   0.393054
6131          31    145      89   86.264172  -2.735828
6132          31    146      88   77.539703 -10.460297
6133          31    147      87   76.858281 -10.141719
6134          31    148      86   80.807335  -5.192665
6135          31    149      85   80.423181  -4.576819
6136          31    150      84   78.355164  -5.644836
6137          31    151      83   76.720198  -6.279802
6138          31    152      82   77.871914  -4.128086
6139          31    153      81   80.278869  -0.721131
6140          31    154      80   81.607428   1.607428
6141          31    155      79   71.146337  -7.853663
6142          31    156      78   70.201418  -7.798582
6143          31    157      77   67.344301  -9.655699
6144          31    158      76   69.111148  -6.888852
6145          31    159      75   69.320650  -5.679350
6146          31    160      74   70.103054  -3.896946
6147          31    161      73   69.044966  -3.955034
6148          31    162      72   69.249354  -2.750646
6149          31    163      71   68.874268  -2.125732
6150          31    164      70   68.568359  -1.431641
6151          31    165      69   66.605350  -2.394650
6152          31    166      68   67.990641  -0.009359
6153          31    167      67   64.563772  -2.436228
6154          31    168      66   67.709613   1.709613
6155          31    169      65   64.257938  -0.742062
6156          31    170      64   62.185268  -1.814732
6157          31    171      63   64.046989   1.046989
6158          31    172      62   63.153189   1.153189
6159          31    173      61   67.264799   6.264799
6160          31    174      60   69.255758   9.255758
6161          31    175      59   65.463509   6.463509
6162          31    176      58   63.068451   5.068451
6163          31    177      57   62.228106   5.228106
6164          31    178      56   57.952530   1.952530
6165          31    179      55   51.745419  -3.254581
6166          31    180      54   50.789187  -3.210813
6167          31    181      53   51.005579  -1.994421
6168          31    182      52   48.010737  -3.989263
6169          31    183      51   53.619174   2.619174
6170          31    184      50   52.847228   2.847228
6171          31    185      49   49.826730   0.826730
6172          31    186      48   45.359680  -2.640320
6173          31    187      47   47.206784   0.206784
6174          31    188      46   44.208098  -1.791902
6175          31    189      45   40.472549  -4.527451
6176          31    190      44   39.699763  -4.300237
6177          31    191      43   41.288900  -1.711100
6178          31    192      42   45.749365   3.749365
6179          31    193      41   41.466156   0.466156
6180          31    194      40   43.967105   3.967105
6181          31    195      39   37.267066  -1.732934
6182          31    196      38   37.313932  -0.686068
6183          31    197      37   33.234338  -3.765662
6184          31    198      36   36.713724   0.713724
6185          31    199      35   36.259157   1.259157
6186          31    200      34   34.179471   0.179471
6187          31    201      33   30.363639  -2.636361
6188          31    202      32   29.697998  -2.302002
6189          31    203      31   26.893672  -4.106328
6190          31    204      30   27.186205  -2.813795
6191          31    205      29   25.560065  -3.439935
6192          31    206      28   24.859717  -3.140283
6193          31    207      27   26.288941  -0.711059
6194          31    208      26   23.231448  -2.768552
6195          31    209      25   23.328351  -1.671649
6196          31    210      24   21.109700  -2.890300
6197          31    211      23   20.689273  -2.310727
6198          31    212      22   19.458739  -2.541261
6199          31    213      21   19.509896  -1.490104
6200          31    214      20   18.765531  -1.234469
6201          31    215      19   18.885465  -0.114535
6202          31    216      18   18.451722   0.451722
6203          31    217      17   18.283958   1.283958
6204          31    218      16   14.800138  -1.199862
6205          31    219      15   14.000445  -0.999555
6206          31    220      14   12.495693  -1.504307
6207          31    221      13   11.149474  -1.850526
6208          31    222      12   11.113926  -0.886074
6209          31    223      11    9.384930  -1.615070
6210          31    224      10    7.048931  -2.951069
6211          31    225       9    7.540560  -1.459440
6212          31    226       8    7.796125  -0.203875
6213          31    227       7    6.585403  -0.414597
6214          31    228       6    5.560235  -0.439765
6215          31    229       5    4.588062  -0.411938
6216          31    230       4    4.168673   0.168673
6217          31    231       3    3.102026   0.102026
6218          31    232       2    2.930926   0.930926
6219          31    233       1    2.689630   1.689630
6220          31    234       0    2.450344   2.450344
6221          32      1     190  186.555074  -3.444926
6222          32      2     189  182.664225  -6.335775
6223          32      3     188  182.450568  -5.549432
6224          32      4     187  189.908887   2.908887
6225          32      5     186  180.950889  -5.049111
6226          32      6     185  182.081042  -2.918958
6227          32      7     184  184.504495   0.504495
6228          32      8     183  181.595242  -1.404758
6229          32      9     182  182.163876   0.163876
6230          32     10     181  178.948162  -2.051838
6231          32     11     180  179.817263  -0.182737
6232          32     12     179  175.430236  -3.569764
6233          32     13     178  173.759260  -4.240740
6234          32     14     177  174.427215  -2.572785
6235          32     15     176  173.993288  -2.006712
6236          32     16     175  172.023650  -2.976350
6237          32     17     174  172.180433  -1.819567
6238          32     18     173  171.406317  -1.593683
6239          32     19     172  171.234300  -0.765700
6240          32     20     171  167.174462  -3.825538
6241          32     21     170  165.630333  -4.369667
6242          32     22     169  167.409197  -1.590803
6243          32     23     168  167.404979  -0.595021
6244          32     24     167  167.369200   0.369200
6245          32     25     166  167.555553   1.555553
6246          32     26     165  165.268524   0.268524
6247          32     27     164  164.224466   0.224466
6248          32     28     163  164.241487   1.241487
6249          32     29     162  163.191874   1.191874
6250          32     30     161  160.182290  -0.817710
6251          32     31     160  160.263181   0.263181
6252          32     32     159  160.108918   1.108918
6253          32     33     158  159.381093   1.381093
6254          32     34     157  159.343180   2.343180
6255          32     35     156  160.678919   4.678919
6256          32     36     155  155.259773   0.259773
6257          32     37     154  152.372551  -1.627449
6258          32     38     153  150.530499  -2.469501
6259          32     39     152  150.085645  -1.914355
6260          32     40     151  150.805403  -0.194597
6261          32     41     150  150.059477   0.059477
6262          32     42     149  149.698029   0.698029
6263          32     43     148  148.945562   0.945562
6264          32     44     147  148.366952   1.366952
6265          32     45     146  148.981435   2.981435
6266          32     46     145  147.667051   2.667051
6267          32     47     144  146.380348   2.380348
6268          32     48     143  146.911616   3.911616
6269          32     49     142  146.646623   4.646623
6270          32     50     141  142.895440   1.895440
6271          32     51     140  140.791394   0.791394
6272          32     52     139  139.572924   0.572924
6273          32     53     138  137.396883  -0.603117
6274          32     54     137  137.006547   0.006547
6275          32     55     136  135.865541  -0.134459
6276          32     56     135  134.306967  -0.693033
6277          32     57     134  135.296829   1.296829
6278          32     58     133  132.402723  -0.597277
6279          32     59     132  129.965016  -2.034984
6280          32     60     131  129.837164  -1.162836
6281          32     61     130  130.930542   0.930542
6282          32     62     129  128.457745  -0.542255
6283          32     63     128  126.005247  -1.994753
6284          32     64     127  125.129579  -1.870421
6285          32     65     126  123.004814  -2.995186
6286          32     66     125  122.582736  -2.417264
6287          32     67     124  123.786665  -0.213335
6288          32     68     123  122.853801  -0.146199
6289          32     69     122  121.551667  -0.448333
6290          32     70     121  121.930568   0.930568
6291          32     71     120  117.216505  -2.783495
6292          32     72     119  115.747045  -3.252955
6293          32     73     118  113.906175  -4.093825
6294          32     74     117  114.221136  -2.778864
6295          32     75     116  115.321054  -0.678946
6296          32     76     115  115.013897   0.013897
6297          32     77     114  114.335618   0.335618
6298          32     78     113  110.772776  -2.227224
6299          32     79     112  110.962282  -1.037718
6300          32     80     111  110.690059  -0.309941
6301          32     81     110  109.645328  -0.354672
6302          32     82     109  110.537168   1.537168
6303          32     83     108  109.978900   1.978900
6304          32     84     107  108.434712   1.434712
6305          32     85     106  106.804275   0.804275
6306          32     86     105  106.099792   1.099792
6307          32     87     104  105.292081   1.292081
6308          32     88     103  103.005857   0.005857
6309          32     89     102  102.571580   0.571580
6310          32     90     101  102.899441   1.899441
6311          32     91     100  100.702789   0.702789
6312          32     92      99   99.127908   0.127908
6313          32     93      98   96.591656  -1.408344
6314          32     94      97   97.038072   0.038072
6315          32     95      96   91.648454  -4.351546
6316          32     96      95   98.161114   3.161114
6317          32     97      94   97.744601   3.744601
6318          32     98      93   92.627227  -0.372773
6319          32     99      92   90.587781  -1.412219
6320          32    100      91   92.822745   1.822745
6321          32    101      90   91.953221   1.953221
6322          32    102      89   92.169245   3.169245
6323          32    103      88   88.657203   0.657203
6324          32    104      87   86.199346  -0.800654
6325          32    105      86   82.506673  -3.493327
6326          32    106      85   83.977876  -1.022124
6327          32    107      84   78.828145  -5.171855
6328          32    108      83   83.748088   0.748088
6329          32    109      82   81.777433  -0.222567
6330          32    110      81   81.929974   0.929974
6331          32    111      80   82.435055   2.435055
6332          32    112      79   81.878484   2.878484
6333          32    113      78   82.189383   4.189383
6334          32    114      77   83.133908   6.133908
6335          32    115      76   79.053553   3.053553
6336          32    116      75   78.055751   3.055751
6337          32    117      74   75.644761   1.644761
6338          32    118      73   71.433533  -1.566467
6339          32    119      72   76.092639   4.092639
6340          32    120      71   75.780820   4.780820
6341          32    121      70   73.928620   3.928620
6342          32    122      69   73.323143   4.323143
6343          32    123      68   69.344007   1.344007
6344          32    124      67   69.033967   2.033967
6345          32    125      66   68.501661   2.501661
6346          32    126      65   69.903816   4.903816
6347          32    127      64   70.854684   6.854684
6348          32    128      63   68.846252   5.846252
6349          32    129      62   69.328860   7.328860
6350          32    130      61   65.046144   4.046144
6351          32    131      60   61.179251   1.179251
6352          32    132      59   60.134808   1.134808
6353          32    133      58   59.197246   1.197246
6354          32    134      57   58.465354   1.465354
6355          32    135      56   54.806164  -1.193836
6356          32    136      55   53.138569  -1.861431
6357          32    137      54   54.025775   0.025775
6358          32    138      53   56.972435   3.972435
6359          32    139      52   48.825682  -3.174318
6360          32    140      51   49.427024  -1.572976
6361          32    141      50   44.891394  -5.108606
6362          32    142      49   45.909380  -3.090620
6363          32    143      48   43.687735  -4.312265
6364          32    144      47   41.764327  -5.235673
6365          32    145      46   40.457055  -5.542945
6366          32    146      45   40.022361  -4.977639
6367          32    147      44   39.666804  -4.333196
6368          32    148      43   38.322219  -4.677781
6369          32    149      42   41.242223  -0.757777
6370          32    150      41   41.185493   0.185493
6371          32    151      40   44.588888   4.588888
6372          32    152      39   44.789599   5.789599
6373          32    153      38   41.337887   3.337887
6374          32    154      37   39.295092   2.295092
6375          32    155      36   39.575317   3.575317
6376          32    156      35   43.634182   8.634182
6377          32    157      34   41.334048   7.334048
6378          32    158      33   38.259934   5.259934
6379          32    159      32   35.573023   3.573023
6380          32    160      31   36.795289   5.795289
6381          32    161      30   32.724897   2.724897
6382          32    162      29   32.789016   3.789016
6383          32    163      28   29.426562   1.426562
6384          32    164      27   26.988765  -0.011235
6385          32    165      26   23.964835  -2.035165
6386          32    166      25   19.691790  -5.308210
6387          32    167      24   19.244551  -4.755449
6388          32    168      23   18.279524  -4.720476
6389          32    169      22   19.975623  -2.024377
6390          32    170      21   15.145027  -5.854973
6391          32    171      20   16.363333  -3.636667
6392          32    172      19   12.594775  -6.405225
6393          32    173      18   11.995653  -6.004347
6394          32    174      17   12.227181  -4.772819
6395          32    175      16   13.664817  -2.335183
6396          32    176      15   13.016231  -1.983769
6397          32    177      14   11.738659  -2.261341
6398          32    178      13    9.989864  -3.010136
6399          32    179      12    8.887924  -3.112076
6400          32    180      11    8.091955  -2.908045
6401          32    181      10    8.721135  -1.278865
6402          32    182       9   11.179984   2.179984
6403          32    183       8    9.342165   1.342165
6404          32    184       7    8.787261   1.787261
6405          32    185       6    5.740408  -0.259592
6406          32    186       5    5.753408   0.753408
6407          32    187       4    6.166432   2.166432
6408          32    188       3    6.402525   3.402525
6409          32    189       2    4.054650   2.054650
6410          32    190       1    5.080056   4.080056
6411          32    191       0    3.496057   3.496057
6412          33      1     199  203.840493   4.840493
6413          33      2     198  198.095805   0.095805
6414          33      3     197  198.647041   1.647041
6415          33      4     196  196.905869   0.905869
6416          33      5     195  198.596857   3.596857
6417          33      6     194  200.405663   6.405663
6418          33      7     193  197.832515   4.832515
6419          33      8     192  199.816095   7.816095
6420          33      9     191  193.613371   2.613371
6421          33     10     190  186.854425  -3.145575
6422          33     11     189  183.356145  -5.643855
6423          33     12     188  190.293159   2.293159
6424          33     13     187  189.278622   2.278622
6425          33     14     186  187.833148   1.833148
6426          33     15     185  186.981225   1.981225
6427          33     16     184  183.977976  -0.022024
6428          33     17     183  179.767726  -3.232274
6429          33     18     182  181.306110  -0.693890
6430          33     19     181  178.571024  -2.428976
6431          33     20     180  181.006183   1.006183
6432          33     21     179  172.426685  -6.573315
6433          33     22     178  172.701952  -5.298048
6434          33     23     177  171.680597  -5.319403
6435          33     24     176  172.036713  -3.963287
6436          33     25     175  172.893806  -2.106194
6437          33     26     174  171.406461  -2.593539
6438          33     27     173  171.811487  -1.188513
6439          33     28     172  170.821001  -1.178999
6440          33     29     171  170.908711  -0.091289
6441          33     30     170  169.272671  -0.727329
6442          33     31     169  167.021396  -1.978604
6443          33     32     168  169.126439   1.126439
6444          33     33     167  168.200487   1.200487
6445          33     34     166  166.090494   0.090494
6446          33     35     165  165.562185   0.562185
6447          33     36     164  161.757570  -2.242430
6448          33     37     163  159.121046  -3.878954
6449          33     38     162  158.647431  -3.352569
6450          33     39     161  157.600512  -3.399488
6451          33     40     160  158.234255  -1.765745
6452          33     41     159  158.029368  -0.970632
6453          33     42     158  155.272771  -2.727229
6454          33     43     157  155.203393  -1.796607
6455          33     44     156  154.413090  -1.586910
6456          33     45     155  152.813356  -2.186644
6457          33     46     154  154.822255   0.822255
6458          33     47     153  152.045624  -0.954376
6459          33     48     152  151.378160  -0.621840
6460          33     49     151  149.875559  -1.124441
6461          33     50     150  149.273206  -0.726794
6462          33     51     149  149.728520   0.728520
6463          33     52     148  147.474747  -0.525253
6464          33     53     147  147.063405   0.063405
6465          33     54     146  146.528023   0.528023
6466          33     55     145  146.822586   1.822586
6467          33     56     144  143.292292  -0.707708
6468          33     57     143  143.645690   0.645690
6469          33     58     142  140.986280  -1.013720
6470          33     59     141  139.317146  -1.682854
6471          33     60     140  140.962470   0.962470
6472          33     61     139  139.444344   0.444344
6473          33     62     138  140.056958   2.056958
6474          33     63     137  139.105411   2.105411
6475          33     64     136  138.682664   2.682664
6476          33     65     135  138.152381   3.152381
6477          33     66     134  138.006207   4.006207
6478          33     67     133  135.268561   2.268561
6479          33     68     132  134.600602   2.600602
6480          33     69     131  133.381697   2.381697
6481          33     70     130  132.081738   2.081738
6482          33     71     129  130.933270   1.933270
6483          33     72     128  129.517221   1.517221
6484          33     73     127  124.666249  -2.333751
6485          33     74     126  124.725627  -1.274373
6486          33     75     125  124.326424  -0.673576
6487          33     76     124  123.987607  -0.012393
6488          33     77     123  124.492494   1.492494
6489          33     78     122  123.525240   1.525240
6490          33     79     121  122.683677   1.683677
6491          33     80     120  122.884089   2.884089
6492          33     81     119  120.989950   1.989950
6493          33     82     118  121.257388   3.257388
6494          33     83     117  122.828187   5.828187
6495          33     84     116  120.688054   4.688054
6496          33     85     115  119.732414   4.732414
6497          33     86     114  118.784942   4.784942
6498          33     87     113  120.497814   7.497814
6499          33     88     112  121.520760   9.520760
6500          33     89     111  121.398827  10.398827
6501          33     90     110  114.598189   4.598189
6502          33     91     109  112.727291   3.727291
6503          33     92     108  108.445475   0.445475
6504          33     93     107  107.571875   0.571875
6505          33     94     106   98.188149  -7.811851
6506          33     95     105  100.242576  -4.757424
6507          33     96     104   99.002648  -4.997352
6508          33     97     103  102.339400  -0.660600
6509          33     98     102   99.682369  -2.317631
6510          33     99     101   99.394278  -1.605722
6511          33    100     100   99.307751  -0.692249
6512          33    101      99   94.168679  -4.831321
6513          33    102      98   94.064293  -3.935707
6514          33    103      97   94.650414  -2.349586
6515          33    104      96   92.838793  -3.161207
6516          33    105      95   94.006187  -0.993813
6517          33    106      94   94.627371   0.627371
6518          33    107      93   84.787515  -8.212485
6519          33    108      92   89.773142  -2.226858
6520          33    109      91   89.411807  -1.588193
6521          33    110      90   95.189145   5.189145
6522          33    111      89   95.650957   6.650957
6523          33    112      88   94.426283   6.426283
6524          33    113      87   96.225746   9.225746
6525          33    114      86   91.247138   5.247138
6526          33    115      85   86.468742   1.468742
6527          33    116      84   80.878863  -3.121137
6528          33    117      83   81.444296  -1.555704
6529          33    118      82   82.375224   0.375224
6530          33    119      81   80.232628  -0.767372
6531          33    120      80   79.780480  -0.219520
6532          33    121      79   79.988694   0.988694
6533          33    122      78   73.637668  -4.362332
6534          33    123      77   72.555073  -4.444927
6535          33    124      76   72.008683  -3.991317
6536          33    125      75   73.010941  -1.989059
6537          33    126      74   75.544466   1.544466
6538          33    127      73   75.772174   2.772174
6539          33    128      72   74.584640   2.584640
6540          33    129      71   72.023716   1.023716
6541          33    130      70   72.560340   2.560340
6542          33    131      69   70.885126   1.885126
6543          33    132      68   68.408785   0.408785
6544          33    133      67   67.673002   0.673002
6545          33    134      66   66.317022   0.317022
6546          33    135      65   63.469422  -1.530578
6547          33    136      64   63.314878  -0.685122
6548          33    137      63   58.356651  -4.643349
6549          33    138      62   58.426968  -3.573032
6550          33    139      61   57.410487  -3.589513
6551          33    140      60   55.474814  -4.525186
6552          33    141      59   57.219912  -1.780088
6553          33    142      58   61.367624   3.367624
6554          33    143      57   63.530972   6.530972
6555          33    144      56   60.568887   4.568887
6556          33    145      55   55.899262   0.899262
6557          33    146      54   56.004875   2.004875
6558          33    147      53   51.953225  -1.046775
6559          33    148      52   52.070488   0.070488
6560          33    149      51   47.596438  -3.403562
6561          33    150      50   50.869468   0.869468
6562          33    151      49   44.303797  -4.696203
6563          33    152      48   44.044016  -3.955984
6564          33    153      47   43.879834  -3.120166
6565          33    154      46   44.120694  -1.879306
6566          33    155      45   43.636599  -1.363401
6567          33    156      44   38.466979  -5.533021
6568          33    157      43   40.299233  -2.700767
6569          33    158      42   39.075904  -2.924096
6570          33    159      41   37.215291  -3.784709
6571          33    160      40   39.365024  -0.634976
6572          33    161      39   40.843981   1.843981
6573          33    162      38   36.759101  -1.240899
6574          33    163      37   38.374966   1.374966
6575          33    164      36   40.499842   4.499842
6576          33    165      35   36.384733   1.384733
6577          33    166      34   35.792189   1.792189
6578          33    167      33   35.795356   2.795356
6579          33    168      32   34.523840   2.523840
6580          33    169      31   31.730809   0.730809
6581          33    170      30   31.986609   1.986609
6582          33    171      29   28.084517  -0.915483
6583          33    172      28   23.565587  -4.434413
6584          33    173      27   23.363054  -3.636946
6585          33    174      26   22.878857  -3.121143
6586          33    175      25   24.990329  -0.009671
6587          33    176      24   23.501525  -0.498475
6588          33    177      23   24.964637   1.964637
6589          33    178      22   22.559685   0.559685
6590          33    179      21   22.161602   1.161602
6591          33    180      20   21.289552   1.289552
6592          33    181      19   20.099508   1.099508
6593          33    182      18   19.663688   1.663688
6594          33    183      17   18.547963   1.547963
6595          33    184      16   18.469178   2.469178
6596          33    185      15   18.017615   3.017615
6597          33    186      14   18.321593   4.321593
6598          33    187      13   16.053605   3.053605
6599          33    188      12   15.619513   3.619513
6600          33    189      11   13.656199   2.656199
6601          33    190      10   12.153176   2.153176
6602          33    191       9   10.358604   1.358604
6603          33    192       8    8.878536   0.878536
6604          33    193       7    9.551551   2.551551
6605          33    194       6    9.085022   3.085022
6606          33    195       5    6.415098   1.415098
6607          33    196       4    5.928957   1.928957
6608          33    197       3    4.434095   1.434095
6609          33    198       2    3.799193   1.799193
6610          33    199       1    3.212986   2.212986
6611          33    200       0    1.573136   1.573136
6612          34      1     194  184.409191  -9.590809
6613          34      2     193  198.869353   5.869353
6614          34      3     192  190.577246  -1.422754
6615          34      4     191  191.069609   0.069609
6616          34      5     190  186.503766  -3.496234
6617          34      6     189  184.282414  -4.717586
6618          34      7     188  202.168617  14.168617
6619          34      8     187  186.475778  -0.524222
6620          34      9     186  182.232394  -3.767606
6621          34     10     185  184.308086  -0.691914
6622          34     11     184  179.238100  -4.761900
6623          34     12     183  187.797387   4.797387
6624          34     13     182  180.980789  -1.019211
6625          34     14     181  175.792821  -5.207179
6626          34     15     180  171.559966  -8.440034
6627          34     16     179  176.280857  -2.719143
6628          34     17     178  172.762282  -5.237718
6629          34     18     177  171.634164  -5.365836
6630          34     19     176  171.827431  -4.172569
6631          34     20     175  171.440521  -3.559479
6632          34     21     174  172.195196  -1.804804
6633          34     22     173  172.199759  -0.800241
6634          34     23     172  171.445835  -0.554165
6635          34     24     171  171.432356   0.432356
6636          34     25     170  169.098192  -0.901808
6637          34     26     169  166.204038  -2.795962
6638          34     27     168  163.541355  -4.458645
6639          34     28     167  164.121182  -2.878818
6640          34     29     166  161.758503  -4.241497
6641          34     30     165  161.404457  -3.595543
6642          34     31     164  159.689315  -4.310685
6643          34     32     163  159.073363  -3.926637
6644          34     33     162  158.575968  -3.424032
6645          34     34     161  157.431762  -3.568238
6646          34     35     160  158.326421  -1.673579
6647          34     36     159  158.343470  -0.656530
6648          34     37     158  157.057784  -0.942216
6649          34     38     157  151.219708  -5.780292
6650          34     39     156  152.943913  -3.056087
6651          34     40     155  150.877200  -4.122800
6652          34     41     154  151.362268  -2.637732
6653          34     42     153  151.226825  -1.773175
6654          34     43     152  150.451123  -1.548877
6655          34     44     151  149.614985  -1.385015
6656          34     45     150  148.937280  -1.062720
6657          34     46     149  148.152512  -0.847488
6658          34     47     148  147.127021  -0.872979
6659          34     48     147  144.419411  -2.580589
6660          34     49     146  143.793413  -2.206587
6661          34     50     145  143.651129  -1.348871
6662          34     51     144  143.522169  -0.477831
6663          34     52     143  141.710921  -1.289079
6664          34     53     142  141.971715  -0.028285
6665          34     54     141  141.046084   0.046084
6666          34     55     140  140.527927   0.527927
6667          34     56     139  137.901331  -1.098669
6668          34     57     138  138.185525   0.185525
6669          34     58     137  135.605207  -1.394793
6670          34     59     136  134.956742  -1.043258
6671          34     60     135  135.072487   0.072487
6672          34     61     134  131.206465  -2.793535
6673          34     62     133  129.795618  -3.204382
6674          34     63     132  126.486184  -5.513816
6675          34     64     131  127.355505  -3.644495
6676          34     65     130  128.029343  -1.970657
6677          34     66     129  127.068412  -1.931588
6678          34     67     128  127.003902  -0.996098
6679          34     68     127  125.928585  -1.071415
6680          34     69     126  126.383164   0.383164
6681          34     70     125  125.709247   0.709247
6682          34     71     124  121.678936  -2.321064
6683          34     72     123  121.700096  -1.299904
6684          34     73     122  121.185942  -0.814058
6685          34     74     121  118.914776  -2.085224
6686          34     75     120  118.382971  -1.617029
6687          34     76     119  117.749267  -1.250733
6688          34     77     118  119.560529   1.560529
6689          34     78     117  118.016717   1.016717
6690          34     79     116  114.340499  -1.659501
6691          34     80     115  107.973037  -7.026963
6692          34     81     114  108.756070  -5.243930
6693          34     82     113  108.199084  -4.800916
6694          34     83     112  112.556404   0.556404
6695          34     84     111  110.979711  -0.020289
6696          34     85     110  111.382597   1.382597
6697          34     86     109  111.203545   2.203545
6698          34     87     108  108.567854   0.567854
6699          34     88     107  113.926474   6.926474
6700          34     89     106  112.172675   6.172675
6701          34     90     105  115.393282  10.393282
6702          34     91     104  107.673326   3.673326
6703          34     92     103  108.925951   5.925951
6704          34     93     102   99.224425  -2.775575
6705          34     94     101  100.663806  -0.336194
6706          34     95     100  101.352236   1.352236
6707          34     96      99   93.219236  -5.780764
6708          34     97      98   91.764719  -6.235281
6709          34     98      97   98.140414   1.140414
6710          34     99      96   96.607570   0.607570
6711          34    100      95   99.677287   4.677287
6712          34    101      94   95.364416   1.364416
6713          34    102      93   93.725537   0.725537
6714          34    103      92   94.945605   2.945605
6715          34    104      91   93.958331   2.958331
6716          34    105      90   88.790427  -1.209573
6717          34    106      89   90.980009   1.980009
6718          34    107      88   89.989864   1.989864
6719          34    108      87   87.959662   0.959662
6720          34    109      86   88.445438   2.445438
6721          34    110      85   87.102306   2.102306
6722          34    111      84   87.143540   3.143540
6723          34    112      83   83.619468   0.619468
6724          34    113      82   83.277111   1.277111
6725          34    114      81   82.620091   1.620091
6726          34    115      80   79.746910  -0.253090
6727          34    116      79   79.359467   0.359467
6728          34    117      78   82.800676   4.800676
6729          34    118      77   78.431300   1.431300
6730          34    119      76   76.778427   0.778427
6731          34    120      75   71.205071  -3.794929
6732          34    121      74   71.354699  -2.645301
6733          34    122      73   69.282101  -3.717899
6734          34    123      72   67.980528  -4.019472
6735          34    124      71   69.625396  -1.374604
6736          34    125      70   68.157350  -1.842650
6737          34    126      69   67.692780  -1.307220
6738          34    127      68   68.021269   0.021269
6739          34    128      67   68.135225   1.135225
6740          34    129      66   65.137693  -0.862307
6741          34    130      65   62.559341  -2.440659
6742          34    131      64   61.664749  -2.335251
6743          34    132      63   57.404541  -5.595459
6744          34    133      62   57.923746  -4.076254
6745          34    134      61   56.952898  -4.047102
6746          34    135      60   56.133847  -3.866153
6747          34    136      59   54.885059  -4.114941
6748          34    137      58   56.037764  -1.962236
6749          34    138      57   54.403054  -2.596946
6750          34    139      56   53.776355  -2.223645
6751          34    140      55   51.048545  -3.951455
6752          34    141      54   51.649031  -2.350969
6753          34    142      53   51.387904  -1.612096
6754          34    143      52   50.564594  -1.435406
6755          34    144      51   49.404151  -1.595849
6756          34    145      50   49.152004  -0.847996
6757          34    146      49   49.101626   0.101626
6758          34    147      48   48.206955   0.206955
6759          34    148      47   46.575035  -0.424965
6760          34    149      46   46.326874   0.326874
6761          34    150      45   46.460803   1.460803
6762          34    151      44   45.478541   1.478541
6763          34    152      43   45.684965   2.684965
6764          34    153      42   46.812031   4.812031
6765          34    154      41   46.876034   5.876034
6766          34    155      40   46.073644   6.073644
6767          34    156      39   43.771543   4.771543
6768          34    157      38   42.313096   4.313096
6769          34    158      37   40.554648   3.554648
6770          34    159      36   38.717693   2.717693
6771          34    160      35   37.194935   2.194935
6772          34    161      34   36.437443   2.437443
6773          34    162      33   34.390729   1.390729
6774          34    163      32   37.030183   5.030183
6775          34    164      31   34.259514   3.259514
6776          34    165      30   30.836353   0.836353
6777          34    166      29   25.081568  -3.918432
6778          34    167      28   27.010176  -0.989824
6779          34    168      27   26.202917  -0.797083
6780          34    169      26   26.377793   0.377793
6781          34    170      25   26.995718   1.995718
6782          34    171      24   25.107148   1.107148
6783          34    172      23   23.297570   0.297570
6784          34    173      22   20.102271  -1.897729
6785          34    174      21   20.117286  -0.882714
6786          34    175      20   20.119534   0.119534
6787          34    176      19   18.811753  -0.188247
6788          34    177      18   18.944374   0.944374
6789          34    178      17   15.563963  -1.436037
6790          34    179      16   16.814608   0.814608
6791          34    180      15   15.721436   0.721436
6792          34    181      14   18.952817   4.952817
6793          34    182      13   14.829811   1.829811
6794          34    183      12   15.802719   3.802719
6795          34    184      11   10.929843  -0.070157
6796          34    185      10   10.307776   0.307776
6797          34    186       9    8.829438  -0.170562
6798          34    187       8    9.314378   1.314378
6799          34    188       7    8.211941   1.211941
6800          34    189       6    6.983616   0.983616
6801          34    190       5    6.630322   1.630322
6802          34    191       4    6.518303   2.518303
6803          34    192       3    6.536702   3.536702
6804          34    193       2    5.138292   3.138292
6805          34    194       1    3.545603   2.545603
6806          34    195       0    2.994743   2.994743
6807          35      1     180  191.157054  11.157054
6808          35      2     179  181.137206   2.137206
6809          35      3     178  178.157549   0.157549
6810          35      4     177  175.474577  -1.525423
6811          35      5     176  172.142565  -3.857435
6812          35      6     175  168.964691  -6.035309
6813          35      7     174  172.628633  -1.371367
6814          35      8     173  181.138060   8.138060
6815          35      9     172  170.850452  -1.149548
6816          35     10     171  165.082437  -5.917563
6817          35     11     170  167.767086  -2.232914
6818          35     12     169  161.588564  -7.411436
6819          35     13     168  164.733849  -3.266151
6820          35     14     167  163.104145  -3.895855
6821          35     15     166  160.808941  -5.191059
6822          35     16     165  158.471907  -6.528093
6823          35     17     164  159.239052  -4.760948
6824          35     18     163  157.726004  -5.273996
6825          35     19     162  157.565636  -4.434364
6826          35     20     161  157.618695  -3.381305
6827          35     21     160  155.271139  -4.728861
6828          35     22     159  153.099961  -5.900039
6829          35     23     158  153.219961  -4.780039
6830          35     24     157  153.278561  -3.721439
6831          35     25     156  149.973324  -6.026676
6832          35     26     155  152.180742  -2.819258
6833          35     27     154  151.526131  -2.473869
6834          35     28     153  150.018243  -2.981757
6835          35     29     152  151.640267  -0.359733
6836          35     30     151  150.991320  -0.008680
6837          35     31     150  150.617040   0.617040
6838          35     32     149  149.816778   0.816778
6839          35     33     148  147.724469  -0.275531
6840          35     34     147  148.546470   1.546470
6841          35     35     146  146.695993   0.695993
6842          35     36     145  146.353432   1.353432
6843          35     37     144  144.892589   0.892589
6844          35     38     143  143.938389   0.938389
6845          35     39     142  143.256774   1.256774
6846          35     40     141  143.565594   2.565594
6847          35     41     140  142.078201   2.078201
6848          35     42     139  134.266213  -4.733787
6849          35     43     138  135.792237  -2.207763
6850          35     44     137  131.005818  -5.994182
6851          35     45     136  132.785550  -3.214450
6852          35     46     135  136.094412   1.094412
6853          35     47     134  135.565396   1.565396
6854          35     48     133  133.223159   0.223159
6855          35     49     132  135.839997   3.839997
6856          35     50     131  135.642262   4.642262
6857          35     51     130  132.453454   2.453454
6858          35     52     129  132.268997   3.268997
6859          35     53     128  131.985068   3.985068
6860          35     54     127  132.607726   5.607726
6861          35     55     126  131.995466   5.995466
6862          35     56     125  129.096314   4.096314
6863          35     57     124  129.422285   5.422285
6864          35     58     123  128.298961   5.298961
6865          35     59     122  126.279949   4.279949
6866          35     60     121  126.640864   5.640864
6867          35     61     120  125.390921   5.390921
6868          35     62     119  121.773871   2.773871
6869          35     63     118  118.556647   0.556647
6870          35     64     117  114.118527  -2.881473
6871          35     65     116  117.710463   1.710463
6872          35     66     115  115.710627   0.710627
6873          35     67     114  114.927887   0.927887
6874          35     68     113  112.305074  -0.694926
6875          35     69     112  109.983734  -2.016266
6876          35     70     111  108.814007  -2.185993
6877          35     71     110  106.132514  -3.867486
6878          35     72     109  106.662950  -2.337050
6879          35     73     108  106.861265  -1.138735
6880          35     74     107  107.129360   0.129360
6881          35     75     106  106.441752   0.441752
6882          35     76     105  103.415860  -1.584140
6883          35     77     104  104.182314   0.182314
6884          35     78     103  103.876547   0.876547
6885          35     79     102  102.156655   0.156655
6886          35     80     101  102.331758   1.331758
6887          35     81     100  100.811417   0.811417
6888          35     82      99  100.485973   1.485973
6889          35     83      98   97.458394  -0.541606
6890          35     84      97   96.605596  -0.394404
6891          35     85      96   97.526278   1.526278
6892          35     86      95   96.694188   1.694188
6893          35     87      94   96.979234   2.979234
6894          35     88      93   93.875885   0.875885
6895          35     89      92   94.947688   2.947688
6896          35     90      91   93.703341   2.703341
6897          35     91      90   93.112914   3.112914
6898          35     92      89   90.529066   1.529066
6899          35     93      88   82.806072  -5.193928
6900          35     94      87   83.132703  -3.867297
6901          35     95      86   83.231981  -2.768019
6902          35     96      85   85.399903   0.399903
6903          35     97      84   86.036776   2.036776
6904          35     98      83   87.643486   4.643486
6905          35     99      82   88.374103   6.374103
6906          35    100      81   83.385652   2.385652
6907          35    101      80   75.747036  -4.252964
6908          35    102      79   73.822337  -5.177663
6909          35    103      78   77.645863  -0.354137
6910          35    104      77   71.684119  -5.315881
6911          35    105      76   72.657933  -3.342067
6912          35    106      75   67.637356  -7.362644
6913          35    107      74   73.027956  -0.972044
6914          35    108      73   75.462768   2.462768
6915          35    109      72   76.146153   4.146153
6916          35    110      71   70.232424  -0.767576
6917          35    111      70   66.610825  -3.389175
6918          35    112      69   63.556721  -5.443279
6919          35    113      68   59.210112  -8.789888
6920          35    114      67   69.852333   2.852333
6921          35    115      66   70.314094   4.314094
6922          35    116      65   71.111407   6.111407
6923          35    117      64   64.262760   0.262760
6924          35    118      63   59.162282  -3.837718
6925          35    119      62   62.517471   0.517471
6926          35    120      61   62.733721   1.733721
6927          35    121      60   58.651076  -1.348924
6928          35    122      59   58.036415  -0.963585
6929          35    123      58   64.912780   6.912780
6930          35    124      57   64.287462   7.287462
6931          35    125      56   64.817941   8.817941
6932          35    126      55   56.132269   1.132269
6933          35    127      54   53.818085  -0.181915
6934          35    128      53   50.237294  -2.762706
6935          35    129      52   50.814508  -1.185492
6936          35    130      51   58.327243   7.327243
6937          35    131      50   56.117015   6.117015
6938          35    132      49   52.447103   3.447103
6939          35    133      48   50.855630   2.855630
6940          35    134      47   51.659093   4.659093
6941          35    135      46   45.587874  -0.412126
6942          35    136      45   44.298610  -0.701390
6943          35    137      44   41.598257  -2.401743
6944          35    138      43   41.305635  -1.694365
6945          35    139      42   42.655941   0.655941
6946          35    140      41   41.367809   0.367809
6947          35    141      40   40.187250   0.187250
6948          35    142      39   38.927777  -0.072223
6949          35    143      38   37.292149  -0.707851
6950          35    144      37   34.735477  -2.264523
6951          35    145      36   34.184200  -1.815800
6952          35    146      35   33.122511  -1.877489
6953          35    147      34   33.500287  -0.499713
6954          35    148      33   35.641689   2.641689
6955          35    149      32   36.421339   4.421339
6956          35    150      31   35.025124   4.025124
6957          35    151      30   33.232723   3.232723
6958          35    152      29   31.212700   2.212700
6959          35    153      28   29.428718   1.428718
6960          35    154      27   29.973988   2.973988
6961          35    155      26   25.146357  -0.853643
6962          35    156      25   23.401937  -1.598063
6963          35    157      24   23.990488  -0.009512
6964          35    158      23   21.943480  -1.056520
6965          35    159      22   18.745058  -3.254942
6966          35    160      21   19.382076  -1.617924
6967          35    161      20   17.630481  -2.369519
6968          35    162      19   15.653888  -3.346112
6969          35    163      18   14.926915  -3.073085
6970          35    164      17   13.601639  -3.398361
6971          35    165      16   14.174918  -1.825082
6972          35    166      15   14.067889  -0.932111
6973          35    167      14   12.419225  -1.580775
6974          35    168      13   12.211900  -0.788100
6975          35    169      12    9.246333  -2.753667
6976          35    170      11   10.212753  -0.787247
6977          35    171      10    9.648449  -0.351551
6978          35    172       9    9.239685   0.239685
6979          35    173       8    9.118719   1.118719
6980          35    174       7    6.621218  -0.378782
6981          35    175       6    7.260094   1.260094
6982          35    176       5    5.613782   0.613782
6983          35    177       4    5.813506   1.813506
6984          35    178       3    5.323710   2.323710
6985          35    179       2    4.012240   2.012240
6986          35    180       1    2.996359   1.996359
6987          35    181       0    2.693493   2.693493
6988          36      1     157  161.074166   4.074166
6989          36      2     156  163.671279   7.671279
6990          36      3     155  155.868769   0.868769
6991          36      4     154  159.082426   5.082426
6992          36      5     153  157.911391   4.911391
6993          36      6     152  158.460439   6.460439
6994          36      7     151  153.209570   2.209570
6995          36      8     150  150.275509   0.275509
6996          36      9     149  152.567057   3.567057
6997          36     10     148  151.783346   3.783346
6998          36     11     147  149.344187   2.344187
6999          36     12     146  154.040780   8.040780
7000          36     13     145  156.068844  11.068844
7001          36     14     144  139.503908  -4.496092
7002          36     15     143  142.446148  -0.553852
7003          36     16     142  143.416713   1.416713
7004          36     17     141  141.375991   0.375991
7005          36     18     140  144.321423   4.321423
7006          36     19     139  142.998898   3.998898
7007          36     20     138  142.474137   4.474137
7008          36     21     137  142.516709   5.516709
7009          36     22     136  138.128999   2.128999
7010          36     23     135  135.452346   0.452346
7011          36     24     134  134.784588   0.784588
7012          36     25     133  135.572912   2.572912
7013          36     26     132  136.053985   4.053985
7014          36     27     131  135.185914   4.185914
7015          36     28     130  137.050535   7.050535
7016          36     29     129  129.538640   0.538640
7017          36     30     128  131.078870   3.078870
7018          36     31     127  131.859821   4.859821
7019          36     32     126  130.442407   4.442407
7020          36     33     125  129.189168   4.189168
7021          36     34     124  125.825512   1.825512
7022          36     35     123  126.258080   3.258080
7023          36     36     122  124.146366   2.146366
7024          36     37     121  122.778965   1.778965
7025          36     38     120  120.019255   0.019255
7026          36     39     119  121.795812   2.795812
7027          36     40     118  120.745392   2.745392
7028          36     41     117  116.642372  -0.357628
7029          36     42     116  114.185614  -1.814386
7030          36     43     115  112.753283  -2.246717
7031          36     44     114  114.073107   0.073107
7032          36     45     113  113.623171   0.623171
7033          36     46     112  109.609763  -2.390237
7034          36     47     111  109.535762  -1.464238
7035          36     48     110  109.050850  -0.949150
7036          36     49     109  107.137040  -1.862960
7037          36     50     108  106.079395  -1.920605
7038          36     51     107  105.115380  -1.884620
7039          36     52     106  102.440485  -3.559515
7040          36     53     105  104.601007  -0.398993
7041          36     54     104  105.303232   1.303232
7042          36     55     103  104.796440   1.796440
7043          36     56     102  102.675436   0.675436
7044          36     57     101  102.462005   1.462005
7045          36     58     100   98.769963  -1.230037
7046          36     59      99   96.347877  -2.652123
7047          36     60      98   97.862403  -0.137597
7048          36     61      97   96.130866  -0.869134
7049          36     62      96   93.817797  -2.182203
7050          36     63      95   93.326251  -1.673749
7051          36     64      94   92.664655  -1.335345
7052          36     65      93   91.358656  -1.641344
7053          36     66      92   91.231550  -0.768450
7054          36     67      91   89.886086  -1.113914
7055          36     68      90   91.469475   1.469475
7056          36     69      89   93.374999   4.374999
7057          36     70      88   86.422024  -1.577976
7058          36     71      87   83.593564  -3.406436
7059          36     72      86   87.142247   1.142247
7060          36     73      85   86.214799   1.214799
7061          36     74      84   86.902066   2.902066
7062          36     75      83   86.580022   3.580022
7063          36     76      82   87.628829   5.628829
7064          36     77      81   88.019239   7.019239
7065          36     78      80   87.548449   7.548449
7066          36     79      79   84.984803   5.984803
7067          36     80      78   78.484246   0.484246
7068          36     81      77   78.241866   1.241866
7069          36     82      76   76.870225   0.870225
7070          36     83      75   73.453073  -1.546927
7071          36     84      74   77.303107   3.303107
7072          36     85      73   72.580769  -0.419231
7073          36     86      72   71.556215  -0.443785
7074          36     87      71   71.348404   0.348404
7075          36     88      70   66.950319  -3.049681
7076          36     89      69   67.710126  -1.289874
7077          36     90      68   64.987623  -3.012377
7078          36     91      67   66.058733  -0.941267
7079          36     92      66   67.908783   1.908783
7080          36     93      65   64.397887  -0.602113
7081          36     94      64   61.446118  -2.553882
7082          36     95      63   62.279128  -0.720872
7083          36     96      62   60.066825  -1.933175
7084          36     97      61   62.678743   1.678743
7085          36     98      60   58.137359  -1.862641
7086          36     99      59   59.464795   0.464795
7087          36    100      58   59.177617   1.177617
7088          36    101      57   61.032956   4.032956
7089          36    102      56   52.746868  -3.253132
7090          36    103      55   55.732639   0.732639
7091          36    104      54   56.316779   2.316779
7092          36    105      53   57.588548   4.588548
7093          36    106      52   51.164037  -0.835963
7094          36    107      51   51.593795   0.593795
7095          36    108      50   50.507908   0.507908
7096          36    109      49   49.529086   0.529086
7097          36    110      48   48.932189   0.932189
7098          36    111      47   46.702882  -0.297118
7099          36    112      46   45.619112  -0.380888
7100          36    113      45   46.329491   1.329491
7101          36    114      44   45.663591   1.663591
7102          36    115      43   44.509462   1.509462
7103          36    116      42   41.509765  -0.490235
7104          36    117      41   41.226962   0.226962
7105          36    118      40   41.299418   1.299418
7106          36    119      39   41.674244   2.674244
7107          36    120      38   39.879653   1.879653
7108          36    121      37   40.740742   3.740742
7109          36    122      36   41.270817   5.270817
7110          36    123      35   42.962401   7.962401
7111          36    124      34   36.721889   2.721889
7112          36    125      33   36.627452   3.627452
7113          36    126      32   34.438348   2.438348
7114          36    127      31   32.602712   1.602712
7115          36    128      30   27.661829  -2.338171
7116          36    129      29   27.256161  -1.743839
7117          36    130      28   27.781094  -0.218906
7118          36    131      27   26.516955  -0.483045
7119          36    132      26   24.761750  -1.238250
7120          36    133      25   24.434396  -0.565604
7121          36    134      24   21.448176  -2.551824
7122          36    135      23   18.013371  -4.986629
7123          36    136      22   19.149740  -2.850260
7124          36    137      21   17.234637  -3.765363
7125          36    138      20   19.240402  -0.759598
7126          36    139      19   19.149018   0.149018
7127          36    140      18   17.553592  -0.446408
7128          36    141      17   17.279298   0.279298
7129          36    142      16   13.631211  -2.368789
7130          36    143      15   15.965789   0.965789
7131          36    144      14   11.485805  -2.514195
7132          36    145      13   10.466484  -2.533516
7133          36    146      12   10.389932  -1.610068
7134          36    147      11    9.123624  -1.876376
7135          36    148      10    8.197915  -1.802085
7136          36    149       9    9.450177   0.450177
7137          36    150       8    8.808671   0.808671
7138          36    151       7    9.448524   2.448524
7139          36    152       6    7.204786   1.204786
7140          36    153       5    6.969799   1.969799
7141          36    154       4    4.690793   0.690793
7142          36    155       3    4.697929   1.697929
7143          36    156       2    4.870782   2.870782
7144          36    157       1    2.857959   1.857959
7145          36    158       0    3.704023   3.704023
7146          37      1     169  177.321045   8.321045
7147          37      2     168  162.563433  -5.436567
7148          37      3     167  168.719209   1.719209
7149          37      4     166  173.269113   7.269113
7150          37      5     165  167.250489   2.250489
7151          37      6     164  168.744064   4.744064
7152          37      7     163  165.429394   2.429394
7153          37      8     162  168.072544   6.072544
7154          37      9     161  182.045122  21.045122
7155          37     10     160  168.242436   8.242436
7156          37     11     159  164.213451   5.213451
7157          37     12     158  161.143548   3.143548
7158          37     13     157  172.199965  15.199965
7159          37     14     156  155.219011  -0.780989
7160          37     15     155  149.397408  -5.602592
7161          37     16     154  149.789178  -4.210822
7162          37     17     153  147.158320  -5.841680
7163          37     18     152  147.364106  -4.635894
7164          37     19     151  148.264514  -2.735486
7165          37     20     150  148.151440  -1.848560
7166          37     21     149  144.384254  -4.615746
7167          37     22     148  144.127809  -3.872191
7168          37     23     147  144.041489  -2.958511
7169          37     24     146  143.243955  -2.756045
7170          37     25     145  142.549100  -2.450900
7171          37     26     144  143.283392  -0.716608
7172          37     27     143  142.281468  -0.718532
7173          37     28     142  140.913133  -1.086867
7174          37     29     141  139.528245  -1.471755
7175          37     30     140  138.412106  -1.587894
7176          37     31     139  137.040317  -1.959683
7177          37     32     138  135.038410  -2.961590
7178          37     33     137  132.692824  -4.307176
7179          37     34     136  132.329579  -3.670421
7180          37     35     135  132.346856  -2.653144
7181          37     36     134  131.589777  -2.410223
7182          37     37     133  130.537419  -2.462581
7183          37     38     132  129.551759  -2.448241
7184          37     39     131  129.912466  -1.087534
7185          37     40     130  126.602746  -3.397254
7186          37     41     129  126.212155  -2.787845
7187          37     42     128  126.525741  -1.474259
7188          37     43     127  125.032174  -1.967826
7189          37     44     126  123.366417  -2.633583
7190          37     45     125  123.340637  -1.659363
7191          37     46     124  124.017392   0.017392
7192          37     47     123  122.432444  -0.567556
7193          37     48     122  122.446200   0.446200
7194          37     49     121  120.762620  -0.237380
7195          37     50     120  121.072609   1.072609
7196          37     51     119  119.087520   0.087520
7197          37     52     118  117.831129  -0.168871
7198          37     53     117  117.820062   0.820062
7199          37     54     116  117.566146   1.566146
7200          37     55     115  113.262200  -1.737800
7201          37     56     114  114.280835   0.280835
7202          37     57     113  114.959507   1.959507
7203          37     58     112  113.073968   1.073968
7204          37     59     111  111.991642   0.991642
7205          37     60     110  111.315556   1.315556
7206          37     61     109  109.384435   0.384435
7207          37     62     108  106.390124  -1.609876
7208          37     63     107  107.838445   0.838445
7209          37     64     106  103.240674  -2.759326
7210          37     65     105  107.405437   2.405437
7211          37     66     104  107.999786   3.999786
7212          37     67     103  105.980131   2.980131
7213          37     68     102  104.640965   2.640965
7214          37     69     101  104.257801   3.257801
7215          37     70     100  103.455631   3.455631
7216          37     71      99  100.338752   1.338752
7217          37     72      98  101.675449   3.675449
7218          37     73      97   98.514438   1.514438
7219          37     74      96   97.551889   1.551889
7220          37     75      95   95.940244   0.940244
7221          37     76      94   92.824489  -1.175511
7222          37     77      93   86.949993  -6.050007
7223          37     78      92   85.335280  -6.664720
7224          37     79      91   84.120230  -6.879770
7225          37     80      90   83.595882  -6.404118
7226          37     81      89   82.368178  -6.631822
7227          37     82      88   86.279462  -1.720538
7228          37     83      87   83.211202  -3.788798
7229          37     84      86   85.647796  -0.352204
7230          37     85      85   81.644543  -3.355457
7231          37     86      84   80.091018  -3.908982
7232          37     87      83   82.291042  -0.708958
7233          37     88      82   83.173649   1.173649
7234          37     89      81   81.510848   0.510848
7235          37     90      80   81.474833   1.474833
7236          37     91      79   81.205940   2.205940
7237          37     92      78   78.747675   0.747675
7238          37     93      77   79.657811   2.657811
7239          37     94      76   74.079586  -1.920414
7240          37     95      75   75.103294   0.103294
7241          37     96      74   73.620512  -0.379488
7242          37     97      73   74.407772   1.407772
7243          37     98      72   69.537248  -2.462752
7244          37     99      71   69.292120  -1.707880
7245          37    100      70   69.079083  -0.920917
7246          37    101      69   69.684591   0.684591
7247          37    102      68   68.083713   0.083713
7248          37    103      67   67.019183   0.019183
7249          37    104      66   67.166579   1.166579
7250          37    105      65   66.554060   1.554060
7251          37    106      64   62.269435  -1.730565
7252          37    107      63   63.871961   0.871961
7253          37    108      62   62.369584   0.369584
7254          37    109      61   61.341654   0.341654
7255          37    110      60   58.619982  -1.380018
7256          37    111      59   61.798516   2.798516
7257          37    112      58   61.146629   3.146629
7258          37    113      57   58.027327   1.027327
7259          37    114      56   61.870549   5.870549
7260          37    115      55   59.105583   4.105583
7261          37    116      54   51.611629  -2.388371
7262          37    117      53   54.770316   1.770316
7263          37    118      52   51.829477  -0.170523
7264          37    119      51   52.179826   1.179826
7265          37    120      50   51.512409   1.512409
7266          37    121      49   46.919917  -2.080083
7267          37    122      48   44.972902  -3.027098
7268          37    123      47   42.978472  -4.021528
7269          37    124      46   40.471178  -5.528822
7270          37    125      45   41.554515  -3.445485
7271          37    126      44   40.127921  -3.872079
7272          37    127      43   40.592541  -2.407459
7273          37    128      42   40.027040  -1.972960
7274          37    129      41   40.473370  -0.526630
7275          37    130      40   38.070510  -1.929490
7276          37    131      39   40.941808   1.941808
7277          37    132      38   38.514924   0.514924
7278          37    133      37   38.721263   1.721263
7279          37    134      36   43.005910   7.005910
7280          37    135      35   38.831994   3.831994
7281          37    136      34   36.975430   2.975430
7282          37    137      33   35.455727   2.455727
7283          37    138      32   38.998175   6.998175
7284          37    139      31   39.445253   8.445253
7285          37    140      30   33.251188   3.251188
7286          37    141      29   33.113988   4.113988
7287          37    142      28   30.485601   2.485601
7288          37    143      27   26.941664  -0.058336
7289          37    144      26   27.872229   1.872229
7290          37    145      25   27.697440   2.697440
7291          37    146      24   21.790685  -2.209315
7292          37    147      23   23.917666   0.917666
7293          37    148      22   19.350304  -2.649696
7294          37    149      21   18.360699  -2.639301
7295          37    150      20   16.465110  -3.534890
7296          37    151      19   18.359187  -0.640813
7297          37    152      18   13.985149  -4.014851
7298          37    153      17   14.901124  -2.098876
7299          37    154      16   15.970867  -0.029133
7300          37    155      15   14.908509  -0.091491
7301          37    156      14   11.435847  -2.564153
7302          37    157      13   10.652976  -2.347024
7303          37    158      12   10.647467  -1.352533
7304          37    159      11   10.453073  -0.546927
7305          37    160      10   10.670133   0.670133
7306          37    161       9   10.156743   1.156743
7307          37    162       8    8.001744   0.001744
7308          37    163       7    6.781013  -0.218987
7309          37    164       6    6.636239   0.636239
7310          37    165       5    5.039876   0.039876
7311          37    166       4    4.250014   0.250014
7312          37    167       3    2.967342  -0.032658
7313          37    168       2    2.812059   0.812059
7314          37    169       1    2.568430   1.568430
7315          37    170       0    1.982460   1.982460
7316          38      1     193  189.857428  -3.142572
7317          38      2     192  193.519809   1.519809
7318          38      3     191  194.665854   3.665854
7319          38      4     190  193.752674   3.752674
7320          38      5     189  185.994309  -3.005691
7321          38      6     188  185.816540  -2.183460
7322          38      7     187  179.193708  -7.806292
7323          38      8     186  186.896831   0.896831
7324          38      9     185  179.515129  -5.484871
7325          38     10     184  181.121432  -2.878568
7326          38     11     183  176.879212  -6.120788
7327          38     12     182  175.482830  -6.517170
7328          38     13     181  174.625378  -6.374622
7329          38     14     180  174.141297  -5.858703
7330          38     15     179  174.658512  -4.341488
7331          38     16     178  176.789437  -1.210563
7332          38     17     177  173.918230  -3.081770
7333          38     18     176  174.506765  -1.493235
7334          38     19     175  174.062121  -0.937879
7335          38     20     174  166.477403  -7.522597
7336          38     21     173  167.351986  -5.648014
7337          38     22     172  162.879560  -9.120440
7338          38     23     171  162.731380  -8.268620
7339          38     24     170  163.409946  -6.590054
7340          38     25     169  161.746491  -7.253509
7341          38     26     168  162.209042  -5.790958
7342          38     27     167  162.445982  -4.554018
7343          38     28     166  163.190690  -2.809310
7344          38     29     165  162.202763  -2.797237
7345          38     30     164  161.342399  -2.657601
7346          38     31     163  157.708397  -5.291603
7347          38     32     162  156.161884  -5.838116
7348          38     33     161  155.960445  -5.039555
7349          38     34     160  152.268720  -7.731280
7350          38     35     159  153.271850  -5.728150
7351          38     36     158  151.150089  -6.849911
7352          38     37     157  151.186787  -5.813213
7353          38     38     156  149.086161  -6.913839
7354          38     39     155  150.551847  -4.448153
7355          38     40     154  150.417309  -3.582691
7356          38     41     153  149.309834  -3.690166
7357          38     42     152  152.631417   0.631417
7358          38     43     151  152.345069   1.345069
7359          38     44     150  153.094869   3.094869
7360          38     45     149  152.465492   3.465492
7361          38     46     148  150.934749   2.934749
7362          38     47     147  151.884197   4.884197
7363          38     48     146  149.767024   3.767024
7364          38     49     145  146.530042   1.530042
7365          38     50     144  146.075892   2.075892
7366          38     51     143  145.737313   2.737313
7367          38     52     142  144.827278   2.827278
7368          38     53     141  140.450929  -0.549071
7369          38     54     140  139.596771  -0.403229
7370          38     55     139  139.861513   0.861513
7371          38     56     138  137.324970  -0.675030
7372          38     57     137  138.160345   1.160345
7373          38     58     136  141.729424   5.729424
7374          38     59     135  138.320175   3.320175
7375          38     60     134  133.300645  -0.699355
7376          38     61     133  133.891712   0.891712
7377          38     62     132  139.036208   7.036208
7378          38     63     131  137.401399   6.401399
7379          38     64     130  134.016042   4.016042
7380          38     65     129  133.464248   4.464248
7381          38     66     128  126.644457  -1.355543
7382          38     67     127  126.818264  -0.181736
7383          38     68     126  130.111214   4.111214
7384          38     69     125  126.260793   1.260793
7385          38     70     124  126.244890   2.244890
7386          38     71     123  123.443253   0.443253
7387          38     72     122  124.990405   2.990405
7388          38     73     121  124.271867   3.271867
7389          38     74     120  122.361355   2.361355
7390          38     75     119  124.459235   5.459235
7391          38     76     118  121.776413   3.776413
7392          38     77     117  119.664493   2.664493
7393          38     78     116  118.222250   2.222250
7394          38     79     115  115.201889   0.201889
7395          38     80     114  113.163530  -0.836470
7396          38     81     113  110.026281  -2.973719
7397          38     82     112  113.130206   1.130206
7398          38     83     111  110.687367  -0.312633
7399          38     84     110  112.214533   2.214533
7400          38     85     109  108.048040  -0.951960
7401          38     86     108  100.686676  -7.313324
7402          38     87     107  101.915542  -5.084458
7403          38     88     106  100.936355  -5.063645
7404          38     89     105  105.045410   0.045410
7405          38     90     104  103.933137  -0.066863
7406          38     91     103  103.622504   0.622504
7407          38     92     102  101.271271  -0.728729
7408          38     93     101  101.452198   0.452198
7409          38     94     100  102.417836   2.417836
7410          38     95      99   99.463335   0.463335
7411          38     96      98   98.790566   0.790566
7412          38     97      97  100.169779   3.169779
7413          38     98      96   99.325958   3.325958
7414          38     99      95   97.877813   2.877813
7415          38    100      94   94.721859   0.721859
7416          38    101      93   96.077439   3.077439
7417          38    102      92   95.384168   3.384168
7418          38    103      91   93.491279   2.491279
7419          38    104      90   93.330283   3.330283
7420          38    105      89   87.533544  -1.466456
7421          38    106      88   87.152833  -0.847167
7422          38    107      87   86.268519  -0.731481
7423          38    108      86   85.228795  -0.771205
7424          38    109      85   84.246645  -0.753355
7425          38    110      84   86.490018   2.490018
7426          38    111      83   87.354904   4.354904
7427          38    112      82   85.228119   3.228119
7428          38    113      81   87.372623   6.372623
7429          38    114      80   78.849424  -1.150576
7430          38    115      79   78.192549  -0.807451
7431          38    116      78   71.669000  -6.331000
7432          38    117      77   72.953378  -4.046622
7433          38    118      76   71.176562  -4.823438
7434          38    119      75   72.441855  -2.558145
7435          38    120      74   76.632664   2.632664
7436          38    121      73   72.978767  -0.021233
7437          38    122      72   74.141128   2.141128
7438          38    123      71   69.328872  -1.671128
7439          38    124      70   68.860658  -1.139342
7440          38    125      69   63.127621  -5.872379
7441          38    126      68   62.296304  -5.703696
7442          38    127      67   60.902356  -6.097644
7443          38    128      66   61.911604  -4.088396
7444          38    129      65   61.490461  -3.509539
7445          38    130      64   61.468816  -2.531184
7446          38    131      63   64.261191   1.261191
7447          38    132      62   64.269379   2.269379
7448          38    133      61   62.224704   1.224704
7449          38    134      60   65.414882   5.414882
7450          38    135      59   63.837919   4.837919
7451          38    136      58   64.914434   6.914434
7452          38    137      57   62.946309   5.946309
7453          38    138      56   60.897516   4.897516
7454          38    139      55   54.370514  -0.629486
7455          38    140      54   52.439719  -1.560281
7456          38    141      53   50.899333  -2.100667
7457          38    142      52   52.456009   0.456009
7458          38    143      51   53.304720   2.304720
7459          38    144      50   53.393019   3.393019
7460          38    145      49   48.096408  -0.903592
7461          38    146      48   46.890599  -1.109401
7462          38    147      47   47.419040   0.419040
7463          38    148      46   43.177732  -2.822268
7464          38    149      45   41.319632  -3.680368
7465          38    150      44   36.748644  -7.251356
7466          38    151      43   41.310906  -1.689094
7467          38    152      42   37.364690  -4.635310
7468          38    153      41   38.991211  -2.008789
7469          38    154      40   37.113432  -2.886568
7470          38    155      39   35.555129  -3.444871
7471          38    156      38   33.554229  -4.445771
7472          38    157      37   38.564278   1.564278
7473          38    158      36   33.156810  -2.843190
7474          38    159      35   30.860596  -4.139404
7475          38    160      34   30.496488  -3.503512
7476          38    161      33   32.022399  -0.977601
7477          38    162      32   30.353760  -1.646240
7478          38    163      31   31.774496   0.774496
7479          38    164      30   31.398383   1.398383
7480          38    165      29   30.924771   1.924771
7481          38    166      28   28.436689   0.436689
7482          38    167      27   25.096812  -1.903188
7483          38    168      26   24.090729  -1.909271
7484          38    169      25   23.979890  -1.020110
7485          38    170      24   25.148805   1.148805
7486          38    171      23   25.172846   2.172846
7487          38    172      22   24.995514   2.995514
7488          38    173      21   22.402676   1.402676
7489          38    174      20   21.190805   1.190805
7490          38    175      19   21.008928   2.008928
7491          38    176      18   18.727002   0.727002
7492          38    177      17   18.502166   1.502166
7493          38    178      16   15.065740  -0.934260
7494          38    179      15   10.649672  -4.350328
7495          38    180      14   11.424859  -2.575141
7496          38    181      13   10.748106  -2.251894
7497          38    182      12    9.498533  -2.501467
7498          38    183      11    8.947850  -2.052150
7499          38    184      10    9.889670  -0.110330
7500          38    185       9    8.404036  -0.595964
7501          38    186       8    8.763952   0.763952
7502          38    187       7    7.297249   0.297249
7503          38    188       6    6.937078   0.937078
7504          38    189       5    6.709674   1.709674
7505          38    190       4    3.434337  -0.565663
7506          38    191       3    3.486336   0.486336
7507          38    192       2    1.790755  -0.209245
7508          38    193       1    1.754516   0.754516
7509          38    194       0    0.815730   0.815730
7510          39      1     127  160.220629  33.220629
7511          39      2     126  130.870515   4.870515
7512          39      3     125  138.772686  13.772686
7513          39      4     124  127.220893   3.220893
7514          39      5     123  126.336320   3.336320
7515          39      6     122  124.402340   2.402340
7516          39      7     121  122.678461   1.678461
7517          39      8     120  131.183349  11.183349
7518          39      9     119  128.353132   9.353132
7519          39     10     118  127.888513   9.888513
7520          39     11     117  123.866550   6.866550
7521          39     12     116  122.994396   6.994396
7522          39     13     115  123.626919   8.626919
7523          39     14     114  115.595330   1.595330
7524          39     15     113  112.715412  -0.284588
7525          39     16     112  113.649897   1.649897
7526          39     17     111  111.950312   0.950312
7527          39     18     110  112.958900   2.958900
7528          39     19     109  107.318050  -1.681950
7529          39     20     108  108.327780   0.327780
7530          39     21     107  108.965028   1.965028
7531          39     22     106  110.059784   4.059784
7532          39     23     105  107.868952   2.868952
7533          39     24     104  107.089722   3.089722
7534          39     25     103  108.005689   5.005689
7535          39     26     102  107.887710   5.887710
7536          39     27     101  105.252926   4.252926
7537          39     28     100  105.320681   5.320681
7538          39     29      99  104.039664   5.039664
7539          39     30      98  101.155535   3.155535
7540          39     31      97  100.374786   3.374786
7541          39     32      96   97.001916   1.001916
7542          39     33      95   96.804064   1.804064
7543          39     34      94   96.745226   2.745226
7544          39     35      93   97.862917   4.862917
7545          39     36      92   97.758831   5.758831
7546          39     37      91   98.074342   7.074342
7547          39     38      90   96.872035   6.872035
7548          39     39      89   95.138553   6.138553
7549          39     40      88   97.360920   9.360920
7550          39     41      87   90.690656   3.690656
7551          39     42      86   84.264177  -1.735823
7552          39     43      85   82.250221  -2.749779
7553          39     44      84   81.808527  -2.191473
7554          39     45      83   81.007096  -1.992904
7555          39     46      82   82.843765   0.843765
7556          39     47      81   82.851161   1.851161
7557          39     48      80   80.547726   0.547726
7558          39     49      79   79.518258   0.518258
7559          39     50      78   79.117586   1.117586
7560          39     51      77   79.793563   2.793563
7561          39     52      76   76.123732   0.123732
7562          39     53      75   75.856075   0.856075
7563          39     54      74   77.769489   3.769489
7564          39     55      73   77.522339   4.522339
7565          39     56      72   73.286917   1.286917
7566          39     57      71   72.014086   1.014086
7567          39     58      70   69.676478  -0.323522
7568          39     59      69   70.472254   1.472254
7569          39     60      68   68.652952   0.652952
7570          39     61      67   66.473083  -0.526917
7571          39     62      66   63.899502  -2.100498
7572          39     63      65   61.879733  -3.120267
7573          39     64      64   60.731986  -3.268014
7574          39     65      63   60.114677  -2.885323
7575          39     66      62   63.020744   1.020744
7576          39     67      61   59.927739  -1.072261
7577          39     68      60   58.277421  -1.722579
7578          39     69      59   56.822773  -2.177227
7579          39     70      58   58.748424   0.748424
7580          39     71      57   55.819318  -1.180682
7581          39     72      56   58.632664   2.632664
7582          39     73      55   56.397049   1.397049
7583          39     74      54   54.135132   0.135132
7584          39     75      53   54.548518   1.548518
7585          39     76      52   53.482099   1.482099
7586          39     77      51   52.177801   1.177801
7587          39     78      50   52.103799   2.103799
7588          39     79      49   52.911875   3.911875
7589          39     80      48   51.788548   3.788548
7590          39     81      47   52.465669   5.465669
7591          39     82      46   50.779819   4.779819
7592          39     83      45   50.572718   5.572718
7593          39     84      44   49.514098   5.514098
7594          39     85      43   47.878042   4.878042
7595          39     86      42   45.375067   3.375067
7596          39     87      41   44.511951   3.511951
7597          39     88      40   41.629490   1.629490
7598          39     89      39   39.236018   0.236018
7599          39     90      38   37.609627  -0.390373
7600          39     91      37   35.189160  -1.810840
7601          39     92      36   37.431537   1.431537
7602          39     93      35   33.429580  -1.570420
7603          39     94      34   34.709754   0.709754
7604          39     95      33   32.734930  -0.265070
7605          39     96      32   30.047775  -1.952225
7606          39     97      31   33.265217   2.265217
7607          39     98      30   32.744836   2.744836
7608          39     99      29   27.990633  -1.009367
7609          39    100      28   27.456954  -0.543046
7610          39    101      27   26.676458  -0.323542
7611          39    102      26   27.017751   1.017751
7612          39    103      25   23.925576  -1.074424
7613          39    104      24   26.066495   2.066495
7614          39    105      23   26.162391   3.162391
7615          39    106      22   19.439258  -2.560742
7616          39    107      21   21.559686   0.559686
7617          39    108      20   21.470523   1.470523
7618          39    109      19   22.462697   3.462697
7619          39    110      18   22.018811   4.018811
7620          39    111      17   19.708206   2.708206
7621          39    112      16   17.425951   1.425951
7622          39    113      15   16.776780   1.776780
7623          39    114      14   15.627507   1.627507
7624          39    115      13   12.450992  -0.549008
7625          39    116      12    9.932500  -2.067500
7626          39    117      11    9.501320  -1.498680
7627          39    118      10    4.845060  -5.154940
7628          39    119       9    3.975830  -5.024170
7629          39    120       8    2.587918  -5.412082
7630          39    121       7    2.173965  -4.826035
7631          39    122       6    2.477112  -3.522888
7632          39    123       5    2.506755  -2.493245
7633          39    124       4    2.617634  -1.382366
7634          39    125       3    1.160696  -1.839304
7635          39    126       2    0.899575  -1.100425
7636          39    127       1    0.629232  -0.370768
7637          39    128       0    0.170231   0.170231
7638          40      1     187  181.323631  -5.676369
7639          40      2     186  189.702259   3.702259
7640          40      3     185  190.244551   5.244551
7641          40      4     184  187.378929   3.378929
7642          40      5     183  184.119092   1.119092
7643          40      6     182  186.667273   4.667273
7644          40      7     181  177.994939  -3.005061
7645          40      8     180  178.519364  -1.480636
7646          40      9     179  181.688628   2.688628
7647          40     10     178  182.877030   4.877030
7648          40     11     177  185.980917   8.980917
7649          40     12     176  178.095248   2.095248
7650          40     13     175  177.511878   2.511878
7651          40     14     174  176.938473   2.938473
7652          40     15     173  175.937445   2.937445
7653          40     16     172  175.753354   3.753354
7654          40     17     171  175.748053   4.748053
7655          40     18     170  174.340547   4.340547
7656          40     19     169  173.127308   4.127308
7657          40     20     168  172.793410   4.793410
7658          40     21     167  164.572501  -2.427499
7659          40     22     166  165.150474  -0.849526
7660          40     23     165  167.651161   2.651161
7661          40     24     164  163.930777  -0.069223
7662          40     25     163  164.089287   1.089287
7663          40     26     162  163.377173   1.377173
7664          40     27     161  163.359964   2.359964
7665          40     28     160  164.073935   4.073935
7666          40     29     159  162.806251   3.806251
7667          40     30     158  160.812462   2.812462
7668          40     31     157  159.457450   2.457450
7669          40     32     156  158.657440   2.657440
7670          40     33     155  165.140626  10.140626
7671          40     34     154  158.965956   4.965956
7672          40     35     153  157.666632   4.666632
7673          40     36     152  153.662681   1.662681
7674          40     37     151  153.415980   2.415980
7675          40     38     150  148.630404  -1.369596
7676          40     39     149  147.290850  -1.709150
7677          40     40     148  147.559650  -0.440350
7678          40     41     147  148.032523   1.032523
7679          40     42     146  146.479427   0.479427
7680          40     43     145  143.308325  -1.691675
7681          40     44     144  144.213051   0.213051
7682          40     45     143  143.585570   0.585570
7683          40     46     142  142.094662   0.094662
7684          40     47     141  142.589303   1.589303
7685          40     48     140  134.877753  -5.122247
7686          40     49     139  134.704829  -4.295171
7687          40     50     138  139.630283   1.630283
7688          40     51     137  141.158459   4.158459
7689          40     52     136  141.301741   5.301741
7690          40     53     135  138.696737   3.696737
7691          40     54     134  138.533300   4.533300
7692          40     55     133  139.173241   6.173241
7693          40     56     132  133.781621   1.781621
7694          40     57     131  133.773326   2.773326
7695          40     58     130  132.674718   2.674718
7696          40     59     129  131.603739   2.603739
7697          40     60     128  130.871666   2.871666
7698          40     61     127  123.464581  -3.535419
7699          40     62     126  125.963260  -0.036740
7700          40     63     125  125.109973   0.109973
7701          40     64     124  122.359434  -1.640566
7702          40     65     123  120.699827  -2.300173
7703          40     66     122  120.522426  -1.477574
7704          40     67     121  120.789061  -0.210939
7705          40     68     120  119.823990  -0.176010
7706          40     69     119  116.677289  -2.322711
7707          40     70     118  117.288875  -0.711125
7708          40     71     117  119.893135   2.893135
7709          40     72     116  115.718495  -0.281505
7710          40     73     115  115.732462   0.732462
7711          40     74     114  113.221393  -0.778607
7712          40     75     113  113.377650   0.377650
7713          40     76     112  110.761407  -1.238593
7714          40     77     111  109.753964  -1.246036
7715          40     78     110  110.750440   0.750440
7716          40     79     109  110.848696   1.848696
7717          40     80     108  111.146218   3.146218
7718          40     81     107  108.305622   1.305622
7719          40     82     106  107.090868   1.090868
7720          40     83     105  106.665293   1.665293
7721          40     84     104  106.911433   2.911433
7722          40     85     103  108.834302   5.834302
7723          40     86     102  108.499930   6.499930
7724          40     87     101  105.687175   4.687175
7725          40     88     100  102.654626   2.654626
7726          40     89      99   99.728697   0.728697
7727          40     90      98  101.417550   3.417550
7728          40     91      97  100.438765   3.438765
7729          40     92      96  100.014152   4.014152
7730          40     93      95   95.662097   0.662097
7731          40     94      94   88.380633  -5.619367
7732          40     95      93   85.025605  -7.974395
7733          40     96      92   86.674540  -5.325460
7734          40     97      91   87.376063  -3.623937
7735          40     98      90   89.339753  -0.660247
7736          40     99      89   89.519101   0.519101
7737          40    100      88   88.888992   0.888992
7738          40    101      87   89.056441   2.056441
7739          40    102      86   84.557129  -1.442871
7740          40    103      85   83.391030  -1.608970
7741          40    104      84   74.971514  -9.028486
7742          40    105      83   78.610264  -4.389736
7743          40    106      82   74.013495  -7.986505
7744          40    107      81   77.927255  -3.072745
7745          40    108      80   76.815881  -3.184119
7746          40    109      79   79.127914   0.127914
7747          40    110      78   78.725201   0.725201
7748          40    111      77   72.591241  -4.408759
7749          40    112      76   73.312321  -2.687679
7750          40    113      75   73.972275  -1.027725
7751          40    114      74   73.542377  -0.457623
7752          40    115      73   77.624024   4.624024
7753          40    116      72   67.793204  -4.206796
7754          40    117      71   67.383825  -3.616175
7755          40    118      70   70.795636   0.795636
7756          40    119      69   66.379719  -2.620281
7757          40    120      68   66.952615  -1.047385
7758          40    121      67   64.877308  -2.122692
7759          40    122      66   58.007078  -7.992922
7760          40    123      65   58.768735  -6.231265
7761          40    124      64   56.188766  -7.811234
7762          40    125      63   59.557154  -3.442846
7763          40    126      62   58.897997  -3.102003
7764          40    127      61   59.112621  -1.887379
7765          40    128      60   57.738698  -2.261302
7766          40    129      59   57.016124  -1.983876
7767          40    130      58   55.511051  -2.488949
7768          40    131      57   57.696657   0.696657
7769          40    132      56   54.503029  -1.496971
7770          40    133      55   53.678002  -1.321998
7771          40    134      54   49.045707  -4.954293
7772          40    135      53   47.709123  -5.290877
7773          40    136      52   45.072146  -6.927854
7774          40    137      51   47.499353  -3.500647
7775          40    138      50   50.389834   0.389834
7776          40    139      49   53.361012   4.361012
7777          40    140      48   50.777919   2.777919
7778          40    141      47   46.131106  -0.868894
7779          40    142      46   43.076970  -2.923030
7780          40    143      45   46.620072   1.620072
7781          40    144      44   45.880223   1.880223
7782          40    145      43   40.554810  -2.445190
7783          40    146      42   43.589301   1.589301
7784          40    147      41   46.045575   5.045575
7785          40    148      40   41.046029   1.046029
7786          40    149      39   42.152926   3.152926
7787          40    150      38   38.925017   0.925017
7788          40    151      37   39.873426   2.873426
7789          40    152      36   30.661667  -5.338333
7790          40    153      35   31.507086  -3.492914
7791          40    154      34   28.846418  -5.153582
7792          40    155      33   29.078284  -3.921716
7793          40    156      32   29.231795  -2.768205
7794          40    157      31   26.911831  -4.088169
7795          40    158      30   27.545143  -2.454857
7796          40    159      29   25.247689  -3.752311
7797          40    160      28   26.279111  -1.720889
7798          40    161      27   25.612988  -1.387012
7799          40    162      26   23.725771  -2.274229
7800          40    163      25   25.695086   0.695086
7801          40    164      24   21.551602  -2.448398
7802          40    165      23   21.297979  -1.702021
7803          40    166      22   17.945211  -4.054789
7804          40    167      21   19.795222  -1.204778
7805          40    168      20   18.918229  -1.081771
7806          40    169      19   17.219654  -1.780346
7807          40    170      18   17.017591  -0.982409
7808          40    171      17   16.756068  -0.243932
7809          40    172      16   12.942047  -3.057953
7810          40    173      15   13.658992  -1.341008
7811          40    174      14   11.511950  -2.488050
7812          40    175      13   10.806309  -2.193691
7813          40    176      12   10.004325  -1.995675
7814          40    177      11    9.265408  -1.734592
7815          40    178      10    9.838895  -0.161105
7816          40    179       9    7.693266  -1.306734
7817          40    180       8    7.431950  -0.568050
7818          40    181       7    6.396649  -0.603351
7819          40    182       6    3.823722  -2.176278
7820          40    183       5    3.489882  -1.510118
7821          40    184       4    1.870580  -2.129420
7822          40    185       3    2.103683  -0.896317
7823          40    186       2    1.908069  -0.091931
7824          40    187       1    1.325138   0.325138
7825          40    188       0    0.978804   0.978804
7826          41      1     215  202.343558 -12.656442
7827          41      2     214  214.095356   0.095356
7828          41      3     213  213.174987   0.174987
7829          41      4     212  210.770891  -1.229109
7830          41      5     211  212.608897   1.608897
7831          41      6     210  201.826974  -8.173026
7832          41      7     209  204.938078  -4.061922
7833          41      8     208  204.394681  -3.605319
7834          41      9     207  204.422366  -2.577634
7835          41     10     206  202.271198  -3.728802
7836          41     11     205  200.639898  -4.360102
7837          41     12     204  200.990341  -3.009659
7838          41     13     203  204.225848   1.225848
7839          41     14     202  204.867075   2.867075
7840          41     15     201  202.967882   1.967882
7841          41     16     200  197.424801  -2.575199
7842          41     17     199  195.385975  -3.614025
7843          41     18     198  195.487448  -2.512552
7844          41     19     197  197.613559   0.613559
7845          41     20     196  200.064671   4.064671
7846          41     21     195  200.843555   5.843555
7847          41     22     194  199.182584   5.182584
7848          41     23     193  198.092722   5.092722
7849          41     24     192  198.814231   6.814231
7850          41     25     191  188.673700  -2.326300
7851          41     26     190  190.736329   0.736329
7852          41     27     189  190.058684   1.058684
7853          41     28     188  188.579002   0.579002
7854          41     29     187  188.332689   1.332689
7855          41     30     186  187.582610   1.582610
7856          41     31     185  184.369559  -0.630441
7857          41     32     184  184.310298   0.310298
7858          41     33     183  182.624112  -0.375888
7859          41     34     182  182.233207   0.233207
7860          41     35     181  181.449176   0.449176
7861          41     36     180  183.443705   3.443705
7862          41     37     179  179.380439   0.380439
7863          41     38     178  178.326637   0.326637
7864          41     39     177  178.954770   1.954770
7865          41     40     176  176.892850   0.892850
7866          41     41     175  176.798594   1.798594
7867          41     42     174  174.065032   0.065032
7868          41     43     173  174.917420   1.917420
7869          41     44     172  174.391807   2.391807
7870          41     45     171  175.835039   4.835039
7871          41     46     170  172.793259   2.793259
7872          41     47     169  171.920891   2.920891
7873          41     48     168  165.203675  -2.796325
7874          41     49     167  164.989355  -2.010645
7875          41     50     166  161.580193  -4.419807
7876          41     51     165  160.864121  -4.135879
7877          41     52     164  159.131837  -4.868163
7878          41     53     163  157.630485  -5.369515
7879          41     54     162  157.963853  -4.036147
7880          41     55     161  156.173664  -4.826336
7881          41     56     160  155.332165  -4.667835
7882          41     57     159  157.877944  -1.122056
7883          41     58     158  157.355392  -0.644608
7884          41     59     157  155.684452  -1.315548
7885          41     60     156  155.187827  -0.812173
7886          41     61     155  154.364804  -0.635196
7887          41     62     154  151.971911  -2.028089
7888          41     63     153  148.564492  -4.435508
7889          41     64     152  144.521743  -7.478257
7890          41     65     151  149.563153  -1.436847
7891          41     66     150  146.818973  -3.181027
7892          41     67     149  146.194159  -2.805841
7893          41     68     148  143.819480  -4.180520
7894          41     69     147  145.349296  -1.650704
7895          41     70     146  142.197214  -3.802786
7896          41     71     145  137.306419  -7.693581
7897          41     72     144  140.390425  -3.609575
7898          41     73     143  137.306482  -5.693518
7899          41     74     142  135.860692  -6.139308
7900          41     75     141  133.143662  -7.856338
7901          41     76     140  132.522170  -7.477830
7902          41     77     139  132.751315  -6.248685
7903          41     78     138  131.917571  -6.082429
7904          41     79     137  130.570907  -6.429093
7905          41     80     136  131.583876  -4.416124
7906          41     81     135  128.819745  -6.180255
7907          41     82     134  128.276445  -5.723555
7908          41     83     133  128.024123  -4.975877
7909          41     84     132  126.859882  -5.140118
7910          41     85     131  126.398332  -4.601668
7911          41     86     130  127.512361  -2.487639
7912          41     87     129  126.023218  -2.976782
7913          41     88     128  126.720650  -1.279350
7914          41     89     127  127.972077   0.972077
7915          41     90     126  126.904024   0.904024
7916          41     91     125  127.080101   2.080101
7917          41     92     124  125.971967   1.971967
7918          41     93     123  125.656338   2.656338
7919          41     94     122  123.249379   1.249379
7920          41     95     121  123.039616   2.039616
7921          41     96     120  121.622933   1.622933
7922          41     97     119  119.799525   0.799525
7923          41     98     118  121.013331   3.013331
7924          41     99     117  120.637132   3.637132
7925          41    100     116  111.047480  -4.952520
7926          41    101     115  110.313417  -4.686583
7927          41    102     114  107.808495  -6.191505
7928          41    103     113  115.179204   2.179204
7929          41    104     112  112.049943   0.049943
7930          41    105     111  113.047420   2.047420
7931          41    106     110  114.557591   4.557591
7932          41    107     109  113.542599   4.542599
7933          41    108     108  110.071685   2.071685
7934          41    109     107  108.245243   1.245243
7935          41    110     106  109.206035   3.206035
7936          41    111     105  112.506352   7.506352
7937          41    112     104  106.278463   2.278463
7938          41    113     103  104.110772   1.110772
7939          41    114     102  105.282986   3.282986
7940          41    115     101  103.262681   2.262681
7941          41    116     100   99.240261  -0.759739
7942          41    117      99  103.691614   4.691614
7943          41    118      98   98.461843   0.461843
7944          41    119      97  100.147714   3.147714
7945          41    120      96   96.539779   0.539779
7946          41    121      95   95.713050   0.713050
7947          41    122      94   94.338510   0.338510
7948          41    123      93   88.486188  -4.513812
7949          41    124      92   87.630334  -4.369666
7950          41    125      91   87.697482  -3.302518
7951          41    126      90   87.485574  -2.514426
7952          41    127      89   87.897300  -1.102700
7953          41    128      88   83.959971  -4.040029
7954          41    129      87   85.950581  -1.049419
7955          41    130      86   82.534084  -3.465916
7956          41    131      85   81.190185  -3.809815
7957          41    132      84   79.196337  -4.803663
7958          41    133      83   79.623216  -3.376784
7959          41    134      82   79.863053  -2.136947
7960          41    135      81   80.923614  -0.076386
7961          41    136      80   76.780716  -3.219284
7962          41    137      79   79.221279   0.221279
7963          41    138      78   77.098265  -0.901735
7964          41    139      77   78.218373   1.218373
7965          41    140      76   73.312667  -2.687333
7966          41    141      75   73.783612  -1.216388
7967          41    142      74   71.693657  -2.306343
7968          41    143      73   71.859612  -1.140388
7969          41    144      72   74.463903   2.463903
7970          41    145      71   75.115608   4.115608
7971          41    146      70   68.598828  -1.401172
7972          41    147      69   70.841196   1.841196
7973          41    148      68   64.981309  -3.018691
7974          41    149      67   64.546752  -2.453248
7975          41    150      66   62.331221  -3.668779
7976          41    151      65   65.515279   0.515279
7977          41    152      64   64.453242   0.453242
7978          41    153      63   59.042530  -3.957470
7979          41    154      62   60.414907  -1.585093
7980          41    155      61   57.651744  -3.348256
7981          41    156      60   59.643889  -0.356111
7982          41    157      59   57.575528  -1.424472
7983          41    158      58   55.967347  -2.032653
7984          41    159      57   57.460935   0.460935
7985          41    160      56   52.702708  -3.297292
7986          41    161      55   48.741782  -6.258218
7987          41    162      54   45.841187  -8.158813
7988          41    163      53   47.451627  -5.548373
7989          41    164      52   46.080976  -5.919024
7990          41    165      51   48.610426  -2.389574
7991          41    166      50   45.518853  -4.481147
7992          41    167      49   47.555947  -1.444053
7993          41    168      48   45.259791  -2.740209
7994          41    169      47   43.710808  -3.289192
7995          41    170      46   41.407155  -4.592845
7996          41    171      45   43.907265  -1.092735
7997          41    172      44   41.210601  -2.789399
7998          41    173      43   42.105115  -0.894885
7999          41    174      42   41.998848  -0.001152
8000          41    175      41   40.193079  -0.806921
8001          41    176      40   38.523307  -1.476693
8002          41    177      39   45.049097   6.049097
8003          41    178      38   43.926403   5.926403
8004          41    179      37   41.904164   4.904164
8005          41    180      36   39.596885   3.596885
8006          41    181      35   38.045906   3.045906
8007          41    182      34   33.997919  -0.002081
8008          41    183      33   38.033142   5.033142
8009          41    184      32   34.550001   2.550001
8010          41    185      31   31.758344   0.758344
8011          41    186      30   32.587998   2.587998
8012          41    187      29   27.317036  -1.682964
8013          41    188      28   25.277142  -2.722858
8014          41    189      27   23.351194  -3.648806
8015          41    190      26   22.381425  -3.618575
8016          41    191      25   21.022153  -3.977847
8017          41    192      24   20.818915  -3.181085
8018          41    193      23   21.718100  -1.281900
8019          41    194      22   19.952714  -2.047286
8020          41    195      21   18.739068  -2.260932
8021          41    196      20   19.133742  -0.866258
8022          41    197      19   18.280671  -0.719329
8023          41    198      18   17.020756  -0.979244
8024          41    199      17   17.141802   0.141802
8025          41    200      16   16.565811   0.565811
8026          41    201      15   16.054640   1.054640
8027          41    202      14   15.934463   1.934463
8028          41    203      13   15.566146   2.566146
8029          41    204      12   14.059637   2.059637
8030          41    205      11   11.356556   0.356556
8031          41    206      10   10.747747   0.747747
8032          41    207       9    9.102628   0.102628
8033          41    208       8    9.490946   1.490946
8034          41    209       7    7.166506   0.166506
8035          41    210       6    6.978666   0.978666
8036          41    211       5    5.164894   0.164894
8037          41    212       4    4.455768   0.455768
8038          41    213       3    2.311618  -0.688382
8039          41    214       2    1.643844  -0.356156
8040          41    215       1    1.540853   0.540853
8041          41    216       0    0.832627   0.832627
8042          42      1     195  206.958368  11.958368
8043          42      2     194  189.654650  -4.345350
8044          42      3     193  189.511436  -3.488564
8045          42      4     192  186.590711  -5.409289
8046          42      5     191  185.210584  -5.789416
8047          42      6     190  185.699985  -4.300015
8048          42      7     189  186.053849  -2.946151
8049          42      8     188  184.756602  -3.243398
8050          42      9     187  177.805478  -9.194522
8051          42     10     186  185.497762  -0.502238
8052          42     11     185  184.563700  -0.436300
8053          42     12     184  176.386238  -7.613762
8054          42     13     183  176.407693  -6.592307
8055          42     14     182  184.617048   2.617048
8056          42     15     181  177.473309  -3.526691
8057          42     16     180  175.760443  -4.239557
8058          42     17     179  175.102704  -3.897296
8059          42     18     178  175.025070  -2.974930
8060          42     19     177  173.770685  -3.229315
8061          42     20     176  175.031815  -0.968185
8062          42     21     175  176.626594   1.626594
8063          42     22     174  176.407538   2.407538
8064          42     23     173  172.983829  -0.016171
8065          42     24     172  173.102272   1.102272
8066          42     25     171  172.640324   1.640324
8067          42     26     170  171.718927   1.718927
8068          42     27     169  170.634127   1.634127
8069          42     28     168  165.485828  -2.514172
8070          42     29     167  164.551713  -2.448287
8071          42     30     166  163.938224  -2.061776
8072          42     31     165  170.285789   5.285789
8073          42     32     164  168.148372   4.148372
8074          42     33     163  165.596795   2.596795
8075          42     34     162  168.606410   6.606410
8076          42     35     161  167.529590   6.529590
8077          42     36     160  166.834456   6.834456
8078          42     37     159  164.738279   5.738279
8079          42     38     158  157.855227  -0.144773
8080          42     39     157  153.006738  -3.993262
8081          42     40     156  150.907184  -5.092816
8082          42     41     155  151.738754  -3.261246
8083          42     42     154  145.927865  -8.072135
8084          42     43     153  145.062255  -7.937745
8085          42     44     152  146.156159  -5.843841
8086          42     45     151  145.821035  -5.178965
8087          42     46     150  145.085549  -4.914451
8088          42     47     149  143.748503  -5.251497
8089          42     48     148  142.453561  -5.546439
8090          42     49     147  142.600691  -4.399309
8091          42     50     146  143.339135  -2.660865
8092          42     51     145  142.396179  -2.603821
8093          42     52     144  140.980978  -3.019022
8094          42     53     143  138.247468  -4.752532
8095          42     54     142  137.387164  -4.612836
8096          42     55     141  137.593837  -3.406163
8097          42     56     140  135.414966  -4.585034
8098          42     57     139  136.335144  -2.664856
8099          42     58     138  134.241646  -3.758354
8100          42     59     137  134.308293  -2.691707
8101          42     60     136  132.546746  -3.453254
8102          42     61     135  131.551208  -3.448792
8103          42     62     134  129.345877  -4.654123
8104          42     63     133  126.568466  -6.431534
8105          42     64     132  125.353558  -6.646442
8106          42     65     131  124.686285  -6.313715
8107          42     66     130  123.878846  -6.121154
8108          42     67     129  123.535285  -5.464715
8109          42     68     128  123.516835  -4.483165
8110          42     69     127  126.290646  -0.709354
8111          42     70     126  123.675125  -2.324875
8112          42     71     125  121.455478  -3.544522
8113          42     72     124  120.430775  -3.569225
8114          42     73     123  120.165217  -2.834783
8115          42     74     122  119.785159  -2.214841
8116          42     75     121  118.661297  -2.338703
8117          42     76     120  118.645110  -1.354890
8118          42     77     119  117.249887  -1.750113
8119          42     78     118  116.856629  -1.143371
8120          42     79     117  116.240290  -0.759710
8121          42     80     116  114.432917  -1.567083
8122          42     81     115  114.110788  -0.889212
8123          42     82     114  112.159079  -1.840921
8124          42     83     113  110.927690  -2.072310
8125          42     84     112  110.944667  -1.055333
8126          42     85     111  111.981953   0.981953
8127          42     86     110  109.576846  -0.423154
8128          42     87     109  110.542641   1.542641
8129          42     88     108  110.499616   2.499616
8130          42     89     107  108.950064   1.950064
8131          42     90     106  109.008927   3.008927
8132          42     91     105  108.785710   3.785710
8133          42     92     104  106.307486   2.307486
8134          42     93     103  107.838514   4.838514
8135          42     94     102  106.911714   4.911714
8136          42     95     101  104.696888   3.696888
8137          42     96     100  104.028068   4.028068
8138          42     97      99  102.056174   3.056174
8139          42     98      98  101.001990   3.001990
8140          42     99      97   99.017006   2.017006
8141          42    100      96   98.459739   2.459739
8142          42    101      95   97.721617   2.721617
8143          42    102      94   98.742600   4.742600
8144          42    103      93   98.599213   5.599213
8145          42    104      92   98.376421   6.376421
8146          42    105      91  100.179433   9.179433
8147          42    106      90   99.646664   9.646664
8148          42    107      89   99.081836  10.081836
8149          42    108      88   97.228609   9.228609
8150          42    109      87   94.885687   7.885687
8151          42    110      86   95.233183   9.233183
8152          42    111      85   92.543243   7.543243
8153          42    112      84   87.278719   3.278719
8154          42    113      83   86.004097   3.004097
8155          42    114      82   87.516675   5.516675
8156          42    115      81   84.931485   3.931485
8157          42    116      80   84.301079   4.301079
8158          42    117      79   81.018769   2.018769
8159          42    118      78   78.510014   0.510014
8160          42    119      77   73.711269  -3.288731
8161          42    120      76   66.373597  -9.626403
8162          42    121      75   65.889572  -9.110428
8163          42    122      74   70.989018  -3.010982
8164          42    123      73   68.619438  -4.380562
8165          42    124      72   67.300352  -4.699648
8166          42    125      71   67.051806  -3.948194
8167          42    126      70   70.204988   0.204988
8168          42    127      69   72.335355   3.335355
8169          42    128      68   68.846640   0.846640
8170          42    129      67   69.036321   2.036321
8171          42    130      66   64.622104  -1.377896
8172          42    131      65   66.717670   1.717670
8173          42    132      64   63.901636  -0.098364
8174          42    133      63   60.961910  -2.038090
8175          42    134      62   61.956787  -0.043213
8176          42    135      61   61.023349   0.023349
8177          42    136      60   59.101133  -0.898867
8178          42    137      59   56.859965  -2.140035
8179          42    138      58   58.422157   0.422157
8180          42    139      57   52.537048  -4.462952
8181          42    140      56   55.152265  -0.847735
8182          42    141      55   53.680605  -1.319395
8183          42    142      54   50.635055  -3.364945
8184          42    143      53   50.713505  -2.286495
8185          42    144      52   46.227811  -5.772189
8186          42    145      51   49.519586  -1.480414
8187          42    146      50   45.039030  -4.960970
8188          42    147      49   46.215238  -2.784762
8189          42    148      48   43.155775  -4.844225
8190          42    149      47   45.829337  -1.170663
8191          42    150      46   43.461899  -2.538101
8192          42    151      45   42.893072  -2.106928
8193          42    152      44   44.338204   0.338204
8194          42    153      43   40.836951  -2.163049
8195          42    154      42   40.379692  -1.620308
8196          42    155      41   38.283108  -2.716892
8197          42    156      40   37.491167  -2.508833
8198          42    157      39   36.654474  -2.345526
8199          42    158      38   37.924198  -0.075802
8200          42    159      37   38.739034   1.739034
8201          42    160      36   37.424381   1.424381
8202          42    161      35   39.582696   4.582696
8203          42    162      34   38.003588   4.003588
8204          42    163      33   39.349835   6.349835
8205          42    164      32   38.372549   6.372549
8206          42    165      31   40.338004   9.338004
8207          42    166      30   36.386624   6.386624
8208          42    167      29   33.156089   4.156089
8209          42    168      28   30.844460   2.844460
8210          42    169      27   30.341808   3.341808
8211          42    170      26   28.911558   2.911558
8212          42    171      25   25.968881   0.968881
8213          42    172      24   24.084407   0.084407
8214          42    173      23   21.726103  -1.273897
8215          42    174      22   20.274684  -1.725316
8216          42    175      21   21.855444   0.855444
8217          42    176      20   20.942828   0.942828
8218          42    177      19   19.382768   0.382768
8219          42    178      18   16.855788  -1.144212
8220          42    179      17   15.926819  -1.073181
8221          42    180      16   15.469421  -0.530579
8222          42    181      15   12.066669  -2.933331
8223          42    182      14   12.929712  -1.070288
8224          42    183      13   11.190725  -1.809275
8225          42    184      12   11.370845  -0.629155
8226          42    185      11   11.493487   0.493487
8227          42    186      10    9.612533  -0.387467
8228          42    187       9    9.614453   0.614453
8229          42    188       8    8.559412   0.559412
8230          42    189       7    8.289661   1.289661
8231          42    190       6    7.227332   1.227332
8232          42    191       5    6.063699   1.063699
8233          42    192       4    6.604466   2.604466
8234          42    193       3    6.895222   3.895222
8235          42    194       2    5.238810   3.238810
8236          42    195       1    3.998074   2.998074
8237          42    196       0    3.858931   3.858931
8238          43      1     206  212.556914   6.556914
8239          43      2     205  208.314257   3.314257
8240          43      3     204  204.096482   0.096482
8241          43      4     203  203.775462   0.775462
8242          43      5     202  209.323704   7.323704
8243          43      6     201  203.161279   2.161279
8244          43      7     200  204.497627   4.497627
8245          43      8     199  205.394925   6.394925
8246          43      9     198  201.702046   3.702046
8247          43     10     197  190.333405  -6.666595
8248          43     11     196  197.568310   1.568310
8249          43     12     195  202.065432   7.065432
8250          43     13     194  195.301807   1.301807
8251          43     14     193  200.102648   7.102648
8252          43     15     192  196.176056   4.176056
8253          43     16     191  194.262301   3.262301
8254          43     17     190  193.627714   3.627714
8255          43     18     189  191.402611   2.402611
8256          43     19     188  190.738213   2.738213
8257          43     20     187  190.918668   3.918668
8258          43     21     186  189.561104   3.561104
8259          43     22     185  189.833009   4.833009
8260          43     23     184  186.636227   2.636227
8261          43     24     183  185.687477   2.687477
8262          43     25     182  185.251750   3.251750
8263          43     26     181  184.757698   3.757698
8264          43     27     180  183.334563   3.334563
8265          43     28     179  183.416491   4.416491
8266          43     29     178  183.276415   5.276415
8267          43     30     177  184.325738   7.325738
8268          43     31     176  183.600482   7.600482
8269          43     32     175  182.849267   7.849267
8270          43     33     174  180.533818   6.533818
8271          43     34     173  178.634155   5.634155
8272          43     35     172  178.120524   6.120524
8273          43     36     171  178.555904   7.555904
8274          43     37     170  174.970214   4.970214
8275          43     38     169  175.296076   6.296076
8276          43     39     168  174.736469   6.736469
8277          43     40     167  170.126055   3.126055
8278          43     41     166  174.283663   8.283663
8279          43     42     165  168.247001   3.247001
8280          43     43     164  165.493475   1.493475
8281          43     44     163  168.567791   5.567791
8282          43     45     162  169.601155   7.601155
8283          43     46     161  163.170942   2.170942
8284          43     47     160  161.689108   1.689108
8285          43     48     159  164.360965   5.360965
8286          43     49     158  160.759326   2.759326
8287          43     50     157  156.526126  -0.473874
8288          43     51     156  156.586193   0.586193
8289          43     52     155  153.144920  -1.855080
8290          43     53     154  153.354159  -0.645841
8291          43     54     153  152.372084  -0.627916
8292          43     55     152  151.185513  -0.814487
8293          43     56     151  149.853493  -1.146507
8294          43     57     150  149.672728  -0.327272
8295          43     58     149  146.847710  -2.152290
8296          43     59     148  146.782005  -1.217995
8297          43     60     147  146.172513  -0.827487
8298          43     61     146  143.457849  -2.542151
8299          43     62     145  143.568038  -1.431962
8300          43     63     144  142.028644  -1.971356
8301          43     64     143  145.777419   2.777419
8302          43     65     142  141.203897  -0.796103
8303          43     66     141  140.200967  -0.799033
8304          43     67     140  137.540099  -2.459901
8305          43     68     139  141.301409   2.301409
8306          43     69     138  139.388383   1.388383
8307          43     70     137  135.615267  -1.384733
8308          43     71     136  135.711640  -0.288360
8309          43     72     135  136.775697   1.775697
8310          43     73     134  130.984633  -3.015367
8311          43     74     133  131.039161  -1.960839
8312          43     75     132  131.307254  -0.692746
8313          43     76     131  132.575098   1.575098
8314          43     77     130  133.117676   3.117676
8315          43     78     129  132.295488   3.295488
8316          43     79     128  127.817542  -0.182458
8317          43     80     127  126.726860  -0.273140
8318          43     81     126  126.952186   0.952186
8319          43     82     125  124.969743  -0.030257
8320          43     83     124  125.184635   1.184635
8321          43     84     123  123.745685   0.745685
8322          43     85     122  122.716913   0.716913
8323          43     86     121  115.385833  -5.614167
8324          43     87     120  116.491492  -3.508508
8325          43     88     119  111.614679  -7.385321
8326          43     89     118  110.763994  -7.236006
8327          43     90     117  110.133130  -6.866870
8328          43     91     116  111.964172  -4.035828
8329          43     92     115  108.975368  -6.024632
8330          43     93     114  111.523047  -2.476953
8331          43     94     113  109.324147  -3.675853
8332          43     95     112  110.322147  -1.677853
8333          43     96     111  110.014665  -0.985335
8334          43     97     110  108.179616  -1.820384
8335          43     98     109  108.069048  -0.930952
8336          43     99     108  108.181828   0.181828
8337          43    100     107  106.750446  -0.249554
8338          43    101     106  106.516337   0.516337
8339          43    102     105  105.126589   0.126589
8340          43    103     104  107.295042   3.295042
8341          43    104     103  108.708103   5.708103
8342          43    105     102  108.043085   6.043085
8343          43    106     101  101.004828   0.004828
8344          43    107     100  101.337320   1.337320
8345          43    108      99  104.489342   5.489342
8346          43    109      98  100.555981   2.555981
8347          43    110      97  100.856584   3.856584
8348          43    111      96   94.919563  -1.080437
8349          43    112      95   94.723664  -0.276336
8350          43    113      94   93.966002  -0.033998
8351          43    114      93   91.864441  -1.135559
8352          43    115      92   90.393104  -1.606896
8353          43    116      91   91.409884   0.409884
8354          43    117      90   85.983730  -4.016270
8355          43    118      89   90.987659   1.987659
8356          43    119      88   91.156380   3.156380
8357          43    120      87   89.769322   2.769322
8358          43    121      86   86.893851   0.893851
8359          43    122      85   88.420035   3.420035
8360          43    123      84   80.856173  -3.143827
8361          43    124      83   76.860693  -6.139307
8362          43    125      82   77.642914  -4.357086
8363          43    126      81   77.283285  -3.716715
8364          43    127      80   76.836742  -3.163258
8365          43    128      79   76.657796  -2.342204
8366          43    129      78   74.287299  -3.712701
8367          43    130      77   74.992805  -2.007195
8368          43    131      76   74.964107  -1.035893
8369          43    132      75   76.277890   1.277890
8370          43    133      74   75.741946   1.741946
8371          43    134      73   75.843421   2.843421
8372          43    135      72   71.757310  -0.242690
8373          43    136      71   70.921067  -0.078933
8374          43    137      70   70.568628   0.568628
8375          43    138      69   67.653494  -1.346506
8376          43    139      68   68.241320   0.241320
8377          43    140      67   62.740579  -4.259421
8378          43    141      66   67.405892   1.405892
8379          43    142      65   68.035672   3.035672
8380          43    143      64   63.197100  -0.802900
8381          43    144      63   60.976474  -2.023526
8382          43    145      62   57.546937  -4.453063
8383          43    146      61   57.130666  -3.869334
8384          43    147      60   62.098875   2.098875
8385          43    148      59   59.068442   0.068442
8386          43    149      58   57.606178  -0.393822
8387          43    150      57   62.712958   5.712958
8388          43    151      56   56.345872   0.345872
8389          43    152      55   57.086535   2.086535
8390          43    153      54   55.450744   1.450744
8391          43    154      53   55.754031   2.754031
8392          43    155      52   51.565692  -0.434308
8393          43    156      51   52.693282   1.693282
8394          43    157      50   51.711483   1.711483
8395          43    158      49   52.167639   3.167639
8396          43    159      48   51.586644   3.586644
8397          43    160      47   49.220955   2.220955
8398          43    161      46   46.804881   0.804881
8399          43    162      45   53.394583   8.394583
8400          43    163      44   48.351952   4.351952
8401          43    164      43   48.575048   5.575048
8402          43    165      42   48.151922   6.151922
8403          43    166      41   50.911538   9.911538
8404          43    167      40   51.713827  11.713827
8405          43    168      39   45.199283   6.199283
8406          43    169      38   38.220892   0.220892
8407          43    170      37   36.465706  -0.534294
8408          43    171      36   37.641499   1.641499
8409          43    172      35   34.664865  -0.335135
8410          43    173      34   28.573221  -5.426779
8411          43    174      33   27.165146  -5.834854
8412          43    175      32   25.217486  -6.782514
8413          43    176      31   26.534178  -4.465822
8414          43    177      30   22.592377  -7.407623
8415          43    178      29   23.026577  -5.973423
8416          43    179      28   22.962359  -5.037641
8417          43    180      27   24.713671  -2.286329
8418          43    181      26   24.169457  -1.830543
8419          43    182      25   21.922263  -3.077737
8420          43    183      24   23.106252  -0.893748
8421          43    184      23   22.469118  -0.530882
8422          43    185      22   21.955973  -0.044027
8423          43    186      21   22.554249   1.554249
8424          43    187      20   19.904887  -0.095113
8425          43    188      19   19.388922   0.388922
8426          43    189      18   18.749927   0.749927
8427          43    190      17   16.493268  -0.506732
8428          43    191      16   16.889429   0.889429
8429          43    192      15   14.772118  -0.227882
8430          43    193      14   12.367998  -1.632002
8431          43    194      13   10.697526  -2.302474
8432          43    195      12   11.111854  -0.888146
8433          43    196      11    9.915632  -1.084368
8434          43    197      10   10.942710   0.942710
8435          43    198       9    9.181450   0.181450
8436          43    199       8    7.394602  -0.605398
8437          43    200       7    7.134572   0.134572
8438          43    201       6    6.310233   0.310233
8439          43    202       5    5.794974   0.794974
8440          43    203       4    3.772272  -0.227728
8441          43    204       3    2.860915  -0.139085
8442          43    205       2    2.300801   0.300801
8443          43    206       1    3.058712   2.058712
8444          43    207       0    1.327290   1.327290
8445          44      1     191  187.939072  -3.060928
8446          44      2     190  194.886141   4.886141
8447          44      3     189  178.855793 -10.144207
8448          44      4     188  190.432189   2.432189
8449          44      5     187  188.684895   1.684895
8450          44      6     186  187.318981   1.318981
8451          44      7     185  188.557302   3.557302
8452          44      8     184  185.414778   1.414778
8453          44      9     183  184.422606   1.422606
8454          44     10     182  185.939771   3.939771
8455          44     11     181  182.431457   1.431457
8456          44     12     180  181.142016   1.142016
8457          44     13     179  177.191335  -1.808665
8458          44     14     178  177.444032  -0.555968
8459          44     15     177  181.588344   4.588344
8460          44     16     176  181.573699   5.573699
8461          44     17     175  178.046510   3.046510
8462          44     18     174  177.557144   3.557144
8463          44     19     173  176.587349   3.587349
8464          44     20     172  174.989512   2.989512
8465          44     21     171  172.058959   1.058959
8466          44     22     170  170.421357   0.421357
8467          44     23     169  171.326504   2.326504
8468          44     24     168  173.031226   5.031226
8469          44     25     167  167.319816   0.319816
8470          44     26     166  165.872836  -0.127164
8471          44     27     165  164.754400  -0.245600
8472          44     28     164  163.374008  -0.625992
8473          44     29     163  164.922407   1.922407
8474          44     30     162  165.766296   3.766296
8475          44     31     161  160.820603  -0.179397
8476          44     32     160  161.384227   1.384227
8477          44     33     159  160.989729   1.989729
8478          44     34     158  161.575474   3.575474
8479          44     35     157  160.478098   3.478098
8480          44     36     156  157.183597   1.183597
8481          44     37     155  153.934381  -1.065619
8482          44     38     154  153.497027  -0.502973
8483          44     39     153  151.952451  -1.047549
8484          44     40     152  149.194312  -2.805688
8485          44     41     151  148.552871  -2.447129
8486          44     42     150  146.005381  -3.994619
8487          44     43     149  143.388655  -5.611345
8488          44     44     148  134.960848 -13.039152
8489          44     45     147  134.643902 -12.356098
8490          44     46     146  140.525562  -5.474438
8491          44     47     145  139.979475  -5.020525
8492          44     48     144  140.009589  -3.990411
8493          44     49     143  138.457053  -4.542947
8494          44     50     142  143.787956   1.787956
8495          44     51     141  139.666888  -1.333112
8496          44     52     140  138.566572  -1.433428
8497          44     53     139  139.711603   0.711603
8498          44     54     138  139.966697   1.966697
8499          44     55     137  135.288773  -1.711227
8500          44     56     136  137.764187   1.764187
8501          44     57     135  137.219415   2.219415
8502          44     58     134  132.820166  -1.179834
8503          44     59     133  131.325887  -1.674113
8504          44     60     132  131.334079  -0.665921
8505          44     61     131  125.131058  -5.868942
8506          44     62     130  121.850457  -8.149543
8507          44     63     129  122.685842  -6.314158
8508          44     64     128  122.351248  -5.648752
8509          44     65     127  121.019493  -5.980507
8510          44     66     126  120.565011  -5.434989
8511          44     67     125  121.124142  -3.875858
8512          44     68     124  124.596316   0.596316
8513          44     69     123  122.922490  -0.077510
8514          44     70     122  120.744283  -1.255717
8515          44     71     121  121.697670   0.697670
8516          44     72     120  121.297839   1.297839
8517          44     73     119  120.488594   1.488594
8518          44     74     118  120.534491   2.534491
8519          44     75     117  120.724979   3.724979
8520          44     76     116  116.758760   0.758760
8521          44     77     115  115.534437   0.534437
8522          44     78     114  113.040145  -0.959855
8523          44     79     113  114.075058   1.075058
8524          44     80     112  113.838481   1.838481
8525          44     81     111  112.590729   1.590729
8526          44     82     110  111.871974   1.871974
8527          44     83     109  111.532835   2.532835
8528          44     84     108  108.617720   0.617720
8529          44     85     107  107.036199   0.036199
8530          44     86     106  106.367738   0.367738
8531          44     87     105  108.471620   3.471620
8532          44     88     104  111.888406   7.888406
8533          44     89     103  108.748516   5.748516
8534          44     90     102  106.092089   4.092089
8535          44     91     101  106.319067   5.319067
8536          44     92     100  103.851232   3.851232
8537          44     93      99  103.677908   4.677908
8538          44     94      98  100.407229   2.407229
8539          44     95      97  102.589147   5.589147
8540          44     96      96  103.383553   7.383553
8541          44     97      95  101.552218   6.552218
8542          44     98      94   98.825050   4.825050
8543          44     99      93   97.277020   4.277020
8544          44    100      92   98.085455   6.085455
8545          44    101      91   97.043320   6.043320
8546          44    102      90   90.308355   0.308355
8547          44    103      89   90.450215   1.450215
8548          44    104      88   86.887405  -1.112595
8549          44    105      87   87.270311   0.270311
8550          44    106      86   86.519106   0.519106
8551          44    107      85   80.229348  -4.770652
8552          44    108      84   81.395394  -2.604606
8553          44    109      83   82.003891  -0.996109
8554          44    110      82   81.095491  -0.904509
8555          44    111      81   79.517164  -1.482836
8556          44    112      80   79.282212  -0.717788
8557          44    113      79   77.861607  -1.138393
8558          44    114      78   72.247615  -5.752385
8559          44    115      77   71.625441  -5.374559
8560          44    116      76   69.517760  -6.482240
8561          44    117      75   68.257633  -6.742367
8562          44    118      74   68.667644  -5.332356
8563          44    119      73   69.453252  -3.546748
8564          44    120      72   71.683760  -0.316240
8565          44    121      71   69.919403  -1.080597
8566          44    122      70   66.447513  -3.552487
8567          44    123      69   66.380856  -2.619144
8568          44    124      68   67.606394  -0.393606
8569          44    125      67   66.205226  -0.794774
8570          44    126      66   66.278787   0.278787
8571          44    127      65   62.314107  -2.685893
8572          44    128      64   64.738941   0.738941
8573          44    129      63   65.517714   2.517714
8574          44    130      62   61.600493  -0.399507
8575          44    131      61   62.044440   1.044440
8576          44    132      60   61.938767   1.938767
8577          44    133      59   63.139675   4.139675
8578          44    134      58   63.309124   5.309124
8579          44    135      57   59.998671   2.998671
8580          44    136      56   57.373725   1.373725
8581          44    137      55   53.337014  -1.662986
8582          44    138      54   51.980731  -2.019269
8583          44    139      53   48.996104  -4.003896
8584          44    140      52   52.656688   0.656688
8585          44    141      51   51.997706   0.997706
8586          44    142      50   52.369657   2.369657
8587          44    143      49   53.223665   4.223665
8588          44    144      48   50.075152   2.075152
8589          44    145      47   51.184298   4.184298
8590          44    146      46   46.400309   0.400309
8591          44    147      45   46.728695   1.728695
8592          44    148      44   47.330918   3.330918
8593          44    149      43   45.612064   2.612064
8594          44    150      42   45.771133   3.771133
8595          44    151      41   46.326777   5.326777
8596          44    152      40   38.046229  -1.953771
8597          44    153      39   38.489501  -0.510499
8598          44    154      38   38.873083   0.873083
8599          44    155      37   39.918999   2.918999
8600          44    156      36   40.133830   4.133830
8601          44    157      35   36.497924   1.497924
8602          44    158      34   33.126779  -0.873221
8603          44    159      33   31.746801  -1.253199
8604          44    160      32   32.937406   0.937406
8605          44    161      31   30.946976  -0.053024
8606          44    162      30   32.099420   2.099420
8607          44    163      29   33.464521   4.464521
8608          44    164      28   34.456955   6.456955
8609          44    165      27   32.282952   5.282952
8610          44    166      26   28.775077   2.775077
8611          44    167      25   28.855637   3.855637
8612          44    168      24   29.154795   5.154795
8613          44    169      23   25.787667   2.787667
8614          44    170      22   25.314793   3.314793
8615          44    171      21   21.568032   0.568032
8616          44    172      20   20.134560   0.134560
8617          44    173      19   18.980050  -0.019950
8618          44    174      18   16.914334  -1.085666
8619          44    175      17   16.632497  -0.367503
8620          44    176      16   16.184576   0.184576
8621          44    177      15   15.374721   0.374721
8622          44    178      14   16.254282   2.254282
8623          44    179      13   13.504818   0.504818
8624          44    180      12   12.329494   0.329494
8625          44    181      11   12.705519   1.705519
8626          44    182      10   10.297646   0.297646
8627          44    183       9    9.666101   0.666101
8628          44    184       8    8.108037   0.108037
8629          44    185       7    8.739943   1.739943
8630          44    186       6    7.183906   1.183906
8631          44    187       5    5.996408   0.996408
8632          44    188       4    5.109588   1.109588
8633          44    189       3    4.232230   1.232230
8634          44    190       2    2.822339   0.822339
8635          44    191       1    2.247782   1.247782
8636          44    192       0    1.828616   1.828616
8637          45      1     157  168.729527  11.729527
8638          45      2     156  165.553568   9.553568
8639          45      3     155  165.486359  10.486359
8640          45      4     154  161.125992   7.125992
8641          45      5     153  155.448693   2.448693
8642          45      6     152  151.134317  -0.865683
8643          45      7     151  150.636329  -0.363671
8644          45      8     150  155.811684   5.811684
8645          45      9     149  153.609357   4.609357
8646          45     10     148  157.139593   9.139593
8647          45     11     147  150.614997   3.614997
8648          45     12     146  147.903688   1.903688
8649          45     13     145  146.979805   1.979805
8650          45     14     144  143.625622  -0.374378
8651          45     15     143  143.109119   0.109119
8652          45     16     142  143.329149   1.329149
8653          45     17     141  144.945931   3.945931
8654          45     18     140  142.822983   2.822983
8655          45     19     139  137.154415  -1.845585
8656          45     20     138  141.314822   3.314822
8657          45     21     137  139.204368   2.204368
8658          45     22     136  136.413577   0.413577
8659          45     23     135  136.265424   1.265424
8660          45     24     134  138.085364   4.085364
8661          45     25     133  135.869714   2.869714
8662          45     26     132  135.697045   3.697045
8663          45     27     131  132.044035   1.044035
8664          45     28     130  131.729986   1.729986
8665          45     29     129  132.577433   3.577433
8666          45     30     128  130.505605   2.505605
8667          45     31     127  129.740221   2.740221
8668          45     32     126  129.410221   3.410221
8669          45     33     125  127.615939   2.615939
8670          45     34     124  127.445348   3.445348
8671          45     35     123  124.426302   1.426302
8672          45     36     122  122.365282   0.365282
8673          45     37     121  120.054863  -0.945137
8674          45     38     120  115.767827  -4.232173
8675          45     39     119  115.718148  -3.281852
8676          45     40     118  113.389214  -4.610786
8677          45     41     117  114.021111  -2.978889
8678          45     42     116  111.978891  -4.021109
8679          45     43     115  112.737602  -2.262398
8680          45     44     114  113.955703  -0.044297
8681          45     45     113  112.851625  -0.148375
8682          45     46     112  112.011792   0.011792
8683          45     47     111  108.852965  -2.147035
8684          45     48     110  108.843612  -1.156388
8685          45     49     109  107.417063  -1.582937
8686          45     50     108  105.779951  -2.220049
8687          45     51     107  103.907748  -3.092252
8688          45     52     106  102.656361  -3.343639
8689          45     53     105  102.188384  -2.811616
8690          45     54     104  100.696132  -3.303868
8691          45     55     103  101.208126  -1.791874
8692          45     56     102  100.928861  -1.071139
8693          45     57     101  101.681299   0.681299
8694          45     58     100   99.449160  -0.550840
8695          45     59      99   96.690705  -2.309295
8696          45     60      98   96.174892  -1.825108
8697          45     61      97   97.635326   0.635326
8698          45     62      96   96.889321   0.889321
8699          45     63      95   96.045676   1.045676
8700          45     64      94   95.613845   1.613845
8701          45     65      93   95.085096   2.085096
8702          45     66      92   92.164193   0.164193
8703          45     67      91   88.746709  -2.253291
8704          45     68      90   88.325590  -1.674410
8705          45     69      89   88.440346  -0.559654
8706          45     70      88   89.904836   1.904836
8707          45     71      87   90.092263   3.092263
8708          45     72      86   90.736015   4.736015
8709          45     73      85   88.860015   3.860015
8710          45     74      84   89.113393   5.113393
8711          45     75      83   90.132763   7.132763
8712          45     76      82   89.176089   7.176089
8713          45     77      81   79.099650  -1.900350
8714          45     78      80   78.620481  -1.379519
8715          45     79      79   77.287815  -1.712185
8716          45     80      78   80.596452   2.596452
8717          45     81      77   79.536042   2.536042
8718          45     82      76   78.544572   2.544572
8719          45     83      75   80.707876   5.707876
8720          45     84      74   79.324090   5.324090
8721          45     85      73   81.395130   8.395130
8722          45     86      72   77.424380   5.424380
8723          45     87      71   75.803977   4.803977
8724          45     88      70   76.536293   6.536293
8725          45     89      69   75.784686   6.784686
8726          45     90      68   75.931854   7.931854
8727          45     91      67   69.307977   2.307977
8728          45     92      66   67.934326   1.934326
8729          45     93      65   68.071459   3.071459
8730          45     94      64   69.513628   5.513628
8731          45     95      63   67.695675   4.695675
8732          45     96      62   65.803919   3.803919
8733          45     97      61   62.688240   1.688240
8734          45     98      60   65.887240   5.887240
8735          45     99      59   64.329559   5.329559
8736          45    100      58   61.498851   3.498851
8737          45    101      57   61.337048   4.337048
8738          45    102      56   56.918165   0.918165
8739          45    103      55   57.238987   2.238987
8740          45    104      54   56.685155   2.685155
8741          45    105      53   54.191190   1.191190
8742          45    106      52   51.521134  -0.478866
8743          45    107      51   52.618485   1.618485
8744          45    108      50   50.344899   0.344899
8745          45    109      49   48.260676  -0.739324
8746          45    110      48   50.679896   2.679896
8747          45    111      47   50.765613   3.765613
8748          45    112      46   50.391295   4.391295
8749          45    113      45   50.055354   5.055354
8750          45    114      44   46.554225   2.554225
8751          45    115      43   46.126579   3.126579
8752          45    116      42   43.404264   1.404264
8753          45    117      41   42.998318   1.998318
8754          45    118      40   42.937811   2.937811
8755          45    119      39   43.193499   4.193499
8756          45    120      38   41.959860   3.959860
8757          45    121      37   39.831366   2.831366
8758          45    122      36   35.806430  -0.193570
8759          45    123      35   37.150994   2.150994
8760          45    124      34   41.004232   7.004232
8761          45    125      33   34.285280   1.285280
8762          45    126      32   35.077390   3.077390
8763          45    127      31   34.581025   3.581025
8764          45    128      30   29.341128  -0.658872
8765          45    129      29   26.471772  -2.528228
8766          45    130      28   24.546401  -3.453599
8767          45    131      27   23.085620  -3.914380
8768          45    132      26   23.689428  -2.310572
8769          45    133      25   21.654433  -3.345567
8770          45    134      24   21.896114  -2.103886
8771          45    135      23   20.966955  -2.033045
8772          45    136      22   19.971727  -2.028273
8773          45    137      21   20.435533  -0.564467
8774          45    138      20   21.692757   1.692757
8775          45    139      19   18.553800  -0.446200
8776          45    140      18   18.304232   0.304232
8777          45    141      17   17.737201   0.737201
8778          45    142      16   16.101882   0.101882
8779          45    143      15   14.741002  -0.258998
8780          45    144      14   14.431244   0.431244
8781          45    145      13   13.195598   0.195598
8782          45    146      12   11.921699  -0.078301
8783          45    147      11   12.290433   1.290433
8784          45    148      10   10.614697   0.614697
8785          45    149       9    8.619067  -0.380933
8786          45    150       8    5.782089  -2.217911
8787          45    151       7    3.959996  -3.040004
8788          45    152       6    3.348314  -2.651686
8789          45    153       5    3.145941  -1.854059
8790          45    154       4    3.143783  -0.856217
8791          45    155       3    3.041169   0.041169
8792          45    156       2    1.066344  -0.933656
8793          45    157       1    0.130173  -0.869827
8794          45    158       0   -0.192270  -0.192270
8795          46      1     255  243.407239 -11.592761
8796          46      2     254  252.998320  -1.001680
8797          46      3     253  261.753295   8.753295
8798          46      4     252  248.324558  -3.675442
8799          46      5     251  247.645762  -3.354238
8800          46      6     250  252.331211   2.331211
8801          46      7     249  245.933536  -3.066464
8802          46      8     248  238.644571  -9.355429
8803          46      9     247  239.672681  -7.327319
8804          46     10     246  240.686923  -5.313077
8805          46     11     245  243.002479  -1.997521
8806          46     12     244  232.854381 -11.145619
8807          46     13     243  234.692243  -8.307757
8808          46     14     242  235.418004  -6.581996
8809          46     15     241  239.126383  -1.873617
8810          46     16     240  238.829858  -1.170142
8811          46     17     239  239.378519   0.378519
8812          46     18     238  233.931800  -4.068200
8813          46     19     237  233.438965  -3.561035
8814          46     20     236  233.534698  -2.465302
8815          46     21     235  232.233982  -2.766018
8816          46     22     234  230.795285  -3.204715
8817          46     23     233  230.654073  -2.345927
8818          46     24     232  230.318429  -1.681571
8819          46     25     231  230.399988  -0.600012
8820          46     26     230  230.811558   0.811558
8821          46     27     229  230.048005   1.048005
8822          46     28     228  226.477680  -1.522320
8823          46     29     227  225.107855  -1.892145
8824          46     30     226  225.202525  -0.797475
8825          46     31     225  224.398320  -0.601680
8826          46     32     224  223.256773  -0.743227
8827          46     33     223  223.611066   0.611066
8828          46     34     222  223.627277   1.627277
8829          46     35     221  221.000857   0.000857
8830          46     36     220  218.600299  -1.399701
8831          46     37     219  217.540028  -1.459972
8832          46     38     218  219.744085   1.744085
8833          46     39     217  220.377052   3.377052
8834          46     40     216  218.770217   2.770217
8835          46     41     215  215.298292   0.298292
8836          46     42     214  211.634445  -2.365555
8837          46     43     213  210.904058  -2.095942
8838          46     44     212  207.428642  -4.571358
8839          46     45     211  211.955847   0.955847
8840          46     46     210  207.626574  -2.373426
8841          46     47     209  209.529846   0.529846
8842          46     48     208  209.542112   1.542112
8843          46     49     207  208.681757   1.681757
8844          46     50     206  205.794130  -0.205870
8845          46     51     205  208.086525   3.086525
8846          46     52     204  205.270874   1.270874
8847          46     53     203  198.387783  -4.612217
8848          46     54     202  196.137213  -5.862787
8849          46     55     201  199.850931  -1.149069
8850          46     56     200  199.808140  -0.191860
8851          46     57     199  199.966637   0.966637
8852          46     58     198  200.406424   2.406424
8853          46     59     197  198.114550   1.114550
8854          46     60     196  198.198142   2.198142
8855          46     61     195  196.222880   1.222880
8856          46     62     194  192.189517  -1.810483
8857          46     63     193  192.023468  -0.976532
8858          46     64     192  190.513307  -1.486693
8859          46     65     191  190.449391  -0.550609
8860          46     66     190  188.243175  -1.756825
8861          46     67     189  188.256218  -0.743782
8862          46     68     188  185.848838  -2.151162
8863          46     69     187  185.301935  -1.698065
8864          46     70     186  184.762740  -1.237260
8865          46     71     185  183.120824  -1.879176
8866          46     72     184  183.926506  -0.073494
8867          46     73     183  180.274809  -2.725191
8868          46     74     182  174.419010  -7.580990
8869          46     75     181  176.903530  -4.096470
8870          46     76     180  180.199522   0.199522
8871          46     77     179  179.681296   0.681296
8872          46     78     178  177.605068  -0.394932
8873          46     79     177  176.775542  -0.224458
8874          46     80     176  175.332107  -0.667893
8875          46     81     175  173.662192  -1.337808
8876          46     82     174  173.050682  -0.949318
8877          46     83     173  173.431021   0.431021
8878          46     84     172  171.379484  -0.620516
8879          46     85     171  171.441078   0.441078
8880          46     86     170  169.327789  -0.672211
8881          46     87     169  167.516255  -1.483745
8882          46     88     168  165.290869  -2.709131
8883          46     89     167  165.195629  -1.804371
8884          46     90     166  166.136156   0.136156
8885          46     91     165  164.579065  -0.420935
8886          46     92     164  164.731613   0.731613
8887          46     93     163  164.528844   1.528844
8888          46     94     162  162.687399   0.687399
8889          46     95     161  166.048104   5.048104
8890          46     96     160  163.697122   3.697122
8891          46     97     159  159.258721   0.258721
8892          46     98     158  157.795906  -0.204094
8893          46     99     157  152.822894  -4.177106
8894          46    100     156  156.767091   0.767091
8895          46    101     155  155.783688   0.783688
8896          46    102     154  153.912842  -0.087158
8897          46    103     153  149.885824  -3.114176
8898          46    104     152  155.370398   3.370398
8899          46    105     151  152.679307   1.679307
8900          46    106     150  149.790263  -0.209737
8901          46    107     149  148.076319  -0.923681
8902          46    108     148  149.254078   1.254078
8903          46    109     147  147.429125   0.429125
8904          46    110     146  148.813447   2.813447
8905          46    111     145  148.662131   3.662131
8906          46    112     144  145.564450   1.564450
8907          46    113     143  145.782484   2.782484
8908          46    114     142  147.713763   5.713763
8909          46    115     141  138.599543  -2.400457
8910          46    116     140  138.348704  -1.651296
8911          46    117     139  140.980361   1.980361
8912          46    118     138  141.162682   3.162682
8913          46    119     137  131.803813  -5.196187
8914          46    120     136  130.746040  -5.253960
8915          46    121     135  132.249946  -2.750054
8916          46    122     134  130.496771  -3.503229
8917          46    123     133  121.130306 -11.869694
8918          46    124     132  131.725725  -0.274275
8919          46    125     131  130.488041  -0.511959
8920          46    126     130  125.727505  -4.272495
8921          46    127     129  126.376377  -2.623623
8922          46    128     128  125.651567  -2.348433
8923          46    129     127  124.703326  -2.296674
8924          46    130     126  121.462611  -4.537389
8925          46    131     125  125.442113   0.442113
8926          46    132     124  115.004381  -8.995619
8927          46    133     123  116.723248  -6.276752
8928          46    134     122  116.751216  -5.248784
8929          46    135     121  118.421503  -2.578497
8930          46    136     120  117.232054  -2.767946
8931          46    137     119  118.784104  -0.215896
8932          46    138     118  116.069262  -1.930738
8933          46    139     117  117.426361   0.426361
8934          46    140     116  117.333032   1.333032
8935          46    141     115  115.708189   0.708189
8936          46    142     114  116.259771   2.259771
8937          46    143     113  115.167699   2.167699
8938          46    144     112  113.831292   1.831292
8939          46    145     111  115.107118   4.107118
8940          46    146     110  111.043509   1.043509
8941          46    147     109  113.081908   4.081908
8942          46    148     108  114.299574   6.299574
8943          46    149     107  109.361654   2.361654
8944          46    150     106  108.156245   2.156245
8945          46    151     105  106.906324   1.906324
8946          46    152     104  103.664286  -0.335714
8947          46    153     103  104.200630   1.200630
8948          46    154     102  100.878457  -1.121543
8949          46    155     101   99.473199  -1.526801
8950          46    156     100   98.415058  -1.584942
8951          46    157      99   93.240773  -5.759227
8952          46    158      98   99.681000   1.681000
8953          46    159      97   96.472202  -0.527798
8954          46    160      96   93.468087  -2.531913
8955          46    161      95   94.334616  -0.665384
8956          46    162      94   94.154587   0.154587
8957          46    163      93   91.336001  -1.663999
8958          46    164      92   91.866089  -0.133911
8959          46    165      91   88.860103  -2.139897
8960          46    166      90   90.800343   0.800343
8961          46    167      89   86.366802  -2.633198
8962          46    168      88   88.128434   0.128434
8963          46    169      87   82.547011  -4.452989
8964          46    170      86   87.225798   1.225798
8965          46    171      85   89.578326   4.578326
8966          46    172      84   86.364808   2.364808
8967          46    173      83   80.471912  -2.528088
8968          46    174      82   78.931374  -3.068626
8969          46    175      81   78.902457  -2.097543
8970          46    176      80   77.674379  -2.325621
8971          46    177      79   79.819424   0.819424
8972          46    178      78   77.626989  -0.373011
8973          46    179      77   80.860260   3.860260
8974          46    180      76   78.567550   2.567550
8975          46    181      75   74.989444  -0.010556
8976          46    182      74   72.108226  -1.891774
8977          46    183      73   69.123938  -3.876062
8978          46    184      72   66.926861  -5.073139
8979          46    185      71   64.677327  -6.322673
8980          46    186      70   65.344627  -4.655373
8981          46    187      69   63.659857  -5.340143
8982          46    188      68   61.779383  -6.220617
8983          46    189      67   60.615110  -6.384890
8984          46    190      66   61.001776  -4.998224
8985          46    191      65   60.878513  -4.121487
8986          46    192      64   60.172166  -3.827834
8987          46    193      63   60.079331  -2.920669
8988          46    194      62   59.719263  -2.280737
8989          46    195      61   58.975698  -2.024302
8990          46    196      60   61.428598   1.428598
8991          46    197      59   56.494657  -2.505343
8992          46    198      58   59.203685   1.203685
8993          46    199      57   58.201674   1.201674
8994          46    200      56   55.649946  -0.350054
8995          46    201      55   53.218996  -1.781004
8996          46    202      54   54.211667   0.211667
8997          46    203      53   49.074106  -3.925894
8998          46    204      52   47.259365  -4.740635
8999          46    205      51   49.960250  -1.039750
9000          46    206      50   51.637486   1.637486
9001          46    207      49   51.146794   2.146794
9002          46    208      48   47.736488  -0.263512
9003          46    209      47   46.162251  -0.837749
9004          46    210      46   43.384214  -2.615786
9005          46    211      45   45.020256   0.020256
9006          46    212      44   46.233068   2.233068
9007          46    213      43   41.524462  -1.475538
9008          46    214      42   45.477401   3.477401
9009          46    215      41   45.900677   4.900677
9010          46    216      40   44.589766   4.589766
9011          46    217      39   43.231878   4.231878
9012          46    218      38   40.825646   2.825646
9013          46    219      37   31.948516  -5.051484
9014          46    220      36   33.838993  -2.161007
9015          46    221      35   32.322726  -2.677274
9016          46    222      34   30.329153  -3.670847
9017          46    223      33   30.395785  -2.604215
9018          46    224      32   29.794332  -2.205668
9019          46    225      31   30.721332  -0.278668
9020          46    226      30   30.781843   0.781843
9021          46    227      29   30.967939   1.967939
9022          46    228      28   28.582426   0.582426
9023          46    229      27   28.600649   1.600649
9024          46    230      26   25.900379  -0.099621
9025          46    231      25   22.703482  -2.296518
9026          46    232      24   23.024124  -0.975876
9027          46    233      23   26.564478   3.564478
9028          46    234      22   23.861964   1.861964
9029          46    235      21   21.614758   0.614758
9030          46    236      20   24.263769   4.263769
9031          46    237      19   22.502977   3.502977
9032          46    238      18   20.901931   2.901931
9033          46    239      17   21.871119   4.871119
9034          46    240      16   19.687424   3.687424
9035          46    241      15   21.254327   6.254327
9036          46    242      14   17.784699   3.784699
9037          46    243      13   14.928293   1.928293
9038          46    244      12   17.037141   5.037141
9039          46    245      11   14.316259   3.316259
9040          46    246      10   10.747007   0.747007
9041          46    247       9    8.923429  -0.076571
9042          46    248       8    7.115623  -0.884377
9043          46    249       7    6.174964  -0.825036
9044          46    250       6    5.384723  -0.615277
9045          46    251       5    4.764530  -0.235470
9046          46    252       4    3.789706  -0.210294
9047          46    253       3    2.512485  -0.487515
9048          46    254       2    2.210869   0.210869
9049          46    255       1    2.122475   1.122475
9050          46    256       0    2.000990   2.000990
9051          47      1     213  197.508166 -15.491834
9052          47      2     212  200.495690 -11.504310
9053          47      3     211  212.957669   1.957669
9054          47      4     210  200.386538  -9.613462
9055          47      5     209  211.503901   2.503901
9056          47      6     208  203.793252  -4.206748
9057          47      7     207  198.568117  -8.431883
9058          47      8     206  207.613927   1.613927
9059          47      9     205  200.659990  -4.340010
9060          47     10     204  203.775626  -0.224374
9061          47     11     203  210.585536   7.585536
9062          47     12     202  205.121084   3.121084
9063          47     13     201  201.038594   0.038594
9064          47     14     200  201.889950   1.889950
9065          47     15     199  195.968739  -3.031261
9066          47     16     198  194.682900  -3.317100
9067          47     17     197  193.839583  -3.160417
9068          47     18     196  195.079033  -0.920967
9069          47     19     195  187.492380  -7.507620
9070          47     20     194  190.466183  -3.533817
9071          47     21     193  189.649916  -3.350084
9072          47     22     192  190.425467  -1.574533
9073          47     23     191  190.078291  -0.921709
9074          47     24     190  188.788950  -1.211050
9075          47     25     189  186.326041  -2.673959
9076          47     26     188  187.669799  -0.330201
9077          47     27     187  188.078913   1.078913
9078          47     28     186  187.048776   1.048776
9079          47     29     185  186.612619   1.612619
9080          47     30     184  187.769283   3.769283
9081          47     31     183  187.505849   4.505849
9082          47     32     182  182.286175   0.286175
9083          47     33     181  180.794517  -0.205483
9084          47     34     180  180.160099   0.160099
9085          47     35     179  180.429488   1.429488
9086          47     36     178  179.505888   1.505888
9087          47     37     177  178.241931   1.241931
9088          47     38     176  178.529352   2.529352
9089          47     39     175  176.410250   1.410250
9090          47     40     174  175.654898   1.654898
9091          47     41     173  174.955314   1.955314
9092          47     42     172  173.845048   1.845048
9093          47     43     171  172.261512   1.261512
9094          47     44     170  172.801644   2.801644
9095          47     45     169  166.967282  -2.032718
9096          47     46     168  166.175916  -1.824084
9097          47     47     167  167.922929   0.922929
9098          47     48     166  168.288924   2.288924
9099          47     49     165  165.561455   0.561455
9100          47     50     164  166.734685   2.734685
9101          47     51     163  166.373332   3.373332
9102          47     52     162  165.822202   3.822202
9103          47     53     161  162.823300   1.823300
9104          47     54     160  159.137926  -0.862074
9105          47     55     159  158.327875  -0.672125
9106          47     56     158  160.408700   2.408700
9107          47     57     157  160.748864   3.748864
9108          47     58     156  156.722219   0.722219
9109          47     59     155  153.723811  -1.276189
9110          47     60     154  153.886343  -0.113657
9111          47     61     153  152.594393  -0.405607
9112          47     62     152  153.587369   1.587369
9113          47     63     151  151.627819   0.627819
9114          47     64     150  150.254241   0.254241
9115          47     65     149  149.763653   0.763653
9116          47     66     148  150.454109   2.454109
9117          47     67     147  148.686437   1.686437
9118          47     68     146  148.351055   2.351055
9119          47     69     145  148.463433   3.463433
9120          47     70     144  147.877842   3.877842
9121          47     71     143  147.176659   4.176659
9122          47     72     142  143.834367   1.834367
9123          47     73     141  146.092571   5.092571
9124          47     74     140  142.139650   2.139650
9125          47     75     139  132.567689  -6.432311
9126          47     76     138  132.584357  -5.415643
9127          47     77     137  132.272181  -4.727819
9128          47     78     136  131.994749  -4.005251
9129          47     79     135  131.276086  -3.723914
9130          47     80     134  131.734342  -2.265658
9131          47     81     133  131.462962  -1.537038
9132          47     82     132  129.605929  -2.394071
9133          47     83     131  130.034204  -0.965796
9134          47     84     130  126.896758  -3.103242
9135          47     85     129  126.172008  -2.827992
9136          47     86     128  124.053516  -3.946484
9137          47     87     127  124.798665  -2.201335
9138          47     88     126  118.447296  -7.552704
9139          47     89     125  115.742036  -9.257964
9140          47     90     124  115.999778  -8.000222
9141          47     91     123  116.182286  -6.817714
9142          47     92     122  122.725100   0.725100
9143          47     93     121  123.599950   2.599950
9144          47     94     120  123.597249   3.597249
9145          47     95     119  117.653267  -1.346733
9146          47     96     118  121.146562   3.146562
9147          47     97     117  119.388921   2.388921
9148          47     98     116  117.725283   1.725283
9149          47     99     115  112.455575  -2.544425
9150          47    100     114  113.450122  -0.549878
9151          47    101     113  121.016133   8.016133
9152          47    102     112  113.373020   1.373020
9153          47    103     111  111.277736   0.277736
9154          47    104     110  113.429358   3.429358
9155          47    105     109  109.707079   0.707079
9156          47    106     108  110.770985   2.770985
9157          47    107     107  105.356383  -1.643617
9158          47    108     106  104.946357  -1.053643
9159          47    109     105  100.585570  -4.414430
9160          47    110     104  104.721215   0.721215
9161          47    111     103  105.103809   2.103809
9162          47    112     102  107.612063   5.612063
9163          47    113     101  106.013557   5.013557
9164          47    114     100  105.830297   5.830297
9165          47    115      99  104.763263   5.763263
9166          47    116      98   99.181523   1.181523
9167          47    117      97   93.856145  -3.143855
9168          47    118      96   95.721775  -0.278225
9169          47    119      95   97.521773   2.521773
9170          47    120      94   89.668021  -4.331979
9171          47    121      93   88.865288  -4.134712
9172          47    122      92   88.038077  -3.961923
9173          47    123      91   94.747252   3.747252
9174          47    124      90   95.930980   5.930980
9175          47    125      89   84.459056  -4.540944
9176          47    126      88   83.624724  -4.375276
9177          47    127      87   91.806824   4.806824
9178          47    128      86   84.765039  -1.234961
9179          47    129      85   81.972340  -3.027660
9180          47    130      84   88.928116   4.928116
9181          47    131      83   87.496965   4.496965
9182          47    132      82   82.511735   0.511735
9183          47    133      81   87.148975   6.148975
9184          47    134      80   88.167447   8.167447
9185          47    135      79   85.620928   6.620928
9186          47    136      78   73.123035  -4.876965
9187          47    137      77   70.697783  -6.302217
9188          47    138      76   73.786723  -2.213277
9189          47    139      75   76.510410   1.510410
9190          47    140      74   71.440263  -2.559737
9191          47    141      73   70.486893  -2.513107
9192          47    142      72   70.991912  -1.008088
9193          47    143      71   68.962639  -2.037361
9194          47    144      70   69.197955  -0.802045
9195          47    145      69   68.106926  -0.893074
9196          47    146      68   69.851570   1.851570
9197          47    147      67   62.574761  -4.425239
9198          47    148      66   66.334949   0.334949
9199          47    149      65   63.973354  -1.026646
9200          47    150      64   66.191602   2.191602
9201          47    151      63   63.031840   0.031840
9202          47    152      62   62.975656   0.975656
9203          47    153      61   58.890065  -2.109935
9204          47    154      60   60.393423   0.393423
9205          47    155      59   61.600421   2.600421
9206          47    156      58   53.658855  -4.341145
9207          47    157      57   54.469507  -2.530493
9208          47    158      56   51.578275  -4.421725
9209          47    159      55   48.302901  -6.697099
9210          47    160      54   49.940466  -4.059534
9211          47    161      53   52.499279  -0.500721
9212          47    162      52   49.729952  -2.270048
9213          47    163      51   51.738415   0.738415
9214          47    164      50   47.623181  -2.376819
9215          47    165      49   47.755298  -1.244702
9216          47    166      48   47.389142  -0.610858
9217          47    167      47   45.903770  -1.096230
9218          47    168      46   47.658049   1.658049
9219          47    169      45   42.473275  -2.526725
9220          47    170      44   40.998846  -3.001154
9221          47    171      43   38.160160  -4.839840
9222          47    172      42   35.993582  -6.006418
9223          47    173      41   37.110824  -3.889176
9224          47    174      40   35.454144  -4.545856
9225          47    175      39   28.635308 -10.364692
9226          47    176      38   28.547059  -9.452941
9227          47    177      37   30.219937  -6.780063
9228          47    178      36   31.975843  -4.024157
9229          47    179      35   33.428099  -1.571901
9230          47    180      34   30.994172  -3.005828
9231          47    181      33   31.896377  -1.103623
9232          47    182      32   36.571814   4.571814
9233          47    183      31   34.213500   3.213500
9234          47    184      30   31.377204   1.377204
9235          47    185      29   28.263238  -0.736762
9236          47    186      28   27.961927  -0.038073
9237          47    187      27   29.146436   2.146436
9238          47    188      26   25.140655  -0.859345
9239          47    189      25   27.001979   2.001979
9240          47    190      24   24.995721   0.995721
9241          47    191      23   27.112376   4.112376
9242          47    192      22   21.656033  -0.343967
9243          47    193      21   22.501740   1.501740
9244          47    194      20   16.876051  -3.123949
9245          47    195      19   18.169459  -0.830541
9246          47    196      18   16.409412  -1.590588
9247          47    197      17   14.804684  -2.195316
9248          47    198      16   15.189552  -0.810448
9249          47    199      15   14.283682  -0.716318
9250          47    200      14   14.180681   0.180681
9251          47    201      13   14.714139   1.714139
9252          47    202      12   13.507644   1.507644
9253          47    203      11   12.389653   1.389653
9254          47    204      10   10.169757   0.169757
9255          47    205       9    8.237744  -0.762256
9256          47    206       8    8.569694   0.569694
9257          47    207       7    5.271357  -1.728643
9258          47    208       6    4.804380  -1.195620
9259          47    209       5    3.942540  -1.057460
9260          47    210       4    3.400497  -0.599503
9261          47    211       3    2.949388  -0.050612
9262          47    212       2    2.207175   0.207175
9263          47    213       1    2.154925   1.154925
9264          47    214       0    1.976979   1.976979
9265          48      1     230  217.382395 -12.617605
9266          48      2     229  223.909781  -5.090219
9267          48      3     228  228.562782   0.562782
9268          48      4     227  225.078214  -1.921786
9269          48      5     226  219.421866  -6.578134
9270          48      6     225  224.108772  -0.891228
9271          48      7     224  218.941827  -5.058173
9272          48      8     223  222.120749  -0.879251
9273          48      9     222  218.974896  -3.025104
9274          48     10     221  219.387843  -1.612157
9275          48     11     220  219.159965  -0.840035
9276          48     12     219  211.701756  -7.298244
9277          48     13     218  206.960506 -11.039494
9278          48     14     217  209.955953  -7.044047
9279          48     15     216  211.102532  -4.897468
9280          48     16     215  212.788503  -2.211497
9281          48     17     214  210.336866  -3.663134
9282          48     18     213  209.555548  -3.444452
9283          48     19     212  209.444741  -2.555259
9284          48     20     211  209.321131  -1.678869
9285          48     21     210  208.232317  -1.767683
9286          48     22     209  208.251261  -0.748739
9287          48     23     208  207.256002  -0.743998
9288          48     24     207  202.367018  -4.632982
9289          48     25     206  200.866762  -5.133238
9290          48     26     205  200.473857  -4.526143
9291          48     27     204  201.027543  -2.972457
9292          48     28     203  198.811061  -4.188939
9293          48     29     202  198.825892  -3.174108
9294          48     30     201  199.562612  -1.437388
9295          48     31     200  198.259992  -1.740008
9296          48     32     199  199.138181   0.138181
9297          48     33     198  197.654004  -0.345996
9298          48     34     197  194.117538  -2.882462
9299          48     35     196  192.578954  -3.421046
9300          48     36     195  194.035839  -0.964161
9301          48     37     194  192.823882  -1.176118
9302          48     38     193  191.450513  -1.549487
9303          48     39     192  190.933837  -1.066163
9304          48     40     191  190.502239  -0.497761
9305          48     41     190  192.792774   2.792774
9306          48     42     189  192.105795   3.105795
9307          48     43     188  187.856810  -0.143190
9308          48     44     187  188.608131   1.608131
9309          48     45     186  188.880625   2.880625
9310          48     46     185  187.511565   2.511565
9311          48     47     184  187.805396   3.805396
9312          48     48     183  185.596175   2.596175
9313          48     49     182  185.486786   3.486786
9314          48     50     181  184.408011   3.408011
9315          48     51     180  182.829788   2.829788
9316          48     52     179  181.786155   2.786155
9317          48     53     178  179.988451   1.988451
9318          48     54     177  180.038227   3.038227
9319          48     55     176  180.273883   4.273883
9320          48     56     175  177.097988   2.097988
9321          48     57     174  179.624893   5.624893
9322          48     58     173  177.974560   4.974560
9323          48     59     172  176.100716   4.100716
9324          48     60     171  177.090863   6.090863
9325          48     61     170  174.896385   4.896385
9326          48     62     169  170.860075   1.860075
9327          48     63     168  167.557088  -0.442912
9328          48     64     167  168.029485   1.029485
9329          48     65     166  165.187158  -0.812842
9330          48     66     165  163.191703  -1.808297
9331          48     67     164  164.619837   0.619837
9332          48     68     163  161.007299  -1.992701
9333          48     69     162  160.771947  -1.228053
9334          48     70     161  159.593115  -1.406885
9335          48     71     160  156.686141  -3.313859
9336          48     72     159  155.255580  -3.744420
9337          48     73     158  153.721216  -4.278784
9338          48     74     157  154.504903  -2.495097
9339          48     75     156  155.589065  -0.410935
9340          48     76     155  155.089511   0.089511
9341          48     77     154  154.908676   0.908676
9342          48     78     153  152.262436  -0.737564
9343          48     79     152  152.026196   0.026196
9344          48     80     151  152.233726   1.233726
9345          48     81     150  151.740354   1.740354
9346          48     82     149  149.293247   0.293247
9347          48     83     148  148.293131   0.293131
9348          48     84     147  147.622872   0.622872
9349          48     85     146  148.427076   2.427076
9350          48     86     145  146.711715   1.711715
9351          48     87     144  142.269970  -1.730030
9352          48     88     143  138.422283  -4.577717
9353          48     89     142  136.678235  -5.321765
9354          48     90     141  136.902361  -4.097639
9355          48     91     140  136.241085  -3.758915
9356          48     92     139  133.745519  -5.254481
9357          48     93     138  139.122105   1.122105
9358          48     94     137  139.498936   2.498936
9359          48     95     136  136.637751   0.637751
9360          48     96     135  128.513200  -6.486800
9361          48     97     134  125.687541  -8.312459
9362          48     98     133  124.687643  -8.312357
9363          48     99     132  117.602104 -14.397896
9364          48    100     131  121.429224  -9.570776
9365          48    101     130  123.227613  -6.772387
9366          48    102     129  126.167350  -2.832650
9367          48    103     128  127.236610  -0.763390
9368          48    104     127  125.973424  -1.026576
9369          48    105     126  124.999927  -1.000073
9370          48    106     125  120.534731  -4.465269
9371          48    107     124  123.758056  -0.241944
9372          48    108     123  112.097930 -10.902070
9373          48    109     122  115.798118  -6.201882
9374          48    110     121  112.756219  -8.243781
9375          48    111     120  112.384944  -7.615056
9376          48    112     119  113.554814  -5.445186
9377          48    113     118  112.125652  -5.874348
9378          48    114     117  115.154504  -1.845496
9379          48    115     116  107.858729  -8.141271
9380          48    116     115  105.607413  -9.392587
9381          48    117     114  109.519833  -4.480167
9382          48    118     113  111.096401  -1.903599
9383          48    119     112  111.178074  -0.821926
9384          48    120     111  110.571506  -0.428494
9385          48    121     110  106.359881  -3.640119
9386          48    122     109  105.527243  -3.472757
9387          48    123     108  106.727006  -1.272994
9388          48    124     107  100.715928  -6.284072
9389          48    125     106   99.621698  -6.378302
9390          48    126     105  101.549269  -3.450731
9391          48    127     104  101.299945  -2.700055
9392          48    128     103  102.599296  -0.400704
9393          48    129     102  102.223018   0.223018
9394          48    130     101  100.426345  -0.573655
9395          48    131     100   94.052563  -5.947437
9396          48    132      99  101.718538   2.718538
9397          48    133      98   97.925523  -0.074477
9398          48    134      97   91.092596  -5.907404
9399          48    135      96   92.703369  -3.296631
9400          48    136      95   92.311653  -2.688347
9401          48    137      94   94.553725   0.553725
9402          48    138      93   88.562955  -4.437045
9403          48    139      92   87.455307  -4.544693
9404          48    140      91   86.873437  -4.126563
9405          48    141      90   88.317816  -1.682184
9406          48    142      89   87.831265  -1.168735
9407          48    143      88   88.611213   0.611213
9408          48    144      87   87.562411   0.562411
9409          48    145      86   85.033898  -0.966102
9410          48    146      85   83.734852  -1.265148
9411          48    147      84   84.361901   0.361901
9412          48    148      83   86.727158   3.727158
9413          48    149      82   88.629258   6.629258
9414          48    150      81   86.137494   5.137494
9415          48    151      80   83.799469   3.799469
9416          48    152      79   80.459879   1.459879
9417          48    153      78   83.458350   5.458350
9418          48    154      77   79.389846   2.389846
9419          48    155      76   80.551007   4.551007
9420          48    156      75   77.006307   2.006307
9421          48    157      74   73.732014  -0.267986
9422          48    158      73   72.223057  -0.776943
9423          48    159      72   74.634728   2.634728
9424          48    160      71   71.878963   0.878963
9425          48    161      70   73.409852   3.409852
9426          48    162      69   73.949178   4.949178
9427          48    163      68   71.822188   3.822188
9428          48    164      67   71.690663   4.690663
9429          48    165      66   65.765696  -0.234304
9430          48    166      65   65.772096   0.772096
9431          48    167      64   64.786638   0.786638
9432          48    168      63   66.311399   3.311399
9433          48    169      62   65.127468   3.127468
9434          48    170      61   66.153609   5.153609
9435          48    171      60   64.434716   4.434716
9436          48    172      59   62.148413   3.148413
9437          48    173      58   55.785052  -2.214948
9438          48    174      57   55.635403  -1.364597
9439          48    175      56   56.706445   0.706445
9440          48    176      55   55.109790   0.109790
9441          48    177      54   50.336214  -3.663786
9442          48    178      53   51.092912  -1.907088
9443          48    179      52   54.236570   2.236570
9444          48    180      51   52.340977   1.340977
9445          48    181      50   50.856818   0.856818
9446          48    182      49   50.511177   1.511177
9447          48    183      48   50.903419   2.903419
9448          48    184      47   49.723976   2.723976
9449          48    185      46   48.553924   2.553924
9450          48    186      45   49.719347   4.719347
9451          48    187      44   49.263908   5.263908
9452          48    188      43   50.067739   7.067739
9453          48    189      42   45.247293   3.247293
9454          48    190      41   45.216101   4.216101
9455          48    191      40   43.742969   3.742969
9456          48    192      39   42.338525   3.338525
9457          48    193      38   41.310188   3.310188
9458          48    194      37   45.848959   8.848959
9459          48    195      36   40.833102   4.833102
9460          48    196      35   39.858257   4.858257
9461          48    197      34   32.104303  -1.895697
9462          48    198      33   37.272269   4.272269
9463          48    199      32   34.215449   2.215449
9464          48    200      31   32.130645   1.130645
9465          48    201      30   29.375831  -0.624169
9466          48    202      29   32.209752   3.209752
9467          48    203      28   30.541574   2.541574
9468          48    204      27   29.317394   2.317394
9469          48    205      26   29.505250   3.505250
9470          48    206      25   26.333291   1.333291
9471          48    207      24   23.574868  -0.425132
9472          48    208      23   22.189492  -0.810508
9473          48    209      22   22.438589   0.438589
9474          48    210      21   20.674930  -0.325070
9475          48    211      20   18.567868  -1.432132
9476          48    212      19   18.430947  -0.569053
9477          48    213      18   18.275746   0.275746
9478          48    214      17   17.934993   0.934993
9479          48    215      16   16.411985   0.411985
9480          48    216      15   14.865629  -0.134371
9481          48    217      14   13.891212  -0.108788
9482          48    218      13   14.580565   1.580565
9483          48    219      12   13.270573   1.270573
9484          48    220      11   10.403483  -0.596517
9485          48    221      10    9.524115  -0.475885
9486          48    222       9    7.180143  -1.819857
9487          48    223       8    7.188045  -0.811955
9488          48    224       7    6.345642  -0.654358
9489          48    225       6    6.052964   0.052964
9490          48    226       5    6.240873   1.240873
9491          48    227       4    5.576283   1.576283
9492          48    228       3    5.587275   2.587275
9493          48    229       2    4.014154   2.014154
9494          48    230       1    3.462053   2.462053
9495          48    231       0    2.923777   2.923777
9496          49      1     214  195.674002 -18.325998
9497          49      2     213  197.235715 -15.764285
9498          49      3     212  204.229765  -7.770235
9499          49      4     211  204.872989  -6.127011
9500          49      5     210  206.536983  -3.463017
9501          49      6     209  193.162881 -15.837119
9502          49      7     208  202.398667  -5.601333
9503          49      8     207  204.101031  -2.898969
9504          49      9     206  201.633543  -4.366457
9505          49     10     205  198.789199  -6.210801
9506          49     11     204  201.376841  -2.623159
9507          49     12     203  194.650153  -8.349847
9508          49     13     202  199.706770  -2.293230
9509          49     14     201  190.603118 -10.396882
9510          49     15     200  193.594584  -6.405416
9511          49     16     199  192.888026  -6.111974
9512          49     17     198  192.486709  -5.513291
9513          49     18     197  190.914730  -6.085270
9514          49     19     196  192.142005  -3.857995
9515          49     20     195  195.121901   0.121901
9516          49     21     194  192.860520  -1.139480
9517          49     22     193  191.744798  -1.255202
9518          49     23     192  190.870472  -1.129528
9519          49     24     191  190.944293  -0.055707
9520          49     25     190  191.030395   1.030395
9521          49     26     189  191.071019   2.071019
9522          49     27     188  191.020316   3.020316
9523          49     28     187  190.670685   3.670685
9524          49     29     186  189.820878   3.820878
9525          49     30     185  191.074585   6.074585
9526          49     31     184  191.527213   7.527213
9527          49     32     183  184.976755   1.976755
9528          49     33     182  184.812544   2.812544
9529          49     34     181  184.730135   3.730135
9530          49     35     180  182.068182   2.068182
9531          49     36     179  179.571970   0.571970
9532          49     37     178  178.005045   0.005045
9533          49     38     177  177.973797   0.973797
9534          49     39     176  179.008617   3.008617
9535          49     40     175  176.712279   1.712279
9536          49     41     174  175.148165   1.148165
9537          49     42     173  175.070794   2.070794
9538          49     43     172  175.069558   3.069558
9539          49     44     171  176.181981   5.181981
9540          49     45     170  176.216990   6.216990
9541          49     46     169  173.011809   4.011809
9542          49     47     168  172.900826   4.900826
9543          49     48     167  171.062903   4.062903
9544          49     49     166  169.109262   3.109262
9545          49     50     165  167.433458   2.433458
9546          49     51     164  167.208173   3.208173
9547          49     52     163  161.882793  -1.117207
9548          49     53     162  158.333044  -3.666956
9549          49     54     161  158.580800  -2.419200
9550          49     55     160  159.274793  -0.725207
9551          49     56     159  158.297421  -0.702579
9552          49     57     158  158.395141   0.395141
9553          49     58     157  156.730455  -0.269545
9554          49     59     156  152.034871  -3.965129
9555          49     60     155  150.447828  -4.552172
9556          49     61     154  150.014077  -3.985923
9557          49     62     153  149.540963  -3.459037
9558          49     63     152  151.536960  -0.463040
9559          49     64     151  152.656652   1.656652
9560          49     65     150  149.184417  -0.815583
9561          49     66     149  145.074385  -3.925615
9562          49     67     148  144.744475  -3.255525
9563          49     68     147  143.294059  -3.705941
9564          49     69     146  142.137190  -3.862810
9565          49     70     145  141.872952  -3.127048
9566          49     71     144  140.130387  -3.869613
9567          49     72     143  141.765875  -1.234125
9568          49     73     142  140.390532  -1.609468
9569          49     74     141  136.268385  -4.731615
9570          49     75     140  136.856919  -3.143081
9571          49     76     139  136.547135  -2.452865
9572          49     77     138  136.435032  -1.564968
9573          49     78     137  135.624535  -1.375465
9574          49     79     136  137.239504   1.239504
9575          49     80     135  136.027036   1.027036
9576          49     81     134  134.337282   0.337282
9577          49     82     133  130.404658  -2.595342
9578          49     83     132  127.665979  -4.334021
9579          49     84     131  127.014298  -3.985702
9580          49     85     130  125.347830  -4.652170
9581          49     86     129  125.997006  -3.002994
9582          49     87     128  123.548568  -4.451432
9583          49     88     127  122.422474  -4.577526
9584          49     89     126  122.128679  -3.871321
9585          49     90     125  125.271283   0.271283
9586          49     91     124  125.036445   1.036445
9587          49     92     123  122.358667  -0.641333
9588          49     93     122  123.224672   1.224672
9589          49     94     121  119.069923  -1.930077
9590          49     95     120  119.134585  -0.865415
9591          49     96     119  122.707040   3.707040
9592          49     97     118  117.466434  -0.533566
9593          49     98     117  113.278692  -3.721308
9594          49     99     116  116.875924   0.875924
9595          49    100     115  112.399242  -2.600758
9596          49    101     114  111.110214  -2.889786
9597          49    102     113  111.971288  -1.028712
9598          49    103     112  110.278893  -1.721107
9599          49    104     111  110.935238  -0.064762
9600          49    105     110  109.521378  -0.478622
9601          49    106     109  108.145097  -0.854903
9602          49    107     108  107.185716  -0.814284
9603          49    108     107  104.194308  -2.805692
9604          49    109     106  105.045036  -0.954964
9605          49    110     105  101.216180  -3.783820
9606          49    111     104  102.617351  -1.382649
9607          49    112     103  103.260451   0.260451
9608          49    113     102  101.076863  -0.923137
9609          49    114     101  100.481283  -0.518717
9610          49    115     100  100.912770   0.912770
9611          49    116      99  102.725141   3.725141
9612          49    117      98   96.597852  -1.402148
9613          49    118      97   96.804822  -0.195178
9614          49    119      96   94.369831  -1.630169
9615          49    120      95   98.726871   3.726871
9616          49    121      94   93.880885  -0.119115
9617          49    122      93   96.685179   3.685179
9618          49    123      92   89.125136  -2.874864
9619          49    124      91   97.345101   6.345101
9620          49    125      90   85.959402  -4.040598
9621          49    126      89   87.947245  -1.052755
9622          49    127      88   89.426112   1.426112
9623          49    128      87   98.251282  11.251282
9624          49    129      86   89.436608   3.436608
9625          49    130      85   88.972681   3.972681
9626          49    131      84   88.947746   4.947746
9627          49    132      83   81.440540  -1.559460
9628          49    133      82   77.244071  -4.755929
9629          49    134      81   79.022136  -1.977864
9630          49    135      80   76.233908  -3.766092
9631          49    136      79   76.488362  -2.511638
9632          49    137      78   76.949251  -1.050749
9633          49    138      77   79.535481   2.535481
9634          49    139      76   76.586714   0.586714
9635          49    140      75   76.433873   1.433873
9636          49    141      74   78.947907   4.947907
9637          49    142      73   73.564908   0.564908
9638          49    143      72   72.178863   0.178863
9639          49    144      71   71.514996   0.514996
9640          49    145      70   65.052929  -4.947071
9641          49    146      69   65.374324  -3.625676
9642          49    147      68   70.115208   2.115208
9643          49    148      67   63.390339  -3.609661
9644          49    149      66   59.880637  -6.119363
9645          49    150      65   61.634565  -3.365435
9646          49    151      64   60.303235  -3.696765
9647          49    152      63   58.224298  -4.775702
9648          49    153      62   55.745619  -6.254381
9649          49    154      61   58.899919  -2.100081
9650          49    155      60   59.122231  -0.877769
9651          49    156      59   59.633870   0.633870
9652          49    157      58   59.004198   1.004198
9653          49    158      57   56.134979  -0.865021
9654          49    159      56   57.475412   1.475412
9655          49    160      55   53.946485  -1.053515
9656          49    161      54   55.377722   1.377722
9657          49    162      53   52.392698  -0.607302
9658          49    163      52   47.996218  -4.003782
9659          49    164      51   48.765276  -2.234724
9660          49    165      50   46.437991  -3.562009
9661          49    166      49   47.963635  -1.036365
9662          49    167      48   45.708763  -2.291237
9663          49    168      47   44.299011  -2.700989
9664          49    169      46   42.256472  -3.743528
9665          49    170      45   44.617156  -0.382844
9666          49    171      44   45.143864   1.143864
9667          49    172      43   46.423588   3.423588
9668          49    173      42   45.748183   3.748183
9669          49    174      41   48.266621   7.266621
9670          49    175      40   43.253569   3.253569
9671          49    176      39   37.248464  -1.751536
9672          49    177      38   37.907374  -0.092626
9673          49    178      37   39.005639   2.005639
9674          49    179      36   36.168099   0.168099
9675          49    180      35   38.656440   3.656440
9676          49    181      34   36.309768   2.309768
9677          49    182      33   32.001680  -0.998320
9678          49    183      32   31.282087  -0.717913
9679          49    184      31   31.736360   0.736360
9680          49    185      30   33.598540   3.598540
9681          49    186      29   34.331876   5.331876
9682          49    187      28   34.786842   6.786842
9683          49    188      27   32.393409   5.393409
9684          49    189      26   31.437451   5.437451
9685          49    190      25   30.210729   5.210729
9686          49    191      24   30.992999   6.992999
9687          49    192      23   32.863337   9.863337
9688          49    193      22   29.494268   7.494268
9689          49    194      21   27.389292   6.389292
9690          49    195      20   21.447594   1.447594
9691          49    196      19   22.116165   3.116165
9692          49    197      18   17.570221  -0.429779
9693          49    198      17   13.762935  -3.237065
9694          49    199      16   13.255656  -2.744344
9695          49    200      15   11.980222  -3.019778
9696          49    201      14   14.226058   0.226058
9697          49    202      13   13.369943   0.369943
9698          49    203      12   12.484821   0.484821
9699          49    204      11    9.508267  -1.491733
9700          49    205      10    8.349391  -1.650609
9701          49    206       9    6.985580  -2.014420
9702          49    207       8    6.459599  -1.540401
9703          49    208       7    6.191676  -0.808324
9704          49    209       6    5.878861  -0.121139
9705          49    210       5    7.865001   2.865001
9706          49    211       4    6.227494   2.227494
9707          49    212       3    3.761225   0.761225
9708          49    213       2    3.133966   1.133966
9709          49    214       1    1.883113   0.883113
9710          49    215       0    1.672267   1.672267
9711          50      1     197  208.495292  11.495292
9712          50      2     196  195.145452  -0.854548
9713          50      3     195  194.695368  -0.304632
9714          50      4     194  196.912253   2.912253
9715          50      5     193  198.935070   5.935070
9716          50      6     192  192.217480   0.217480
9717          50      7     191  189.712975  -1.287025
9718          50      8     190  194.360532   4.360532
9719          50      9     189  188.298850  -0.701150
9720          50     10     188  180.599743  -7.400257
9721          50     11     187  179.337996  -7.662004
9722          50     12     186  182.349061  -3.650939
9723          50     13     185  181.366594  -3.633406
9724          50     14     184  182.387538  -1.612462
9725          50     15     183  187.981806   4.981806
9726          50     16     182  190.946215   8.946215
9727          50     17     181  187.608529   6.608529
9728          50     18     180  191.185476  11.185476
9729          50     19     179  186.376565   7.376565
9730          50     20     178  183.732341   5.732341
9731          50     21     177  176.952310  -0.047690
9732          50     22     176  177.284468   1.284468
9733          50     23     175  179.177481   4.177481
9734          50     24     174  179.304806   5.304806
9735          50     25     173  170.366213  -2.633787
9736          50     26     172  166.717976  -5.282024
9737          50     27     171  166.251956  -4.748044
9738          50     28     170  166.954356  -3.045644
9739          50     29     169  165.596200  -3.403800
9740          50     30     168  163.621186  -4.378814
9741          50     31     167  164.051417  -2.948583
9742          50     32     166  164.317048  -1.682952
9743          50     33     165  164.316816  -0.683184
9744          50     34     164  164.425188   0.425188
9745          50     35     163  163.018282   0.018282
9746          50     36     162  165.094115   3.094115
9747          50     37     161  164.301054   3.301054
9748          50     38     160  163.330449   3.330449
9749          50     39     159  163.029205   4.029205
9750          50     40     158  161.497372   3.497372
9751          50     41     157  162.346822   5.346822
9752          50     42     156  156.999272   0.999272
9753          50     43     155  156.809660   1.809660
9754          50     44     154  156.443954   2.443954
9755          50     45     153  155.256511   2.256511
9756          50     46     152  157.041424   5.041424
9757          50     47     151  157.765306   6.765306
9758          50     48     150  158.524273   8.524273
9759          50     49     149  148.364688  -0.635312
9760          50     50     148  147.369704  -0.630296
9761          50     51     147  148.761086   1.761086
9762          50     52     146  145.951418  -0.048582
9763          50     53     145  143.031642  -1.968358
9764          50     54     144  144.667697   0.667697
9765          50     55     143  142.466623  -0.533377
9766          50     56     142  140.056212  -1.943788
9767          50     57     141  140.219338  -0.780662
9768          50     58     140  137.298310  -2.701690
9769          50     59     139  137.764955  -1.235045
9770          50     60     138  138.165563   0.165563
9771          50     61     137  137.266928   0.266928
9772          50     62     136  130.485846  -5.514154
9773          50     63     135  132.307652  -2.692348
9774          50     64     134  133.809726  -0.190274
9775          50     65     133  132.393164  -0.606836
9776          50     66     132  128.354533  -3.645467
9777          50     67     131  123.637676  -7.362324
9778          50     68     130  122.186459  -7.813541
9779          50     69     129  123.539067  -5.460933
9780          50     70     128  123.779419  -4.220581
9781          50     71     127  122.881354  -4.118646
9782          50     72     126  122.343593  -3.656407
9783          50     73     125  117.091361  -7.908639
9784          50     74     124  118.608609  -5.391391
9785          50     75     123  121.399644  -1.600356
9786          50     76     122  118.750476  -3.249524
9787          50     77     121  118.955570  -2.044430
9788          50     78     120  117.083512  -2.916488
9789          50     79     119  117.010130  -1.989870
9790          50     80     118  117.581093  -0.418907
9791          50     81     117  119.123220   2.123220
9792          50     82     116  119.545619   3.545619
9793          50     83     115  113.847115  -1.152885
9794          50     84     114  115.748746   1.748746
9795          50     85     113  115.759225   2.759225
9796          50     86     112  112.637224   0.637224
9797          50     87     111  111.056490   0.056490
9798          50     88     110  108.749885  -1.250115
9799          50     89     109  109.476678   0.476678
9800          50     90     108  111.312968   3.312968
9801          50     91     107  111.951178   4.951178
9802          50     92     106  110.045413   4.045413
9803          50     93     105  109.931588   4.931588
9804          50     94     104  107.212041   3.212041
9805          50     95     103  104.742108   1.742108
9806          50     96     102   92.615747  -9.384253
9807          50     97     101   87.221171 -13.778829
9808          50     98     100   93.737772  -6.262228
9809          50     99      99   91.816139  -7.183861
9810          50    100      98   91.583956  -6.416044
9811          50    101      97   91.679705  -5.320295
9812          50    102      96   89.822648  -6.177352
9813          50    103      95   80.294823 -14.705177
9814          50    104      94   82.383394 -11.616606
9815          50    105      93   87.932200  -5.067800
9816          50    106      92   87.922439  -4.077561
9817          50    107      91   85.867641  -5.132359
9818          50    108      90   93.245961   3.245961
9819          50    109      89   88.995066  -0.004934
9820          50    110      88   88.113380   0.113380
9821          50    111      87   88.301884   1.301884
9822          50    112      86   87.522139   1.522139
9823          50    113      85   86.824576   1.824576
9824          50    114      84   87.066100   3.066100
9825          50    115      83   85.097243   2.097243
9826          50    116      82   79.929392  -2.070608
9827          50    117      81   74.681247  -6.318753
9828          50    118      80   83.246820   3.246820
9829          50    119      79   78.359004  -0.640996
9830          50    120      78   78.288311   0.288311
9831          50    121      77   77.712724   0.712724
9832          50    122      76   78.348153   2.348153
9833          50    123      75   77.549504   2.549504
9834          50    124      74   81.640331   7.640331
9835          50    125      73   75.464311   2.464311
9836          50    126      72   78.096136   6.096136
9837          50    127      71   77.794540   6.794540
9838          50    128      70   71.850418   1.850418
9839          50    129      69   70.866520   1.866520
9840          50    130      68   67.771685  -0.228315
9841          50    131      67   66.981094  -0.018906
9842          50    132      66   66.476928   0.476928
9843          50    133      65   65.026801   0.026801
9844          50    134      64   68.023316   4.023316
9845          50    135      63   64.830593   1.830593
9846          50    136      62   60.930771  -1.069229
9847          50    137      61   57.870920  -3.129080
9848          50    138      60   49.464304 -10.535696
9849          50    139      59   50.729582  -8.270418
9850          50    140      58   53.242868  -4.757132
9851          50    141      57   54.233475  -2.766525
9852          50    142      56   52.837029  -3.162971
9853          50    143      55   46.693516  -8.306484
9854          50    144      54   44.138718  -9.861282
9855          50    145      53   50.766273  -2.233727
9856          50    146      52   48.069651  -3.930349
9857          50    147      51   45.316075  -5.683925
9858          50    148      50   47.312092  -2.687908
9859          50    149      49   49.389810   0.389810
9860          50    150      48   47.878607  -0.121393
9861          50    151      47   50.968222   3.968222
9862          50    152      46   49.185632   3.185632
9863          50    153      45   48.845333   3.845333
9864          50    154      44   46.595868   2.595868
9865          50    155      43   46.007461   3.007461
9866          50    156      42   47.257173   5.257173
9867          50    157      41   44.653104   3.653104
9868          50    158      40   44.385117   4.385117
9869          50    159      39   43.589478   4.589478
9870          50    160      38   40.843599   2.843599
9871          50    161      37   42.536199   5.536199
9872          50    162      36   36.117037   0.117037
9873          50    163      35   37.645814   2.645814
9874          50    164      34   33.301303  -0.698697
9875          50    165      33   28.765678  -4.234322
9876          50    166      32   32.323651   0.323651
9877          50    167      31   29.065513  -1.934487
9878          50    168      30   29.364410  -0.635590
9879          50    169      29   30.101603   1.101603
9880          50    170      28   28.919270   0.919270
9881          50    171      27   21.905135  -5.094865
9882          50    172      26   21.790490  -4.209510
9883          50    173      25   21.874744  -3.125256
9884          50    174      24   21.262996  -2.737004
9885          50    175      23   21.274822  -1.725178
9886          50    176      22   20.928526  -1.071474
9887          50    177      21   20.306968  -0.693032
9888          50    178      20   20.923553   0.923553
9889          50    179      19   21.060695   2.060695
9890          50    180      18   16.873866  -1.126134
9891          50    181      17   15.813140  -1.186860
9892          50    182      16   15.289467  -0.710533
9893          50    183      15   15.312723   0.312723
9894          50    184      14   12.865501  -1.134499
9895          50    185      13   13.209379   0.209379
9896          50    186      12   11.352031  -0.647969
9897          50    187      11   10.627318  -0.372682
9898          50    188      10    8.900629  -1.099371
9899          50    189       9    8.458444  -0.541556
9900          50    190       8    5.607561  -2.392439
9901          50    191       7    3.800022  -3.199978
9902          50    192       6    3.785666  -2.214334
9903          50    193       5    2.709328  -2.290672
9904          50    194       4    2.001046  -1.998954
9905          50    195       3    0.907648  -2.092352
9906          50    196       2    1.232817  -0.767183
9907          50    197       1    1.075646   0.075646
9908          50    198       0    0.818732   0.818732
9909          51      1     212  214.179271   2.179271
9910          51      2     211  206.308928  -4.691072
9911          51      3     210  213.603190   3.603190
9912          51      4     209  194.281080 -14.718920
9913          51      5     208  213.309773   5.309773
9914          51      6     207  214.875425   7.875425
9915          51      7     206  206.755082   0.755082
9916          51      8     205  199.094745  -5.905255
9917          51      9     204  208.590312   4.590312
9918          51     10     203  205.844214   2.844214
9919          51     11     202  201.427722  -0.572278
9920          51     12     201  202.491561   1.491561
9921          51     13     200  213.491661  13.491661
9922          51     14     199  200.577198   1.577198
9923          51     15     198  197.582433  -0.417567
9924          51     16     197  196.795416  -0.204584
9925          51     17     196  196.589220   0.589220
9926          51     18     195  196.633196   1.633196
9927          51     19     194  197.285912   3.285912
9928          51     20     193  193.006151   0.006151
9929          51     21     192  193.211745   1.211745
9930          51     22     191  188.837110  -2.162890
9931          51     23     190  187.757543  -2.242457
9932          51     24     189  188.462922  -0.537078
9933          51     25     188  189.130942   1.130942
9934          51     26     187  186.413851  -0.586149
9935          51     27     186  185.552312  -0.447688
9936          51     28     185  184.386184  -0.613816
9937          51     29     184  184.798512   0.798512
9938          51     30     183  184.401794   1.401794
9939          51     31     182  182.697101   0.697101
9940          51     32     181  181.506604   0.506604
9941          51     33     180  179.831143  -0.168857
9942          51     34     179  179.357802   0.357802
9943          51     35     178  178.729398   0.729398
9944          51     36     177  177.600601   0.600601
9945          51     37     176  176.547579   0.547579
9946          51     38     175  174.730660  -0.269340
9947          51     39     174  174.030547   0.030547
9948          51     40     173  172.875616  -0.124384
9949          51     41     172  172.758770   0.758770
9950          51     42     171  170.364102  -0.635898
9951          51     43     170  169.282416  -0.717584
9952          51     44     169  168.193831  -0.806169
9953          51     45     168  168.199124   0.199124
9954          51     46     167  167.626557   0.626557
9955          51     47     166  167.175346   1.175346
9956          51     48     165  166.684078   1.684078
9957          51     49     164  164.839367   0.839367
9958          51     50     163  162.019430  -0.980570
9959          51     51     162  161.925722  -0.074278
9960          51     52     161  162.786250   1.786250
9961          51     53     160  161.276110   1.276110
9962          51     54     159  162.064471   3.064471
9963          51     55     158  162.567292   4.567292
9964          51     56     157  162.635348   5.635348
9965          51     57     156  160.587174   4.587174
9966          51     58     155  162.567736   7.567736
9967          51     59     154  160.899377   6.899377
9968          51     60     153  156.575555   3.575555
9969          51     61     152  157.185156   5.185156
9970          51     62     151  153.488729   2.488729
9971          51     63     150  153.206166   3.206166
9972          51     64     149  151.199885   2.199885
9973          51     65     148  149.791006   1.791006
9974          51     66     147  149.573600   2.573600
9975          51     67     146  147.075481   1.075481
9976          51     68     145  148.654010   3.654010
9977          51     69     144  147.576786   3.576786
9978          51     70     143  145.435238   2.435238
9979          51     71     142  145.268222   3.268222
9980          51     72     141  144.424621   3.424621
9981          51     73     140  140.791459   0.791459
9982          51     74     139  138.962380  -0.037620
9983          51     75     138  139.117886   1.117886
9984          51     76     137  136.854475  -0.145525
9985          51     77     136  136.869182   0.869182
9986          51     78     135  137.372052   2.372052
9987          51     79     134  136.413519   2.413519
9988          51     80     133  135.899193   2.899193
9989          51     81     132  134.557170   2.557170
9990          51     82     131  132.723082   1.723082
9991          51     83     130  131.663863   1.663863
9992          51     84     129  132.002980   3.002980
9993          51     85     128  130.016772   2.016772
9994          51     86     127  130.298779   3.298779
9995          51     87     126  129.385723   3.385723
9996          51     88     125  126.352692   1.352692
9997          51     89     124  122.606237  -1.393763
9998          51     90     123  121.445623  -1.554377
9999          51     91     122  123.605569   1.605569
10000         51     92     121  120.621879  -0.378121
10001         51     93     120  119.731029  -0.268971
10002         51     94     119  121.399001   2.399001
10003         51     95     118  121.429796   3.429796
10004         51     96     117  109.447032  -7.552968
10005         51     97     116  108.797319  -7.202681
10006         51     98     115  108.028205  -6.971795
10007         51     99     114  106.465705  -7.534295
10008         51    100     113  108.753654  -4.246346
10009         51    101     112  108.731140  -3.268860
10010         51    102     111  105.273614  -5.726386
10011         51    103     110  103.825325  -6.174675
10012         51    104     109  103.267472  -5.732528
10013         51    105     108  103.777433  -4.222567
10014         51    106     107  100.814643  -6.185357
10015         51    107     106  102.029576  -3.970424
10016         51    108     105  104.508354  -0.491646
10017         51    109     104  104.129010   0.129010
10018         51    110     103  101.198560  -1.801440
10019         51    111     102  104.086766   2.086766
10020         51    112     101  103.686334   2.686334
10021         51    113     100   99.633736  -0.366264
10022         51    114      99  100.849364   1.849364
10023         51    115      98   98.278818   0.278818
10024         51    116      97   97.806602   0.806602
10025         51    117      96   99.391957   3.391957
10026         51    118      95   97.818649   2.818649
10027         51    119      94   98.906624   4.906624
10028         51    120      93   95.742973   2.742973
10029         51    121      92   91.440853  -0.559147
10030         51    122      91   89.186964  -1.813036
10031         51    123      90   87.934586  -2.065414
10032         51    124      89   90.011615   1.011615
10033         51    125      88   86.094254  -1.905746
10034         51    126      87   86.581274  -0.418726
10035         51    127      86   83.575287  -2.424713
10036         51    128      85   83.960909  -1.039091
10037         51    129      84   80.562604  -3.437396
10038         51    130      83   81.435957  -1.564043
10039         51    131      82   78.463364  -3.536636
10040         51    132      81   79.473214  -1.526786
10041         51    133      80   78.089169  -1.910831
10042         51    134      79   82.578412   3.578412
10043         51    135      78   80.152287   2.152287
10044         51    136      77   75.715578  -1.284422
10045         51    137      76   75.394751  -0.605249
10046         51    138      75   74.652115  -0.347885
10047         51    139      74   74.148761   0.148761
10048         51    140      73   74.154557   1.154557
10049         51    141      72   75.321229   3.321229
10050         51    142      71   75.731390   4.731390
10051         51    143      70   75.797823   5.797823
10052         51    144      69   73.245588   4.245588
10053         51    145      68   74.017364   6.017364
10054         51    146      67   71.888617   4.888617
10055         51    147      66   69.677768   3.677768
10056         51    148      65   67.711537   2.711537
10057         51    149      64   67.613376   3.613376
10058         51    150      63   60.794572  -2.205428
10059         51    151      62   62.855264   0.855264
10060         51    152      61   59.636523  -1.363477
10061         51    153      60   61.444158   1.444158
10062         51    154      59   58.917779  -0.082221
10063         51    155      58   57.462721  -0.537279
10064         51    156      57   57.512701   0.512701
10065         51    157      56   54.883687  -1.116313
10066         51    158      55   50.364366  -4.635634
10067         51    159      54   51.168242  -2.831758
10068         51    160      53   48.156057  -4.843943
10069         51    161      52   49.614687  -2.385313
10070         51    162      51   49.402740  -1.597260
10071         51    163      50   49.269918  -0.730082
10072         51    164      49   50.482498   1.482498
10073         51    165      48   46.509555  -1.490445
10074         51    166      47   46.567043  -0.432957
10075         51    167      46   46.761317   0.761317
10076         51    168      45   48.920988   3.920988
10077         51    169      44   48.223610   4.223610
10078         51    170      43   46.382815   3.382815
10079         51    171      42   44.122000   2.122000
10080         51    172      41   38.524365  -2.475635
10081         51    173      40   36.936444  -3.063556
10082         51    174      39   35.973231  -3.026769
10083         51    175      38   38.298759   0.298759
10084         51    176      37   35.688130  -1.311870
10085         51    177      36   35.606605  -0.393395
10086         51    178      35   32.614344  -2.385656
10087         51    179      34   37.067473   3.067473
10088         51    180      33   34.729034   1.729034
10089         51    181      32   36.883845   4.883845
10090         51    182      31   33.917697   2.917697
10091         51    183      30   31.927708   1.927708
10092         51    184      29   28.034292  -0.965708
10093         51    185      28   28.081154   0.081154
10094         51    186      27   27.386540   0.386540
10095         51    187      26   26.557112   0.557112
10096         51    188      25   25.243998   0.243998
10097         51    189      24   22.856014  -1.143986
10098         51    190      23   21.302853  -1.697147
10099         51    191      22   21.287720  -0.712280
10100         51    192      21   20.882866  -0.117134
10101         51    193      20   19.787583  -0.212417
10102         51    194      19   19.060792   0.060792
10103         51    195      18   18.457194   0.457194
10104         51    196      17   19.426283   2.426283
10105         51    197      16   18.645698   2.645698
10106         51    198      15   18.839920   3.839920
10107         51    199      14   18.670400   4.670400
10108         51    200      13   17.195705   4.195705
10109         51    201      12   17.608053   5.608053
10110         51    202      11   15.573537   4.573537
10111         51    203      10   16.126369   6.126369
10112         51    204       9   11.490691   2.490691
10113         51    205       8   12.073174   4.073174
10114         51    206       7   10.783939   3.783939
10115         51    207       6    8.846992   2.846992
10116         51    208       5    7.934194   2.934194
10117         51    209       4    5.369917   1.369917
10118         51    210       3    5.002846   2.002846
10119         51    211       2    3.703432   1.703432
10120         51    212       1    2.463949   1.463949
10121         51    213       0    2.717370   2.717370
10122         52      1     212  202.874201  -9.125799
10123         52      2     211  202.090474  -8.909526
10124         52      3     210  199.645804 -10.354196
10125         52      4     209  211.693854   2.693854
10126         52      5     208  205.604871  -2.395129
10127         52      6     207  199.132069  -7.867931
10128         52      7     206  205.161914  -0.838086
10129         52      8     205  198.504061  -6.495939
10130         52      9     204  197.969929  -6.030071
10131         52     10     203  204.379837   1.379837
10132         52     11     202  197.736941  -4.263059
10133         52     12     201  202.229504   1.229504
10134         52     13     200  194.665567  -5.334433
10135         52     14     199  193.385131  -5.614869
10136         52     15     198  194.487508  -3.512492
10137         52     16     197  192.273297  -4.726703
10138         52     17     196  193.548068  -2.451932
10139         52     18     195  195.399014   0.399014
10140         52     19     194  193.842266  -0.157734
10141         52     20     193  193.694204   0.694204
10142         52     21     192  192.285245   0.285245
10143         52     22     191  194.183762   3.183762
10144         52     23     190  189.870614  -0.129386
10145         52     24     189  191.816643   2.816643
10146         52     25     188  185.756559  -2.243441
10147         52     26     187  185.936060  -1.063940
10148         52     27     186  183.801065  -2.198935
10149         52     28     185  182.665336  -2.334664
10150         52     29     184  180.790779  -3.209221
10151         52     30     183  180.826624  -2.173376
10152         52     31     182  179.515635  -2.484365
10153         52     32     181  178.678574  -2.321426
10154         52     33     180  178.918677  -1.081323
10155         52     34     179  179.427439   0.427439
10156         52     35     178  179.051257   1.051257
10157         52     36     177  177.280916   0.280916
10158         52     37     176  176.930194   0.930194
10159         52     38     175  175.295452   0.295452
10160         52     39     174  175.776009   1.776009
10161         52     40     173  175.352374   2.352374
10162         52     41     172  175.488969   3.488969
10163         52     42     171  176.331578   5.331578
10164         52     43     170  174.553412   4.553412
10165         52     44     169  173.992353   4.992353
10166         52     45     168  169.362786   1.362786
10167         52     46     167  166.397272  -0.602728
10168         52     47     166  162.529336  -3.470664
10169         52     48     165  162.404519  -2.595481
10170         52     49     164  160.667071  -3.332929
10171         52     50     163  159.847898  -3.152102
10172         52     51     162  161.028482  -0.971518
10173         52     52     161  159.967745  -1.032255
10174         52     53     160  159.502159  -0.497841
10175         52     54     159  157.840730  -1.159270
10176         52     55     158  157.811096  -0.188904
10177         52     56     157  156.195953  -0.804047
10178         52     57     156  156.782470   0.782470
10179         52     58     155  157.900055   2.900055
10180         52     59     154  155.800533   1.800533
10181         52     60     153  155.323234   2.323234
10182         52     61     152  151.257475  -0.742525
10183         52     62     151  151.458769   0.458769
10184         52     63     150  152.160271   2.160271
10185         52     64     149  151.686965   2.686965
10186         52     65     148  150.238299   2.238299
10187         52     66     147  147.019583   0.019583
10188         52     67     146  147.059483   1.059483
10189         52     68     145  147.203628   2.203628
10190         52     69     144  143.967887  -0.032113
10191         52     70     143  142.000935  -0.999065
10192         52     71     142  141.222941  -0.777059
10193         52     72     141  140.024355  -0.975645
10194         52     73     140  138.101307  -1.898693
10195         52     74     139  138.965572  -0.034428
10196         52     75     138  137.334805  -0.665195
10197         52     76     137  136.282749  -0.717251
10198         52     77     136  136.218678   0.218678
10199         52     78     135  133.564737  -1.435263
10200         52     79     134  133.371927  -0.628073
10201         52     80     133  133.172796   0.172796
10202         52     81     132  131.977434  -0.022566
10203         52     82     131  129.218894  -1.781106
10204         52     83     130  130.072086   0.072086
10205         52     84     129  127.369072  -1.630928
10206         52     85     128  126.925259  -1.074741
10207         52     86     127  125.072781  -1.927219
10208         52     87     126  124.041862  -1.958138
10209         52     88     125  123.521129  -1.478871
10210         52     89     124  121.999759  -2.000241
10211         52     90     123  124.861252   1.861252
10212         52     91     122  122.272866   0.272866
10213         52     92     121  118.886743  -2.113257
10214         52     93     120  121.952877   1.952877
10215         52     94     119  121.882468   2.882468
10216         52     95     118  114.683283  -3.316717
10217         52     96     117  113.698250  -3.301750
10218         52     97     116  113.097317  -2.902683
10219         52     98     115  112.691697  -2.308303
10220         52     99     114  113.274043  -0.725957
10221         52    100     113  111.644724  -1.355276
10222         52    101     112  103.013589  -8.986411
10223         52    102     111  108.647668  -2.352332
10224         52    103     110  109.001276  -0.998724
10225         52    104     109  106.738632  -2.261368
10226         52    105     108  106.660228  -1.339772
10227         52    106     107  106.443843  -0.556157
10228         52    107     106  105.678851  -0.321149
10229         52    108     105  105.501824   0.501824
10230         52    109     104  100.116993  -3.883007
10231         52    110     103  102.411608  -0.588392
10232         52    111     102  103.067875   1.067875
10233         52    112     101  103.438209   2.438209
10234         52    113     100  103.325740   3.325740
10235         52    114      99  103.489426   4.489426
10236         52    115      98  104.353283   6.353283
10237         52    116      97  103.146682   6.146682
10238         52    117      96  101.953098   5.953098
10239         52    118      95   99.995843   4.995843
10240         52    119      94   94.395643   0.395643
10241         52    120      93   89.636943  -3.363057
10242         52    121      92   90.494638  -1.505362
10243         52    122      91   91.090834   0.090834
10244         52    123      90   91.974185   1.974185
10245         52    124      89   86.851210  -2.148790
10246         52    125      88   86.164848  -1.835152
10247         52    126      87   86.519498  -0.480502
10248         52    127      86   87.097595   1.097595
10249         52    128      85   84.014843  -0.985157
10250         52    129      84   82.833172  -1.166828
10251         52    130      83   81.222943  -1.777057
10252         52    131      82   80.725263  -1.274737
10253         52    132      81   81.036811   0.036811
10254         52    133      80   81.918212   1.918212
10255         52    134      79   83.353468   4.353468
10256         52    135      78   77.015974  -0.984026
10257         52    136      77   75.617159  -1.382841
10258         52    137      76   75.270322  -0.729678
10259         52    138      75   73.183447  -1.816553
10260         52    139      74   72.932070  -1.067930
10261         52    140      73   72.405133  -0.594867
10262         52    141      72   69.855532  -2.144468
10263         52    142      71   67.156998  -3.843002
10264         52    143      70   67.255536  -2.744464
10265         52    144      69   68.655069  -0.344931
10266         52    145      68   66.394306  -1.605694
10267         52    146      67   67.458511   0.458511
10268         52    147      66   65.779805  -0.220195
10269         52    148      65   64.551836  -0.448164
10270         52    149      64   66.677435   2.677435
10271         52    150      63   66.189049   3.189049
10272         52    151      62   65.214277   3.214277
10273         52    152      61   60.093602  -0.906398
10274         52    153      60   56.611980  -3.388020
10275         52    154      59   56.748130  -2.251870
10276         52    155      58   53.951522  -4.048478
10277         52    156      57   52.622563  -4.377437
10278         52    157      56   50.550055  -5.449945
10279         52    158      55   51.757639  -3.242361
10280         52    159      54   55.830618   1.830618
10281         52    160      53   53.903488   0.903488
10282         52    161      52   45.368485  -6.631515
10283         52    162      51   44.006017  -6.993983
10284         52    163      50   46.684114  -3.315886
10285         52    164      49   49.621311   0.621311
10286         52    165      48   49.204119   1.204119
10287         52    166      47   48.636420   1.636420
10288         52    167      46   50.281464   4.281464
10289         52    168      45   46.724099   1.724099
10290         52    169      44   42.561271  -1.438729
10291         52    170      43   43.343990   0.343990
10292         52    171      42   39.177768  -2.822232
10293         52    172      41   39.815256  -1.184744
10294         52    173      40   40.300278   0.300278
10295         52    174      39   39.696631   0.696631
10296         52    175      38   35.339769  -2.660231
10297         52    176      37   34.771344  -2.228656
10298         52    177      36   31.678172  -4.321828
10299         52    178      35   32.958116  -2.041884
10300         52    179      34   32.426801  -1.573199
10301         52    180      33   28.782839  -4.217161
10302         52    181      32   29.960967  -2.039033
10303         52    182      31   31.726920   0.726920
10304         52    183      30   28.701254  -1.298746
10305         52    184      29   24.610551  -4.389449
10306         52    185      28   24.043033  -3.956967
10307         52    186      27   22.482255  -4.517745
10308         52    187      26   20.529564  -5.470436
10309         52    188      25   19.947589  -5.052411
10310         52    189      24   21.567173  -2.432827
10311         52    190      23   21.933269  -1.066731
10312         52    191      22   22.755814   0.755814
10313         52    192      21   20.409169  -0.590831
10314         52    193      20   17.223956  -2.776044
10315         52    194      19   19.225386   0.225386
10316         52    195      18   19.713003   1.713003
10317         52    196      17   17.371653   0.371653
10318         52    197      16   19.487791   3.487791
10319         52    198      15   17.186225   2.186225
10320         52    199      14   15.702377   1.702377
10321         52    200      13   16.081734   3.081734
10322         52    201      12   14.841716   2.841716
10323         52    202      11   13.169711   2.169711
10324         52    203      10   11.077864   1.077864
10325         52    204       9   10.786873   1.786873
10326         52    205       8    9.376790   1.376790
10327         52    206       7    7.548200   0.548200
10328         52    207       6    6.522622   0.522622
10329         52    208       5    4.791736  -0.208264
10330         52    209       4    2.733709  -1.266291
10331         52    210       3    2.234948  -0.765052
10332         52    211       2    1.751734  -0.248266
10333         52    212       1    1.201640   0.201640
10334         52    213       0    0.671906   0.671906
10335         53      1     194  190.387644  -3.612356
10336         53      2     193  190.569005  -2.430995
10337         53      3     192  195.058925   3.058925
10338         53      4     191  199.603793   8.603793
10339         53      5     190  194.789679   4.789679
10340         53      6     189  185.433149  -3.566851
10341         53      7     188  189.738457   1.738457
10342         53      8     187  182.827435  -4.172565
10343         53      9     186  186.453765   0.453765
10344         53     10     185  183.651134  -1.348866
10345         53     11     184  185.974954   1.974954
10346         53     12     183  184.165494   1.165494
10347         53     13     182  180.970703  -1.029297
10348         53     14     181  208.454017  27.454017
10349         53     15     180  182.378617   2.378617
10350         53     16     179  180.819607   1.819607
10351         53     17     178  178.260578   0.260578
10352         53     18     177  178.132951   1.132951
10353         53     19     176  177.129206   1.129206
10354         53     20     175  176.205645   1.205645
10355         53     21     174  176.623217   2.623217
10356         53     22     173  178.575593   5.575593
10357         53     23     172  178.564239   6.564239
10358         53     24     171  174.577814   3.577814
10359         53     25     170  170.372439   0.372439
10360         53     26     169  170.260755   1.260755
10361         53     27     168  169.134686   1.134686
10362         53     28     167  167.456288   0.456288
10363         53     29     166  167.078461   1.078461
10364         53     30     165  166.135951   1.135951
10365         53     31     164  166.405984   2.405984
10366         53     32     163  163.081087   0.081087
10367         53     33     162  164.284684   2.284684
10368         53     34     161  157.563045  -3.436955
10369         53     35     160  157.823640  -2.176360
10370         53     36     159  157.136174  -1.863826
10371         53     37     158  155.941835  -2.058165
10372         53     38     157  154.375344  -2.624656
10373         53     39     156  155.564900  -0.435100
10374         53     40     155  154.750636  -0.249364
10375         53     41     154  154.344355   0.344355
10376         53     42     153  148.901187  -4.098813
10377         53     43     152  150.347526  -1.652474
10378         53     44     151  151.217149   0.217149
10379         53     45     150  149.936460  -0.063540
10380         53     46     149  147.986994  -1.013006
10381         53     47     148  147.906970  -0.093030
10382         53     48     147  145.721843  -1.278157
10383         53     49     146  144.824081  -1.175919
10384         53     50     145  144.612022  -0.387978
10385         53     51     144  145.948106   1.948106
10386         53     52     143  144.065443   1.065443
10387         53     53     142  142.608103   0.608103
10388         53     54     141  141.422310   0.422310
10389         53     55     140  136.705840  -3.294160
10390         53     56     139  135.915711  -3.084289
10391         53     57     138  137.907388  -0.092612
10392         53     58     137  137.360950   0.360950
10393         53     59     136  138.232792   2.232792
10394         53     60     135  137.995726   2.995726
10395         53     61     134  135.698304   1.698304
10396         53     62     133  133.881434   0.881434
10397         53     63     132  132.233759   0.233759
10398         53     64     131  132.787365   1.787365
10399         53     65     130  129.576819  -0.423181
10400         53     66     129  129.228324   0.228324
10401         53     67     128  129.217098   1.217098
10402         53     68     127  129.267502   2.267502
10403         53     69     126  128.358352   2.358352
10404         53     70     125  126.123613   1.123613
10405         53     71     124  127.788475   3.788475
10406         53     72     123  124.569849   1.569849
10407         53     73     122  120.589138  -1.410862
10408         53     74     121  122.409447   1.409447
10409         53     75     120  121.605591   1.605591
10410         53     76     119  117.908109  -1.091891
10411         53     77     118  117.562072  -0.437928
10412         53     78     117  116.926246  -0.073754
10413         53     79     116  114.656954  -1.343046
10414         53     80     115  114.893106  -0.106894
10415         53     81     114  114.962622   0.962622
10416         53     82     113  109.008768  -3.991232
10417         53     83     112  107.861073  -4.138927
10418         53     84     111  109.050394  -1.949606
10419         53     85     110  110.372163   0.372163
10420         53     86     109  106.364700  -2.635300
10421         53     87     108  107.404253  -0.595747
10422         53     88     107  102.441278  -4.558722
10423         53     89     106  101.022595  -4.977405
10424         53     90     105   97.883558  -7.116442
10425         53     91     104   98.287686  -5.712314
10426         53     92     103   97.694843  -5.305157
10427         53     93     102   94.934564  -7.065436
10428         53     94     101   93.918087  -7.081913
10429         53     95     100   93.357423  -6.642577
10430         53     96      99   91.802189  -7.197811
10431         53     97      98   91.903691  -6.096309
10432         53     98      97   93.013841  -3.986159
10433         53     99      96   92.004561  -3.995439
10434         53    100      95   92.561589  -2.438411
10435         53    101      94   91.356153  -2.643847
10436         53    102      93   91.445051  -1.554949
10437         53    103      92   90.491343  -1.508657
10438         53    104      91   92.123106   1.123106
10439         53    105      90   89.825787  -0.174213
10440         53    106      89   88.881014  -0.118986
10441         53    107      88   85.451805  -2.548195
10442         53    108      87   86.599126  -0.400874
10443         53    109      86   86.125496   0.125496
10444         53    110      85   85.283677   0.283677
10445         53    111      84   84.299221   0.299221
10446         53    112      83   83.488169   0.488169
10447         53    113      82   84.964810   2.964810
10448         53    114      81   81.649560   0.649560
10449         53    115      80   80.960442   0.960442
10450         53    116      79   82.153036   3.153036
10451         53    117      78   79.341335   1.341335
10452         53    118      77   78.897974   1.897974
10453         53    119      76   77.164422   1.164422
10454         53    120      75   77.935846   2.935846
10455         53    121      74   75.899959   1.899959
10456         53    122      73   74.608374   1.608374
10457         53    123      72   70.790799  -1.209201
10458         53    124      71   65.893512  -5.106488
10459         53    125      70   66.225422  -3.774578
10460         53    126      69   65.124050  -3.875950
10461         53    127      68   66.171650  -1.828350
10462         53    128      67   65.383660  -1.616340
10463         53    129      66   63.471517  -2.528483
10464         53    130      65   64.388498  -0.611502
10465         53    131      64   62.277800  -1.722200
10466         53    132      63   62.072961  -0.927039
10467         53    133      62   62.505082   0.505082
10468         53    134      61   62.213102   1.213102
10469         53    135      60   62.503323   2.503323
10470         53    136      59   60.897647   1.897647
10471         53    137      58   61.943187   3.943187
10472         53    138      57   63.642727   6.642727
10473         53    139      56   60.688890   4.688890
10474         53    140      55   60.348437   5.348437
10475         53    141      54   61.110020   7.110020
10476         53    142      53   54.045684   1.045684
10477         53    143      52   50.628583  -1.371417
10478         53    144      51   49.470639  -1.529361
10479         53    145      50   48.789189  -1.210811
10480         53    146      49   46.684097  -2.315903
10481         53    147      48   46.636752  -1.363248
10482         53    148      47   41.111280  -5.888720
10483         53    149      46   43.620128  -2.379872
10484         53    150      45   41.791423  -3.208577
10485         53    151      44   41.765072  -2.234928
10486         53    152      43   44.042956   1.042956
10487         53    153      42   43.382909   1.382909
10488         53    154      41   43.081855   2.081855
10489         53    155      40   42.757880   2.757880
10490         53    156      39   40.059314   1.059314
10491         53    157      38   39.118384   1.118384
10492         53    158      37   39.504335   2.504335
10493         53    159      36   38.832939   2.832939
10494         53    160      35   35.879287   0.879287
10495         53    161      34   33.627159  -0.372841
10496         53    162      33   34.544790   1.544790
10497         53    163      32   33.415305   1.415305
10498         53    164      31   29.356718  -1.643282
10499         53    165      30   29.686443  -0.313557
10500         53    166      29   28.559521  -0.440479
10501         53    167      28   28.942486   0.942486
10502         53    168      27   26.899144  -0.100856
10503         53    169      26   22.982478  -3.017522
10504         53    170      25   24.096025  -0.903975
10505         53    171      24   25.611687   1.611687
10506         53    172      23   22.936066  -0.063934
10507         53    173      22   20.245440  -1.754560
10508         53    174      21   16.309354  -4.690646
10509         53    175      20   15.189435  -4.810565
10510         53    176      19   14.561659  -4.438341
10511         53    177      18   14.034993  -3.965007
10512         53    178      17   14.111286  -2.888714
10513         53    179      16   14.978765  -1.021235
10514         53    180      15   15.722111   0.722111
10515         53    181      14   14.265109   0.265109
10516         53    182      13   13.440131   0.440131
10517         53    183      12   12.817523   0.817523
10518         53    184      11   12.461229   1.461229
10519         53    185      10   10.569606   0.569606
10520         53    186       9    9.366550   0.366550
10521         53    187       8    7.344104  -0.655896
10522         53    188       7    6.950212  -0.049788
10523         53    189       6    6.578694   0.578694
10524         53    190       5    5.586605   0.586605
10525         53    191       4    4.755142   0.755142
10526         53    192       3    3.751460   0.751460
10527         53    193       2    2.384393   0.384393
10528         53    194       1    2.090248   1.090248
10529         53    195       0    1.574828   1.574828
10530         54      1     256  234.124571 -21.875429
10531         54      2     255  243.258515 -11.741485
10532         54      3     254  245.920353  -8.079647
10533         54      4     253  244.186590  -8.813410
10534         54      5     252  247.523192  -4.476808
10535         54      6     251  247.476227  -3.523773
10536         54      7     250  242.913417  -7.086583
10537         54      8     249  241.391800  -7.608200
10538         54      9     248  240.036419  -7.963581
10539         54     10     247  234.926918 -12.073082
10540         54     11     246  242.627799  -3.372201
10541         54     12     245  239.394264  -5.605736
10542         54     13     244  241.511476  -2.488524
10543         54     14     243  230.652134 -12.347866
10544         54     15     242  236.268949  -5.731051
10545         54     16     241  235.273540  -5.726460
10546         54     17     240  234.881499  -5.118501
10547         54     18     239  232.071429  -6.928571
10548         54     19     238  233.195359  -4.804641
10549         54     20     237  223.830926 -13.169074
10550         54     21     236  228.643440  -7.356560
10551         54     22     235  232.005375  -2.994625
10552         54     23     234  228.860384  -5.139616
10553         54     24     233  230.588528  -2.411472
10554         54     25     232  229.699252  -2.300748
10555         54     26     231  226.929701  -4.070299
10556         54     27     230  226.845873  -3.154127
10557         54     28     229  227.227874  -1.772126
10558         54     29     228  222.759918  -5.240082
10559         54     30     227  225.436807  -1.563193
10560         54     31     226  223.704377  -2.295623
10561         54     32     225  221.537391  -3.462609
10562         54     33     224  222.816805  -1.183195
10563         54     34     223  221.672645  -1.327355
10564         54     35     222  222.198685   0.198685
10565         54     36     221  222.124272   1.124272
10566         54     37     220  222.497080   2.497080
10567         54     38     219  220.020000   1.020000
10568         54     39     218  216.918228  -1.081772
10569         54     40     217  219.992181   2.992181
10570         54     41     216  210.543616  -5.456384
10571         54     42     215  214.496044  -0.503956
10572         54     43     214  210.159343  -3.840657
10573         54     44     213  209.401839  -3.598161
10574         54     45     212  210.327031  -1.672969
10575         54     46     211  208.487318  -2.512682
10576         54     47     210  210.844943   0.844943
10577         54     48     209  207.940051  -1.059949
10578         54     49     208  208.509980   0.509980
10579         54     50     207  206.277922  -0.722078
10580         54     51     206  209.654190   3.654190
10581         54     52     205  206.514745   1.514745
10582         54     53     204  205.588149   1.588149
10583         54     54     203  204.349842   1.349842
10584         54     55     202  203.419722   1.419722
10585         54     56     201  201.840218   0.840218
10586         54     57     200  200.938105   0.938105
10587         54     58     199  197.967402  -1.032598
10588         54     59     198  196.422215  -1.577785
10589         54     60     197  195.716776  -1.283224
10590         54     61     196  193.661925  -2.338075
10591         54     62     195  188.053061  -6.946939
10592         54     63     194  188.713795  -5.286205
10593         54     64     193  188.797043  -4.202957
10594         54     65     192  189.086623  -2.913377
10595         54     66     191  189.308497  -1.691503
10596         54     67     190  189.114345  -0.885655
10597         54     68     189  186.214467  -2.785533
10598         54     69     188  187.219238  -0.780762
10599         54     70     187  185.081175  -1.918825
10600         54     71     186  186.368166   0.368166
10601         54     72     185  182.625614  -2.374386
10602         54     73     184  176.947550  -7.052450
10603         54     74     183  178.233376  -4.766624
10604         54     75     182  175.794404  -6.205596
10605         54     76     181  179.000122  -1.999878
10606         54     77     180  180.251111   0.251111
10607         54     78     179  173.528646  -5.471354
10608         54     79     178  170.892820  -7.107180
10609         54     80     177  173.092934  -3.907066
10610         54     81     176  171.826260  -4.173740
10611         54     82     175  168.634119  -6.365881
10612         54     83     174  169.889374  -4.110626
10613         54     84     173  169.302684  -3.697316
10614         54     85     172  170.255344  -1.744656
10615         54     86     171  168.639170  -2.360830
10616         54     87     170  168.430652  -1.569348
10617         54     88     169  162.190546  -6.809454
10618         54     89     168  165.044941  -2.955059
10619         54     90     167  164.820453  -2.179547
10620         54     91     166  164.073330  -1.926670
10621         54     92     165  164.679938  -0.320062
10622         54     93     164  160.332660  -3.667340
10623         54     94     163  159.774968  -3.225032
10624         54     95     162  159.009509  -2.990491
10625         54     96     161  159.481787  -1.518213
10626         54     97     160  156.853001  -3.146999
10627         54     98     159  152.303724  -6.696276
10628         54     99     158  153.256835  -4.743165
10629         54    100     157  153.794915  -3.205085
10630         54    101     156  153.876660  -2.123340
10631         54    102     155  151.033245  -3.966755
10632         54    103     154  146.024459  -7.975541
10633         54    104     153  151.453923  -1.546077
10634         54    105     152  149.543358  -2.456642
10635         54    106     151  147.217298  -3.782702
10636         54    107     150  151.866680   1.866680
10637         54    108     149  144.965039  -4.034961
10638         54    109     148  148.626906   0.626906
10639         54    110     147  147.283160   0.283160
10640         54    111     146  140.278613  -5.721387
10641         54    112     145  137.557014  -7.442986
10642         54    113     144  139.518324  -4.481676
10643         54    114     143  141.927167  -1.072833
10644         54    115     142  143.505677   1.505677
10645         54    116     141  143.025835   2.025835
10646         54    117     140  141.445417   1.445417
10647         54    118     139  139.712836   0.712836
10648         54    119     138  137.704616  -0.295384
10649         54    120     137  137.673435   0.673435
10650         54    121     136  136.790151   0.790151
10651         54    122     135  137.896323   2.896323
10652         54    123     134  139.588286   5.588286
10653         54    124     133  137.286457   4.286457
10654         54    125     132  129.665098  -2.334902
10655         54    126     131  128.820432  -2.179568
10656         54    127     130  127.313225  -2.686775
10657         54    128     129  127.618719  -1.381281
10658         54    129     128  128.087635   0.087635
10659         54    130     127  131.462648   4.462648
10660         54    131     126  132.265085   6.265085
10661         54    132     125  136.864836  11.864836
10662         54    133     124  127.332203   3.332203
10663         54    134     123  129.584430   6.584430
10664         54    135     122  132.743582  10.743582
10665         54    136     121  129.504439   8.504439
10666         54    137     120  122.640456   2.640456
10667         54    138     119  111.850895  -7.149105
10668         54    139     118  117.837363  -0.162637
10669         54    140     117  117.881601   0.881601
10670         54    141     116  117.136173   1.136173
10671         54    142     115  118.714636   3.714636
10672         54    143     114  117.006452   3.006452
10673         54    144     113  118.553541   5.553541
10674         54    145     112  114.124425   2.124425
10675         54    146     111  110.787706  -0.212294
10676         54    147     110  109.248759  -0.751241
10677         54    148     109  108.601206  -0.398794
10678         54    149     108  108.713346   0.713346
10679         54    150     107  106.863790  -0.136210
10680         54    151     106  106.979225   0.979225
10681         54    152     105  105.548451   0.548451
10682         54    153     104  102.460829  -1.539171
10683         54    154     103  110.116402   7.116402
10684         54    155     102  103.050583   1.050583
10685         54    156     101  108.062360   7.062360
10686         54    157     100  102.015628   2.015628
10687         54    158      99  102.990630   3.990630
10688         54    159      98  103.251436   5.251436
10689         54    160      97  101.762625   4.762625
10690         54    161      96   95.368071  -0.631929
10691         54    162      95   99.730388   4.730388
10692         54    163      94   97.345329   3.345329
10693         54    164      93   90.628731  -2.371269
10694         54    165      92   93.516004   1.516004
10695         54    166      91   91.625408   0.625408
10696         54    167      90   93.187097   3.187097
10697         54    168      89   89.725520   0.725520
10698         54    169      88   90.171309   2.171309
10699         54    170      87   84.582304  -2.417696
10700         54    171      86   88.086934   2.086934
10701         54    172      85   88.123624   3.123624
10702         54    173      84   86.669837   2.669837
10703         54    174      83   87.365751   4.365751
10704         54    175      82   77.925115  -4.074885
10705         54    176      81   84.638565   3.638565
10706         54    177      80   85.557009   5.557009
10707         54    178      79   79.819832   0.819832
10708         54    179      78   78.228753   0.228753
10709         54    180      77   75.456701  -1.543299
10710         54    181      76   71.808705  -4.191295
10711         54    182      75   70.310319  -4.689681
10712         54    183      74   66.234982  -7.765018
10713         54    184      73   69.946083  -3.053917
10714         54    185      72   68.803272  -3.196728
10715         54    186      71   67.641714  -3.358286
10716         54    187      70   66.246687  -3.753313
10717         54    188      69   64.051568  -4.948432
10718         54    189      68   66.230629  -1.769371
10719         54    190      67   63.127498  -3.872502
10720         54    191      66   61.130445  -4.869555
10721         54    192      65   55.777416  -9.222584
10722         54    193      64   56.670365  -7.329635
10723         54    194      63   55.455703  -7.544297
10724         54    195      62   51.364035 -10.635965
10725         54    196      61   59.229275  -1.770725
10726         54    197      60   57.964707  -2.035293
10727         54    198      59   54.346043  -4.653957
10728         54    199      58   52.414879  -5.585121
10729         54    200      57   55.893247  -1.106753
10730         54    201      56   56.107523   0.107523
10731         54    202      55   58.443139   3.443139
10732         54    203      54   55.850553   1.850553
10733         54    204      53   53.884331   0.884331
10734         54    205      52   47.601190  -4.398810
10735         54    206      51   49.678930  -1.321070
10736         54    207      50   49.588556  -0.411444
10737         54    208      49   47.407488  -1.592512
10738         54    209      48   48.733290   0.733290
10739         54    210      47   44.970942  -2.029058
10740         54    211      46   43.426716  -2.573284
10741         54    212      45   41.189631  -3.810369
10742         54    213      44   39.266666  -4.733334
10743         54    214      43   38.068856  -4.931144
10744         54    215      42   36.853337  -5.146663
10745         54    216      41   37.743045  -3.256955
10746         54    217      40   35.288384  -4.711616
10747         54    218      39   36.356783  -2.643217
10748         54    219      38   36.267195  -1.732805
10749         54    220      37   34.033103  -2.966897
10750         54    221      36   31.859318  -4.140682
10751         54    222      35   30.905179  -4.094821
10752         54    223      34   31.651536  -2.348464
10753         54    224      33   32.025215  -0.974785
10754         54    225      32   32.254479   0.254479
10755         54    226      31   31.739672   0.739672
10756         54    227      30   31.172612   1.172612
10757         54    228      29   29.796772   0.796772
10758         54    229      28   28.477332   0.477332
10759         54    230      27   29.014284   2.014284
10760         54    231      26   26.931768   0.931768
10761         54    232      25   25.462680   0.462680
10762         54    233      24   28.473019   4.473019
10763         54    234      23   27.784368   4.784368
10764         54    235      22   24.764050   2.764050
10765         54    236      21   20.996682  -0.003318
10766         54    237      20   24.791176   4.791176
10767         54    238      19   17.850817  -1.149183
10768         54    239      18   16.179673  -1.820327
10769         54    240      17   13.906822  -3.093178
10770         54    241      16   15.731703  -0.268297
10771         54    242      15   16.005327   1.005327
10772         54    243      14   14.341442   0.341442
10773         54    244      13   12.401650  -0.598350
10774         54    245      12   10.990770  -1.009230
10775         54    246      11   10.997385  -0.002615
10776         54    247      10   10.114447   0.114447
10777         54    248       9   10.949126   1.949126
10778         54    249       8   10.140262   2.140262
10779         54    250       7   10.031391   3.031391
10780         54    251       6    6.490240   0.490240
10781         54    252       5    4.696099  -0.303901
10782         54    253       4    3.163667  -0.836333
10783         54    254       3    3.039832   0.039832
10784         54    255       2    1.646615  -0.353385
10785         54    256       1    1.370716   0.370716
10786         54    257       0    0.929413   0.929413
10787         55      1     192  190.512538  -1.487462
10788         55      2     191  191.367034   0.367034
10789         55      3     190  185.428033  -4.571967
10790         55      4     189  194.076010   5.076010
10791         55      5     188  186.106958  -1.893042
10792         55      6     187  188.794586   1.794586
10793         55      7     186  185.727589  -0.272411
10794         55      8     185  181.589985  -3.410015
10795         55      9     184  184.079946   0.079946
10796         55     10     183  179.263371  -3.736629
10797         55     11     182  181.795317  -0.204683
10798         55     12     181  179.267977  -1.732023
10799         55     13     180  177.853024  -2.146976
10800         55     14     179  176.508928  -2.491072
10801         55     15     178  181.649947   3.649947
10802         55     16     177  176.629747  -0.370253
10803         55     17     176  177.907953   1.907953
10804         55     18     175  178.741957   3.741957
10805         55     19     174  174.658197   0.658197
10806         55     20     173  174.472242   1.472242
10807         55     21     172  174.347230   2.347230
10808         55     22     171  173.847347   2.847347
10809         55     23     170  170.469741   0.469741
10810         55     24     169  165.958555  -3.041445
10811         55     25     168  175.785856   7.785856
10812         55     26     167  166.970989  -0.029011
10813         55     27     166  167.370325   1.370325
10814         55     28     165  166.700049   1.700049
10815         55     29     164  165.619268   1.619268
10816         55     30     163  162.813025  -0.186975
10817         55     31     162  163.593602   1.593602
10818         55     32     161  162.661570   1.661570
10819         55     33     160  161.888158   1.888158
10820         55     34     159  161.314325   2.314325
10821         55     35     158  159.295147   1.295147
10822         55     36     157  156.078413  -0.921587
10823         55     37     156  154.163705  -1.836295
10824         55     38     155  153.336157  -1.663843
10825         55     39     154  151.599800  -2.400200
10826         55     40     153  153.036598   0.036598
10827         55     41     152  144.488974  -7.511026
10828         55     42     151  143.535805  -7.464195
10829         55     43     150  142.211644  -7.788356
10830         55     44     149  142.333255  -6.666745
10831         55     45     148  141.341900  -6.658100
10832         55     46     147  141.280281  -5.719719
10833         55     47     146  139.872167  -6.127833
10834         55     48     145  139.109230  -5.890770
10835         55     49     144  139.469399  -4.530601
10836         55     50     143  138.141246  -4.858754
10837         55     51     142  137.005761  -4.994239
10838         55     52     141  136.222192  -4.777808
10839         55     53     140  135.052890  -4.947110
10840         55     54     139  135.430171  -3.569829
10841         55     55     138  135.573521  -2.426479
10842         55     56     137  131.563126  -5.436874
10843         55     57     136  131.557954  -4.442046
10844         55     58     135  130.073441  -4.926559
10845         55     59     134  131.265380  -2.734620
10846         55     60     133  133.653545   0.653545
10847         55     61     132  132.055437   0.055437
10848         55     62     131  129.712579  -1.287421
10849         55     63     130  128.359165  -1.640835
10850         55     64     129  124.908052  -4.091948
10851         55     65     128  124.855299  -3.144701
10852         55     66     127  124.884925  -2.115075
10853         55     67     126  129.253889   3.253889
10854         55     68     125  128.912114   3.912114
10855         55     69     124  128.496133   4.496133
10856         55     70     123  127.898297   4.898297
10857         55     71     122  122.538819   0.538819
10858         55     72     121  121.827064   0.827064
10859         55     73     120  118.268292  -1.731708
10860         55     74     119  120.954857   1.954857
10861         55     75     118  121.372068   3.372068
10862         55     76     117  116.670800  -0.329200
10863         55     77     116  117.899326   1.899326
10864         55     78     115  115.224390   0.224390
10865         55     79     114  113.986815  -0.013185
10866         55     80     113  111.814309  -1.185691
10867         55     81     112  111.491851  -0.508149
10868         55     82     111  110.840070  -0.159930
10869         55     83     110  106.326744  -3.673256
10870         55     84     109  108.705598  -0.294402
10871         55     85     108  107.753973  -0.246027
10872         55     86     107  109.298869   2.298869
10873         55     87     106  111.338452   5.338452
10874         55     88     105  112.208294   7.208294
10875         55     89     104  112.181620   8.181620
10876         55     90     103  102.804706  -0.195294
10877         55     91     102  104.000598   2.000598
10878         55     92     101  104.474706   3.474706
10879         55     93     100  103.858261   3.858261
10880         55     94      99  100.828315   1.828315
10881         55     95      98   99.995880   1.995880
10882         55     96      97   97.503190   0.503190
10883         55     97      96   91.522422  -4.477578
10884         55     98      95   87.943011  -7.056989
10885         55     99      94   88.528304  -5.471696
10886         55    100      93   89.055846  -3.944154
10887         55    101      92   89.223737  -2.776263
10888         55    102      91   91.982744   0.982744
10889         55    103      90   90.086812   0.086812
10890         55    104      89   89.818371   0.818371
10891         55    105      88   87.697450  -0.302550
10892         55    106      87   86.280991  -0.719009
10893         55    107      86   85.588450  -0.411550
10894         55    108      85   83.634012  -1.365988
10895         55    109      84   82.407247  -1.592753
10896         55    110      83   81.806727  -1.193273
10897         55    111      82   83.578058   1.578058
10898         55    112      81   81.946929   0.946929
10899         55    113      80   84.223421   4.223421
10900         55    114      79   78.734640  -0.265360
10901         55    115      78   74.915859  -3.084141
10902         55    116      77   74.576822  -2.423178
10903         55    117      76   77.475420   1.475420
10904         55    118      75   69.071486  -5.928514
10905         55    119      74   71.589921  -2.410079
10906         55    120      73   71.787772  -1.212228
10907         55    121      72   77.609228   5.609228
10908         55    122      71   74.021093   3.021093
10909         55    123      70   76.361874   6.361874
10910         55    124      69   74.554052   5.554052
10911         55    125      68   69.718138   1.718138
10912         55    126      67   65.190694  -1.809306
10913         55    127      66   64.491803  -1.508197
10914         55    128      65   65.077213   0.077213
10915         55    129      64   63.627702  -0.372298
10916         55    130      63   60.224262  -2.775738
10917         55    131      62   59.378958  -2.621042
10918         55    132      61   59.668802  -1.331198
10919         55    133      60   58.634735  -1.365265
10920         55    134      59   57.619553  -1.380447
10921         55    135      58   55.913410  -2.086590
10922         55    136      57   55.587040  -1.412960
10923         55    137      56   54.335890  -1.664110
10924         55    138      55   53.846725  -1.153275
10925         55    139      54   53.469145  -0.530855
10926         55    140      53   53.064083   0.064083
10927         55    141      52   53.546985   1.546985
10928         55    142      51   53.944078   2.944078
10929         55    143      50   51.106313   1.106313
10930         55    144      49   51.090813   2.090813
10931         55    145      48   49.742923   1.742923
10932         55    146      47   49.760486   2.760486
10933         55    147      46   50.534896   4.534896
10934         55    148      45   48.915955   3.915955
10935         55    149      44   52.841458   8.841458
10936         55    150      43   52.129992   9.129992
10937         55    151      42   45.505425   3.505425
10938         55    152      41   43.194517   2.194517
10939         55    153      40   44.504149   4.504149
10940         55    154      39   41.043451   2.043451
10941         55    155      38   43.257880   5.257880
10942         55    156      37   37.012922   0.012922
10943         55    157      36   36.261060   0.261060
10944         55    158      35   33.522522  -1.477478
10945         55    159      34   35.378140   1.378140
10946         55    160      33   33.834143   0.834143
10947         55    161      32   34.126788   2.126788
10948         55    162      31   32.300408   1.300408
10949         55    163      30   33.574875   3.574875
10950         55    164      29   34.551557   5.551557
10951         55    165      28   30.604372   2.604372
10952         55    166      27   26.461373  -0.538627
10953         55    167      26   28.846166   2.846166
10954         55    168      25   28.609623   3.609623
10955         55    169      24   27.207909   3.207909
10956         55    170      23   22.333498  -0.666502
10957         55    171      22   22.158658   0.158658
10958         55    172      21   25.796604   4.796604
10959         55    173      20   24.243192   4.243192
10960         55    174      19   23.198140   4.198140
10961         55    175      18   23.750024   5.750024
10962         55    176      17   17.987453   0.987453
10963         55    177      16   20.799737   4.799737
10964         55    178      15   15.636246   0.636246
10965         55    179      14   10.437902  -3.562098
10966         55    180      13   10.362173  -2.637827
10967         55    181      12    8.974666  -3.025334
10968         55    182      11    8.095072  -2.904928
10969         55    183      10    7.382694  -2.617306
10970         55    184       9    7.011142  -1.988858
10971         55    185       8    6.318139  -1.681861
10972         55    186       7    4.947898  -2.052102
10973         55    187       6    5.035494  -0.964506
10974         55    188       5    4.640622  -0.359378
10975         55    189       4    3.114329  -0.885671
10976         55    190       3    2.606778  -0.393222
10977         55    191       2    1.422103  -0.577897
10978         55    192       1    1.206213   0.206213
10979         55    193       0    1.110645   1.110645
10980         56      1     274  252.028040 -21.971960
10981         56      2     273  254.438127 -18.561873
10982         56      3     272  261.219363 -10.780637
10983         56      4     271  265.860771  -5.139229
10984         56      5     270  255.523581 -14.476419
10985         56      6     269  246.842032 -22.157968
10986         56      7     268  260.660927  -7.339073
10987         56      8     267  261.983698  -5.016302
10988         56      9     266  263.901690  -2.098310
10989         56     10     265  258.818243  -6.181757
10990         56     11     264  263.667447  -0.332553
10991         56     12     263  264.117510   1.117510
10992         56     13     262  237.444769 -24.555231
10993         56     14     261  247.415960 -13.584040
10994         56     15     260  259.100363  -0.899637
10995         56     16     259  254.009816  -4.990184
10996         56     17     258  257.153003  -0.846997
10997         56     18     257  256.991812  -0.008188
10998         56     19     256  251.068263  -4.931737
10999         56     20     255  250.241149  -4.758851
11000         56     21     254  248.625381  -5.374619
11001         56     22     253  249.712172  -3.287828
11002         56     23     252  247.790291  -4.209709
11003         56     24     251  244.691864  -6.308136
11004         56     25     250  244.495751  -5.504249
11005         56     26     249  245.394344  -3.605656
11006         56     27     248  245.565440  -2.434560
11007         56     28     247  244.041448  -2.958552
11008         56     29     246  242.635401  -3.364599
11009         56     30     245  244.294140  -0.705860
11010         56     31     244  243.074276  -0.925724
11011         56     32     243  242.464898  -0.535102
11012         56     33     242  239.065408  -2.934592
11013         56     34     241  239.494439  -1.505561
11014         56     35     240  235.583067  -4.416933
11015         56     36     239  231.816408  -7.183592
11016         56     37     238  232.470906  -5.529094
11017         56     38     237  231.744918  -5.255082
11018         56     39     236  230.829165  -5.170835
11019         56     40     235  239.307383   4.307383
11020         56     41     234  236.261799   2.261799
11021         56     42     233  232.339428  -0.660572
11022         56     43     232  232.012702   0.012702
11023         56     44     231  231.578897   0.578897
11024         56     45     230  230.822317   0.822317
11025         56     46     229  231.381360   2.381360
11026         56     47     228  231.177155   3.177155
11027         56     48     227  230.913898   3.913898
11028         56     49     226  230.438101   4.438101
11029         56     50     225  228.942311   3.942311
11030         56     51     224  227.394601   3.394601
11031         56     52     223  225.964967   2.964967
11032         56     53     222  224.754594   2.754594
11033         56     54     221  224.499481   3.499481
11034         56     55     220  221.636616   1.636616
11035         56     56     219  221.369654   2.369654
11036         56     57     218  221.596967   3.596967
11037         56     58     217  221.664552   4.664552
11038         56     59     216  220.882483   4.882483
11039         56     60     215  219.388208   4.388208
11040         56     61     214  221.773540   7.773540
11041         56     62     213  221.797271   8.797271
11042         56     63     212  217.831111   5.831111
11043         56     64     211  215.998255   4.998255
11044         56     65     210  215.709183   5.709183
11045         56     66     209  212.414554   3.414554
11046         56     67     208  212.809802   4.809802
11047         56     68     207  208.921460   1.921460
11048         56     69     206  209.353368   3.353368
11049         56     70     205  205.681231   0.681231
11050         56     71     204  204.073438   0.073438
11051         56     72     203  204.136502   1.136502
11052         56     73     202  200.416890  -1.583110
11053         56     74     201  196.029310  -4.970690
11054         56     75     200  200.221761   0.221761
11055         56     76     199  198.258295  -0.741705
11056         56     77     198  198.522867   0.522867
11057         56     78     197  196.491792  -0.508208
11058         56     79     196  196.047099   0.047099
11059         56     80     195  195.544647   0.544647
11060         56     81     194  197.582663   3.582663
11061         56     82     193  195.325890   2.325890
11062         56     83     192  179.569301 -12.430699
11063         56     84     191  182.191766  -8.808234
11064         56     85     190  179.244595 -10.755405
11065         56     86     189  181.973362  -7.026638
11066         56     87     188  181.482555  -6.517445
11067         56     88     187  182.343773  -4.656227
11068         56     89     186  178.060744  -7.939256
11069         56     90     185  178.440059  -6.559941
11070         56     91     184  176.979229  -7.020771
11071         56     92     183  174.084064  -8.915936
11072         56     93     182  174.118628  -7.881372
11073         56     94     181  174.222794  -6.777206
11074         56     95     180  171.847946  -8.152054
11075         56     96     179  168.963834 -10.036166
11076         56     97     178  171.554466  -6.445534
11077         56     98     177  172.571225  -4.428775
11078         56     99     176  170.914042  -5.085958
11079         56    100     175  171.002394  -3.997606
11080         56    101     174  172.155337  -1.844663
11081         56    102     173  170.768586  -2.231414
11082         56    103     172  171.013647  -0.986353
11083         56    104     171  168.398080  -2.601920
11084         56    105     170  167.161352  -2.838648
11085         56    106     169  166.289006  -2.710994
11086         56    107     168  167.469339  -0.530661
11087         56    108     167  165.141737  -1.858263
11088         56    109     166  165.219978  -0.780022
11089         56    110     165  159.487957  -5.512043
11090         56    111     164  162.530636  -1.469364
11091         56    112     163  163.484092   0.484092
11092         56    113     162  152.948113  -9.051887
11093         56    114     161  156.265246  -4.734754
11094         56    115     160  153.298900  -6.701100
11095         56    116     159  156.095239  -2.904761
11096         56    117     158  143.209499 -14.790501
11097         56    118     157  148.083091  -8.916909
11098         56    119     156  155.777815  -0.222185
11099         56    120     155  150.095233  -4.904767
11100         56    121     154  149.937520  -4.062480
11101         56    122     153  151.542373  -1.457627
11102         56    123     152  147.693588  -4.306412
11103         56    124     151  150.689802  -0.310198
11104         56    125     150  151.511973   1.511973
11105         56    126     149  151.616791   2.616791
11106         56    127     148  152.432924   4.432924
11107         56    128     147  147.327558   0.327558
11108         56    129     146  147.359093   1.359093
11109         56    130     145  147.284959   2.284959
11110         56    131     144  134.276553  -9.723447
11111         56    132     143  144.740600   1.740600
11112         56    133     142  140.967111  -1.032889
11113         56    134     141  134.755172  -6.244828
11114         56    135     140  134.056378  -5.943622
11115         56    136     139  138.064208  -0.935792
11116         56    137     138  138.975515   0.975515
11117         56    138     137  138.411182   1.411182
11118         56    139     136  137.190796   1.190796
11119         56    140     135  140.249341   5.249341
11120         56    141     134  133.877907  -0.122093
11121         56    142     133  132.969762  -0.030238
11122         56    143     132  131.727446  -0.272554
11123         56    144     131  130.529658  -0.470342
11124         56    145     130  131.089973   1.089973
11125         56    146     129  130.141227   1.141227
11126         56    147     128  132.282169   4.282169
11127         56    148     127  132.186612   5.186612
11128         56    149     126  131.583735   5.583735
11129         56    150     125  130.504804   5.504804
11130         56    151     124  131.124167   7.124167
11131         56    152     123  130.507760   7.507760
11132         56    153     122  119.628831  -2.371169
11133         56    154     121  116.482282  -4.517718
11134         56    155     120  113.503861  -6.496139
11135         56    156     119  114.782997  -4.217003
11136         56    157     118  114.215019  -3.784981
11137         56    158     117  112.379653  -4.620347
11138         56    159     116  113.377389  -2.622611
11139         56    160     115  113.149720  -1.850280
11140         56    161     114  114.372857   0.372857
11141         56    162     113  113.294649   0.294649
11142         56    163     112  107.417557  -4.582443
11143         56    164     111  115.079697   4.079697
11144         56    165     110  110.544025   0.544025
11145         56    166     109  110.304376   1.304376
11146         56    167     108  109.961684   1.961684
11147         56    168     107  107.042915   0.042915
11148         56    169     106  105.026576  -0.973424
11149         56    170     105  110.159601   5.159601
11150         56    171     104  106.789188   2.789188
11151         56    172     103  107.185313   4.185313
11152         56    173     102   98.634879  -3.365121
11153         56    174     101  101.377763   0.377763
11154         56    175     100  100.750497   0.750497
11155         56    176      99   96.600197  -2.399803
11156         56    177      98   98.347141   0.347141
11157         56    178      97   88.473467  -8.526533
11158         56    179      96   93.318247  -2.681753
11159         56    180      95   94.310894  -0.689106
11160         56    181      94   98.251369   4.251369
11161         56    182      93   98.647593   5.647593
11162         56    183      92   92.937166   0.937166
11163         56    184      91   90.915671  -0.084329
11164         56    185      90   91.821969   1.821969
11165         56    186      89   90.896785   1.896785
11166         56    187      88   85.622847  -2.377153
11167         56    188      87   84.102744  -2.897256
11168         56    189      86   82.573182  -3.426818
11169         56    190      85   83.233830  -1.766170
11170         56    191      84   80.927850  -3.072150
11171         56    192      83   81.435151  -1.564849
11172         56    193      82   75.881929  -6.118071
11173         56    194      81   78.221625  -2.778375
11174         56    195      80   77.023481  -2.976519
11175         56    196      79   78.079470  -0.920530
11176         56    197      78   79.655484   1.655484
11177         56    198      77   77.147416   0.147416
11178         56    199      76   75.987274  -0.012726
11179         56    200      75   70.902066  -4.097934
11180         56    201      74   71.671995  -2.328005
11181         56    202      73   71.301704  -1.698296
11182         56    203      72   68.768546  -3.231454
11183         56    204      71   68.611516  -2.388484
11184         56    205      70   69.201363  -0.798637
11185         56    206      69   68.269487  -0.730513
11186         56    207      68   68.548865   0.548865
11187         56    208      67   67.565598   0.565598
11188         56    209      66   68.379251   2.379251
11189         56    210      65   68.848760   3.848760
11190         56    211      64   65.830187   1.830187
11191         56    212      63   61.329399  -1.670601
11192         56    213      62   61.052634  -0.947366
11193         56    214      61   60.359489  -0.640511
11194         56    215      60   58.526228  -1.473772
11195         56    216      59   58.720977  -0.279023
11196         56    217      58   60.185844   2.185844
11197         56    218      57   54.634610  -2.365390
11198         56    219      56   56.124705   0.124705
11199         56    220      55   57.596534   2.596534
11200         56    221      54   56.414336   2.414336
11201         56    222      53   56.315551   3.315551
11202         56    223      52   47.940161  -4.059839
11203         56    224      51   48.005853  -2.994147
11204         56    225      50   45.936492  -4.063508
11205         56    226      49   47.331588  -1.668412
11206         56    227      48   45.001162  -2.998838
11207         56    228      47   44.029681  -2.970319
11208         56    229      46   43.105712  -2.894288
11209         56    230      45   43.245434  -1.754566
11210         56    231      44   42.831949  -1.168051
11211         56    232      43   39.146686  -3.853314
11212         56    233      42   38.545510  -3.454490
11213         56    234      41   37.078943  -3.921057
11214         56    235      40   34.168885  -5.831115
11215         56    236      39   32.954514  -6.045486
11216         56    237      38   30.021109  -7.978891
11217         56    238      37   33.023692  -3.976308
11218         56    239      36   32.556014  -3.443986
11219         56    240      35   29.738500  -5.261500
11220         56    241      34   29.268669  -4.731331
11221         56    242      33   28.917415  -4.082585
11222         56    243      32   28.503698  -3.496302
11223         56    244      31   26.123870  -4.876130
11224         56    245      30   24.976684  -5.023316
11225         56    246      29   27.376080  -1.623920
11226         56    247      28   27.528448  -0.471552
11227         56    248      27   30.033146   3.033146
11228         56    249      26   26.924201   0.924201
11229         56    250      25   24.064466  -0.935534
11230         56    251      24   23.677031  -0.322969
11231         56    252      23   21.977009  -1.022991
11232         56    253      22   23.523606   1.523606
11233         56    254      21   22.794983   1.794983
11234         56    255      20   20.483854   0.483854
11235         56    256      19   18.527610  -0.472390
11236         56    257      18   15.297838  -2.702162
11237         56    258      17   17.819454   0.819454
11238         56    259      16   16.325104   0.325104
11239         56    260      15   14.356785  -0.643215
11240         56    261      14   13.499679  -0.500321
11241         56    262      13   14.361102   1.361102
11242         56    263      12    8.061006  -3.938994
11243         56    264      11    8.666504  -2.333496
11244         56    265      10   10.790162   0.790162
11245         56    266       9   10.138075   1.138075
11246         56    267       8    8.524997   0.524997
11247         56    268       7    9.614899   2.614899
11248         56    269       6    9.462884   3.462884
11249         56    270       5    5.259480   0.259480
11250         56    271       4    3.350855  -0.649145
11251         56    272       3    3.260220   0.260220
11252         56    273       2    2.707989   0.707989
11253         56    274       1    2.069385   1.069385
11254         56    275       0    3.387353   3.387353
11255         57      1     136  156.572889  20.572889
11256         57      2     135  153.034539  18.034539
11257         57      3     134  147.258996  13.258996
11258         57      4     133  136.509146   3.509146
11259         57      5     132  149.292926  17.292926
11260         57      6     131  143.242993  12.242993
11261         57      7     130  141.088804  11.088804
11262         57      8     129  146.352870  17.352870
11263         57      9     128  127.103204  -0.896796
11264         57     10     127  127.199724   0.199724
11265         57     11     126  128.477842   2.477842
11266         57     12     125  130.341429   5.341429
11267         57     13     124  122.851683  -1.148317
11268         57     14     123  126.101046   3.101046
11269         57     15     122  126.740054   4.740054
11270         57     16     121  117.517365  -3.482635
11271         57     17     120  117.295318  -2.704682
11272         57     18     119  116.083156  -2.916844
11273         57     19     118  120.922048   2.922048
11274         57     20     117  116.133032  -0.866968
11275         57     21     116  114.932576  -1.067424
11276         57     22     115  118.196349   3.196349
11277         57     23     114  118.775892   4.775892
11278         57     24     113  118.360815   5.360815
11279         57     25     112  120.175590   8.175590
11280         57     26     111  119.665398   8.665398
11281         57     27     110  118.121644   8.121644
11282         57     28     109  113.064734   4.064734
11283         57     29     108  110.955173   2.955173
11284         57     30     107  109.688216   2.688216
11285         57     31     106  108.951431   2.951431
11286         57     32     105  105.121014   0.121014
11287         57     33     104  103.422185  -0.577815
11288         57     34     103  103.453783   0.453783
11289         57     35     102  102.034206   0.034206
11290         57     36     101  101.810270   0.810270
11291         57     37     100   97.795548  -2.204452
11292         57     38      99   96.683545  -2.316455
11293         57     39      98   99.937107   1.937107
11294         57     40      97   96.360181  -0.639819
11295         57     41      96   97.326914   1.326914
11296         57     42      95   95.264187   0.264187
11297         57     43      94   91.935034  -2.064966
11298         57     44      93   89.013632  -3.986368
11299         57     45      92   89.735126  -2.264874
11300         57     46      91   89.110842  -1.889158
11301         57     47      90   88.236735  -1.763265
11302         57     48      89   85.397340  -3.602660
11303         57     49      88   88.286217   0.286217
11304         57     50      87   87.279109   0.279109
11305         57     51      86   85.174631  -0.825369
11306         57     52      85   87.233191   2.233191
11307         57     53      84   82.742418  -1.257582
11308         57     54      83   81.584207  -1.415793
11309         57     55      82   81.156988  -0.843012
11310         57     56      81   80.714348  -0.285652
11311         57     57      80   80.580838   0.580838
11312         57     58      79   79.003492   0.003492
11313         57     59      78   80.525466   2.525466
11314         57     60      77   78.677940   1.677940
11315         57     61      76   75.488100  -0.511900
11316         57     62      75   82.843311   7.843311
11317         57     63      74   80.850534   6.850534
11318         57     64      73   74.544879   1.544879
11319         57     65      72   77.040262   5.040262
11320         57     66      71   74.956162   3.956162
11321         57     67      70   76.342815   6.342815
11322         57     68      69   76.209452   7.209452
11323         57     69      68   73.877238   5.877238
11324         57     70      67   75.090229   8.090229
11325         57     71      66   74.852807   8.852807
11326         57     72      65   73.233075   8.233075
11327         57     73      64   73.965766   9.965766
11328         57     74      63   73.033390  10.033390
11329         57     75      62   71.866429   9.866429
11330         57     76      61   72.006194  11.006194
11331         57     77      60   69.934298   9.934298
11332         57     78      59   68.191151   9.191151
11333         57     79      58   63.689654   5.689654
11334         57     80      57   57.882546   0.882546
11335         57     81      56   53.411980  -2.588020
11336         57     82      55   53.812039  -1.187961
11337         57     83      54   53.050677  -0.949323
11338         57     84      53   58.538588   5.538588
11339         57     85      52   57.989702   5.989702
11340         57     86      51   51.941695   0.941695
11341         57     87      50   54.221015   4.221015
11342         57     88      49   55.158171   6.158171
11343         57     89      48   55.520382   7.520382
11344         57     90      47   54.378494   7.378494
11345         57     91      46   52.625727   6.625727
11346         57     92      45   51.618527   6.618527
11347         57     93      44   50.197742   6.197742
11348         57     94      43   47.702149   4.702149
11349         57     95      42   45.752075   3.752075
11350         57     96      41   45.315900   4.315900
11351         57     97      40   40.159895   0.159895
11352         57     98      39   36.460670  -2.539330
11353         57     99      38   41.950753   3.950753
11354         57    100      37   39.094848   2.094848
11355         57    101      36   35.032491  -0.967509
11356         57    102      35   33.111751  -1.888249
11357         57    103      34   32.650677  -1.349323
11358         57    104      33   28.609095  -4.390905
11359         57    105      32   28.726212  -3.273788
11360         57    106      31   30.566495  -0.433505
11361         57    107      30   28.738698  -1.261302
11362         57    108      29   26.703687  -2.296313
11363         57    109      28   21.883179  -6.116821
11364         57    110      27   20.088987  -6.911013
11365         57    111      26   20.157699  -5.842301
11366         57    112      25   19.992963  -5.007037
11367         57    113      24   18.504651  -5.495349
11368         57    114      23   19.684562  -3.315438
11369         57    115      22   20.597207  -1.402793
11370         57    116      21   19.411751  -1.588249
11371         57    117      20   19.380801  -0.619199
11372         57    118      19   17.491143  -1.508857
11373         57    119      18   18.360641   0.360641
11374         57    120      17   18.390443   1.390443
11375         57    121      16   16.489047   0.489047
11376         57    122      15   16.217702   1.217702
11377         57    123      14   15.619315   1.619315
11378         57    124      13   13.715235   0.715235
11379         57    125      12   14.079647   2.079647
11380         57    126      11    9.506053  -1.493947
11381         57    127      10    7.927777  -2.072223
11382         57    128       9    7.621136  -1.378864
11383         57    129       8    6.453886  -1.546114
11384         57    130       7    5.509054  -1.490946
11385         57    131       6    5.271586  -0.728414
11386         57    132       5    4.733130  -0.266870
11387         57    133       4    3.373460  -0.626540
11388         57    134       3    2.943131  -0.056869
11389         57    135       2    2.085053   0.085053
11390         57    136       1    1.983996   0.983996
11391         57    137       0    1.898230   1.898230
11392         58      1     146  171.456128  25.456128
11393         58      2     145  152.097850   7.097850
11394         58      3     144  149.906055   5.906055
11395         58      4     143  147.036878   4.036878
11396         58      5     142  143.403008   1.403008
11397         58      6     141  155.175514  14.175514
11398         58      7     140  142.081472   2.081472
11399         58      8     139  139.035152   0.035152
11400         58      9     138  135.710864  -2.289136
11401         58     10     137  147.330872  10.330872
11402         58     11     136  142.932692   6.932692
11403         58     12     135  141.086614   6.086614
11404         58     13     134  136.229943   2.229943
11405         58     14     133  133.436807   0.436807
11406         58     15     132  130.246341  -1.753659
11407         58     16     131  133.677587   2.677587
11408         58     17     130  132.319527   2.319527
11409         58     18     129  131.831462   2.831462
11410         58     19     128  128.670735   0.670735
11411         58     20     127  128.592409   1.592409
11412         58     21     126  128.427541   2.427541
11413         58     22     125  126.191443   1.191443
11414         58     23     124  126.605275   2.605275
11415         58     24     123  127.374938   4.374938
11416         58     25     122  127.430742   5.430742
11417         58     26     121  129.909876   8.909876
11418         58     27     120  123.930470   3.930470
11419         58     28     119  120.914181   1.914181
11420         58     29     118  122.492255   4.492255
11421         58     30     117  120.679546   3.679546
11422         58     31     116  121.330766   5.330766
11423         58     32     115  119.246367   4.246367
11424         58     33     114  114.775467   0.775467
11425         58     34     113  114.455794   1.455794
11426         58     35     112  116.225848   4.225848
11427         58     36     111  118.180251   7.180251
11428         58     37     110  116.321104   6.321104
11429         58     38     109  112.748427   3.748427
11430         58     39     108  111.730404   3.730404
11431         58     40     107  112.676979   5.676979
11432         58     41     106  113.536744   7.536744
11433         58     42     105   98.311405  -6.688595
11434         58     43     104   98.311892  -5.688108
11435         58     44     103   98.849519  -4.150481
11436         58     45     102  100.897917  -1.102083
11437         58     46     101  100.408219  -0.591781
11438         58     47     100   98.763043  -1.236957
11439         58     48      99   96.593811  -2.406189
11440         58     49      98   91.115603  -6.884397
11441         58     50      97   89.580232  -7.419768
11442         58     51      96   91.461914  -4.538086
11443         58     52      95   90.867982  -4.132018
11444         58     53      94   91.688637  -2.311363
11445         58     54      93   90.076722  -2.923278
11446         58     55      92   90.015046  -1.984954
11447         58     56      91   90.210412  -0.789588
11448         58     57      90   93.245235   3.245235
11449         58     58      89   92.598810   3.598810
11450         58     59      88   90.924761   2.924761
11451         58     60      87   90.140137   3.140137
11452         58     61      86   88.847598   2.847598
11453         58     62      85   87.531652   2.531652
11454         58     63      84   84.252025   0.252025
11455         58     64      83   83.834867   0.834867
11456         58     65      82   82.352288   0.352288
11457         58     66      81   78.425880  -2.574120
11458         58     67      80   77.370069  -2.629931
11459         58     68      79   79.901143   0.901143
11460         58     69      78   77.929570  -0.070430
11461         58     70      77   77.996876   0.996876
11462         58     71      76   80.170218   4.170218
11463         58     72      75   78.348474   3.348474
11464         58     73      74   76.654359   2.654359
11465         58     74      73   73.338164   0.338164
11466         58     75      72   74.549073   2.549073
11467         58     76      71   72.245069   1.245069
11468         58     77      70   74.091970   4.091970
11469         58     78      69   74.961921   5.961921
11470         58     79      68   75.915029   7.915029
11471         58     80      67   74.015153   7.015153
11472         58     81      66   73.708443   7.708443
11473         58     82      65   71.572044   6.572044
11474         58     83      64   68.507046   4.507046
11475         58     84      63   65.136505   2.136505
11476         58     85      62   66.361690   4.361690
11477         58     86      61   60.836032  -0.163968
11478         58     87      60   61.492862   1.492862
11479         58     88      59   59.522616   0.522616
11480         58     89      58   57.697320  -0.302680
11481         58     90      57   54.769904  -2.230096
11482         58     91      56   52.931644  -3.068356
11483         58     92      55   48.684515  -6.315485
11484         58     93      54   50.550973  -3.449027
11485         58     94      53   49.729269  -3.270731
11486         58     95      52   46.632698  -5.367302
11487         58     96      51   50.273700  -0.726300
11488         58     97      50   51.129755   1.129755
11489         58     98      49   50.163006   1.163006
11490         58     99      48   50.616870   2.616870
11491         58    100      47   51.578632   4.578632
11492         58    101      46   49.808574   3.808574
11493         58    102      45   48.787003   3.787003
11494         58    103      44   48.826671   4.826671
11495         58    104      43   46.716461   3.716461
11496         58    105      42   47.086110   5.086110
11497         58    106      41   46.138411   5.138411
11498         58    107      40   44.443802   4.443802
11499         58    108      39   41.752841   2.752841
11500         58    109      38   41.108314   3.108314
11501         58    110      37   38.054605   1.054605
11502         58    111      36   37.375859   1.375859
11503         58    112      35   33.083423  -1.916577
11504         58    113      34   33.371568  -0.628432
11505         58    114      33   36.457322   3.457322
11506         58    115      32   33.943014   1.943014
11507         58    116      31   30.155071  -0.844929
11508         58    117      30   28.331804  -1.668196
11509         58    118      29   28.520093  -0.479907
11510         58    119      28   33.520572   5.520572
11511         58    120      27   23.655708  -3.344292
11512         58    121      26   22.942396  -3.057604
11513         58    122      25   22.481257  -2.518743
11514         58    123      24   24.965772   0.965772
11515         58    124      23   20.307944  -2.692056
11516         58    125      22   20.107253  -1.892747
11517         58    126      21   21.814921   0.814921
11518         58    127      20   18.922912  -1.077088
11519         58    128      19   18.683920  -0.316080
11520         58    129      18   19.564865   1.564865
11521         58    130      17   20.896233   3.896233
11522         58    131      16   20.757028   4.757028
11523         58    132      15   17.989299   2.989299
11524         58    133      14   17.622177   3.622177
11525         58    134      13   16.959640   3.959640
11526         58    135      12   12.685963   0.685963
11527         58    136      11   10.445664  -0.554336
11528         58    137      10    9.061475  -0.938525
11529         58    138       9    8.045406  -0.954594
11530         58    139       8    8.173233   0.173233
11531         58    140       7    7.903019   0.903019
11532         58    141       6    8.692588   2.692588
11533         58    142       5    7.666150   2.666150
11534         58    143       4    7.084286   3.084286
11535         58    144       3    4.440724   1.440724
11536         58    145       2    1.852793  -0.147207
11537         58    146       1    2.905702   1.905702
11538         58    147       0    1.701692   1.701692
11539         59      1     230  219.427156 -10.572844
11540         59      2     229  227.197403  -1.802597
11541         59      3     228  228.945433   0.945433
11542         59      4     227  220.379533  -6.620467
11543         59      5     226  219.172804  -6.827196
11544         59      6     225  228.866800   3.866800
11545         59      7     224  222.265576  -1.734424
11546         59      8     223  231.661697   8.661697
11547         59      9     222  220.961750  -1.038250
11548         59     10     221  220.629576  -0.370424
11549         59     11     220  219.132309  -0.867691
11550         59     12     219  215.917923  -3.082077
11551         59     13     218  215.426745  -2.573255
11552         59     14     217  212.184420  -4.815580
11553         59     15     216  211.987545  -4.012455
11554         59     16     215  210.436342  -4.563658
11555         59     17     214  209.186525  -4.813475
11556         59     18     213  209.189159  -3.810841
11557         59     19     212  208.527009  -3.472991
11558         59     20     211  209.182164  -1.817836
11559         59     21     210  209.104173  -0.895827
11560         59     22     209  208.734681  -0.265319
11561         59     23     208  208.768792   0.768792
11562         59     24     207  199.796915  -7.203085
11563         59     25     206  203.768622  -2.231378
11564         59     26     205  203.530121  -1.469879
11565         59     27     204  200.620784  -3.379216
11566         59     28     203  196.915053  -6.084947
11567         59     29     202  195.483902  -6.516098
11568         59     30     201  197.894050  -3.105950
11569         59     31     200  196.243939  -3.756061
11570         59     32     199  195.383904  -3.616096
11571         59     33     198  194.090108  -3.909892
11572         59     34     197  194.172192  -2.827808
11573         59     35     196  194.288892  -1.711108
11574         59     36     195  194.003172  -0.996828
11575         59     37     194  192.777569  -1.222431
11576         59     38     193  191.722669  -1.277331
11577         59     39     192  187.002547  -4.997453
11578         59     40     191  185.581884  -5.418116
11579         59     41     190  185.984485  -4.015515
11580         59     42     189  181.226118  -7.773882
11581         59     43     188  184.627013  -3.372987
11582         59     44     187  183.828780  -3.171220
11583         59     45     186  184.831252  -1.168748
11584         59     46     185  184.124590  -0.875410
11585         59     47     184  183.202742  -0.797258
11586         59     48     183  182.867700  -0.132300
11587         59     49     182  183.355484   1.355484
11588         59     50     181  182.633051   1.633051
11589         59     51     180  182.206315   2.206315
11590         59     52     179  180.662983   1.662983
11591         59     53     178  178.776710   0.776710
11592         59     54     177  178.793478   1.793478
11593         59     55     176  178.067915   2.067915
11594         59     56     175  175.866942   0.866942
11595         59     57     174  176.076059   2.076059
11596         59     58     173  174.120665   1.120665
11597         59     59     172  171.489508  -0.510492
11598         59     60     171  171.779357   0.779357
11599         59     61     170  170.769074   0.769074
11600         59     62     169  169.970411   0.970411
11601         59     63     168  166.925587  -1.074413
11602         59     64     167  166.635224  -0.364776
11603         59     65     166  166.425049   0.425049
11604         59     66     165  165.624676   0.624676
11605         59     67     164  162.920740  -1.079260
11606         59     68     163  164.239552   1.239552
11607         59     69     162  159.408772  -2.591228
11608         59     70     161  163.680094   2.680094
11609         59     71     160  162.016673   2.016673
11610         59     72     159  160.962872   1.962872
11611         59     73     158  154.440950  -3.559050
11612         59     74     157  159.014932   2.014932
11613         59     75     156  157.587696   1.587696
11614         59     76     155  157.826178   2.826178
11615         59     77     154  151.657728  -2.342272
11616         59     78     153  148.984225  -4.015775
11617         59     79     152  149.565387  -2.434613
11618         59     80     151  145.926123  -5.073877
11619         59     81     150  145.375547  -4.624453
11620         59     82     149  147.868441  -1.131559
11621         59     83     148  149.797763   1.797763
11622         59     84     147  146.837165  -0.162835
11623         59     85     146  144.134771  -1.865229
11624         59     86     145  140.014833  -4.985167
11625         59     87     144  138.090540  -5.909460
11626         59     88     143  136.962981  -6.037019
11627         59     89     142  135.127834  -6.872166
11628         59     90     141  137.783713  -3.216287
11629         59     91     140  133.262105  -6.737895
11630         59     92     139  133.585304  -5.414696
11631         59     93     138  135.581575  -2.418425
11632         59     94     137  131.949309  -5.050691
11633         59     95     136  134.518318  -1.481682
11634         59     96     135  134.444472  -0.555528
11635         59     97     134  135.468846   1.468846
11636         59     98     133  127.491508  -5.508492
11637         59     99     132  132.827960   0.827960
11638         59    100     131  126.891627  -4.108373
11639         59    101     130  126.257941  -3.742059
11640         59    102     129  124.683416  -4.316584
11641         59    103     128  126.454984  -1.545016
11642         59    104     127  122.151678  -4.848322
11643         59    105     126  124.954789  -1.045211
11644         59    106     125  123.992793  -1.007207
11645         59    107     124  122.275465  -1.724535
11646         59    108     123  119.810458  -3.189542
11647         59    109     122  122.549654   0.549654
11648         59    110     121  120.626894  -0.373106
11649         59    111     120  117.950725  -2.049275
11650         59    112     119  116.036169  -2.963831
11651         59    113     118  114.543175  -3.456825
11652         59    114     117  113.795174  -3.204826
11653         59    115     116  113.614834  -2.385166
11654         59    116     115  114.281919  -0.718081
11655         59    117     114  120.866249   6.866249
11656         59    118     113  117.550647   4.550647
11657         59    119     112  119.530916   7.530916
11658         59    120     111  112.466529   1.466529
11659         59    121     110  119.685843   9.685843
11660         59    122     109  119.443646  10.443646
11661         59    123     108  115.215328   7.215328
11662         59    124     107  111.475335   4.475335
11663         59    125     106  108.676142   2.676142
11664         59    126     105  108.865521   3.865521
11665         59    127     104  110.677036   6.677036
11666         59    128     103  103.240499   0.240499
11667         59    129     102  104.874640   2.874640
11668         59    130     101   98.268731  -2.731269
11669         59    131     100   98.206806  -1.793194
11670         59    132      99  100.615721   1.615721
11671         59    133      98  102.069106   4.069106
11672         59    134      97   95.916448  -1.083552
11673         59    135      96   97.261939   1.261939
11674         59    136      95   96.977588   1.977588
11675         59    137      94   99.396332   5.396332
11676         59    138      93   88.671636  -4.328364
11677         59    139      92   91.070831  -0.929169
11678         59    140      91   93.436627   2.436627
11679         59    141      90   89.619813  -0.380187
11680         59    142      89   89.162983   0.162983
11681         59    143      88   86.560904  -1.439096
11682         59    144      87   84.116894  -2.883106
11683         59    145      86   86.487470   0.487470
11684         59    146      85   86.125211   1.125211
11685         59    147      84   81.070829  -2.929171
11686         59    148      83   74.948368  -8.051632
11687         59    149      82   78.860678  -3.139322
11688         59    150      81   75.234049  -5.765951
11689         59    151      80   79.377356  -0.622644
11690         59    152      79   79.410259   0.410259
11691         59    153      78   80.474829   2.474829
11692         59    154      77   77.209649   0.209649
11693         59    155      76   76.262042   0.262042
11694         59    156      75   72.860464  -2.139536
11695         59    157      74   73.991970  -0.008030
11696         59    158      73   72.346326  -0.653674
11697         59    159      72   71.076660  -0.923340
11698         59    160      71   68.050967  -2.949033
11699         59    161      70   67.461696  -2.538304
11700         59    162      69   66.938670  -2.061330
11701         59    163      68   64.695616  -3.304384
11702         59    164      67   62.436277  -4.563723
11703         59    165      66   65.095402  -0.904598
11704         59    166      65   63.592903  -1.407097
11705         59    167      64   64.528166   0.528166
11706         59    168      63   65.457669   2.457669
11707         59    169      62   66.083101   4.083101
11708         59    170      61   61.379874   0.379874
11709         59    171      60   60.561750   0.561750
11710         59    172      59   56.517958  -2.482042
11711         59    173      58   56.394987  -1.605013
11712         59    174      57   51.342841  -5.657159
11713         59    175      56   48.278953  -7.721047
11714         59    176      55   50.638904  -4.361096
11715         59    177      54   52.753882  -1.246118
11716         59    178      53   51.662795  -1.337205
11717         59    179      52   51.353331  -0.646669
11718         59    180      51   48.041644  -2.958356
11719         59    181      50   47.762578  -2.237422
11720         59    182      49   51.498195   2.498195
11721         59    183      48   51.314789   3.314789
11722         59    184      47   43.799484  -3.200516
11723         59    185      46   46.693347   0.693347
11724         59    186      45   45.708640   0.708640
11725         59    187      44   42.191289  -1.808711
11726         59    188      43   38.356258  -4.643742
11727         59    189      42   40.296665  -1.703335
11728         59    190      41   40.949947  -0.050053
11729         59    191      40   35.923113  -4.076887
11730         59    192      39   39.413066   0.413066
11731         59    193      38   35.078492  -2.921508
11732         59    194      37   36.815133  -0.184867
11733         59    195      36   38.336581   2.336581
11734         59    196      35   35.330905   0.330905
11735         59    197      34   36.083981   2.083981
11736         59    198      33   36.672703   3.672703
11737         59    199      32   34.987044   2.987044
11738         59    200      31   34.692010   3.692010
11739         59    201      30   31.386685   1.386685
11740         59    202      29   28.518363  -0.481637
11741         59    203      28   25.053743  -2.946257
11742         59    204      27   25.206048  -1.793952
11743         59    205      26   24.140133  -1.859867
11744         59    206      25   26.100229   1.100229
11745         59    207      24   24.247626   0.247626
11746         59    208      23   22.996544  -0.003456
11747         59    209      22   23.079762   1.079762
11748         59    210      21   21.935125   0.935125
11749         59    211      20   21.996033   1.996033
11750         59    212      19   22.438031   3.438031
11751         59    213      18   20.695389   2.695389
11752         59    214      17   19.219474   2.219474
11753         59    215      16   19.738579   3.738579
11754         59    216      15   18.665241   3.665241
11755         59    217      14   19.569888   5.569888
11756         59    218      13   19.419055   6.419055
11757         59    219      12   17.821512   5.821512
11758         59    220      11   12.781943   1.781943
11759         59    221      10   11.565693   1.565693
11760         59    222       9   11.700518   2.700518
11761         59    223       8   10.656675   2.656675
11762         59    224       7    8.565617   1.565617
11763         59    225       6    6.621298   0.621298
11764         59    226       5    7.562846   2.562846
11765         59    227       4    6.671316   2.671316
11766         59    228       3    6.031526   3.031526
11767         59    229       2    6.291520   4.291520
11768         59    230       1    5.559615   4.559615
11769         59    231       0    3.714662   3.714662
11770         60      1     171  185.082707  14.082707
11771         60      2     170  170.926009   0.926009
11772         60      3     169  167.791156  -1.208844
11773         60      4     168  165.809908  -2.190092
11774         60      5     167  162.427254  -4.572746
11775         60      6     166  159.893598  -6.106402
11776         60      7     165  165.083087   0.083087
11777         60      8     164  164.378065   0.378065
11778         60      9     163  161.396215  -1.603785
11779         60     10     162  164.659038   2.659038
11780         60     11     161  158.526138  -2.473862
11781         60     12     160  157.411734  -2.588266
11782         60     13     159  165.959007   6.959007
11783         60     14     158  160.898057   2.898057
11784         60     15     157  155.922259  -1.077741
11785         60     16     156  153.841621  -2.158379
11786         60     17     155  154.064965  -0.935035
11787         60     18     154  153.939756  -0.060244
11788         60     19     153  153.752258   0.752258
11789         60     20     152  152.155851   0.155851
11790         60     21     151  151.956291   0.956291
11791         60     22     150  151.514033   1.514033
11792         60     23     149  150.242634   1.242634
11793         60     24     148  150.188056   2.188056
11794         60     25     147  149.992230   2.992230
11795         60     26     146  149.235256   3.235256
11796         60     27     145  148.554714   3.554714
11797         60     28     144  147.796126   3.796126
11798         60     29     143  146.035020   3.035020
11799         60     30     142  145.836800   3.836800
11800         60     31     141  144.767376   3.767376
11801         60     32     140  140.957152   0.957152
11802         60     33     139  138.223870  -0.776130
11803         60     34     138  138.008041   0.008041
11804         60     35     137  138.204066   1.204066
11805         60     36     136  136.858180   0.858180
11806         60     37     135  133.954186  -1.045814
11807         60     38     134  131.242834  -2.757166
11808         60     39     133  133.155089   0.155089
11809         60     40     132  131.440391  -0.559609
11810         60     41     131  130.829656  -0.170344
11811         60     42     130  130.492541   0.492541
11812         60     43     129  128.323290  -0.676710
11813         60     44     128  128.288856   0.288856
11814         60     45     127  128.716047   1.716047
11815         60     46     126  128.035472   2.035472
11816         60     47     125  131.927592   6.927592
11817         60     48     124  130.385735   6.385735
11818         60     49     123  121.038943  -1.961057
11819         60     50     122  119.532640  -2.467360
11820         60     51     121  119.090091  -1.909909
11821         60     52     120  119.211133  -0.788867
11822         60     53     119  117.104451  -1.895549
11823         60     54     118  115.442505  -2.557495
11824         60     55     117  115.978173  -1.021827
11825         60     56     116  115.455110  -0.544890
11826         60     57     115  114.285563  -0.714437
11827         60     58     114  111.966011  -2.033989
11828         60     59     113  111.628153  -1.371847
11829         60     60     112  113.845482   1.845482
11830         60     61     111  111.381448   0.381448
11831         60     62     110  109.731036  -0.268964
11832         60     63     109  107.910753  -1.089247
11833         60     64     108  106.813738  -1.186262
11834         60     65     107  106.725399  -0.274601
11835         60     66     106  105.734966  -0.265034
11836         60     67     105  104.367772  -0.632228
11837         60     68     104  105.057761   1.057761
11838         60     69     103  105.221079   2.221079
11839         60     70     102  104.751108   2.751108
11840         60     71     101  102.869133   1.869133
11841         60     72     100   97.826755  -2.173245
11842         60     73      99  100.457142   1.457142
11843         60     74      98   98.918065   0.918065
11844         60     75      97   97.606246   0.606246
11845         60     76      96   96.240584   0.240584
11846         60     77      95   97.936254   2.936254
11847         60     78      94   98.803411   4.803411
11848         60     79      93   97.257439   4.257439
11849         60     80      92   96.986227   4.986227
11850         60     81      91   95.892919   4.892919
11851         60     82      90   96.719124   6.719124
11852         60     83      89   97.407844   8.407844
11853         60     84      88   96.160932   8.160932
11854         60     85      87   97.250695  10.250695
11855         60     86      86   94.978248   8.978248
11856         60     87      85   95.882707  10.882707
11857         60     88      84   92.097325   8.097325
11858         60     89      83   85.944153   2.944153
11859         60     90      82   85.229537   3.229537
11860         60     91      81   84.902348   3.902348
11861         60     92      80   77.597942  -2.402058
11862         60     93      79   80.220045   1.220045
11863         60     94      78   79.021795   1.021795
11864         60     95      77   80.407828   3.407828
11865         60     96      76   86.981383  10.981383
11866         60     97      75   80.953070   5.953070
11867         60     98      74   75.767363   1.767363
11868         60     99      73   72.920386  -0.079614
11869         60    100      72   72.675739   0.675739
11870         60    101      71   66.053387  -4.946613
11871         60    102      70   67.564717  -2.435283
11872         60    103      69   66.999369  -2.000631
11873         60    104      68   66.905099  -1.094901
11874         60    105      67   67.093825   0.093825
11875         60    106      66   64.288860  -1.711140
11876         60    107      65   61.809560  -3.190440
11877         60    108      64   58.702770  -5.297230
11878         60    109      63   60.770200  -2.229800
11879         60    110      62   65.089918   3.089918
11880         60    111      61   70.904536   9.904536
11881         60    112      60   63.655881   3.655881
11882         60    113      59   59.815226   0.815226
11883         60    114      58   59.342420   1.342420
11884         60    115      57   69.006248  12.006248
11885         60    116      56   66.369396  10.369396
11886         60    117      55   64.625725   9.625725
11887         60    118      54   62.736909   8.736909
11888         60    119      53   60.944098   7.944098
11889         60    120      52   55.527834   3.527834
11890         60    121      51   53.571768   2.571768
11891         60    122      50   49.232662  -0.767338
11892         60    123      49   49.040716   0.040716
11893         60    124      48   50.519875   2.519875
11894         60    125      47   51.585133   4.585133
11895         60    126      46   51.419176   5.419176
11896         60    127      45   53.177470   8.177470
11897         60    128      44   47.671187   3.671187
11898         60    129      43   46.004746   3.004746
11899         60    130      42   39.802735  -2.197265
11900         60    131      41   41.782476   0.782476
11901         60    132      40   36.547555  -3.452445
11902         60    133      39   32.368754  -6.631246
11903         60    134      38   37.518525  -0.481475
11904         60    135      37   33.801788  -3.198212
11905         60    136      36   35.556656  -0.443344
11906         60    137      35   33.934349  -1.065651
11907         60    138      34   32.760213  -1.239787
11908         60    139      33   32.099455  -0.900545
11909         60    140      32   33.127048   1.127048
11910         60    141      31   29.845204  -1.154796
11911         60    142      30   30.057907   0.057907
11912         60    143      29   29.295269   0.295269
11913         60    144      28   28.143298   0.143298
11914         60    145      27   29.962900   2.962900
11915         60    146      26   27.170079   1.170079
11916         60    147      25   27.669292   2.669292
11917         60    148      24   27.420025   3.420025
11918         60    149      23   22.396094  -0.603906
11919         60    150      22   23.184399   1.184399
11920         60    151      21   22.067500   1.067500
11921         60    152      20   17.879427  -2.120573
11922         60    153      19   16.415282  -2.584718
11923         60    154      18   13.735460  -4.264540
11924         60    155      17   13.345900  -3.654100
11925         60    156      16   14.291598  -1.708402
11926         60    157      15   11.084623  -3.915377
11927         60    158      14   10.992574  -3.007426
11928         60    159      13   10.546751  -2.453249
11929         60    160      12    8.201520  -3.798480
11930         60    161      11    6.972683  -4.027317
11931         60    162      10    6.815022  -3.184978
11932         60    163       9    5.695118  -3.304882
11933         60    164       8    5.283967  -2.716033
11934         60    165       7    3.480798  -3.519202
11935         60    166       6    2.599920  -3.400080
11936         60    167       5    2.167539  -2.832461
11937         60    168       4    1.603661  -2.396339
11938         60    169       3    1.597985  -1.402015
11939         60    170       2    1.657667  -0.342333
11940         60    171       1    1.252620   0.252620
11941         60    172       0    1.068660   1.068660
11942         61      1     184  201.015348  17.015348
11943         61      2     183  187.126960   4.126960
11944         61      3     182  188.569395   6.569395
11945         61      4     181  181.614570   0.614570
11946         61      5     180  183.769755   3.769755
11947         61      6     179  178.261927  -0.738073
11948         61      7     178  173.105002  -4.894998
11949         61      8     177  179.606800   2.606800
11950         61      9     176  191.966244  15.966244
11951         61     10     175  173.198092  -1.801908
11952         61     11     174  168.897042  -5.102958
11953         61     12     173  168.403681  -4.596319
11954         61     13     172  177.108530   5.108530
11955         61     14     171  170.173265  -0.826735
11956         61     15     170  168.721273  -1.278727
11957         61     16     169  168.635262  -0.364738
11958         61     17     168  168.820233   0.820233
11959         61     18     167  166.391577  -0.608423
11960         61     19     166  165.239428  -0.760572
11961         61     20     165  163.502318  -1.497682
11962         61     21     164  164.549043   0.549043
11963         61     22     163  162.563594  -0.436406
11964         61     23     162  161.558065  -0.441935
11965         61     24     161  160.476873  -0.523127
11966         61     25     160  159.959104  -0.040896
11967         61     26     159  160.720240   1.720240
11968         61     27     158  158.369085   0.369085
11969         61     28     157  158.808749   1.808749
11970         61     29     156  157.267629   1.267629
11971         61     30     155  156.018553   1.018553
11972         61     31     154  156.640201   2.640201
11973         61     32     153  154.792867   1.792867
11974         61     33     152  153.229596   1.229596
11975         61     34     151  151.124907   0.124907
11976         61     35     150  150.602161   0.602161
11977         61     36     149  149.155737   0.155737
11978         61     37     148  146.593199  -1.406801
11979         61     38     147  145.292561  -1.707439
11980         61     39     146  145.616974  -0.383026
11981         61     40     145  145.599559   0.599559
11982         61     41     144  146.223049   2.223049
11983         61     42     143  144.763207   1.763207
11984         61     43     142  144.995644   2.995644
11985         61     44     141  144.139851   3.139851
11986         61     45     140  143.928047   3.928047
11987         61     46     139  141.204974   2.204974
11988         61     47     138  140.121926   2.121926
11989         61     48     137  139.753168   2.753168
11990         61     49     136  139.718242   3.718242
11991         61     50     135  134.124860  -0.875140
11992         61     51     134  133.520010  -0.479990
11993         61     52     133  134.096903   1.096903
11994         61     53     132  135.971249   3.971249
11995         61     54     131  132.493334   1.493334
11996         61     55     130  130.415910   0.415910
11997         61     56     129  128.590040  -0.409960
11998         61     57     128  128.000621   0.000621
11999         61     58     127  125.290825  -1.709175
12000         61     59     126  124.436355  -1.563645
12001         61     60     125  125.018760   0.018760
12002         61     61     124  121.525366  -2.474634
12003         61     62     123  119.462666  -3.537334
12004         61     63     122  119.449838  -2.550162
12005         61     64     121  119.101695  -1.898305
12006         61     65     120  117.636905  -2.363095
12007         61     66     119  116.681537  -2.318463
12008         61     67     118  114.538246  -3.461754
12009         61     68     117  112.618349  -4.381651
12010         61     69     116  112.680432  -3.319568
12011         61     70     115  111.645378  -3.354622
12012         61     71     114  111.211516  -2.788484
12013         61     72     113  111.816599  -1.183401
12014         61     73     112  110.545785  -1.454215
12015         61     74     111  110.730901  -0.269099
12016         61     75     110  110.071438   0.071438
12017         61     76     109  106.479775  -2.520225
12018         61     77     108  105.953439  -2.046561
12019         61     78     107  105.108771  -1.891229
12020         61     79     106  102.695789  -3.304211
12021         61     80     105  103.273561  -1.726439
12022         61     81     104  102.162945  -1.837055
12023         61     82     103  100.694428  -2.305572
12024         61     83     102  101.078098  -0.921902
12025         61     84     101   97.503749  -3.496251
12026         61     85     100   96.916885  -3.083115
12027         61     86      99   97.674130  -1.325870
12028         61     87      98   96.318632  -1.681368
12029         61     88      97   95.331093  -1.668907
12030         61     89      96   92.736510  -3.263490
12031         61     90      95   92.658347  -2.341653
12032         61     91      94   93.506397  -0.493603
12033         61     92      93   88.722755  -4.277245
12034         61     93      92   89.874350  -2.125650
12035         61     94      91   90.396061  -0.603939
12036         61     95      90   90.181903   0.181903
12037         61     96      89   87.005376  -1.994624
12038         61     97      88   84.729453  -3.270547
12039         61     98      87   85.179357  -1.820643
12040         61     99      86   86.105399   0.105399
12041         61    100      85   86.265423   1.265423
12042         61    101      84   85.507697   1.507697
12043         61    102      83   83.394784   0.394784
12044         61    103      82   83.332025   1.332025
12045         61    104      81   84.116481   3.116481
12046         61    105      80   83.512111   3.512111
12047         61    106      79   78.263171  -0.736829
12048         61    107      78   79.485113   1.485113
12049         61    108      77   79.658414   2.658414
12050         61    109      76   81.392538   5.392538
12051         61    110      75   79.627833   4.627833
12052         61    111      74   78.068164   4.068164
12053         61    112      73   79.502063   6.502063
12054         61    113      72   79.702795   7.702795
12055         61    114      71   77.846878   6.846878
12056         61    115      70   78.392947   8.392947
12057         61    116      69   76.232113   7.232113
12058         61    117      68   72.494778   4.494778
12059         61    118      67   73.249117   6.249117
12060         61    119      66   68.542963   2.542963
12061         61    120      65   69.405026   4.405026
12062         61    121      64   67.976570   3.976570
12063         61    122      63   62.008663  -0.991337
12064         61    123      62   61.139691  -0.860309
12065         61    124      61   61.104739   0.104739
12066         61    125      60   57.830320  -2.169680
12067         61    126      59   57.860806  -1.139194
12068         61    127      58   58.680229   0.680229
12069         61    128      57   58.418709   1.418709
12070         61    129      56   56.511384   0.511384
12071         61    130      55   59.130275   4.130275
12072         61    131      54   58.136525   4.136525
12073         61    132      53   56.212660   3.212660
12074         61    133      52   50.524586  -1.475414
12075         61    134      51   54.189562   3.189562
12076         61    135      50   53.078948   3.078948
12077         61    136      49   48.341786  -0.658214
12078         61    137      48   48.097876   0.097876
12079         61    138      47   46.924407  -0.075593
12080         61    139      46   44.383443  -1.616557
12081         61    140      45   42.589133  -2.410867
12082         61    141      44   42.531691  -1.468309
12083         61    142      43   43.002558   0.002558
12084         61    143      42   39.745726  -2.254274
12085         61    144      41   40.738397  -0.261603
12086         61    145      40   37.809198  -2.190802
12087         61    146      39   37.884285  -1.115715
12088         61    147      38   39.269965   1.269965
12089         61    148      37   37.251298   0.251298
12090         61    149      36   36.875790   0.875790
12091         61    150      35   36.567565   1.567565
12092         61    151      34   36.540291   2.540291
12093         61    152      33   34.172931   1.172931
12094         61    153      32   37.808178   5.808178
12095         61    154      31   37.471426   6.471426
12096         61    155      30   37.019953   7.019953
12097         61    156      29   30.215104   1.215104
12098         61    157      28   26.924411  -1.075589
12099         61    158      27   28.530125   1.530125
12100         61    159      26   25.585281  -0.414719
12101         61    160      25   26.325201   1.325201
12102         61    161      24   26.326404   2.326404
12103         61    162      23   21.959270  -1.040730
12104         61    163      22   25.305056   3.305056
12105         61    164      21   26.989564   5.989564
12106         61    165      20   18.869866  -1.130134
12107         61    166      19   18.763594  -0.236406
12108         61    167      18   18.265710   0.265710
12109         61    168      17   17.065115   0.065115
12110         61    169      16   17.411022   1.411022
12111         61    170      15   17.000533   2.000533
12112         61    171      14   16.712988   2.712988
12113         61    172      13   16.232481   3.232481
12114         61    173      12   15.058261   3.058261
12115         61    174      11   12.291200   1.291200
12116         61    175      10   10.071539   0.071539
12117         61    176       9    8.713557  -0.286443
12118         61    177       8    7.124152  -0.875848
12119         61    178       7    7.229265   0.229265
12120         61    179       6    6.825656   0.825656
12121         61    180       5    5.674360   0.674360
12122         61    181       4    3.677988  -0.322012
12123         61    182       3    3.163099   0.163099
12124         61    183       2    2.492638   0.492638
12125         61    184       1    1.609302   0.609302
12126         61    185       0    1.114651   1.114651
12127         62      1     179  176.330541  -2.669459
12128         62      2     178  181.461969   3.461969
12129         62      3     177  178.993594   1.993594
12130         62      4     176  183.875171   7.875171
12131         62      5     175  180.001504   5.001504
12132         62      6     174  168.890282  -5.109718
12133         62      7     173  176.195515   3.195515
12134         62      8     172  171.732258  -0.267742
12135         62      9     171  171.168543   0.168543
12136         62     10     170  167.442678  -2.557322
12137         62     11     169  180.293318  11.293318
12138         62     12     168  174.361759   6.361759
12139         62     13     167  169.552933   2.552933
12140         62     14     166  170.478557   4.478557
12141         62     15     165  169.502172   4.502172
12142         62     16     164  170.264307   6.264307
12143         62     17     163  162.038060  -0.961940
12144         62     18     162  159.952109  -2.047891
12145         62     19     161  160.118192  -0.881808
12146         62     20     160  160.071185   0.071185
12147         62     21     159  158.969725  -0.030275
12148         62     22     158  158.729167   0.729167
12149         62     23     157  157.062814   0.062814
12150         62     24     156  157.209479   1.209479
12151         62     25     155  157.017511   2.017511
12152         62     26     154  156.951710   2.951710
12153         62     27     153  155.752824   2.752824
12154         62     28     152  154.333428   2.333428
12155         62     29     151  150.776586  -0.223414
12156         62     30     150  151.415946   1.415946
12157         62     31     149  148.964506  -0.035494
12158         62     32     148  148.573846   0.573846
12159         62     33     147  145.876123  -1.123877
12160         62     34     146  145.992586  -0.007414
12161         62     35     145  145.384254   0.384254
12162         62     36     144  144.377099   0.377099
12163         62     37     143  142.904951  -0.095049
12164         62     38     142  136.641529  -5.358471
12165         62     39     141  141.425365   0.425365
12166         62     40     140  138.816222  -1.183778
12167         62     41     139  138.681367  -0.318633
12168         62     42     138  136.498803  -1.501197
12169         62     43     137  136.330247  -0.669753
12170         62     44     136  135.846949  -0.153051
12171         62     45     135  136.431090   1.431090
12172         62     46     134  134.942301   0.942301
12173         62     47     133  135.128512   2.128512
12174         62     48     132  133.894180   1.894180
12175         62     49     131  132.389171   1.389171
12176         62     50     130  130.735622   0.735622
12177         62     51     129  129.612335   0.612335
12178         62     52     128  128.034253   0.034253
12179         62     53     127  125.887575  -1.112425
12180         62     54     126  123.917026  -2.082974
12181         62     55     125  123.223362  -1.776638
12182         62     56     124  121.000071  -2.999929
12183         62     57     123  121.351278  -1.648722
12184         62     58     122  117.756442  -4.243558
12185         62     59     121  115.475708  -5.524292
12186         62     60     120  114.922386  -5.077614
12187         62     61     119  120.514907   1.514907
12188         62     62     118  118.572654   0.572654
12189         62     63     117  113.501816  -3.498184
12190         62     64     116  125.068769   9.068769
12191         62     65     115  115.431131   0.431131
12192         62     66     114  113.564546  -0.435454
12193         62     67     113  111.969815  -1.030185
12194         62     68     112  111.065596  -0.934404
12195         62     69     111  108.844631  -2.155369
12196         62     70     110  109.742444  -0.257556
12197         62     71     109  108.043076  -0.956924
12198         62     72     108  102.204400  -5.795600
12199         62     73     107   99.578713  -7.421287
12200         62     74     106   98.258835  -7.741165
12201         62     75     105   98.406536  -6.593464
12202         62     76     104  101.417402  -2.582598
12203         62     77     103  107.648327   4.648327
12204         62     78     102  107.257267   5.257267
12205         62     79     101   99.272011  -1.727989
12206         62     80     100   95.914963  -4.085037
12207         62     81      99   97.462883  -1.537117
12208         62     82      98   94.282044  -3.717956
12209         62     83      97  100.866526   3.866526
12210         62     84      96  102.329361   6.329361
12211         62     85      95  101.103122   6.103122
12212         62     86      94   95.961393   1.961393
12213         62     87      93   92.968729  -0.031271
12214         62     88      92   91.591486  -0.408514
12215         62     89      91   94.593183   3.593183
12216         62     90      90   92.689927   2.689927
12217         62     91      89   87.843874  -1.156126
12218         62     92      88   83.350044  -4.649956
12219         62     93      87   81.312055  -5.687945
12220         62     94      86   81.367491  -4.632509
12221         62     95      85   86.999029   1.999029
12222         62     96      84   85.620231   1.620231
12223         62     97      83   86.015690   3.015690
12224         62     98      82   86.472459   4.472459
12225         62     99      81   77.469002  -3.530998
12226         62    100      80   76.655037  -3.344963
12227         62    101      79   76.241478  -2.758522
12228         62    102      78   76.505801  -1.494199
12229         62    103      77   72.210569  -4.789431
12230         62    104      76   74.521928  -1.478072
12231         62    105      75   72.813506  -2.186494
12232         62    106      74   70.784973  -3.215027
12233         62    107      73   70.503740  -2.496260
12234         62    108      72   70.795026  -1.204974
12235         62    109      71   71.202621   0.202621
12236         62    110      70   66.589235  -3.410765
12237         62    111      69   68.201086  -0.798914
12238         62    112      68   67.556995  -0.443005
12239         62    113      67   64.027571  -2.972429
12240         62    114      66   65.463422  -0.536578
12241         62    115      65   65.980002   0.980002
12242         62    116      64   65.565890   1.565890
12243         62    117      63   65.500177   2.500177
12244         62    118      62   66.335565   4.335565
12245         62    119      61   61.706884   0.706884
12246         62    120      60   63.324138   3.324138
12247         62    121      59   63.196032   4.196032
12248         62    122      58   58.847927   0.847927
12249         62    123      57   59.929749   2.929749
12250         62    124      56   59.993982   3.993982
12251         62    125      55   60.063625   5.063625
12252         62    126      54   58.765677   4.765677
12253         62    127      53   55.871749   2.871749
12254         62    128      52   53.952652   1.952652
12255         62    129      51   52.941024   1.941024
12256         62    130      50   52.939181   2.939181
12257         62    131      49   53.375056   4.375056
12258         62    132      48   52.992568   4.992568
12259         62    133      47   54.734701   7.734701
12260         62    134      46   53.281009   7.281009
12261         62    135      45   52.213161   7.213161
12262         62    136      44   46.879878   2.879878
12263         62    137      43   47.441595   4.441595
12264         62    138      42   46.377830   4.377830
12265         62    139      41   41.030392   0.030392
12266         62    140      40   42.262052   2.262052
12267         62    141      39   44.965909   5.965909
12268         62    142      38   42.921960   4.921960
12269         62    143      37   38.147197   1.147197
12270         62    144      36   42.308281   6.308281
12271         62    145      35   36.580342   1.580342
12272         62    146      34   36.696280   2.696280
12273         62    147      33   34.852454   1.852454
12274         62    148      32   31.530672  -0.469328
12275         62    149      31   32.518654   1.518654
12276         62    150      30   30.832107   0.832107
12277         62    151      29   26.996782  -2.003218
12278         62    152      28   26.706286  -1.293714
12279         62    153      27   29.932428   2.932428
12280         62    154      26   30.211100   4.211100
12281         62    155      25   28.333846   3.333846
12282         62    156      24   28.420767   4.420767
12283         62    157      23   23.811310   0.811310
12284         62    158      22   23.166232   1.166232
12285         62    159      21   22.630017   1.630017
12286         62    160      20   20.066740   0.066740
12287         62    161      19   22.589587   3.589587
12288         62    162      18   21.996215   3.996215
12289         62    163      17   18.280955   1.280955
12290         62    164      16   15.231093  -0.768907
12291         62    165      15   12.333804  -2.666196
12292         62    166      14   13.469066  -0.530934
12293         62    167      13   13.072698   0.072698
12294         62    168      12   12.985319   0.985319
12295         62    169      11    9.192445  -1.807555
12296         62    170      10    7.624844  -2.375156
12297         62    171       9    6.920737  -2.079263
12298         62    172       8    6.651066  -1.348934
12299         62    173       7    6.147810  -0.852190
12300         62    174       6    3.744924  -2.255076
12301         62    175       5    3.657280  -1.342720
12302         62    176       4    2.877002  -1.122998
12303         62    177       3    2.495261  -0.504739
12304         62    178       2    2.330366   0.330366
12305         62    179       1    1.853516   0.853516
12306         62    180       0    1.831940   1.831940
12307         63      1     173  182.260580   9.260580
12308         63      2     172  175.956419   3.956419
12309         63      3     171  173.290136   2.290136
12310         63      4     170  178.644983   8.644983
12311         63      5     169  167.364381  -1.635619
12312         63      6     168  166.077484  -1.922516
12313         63      7     167  164.011473  -2.988527
12314         63      8     166  162.075154  -3.924846
12315         63      9     165  162.652775  -2.347225
12316         63     10     164  156.691386  -7.308614
12317         63     11     163  166.756624   3.756624
12318         63     12     162  165.236016   3.236016
12319         63     13     161  168.212575   7.212575
12320         63     14     160  168.149955   8.149955
12321         63     15     159  162.839363   3.839363
12322         63     16     158  161.341118   3.341118
12323         63     17     157  157.071093   0.071093
12324         63     18     156  160.868128   4.868128
12325         63     19     155  161.183517   6.183517
12326         63     20     154  154.885066   0.885066
12327         63     21     153  153.465114   0.465114
12328         63     22     152  154.915786   2.915786
12329         63     23     151  154.278212   3.278212
12330         63     24     150  154.011027   4.011027
12331         63     25     149  152.732787   3.732787
12332         63     26     148  145.737675  -2.262325
12333         63     27     147  148.516233   1.516233
12334         63     28     146  148.464192   2.464192
12335         63     29     145  148.298406   3.298406
12336         63     30     144  144.727579   0.727579
12337         63     31     143  142.963081  -0.036919
12338         63     32     142  141.863326  -0.136674
12339         63     33     141  140.829583  -0.170417
12340         63     34     140  140.993967   0.993967
12341         63     35     139  141.026232   2.026232
12342         63     36     138  140.023619   2.023619
12343         63     37     137  138.255414   1.255414
12344         63     38     136  137.303308   1.303308
12345         63     39     135  136.635752   1.635752
12346         63     40     134  132.616144  -1.383856
12347         63     41     133  132.639710  -0.360290
12348         63     42     132  127.934273  -4.065727
12349         63     43     131  126.045524  -4.954476
12350         63     44     130  125.780029  -4.219971
12351         63     45     129  125.175504  -3.824496
12352         63     46     128  123.366607  -4.633393
12353         63     47     127  122.469879  -4.530121
12354         63     48     126  121.000961  -4.999039
12355         63     49     125  120.868526  -4.131474
12356         63     50     124  121.634650  -2.365350
12357         63     51     123  121.300358  -1.699642
12358         63     52     122  119.822526  -2.177474
12359         63     53     121  118.548579  -2.451421
12360         63     54     120  117.236560  -2.763440
12361         63     55     119  118.029520  -0.970480
12362         63     56     118  118.093051   0.093051
12363         63     57     117  118.488101   1.488101
12364         63     58     116  113.844809  -2.155191
12365         63     59     115  115.498628   0.498628
12366         63     60     114  115.381103   1.381103
12367         63     61     113  115.557824   2.557824
12368         63     62     112  112.020763   0.020763
12369         63     63     111  110.542507  -0.457493
12370         63     64     110  108.396581  -1.603419
12371         63     65     109  107.021094  -1.978906
12372         63     66     108  108.532819   0.532819
12373         63     67     107  108.739416   1.739416
12374         63     68     106  108.632438   2.632438
12375         63     69     105  108.195325   3.195325
12376         63     70     104  104.369127   0.369127
12377         63     71     103  105.699627   2.699627
12378         63     72     102  104.602494   2.602494
12379         63     73     101  103.037246   2.037246
12380         63     74     100  101.873423   1.873423
12381         63     75      99  101.371044   2.371044
12382         63     76      98   98.588871   0.588871
12383         63     77      97   97.570002   0.570002
12384         63     78      96  100.434504   4.434504
12385         63     79      95   95.954846   0.954846
12386         63     80      94   95.405947   1.405947
12387         63     81      93   95.570670   2.570670
12388         63     82      92   94.749153   2.749153
12389         63     83      91   94.076357   3.076357
12390         63     84      90   93.340503   3.340503
12391         63     85      89   88.934244  -0.065756
12392         63     86      88   85.837491  -2.162509
12393         63     87      87   89.321291   2.321291
12394         63     88      86   83.968045  -2.031955
12395         63     89      85   82.233336  -2.766664
12396         63     90      84   82.767407  -1.232593
12397         63     91      83   82.094774  -0.905226
12398         63     92      82   83.342066   1.342066
12399         63     93      81   82.027880   1.027880
12400         63     94      80   79.061031  -0.938969
12401         63     95      79   80.856628   1.856628
12402         63     96      78   80.024071   2.024071
12403         63     97      77   78.562018   1.562018
12404         63     98      76   80.118156   4.118156
12405         63     99      75   78.315890   3.315890
12406         63    100      74   73.714506  -0.285494
12407         63    101      73   77.780119   4.780119
12408         63    102      72   77.724141   5.724141
12409         63    103      71   77.129947   6.129947
12410         63    104      70   74.361620   4.361620
12411         63    105      69   73.390280   4.390280
12412         63    106      68   69.316657   1.316657
12413         63    107      67   70.048776   3.048776
12414         63    108      66   70.893886   4.893886
12415         63    109      65   70.501809   5.501809
12416         63    110      64   64.529916   0.529916
12417         63    111      63   63.273070   0.273070
12418         63    112      62   59.607297  -2.392703
12419         63    113      61   58.333334  -2.666666
12420         63    114      60   56.108392  -3.891608
12421         63    115      59   55.376242  -3.623758
12422         63    116      58   52.046947  -5.953053
12423         63    117      57   53.491378  -3.508622
12424         63    118      56   53.313870  -2.686130
12425         63    119      55   49.559841  -5.440159
12426         63    120      54   51.021425  -2.978575
12427         63    121      53   52.278930  -0.721070
12428         63    122      52   49.038561  -2.961439
12429         63    123      51   49.584439  -1.415561
12430         63    124      50   49.929431  -0.070569
12431         63    125      49   48.833051  -0.166949
12432         63    126      48   47.243347  -0.756653
12433         63    127      47   45.382407  -1.617593
12434         63    128      46   45.781951  -0.218049
12435         63    129      45   44.051425  -0.948575
12436         63    130      44   43.830055  -0.169945
12437         63    131      43   43.752466   0.752466
12438         63    132      42   45.185939   3.185939
12439         63    133      41   42.734362   1.734362
12440         63    134      40   42.219655   2.219655
12441         63    135      39   37.962613  -1.037387
12442         63    136      38   37.460114  -0.539886
12443         63    137      37   37.628878   0.628878
12444         63    138      36   37.612998   1.612998
12445         63    139      35   35.900217   0.900217
12446         63    140      34   34.343230   0.343230
12447         63    141      33   33.824225   0.824225
12448         63    142      32   28.728996  -3.271004
12449         63    143      31   28.843570  -2.156430
12450         63    144      30   29.071175  -0.928825
12451         63    145      29   25.629631  -3.370369
12452         63    146      28   25.399252  -2.600748
12453         63    147      27   24.865210  -2.134790
12454         63    148      26   23.762319  -2.237681
12455         63    149      25   23.138150  -1.861850
12456         63    150      24   24.051263   0.051263
12457         63    151      23   21.947024  -1.052976
12458         63    152      22   20.400852  -1.599148
12459         63    153      21   20.915725  -0.084275
12460         63    154      20   20.525366   0.525366
12461         63    155      19   22.235639   3.235639
12462         63    156      18   17.636057  -0.363943
12463         63    157      17   16.317442  -0.682558
12464         63    158      16   17.421717   1.421717
12465         63    159      15   15.505448   0.505448
12466         63    160      14   15.214884   1.214884
12467         63    161      13   15.858185   2.858185
12468         63    162      12   14.226304   2.226304
12469         63    163      11   12.048833   1.048833
12470         63    164      10   12.329136   2.329136
12471         63    165       9    9.820174   0.820174
12472         63    166       8    8.130186   0.130186
12473         63    167       7    8.138399   1.138399
12474         63    168       6    7.017404   1.017404
12475         63    169       5    5.337642   0.337642
12476         63    170       4    3.959320  -0.040680
12477         63    171       3    4.149545   1.149545
12478         63    172       2    3.540808   1.540808
12479         63    173       1    2.082300   1.082300
12480         63    174       0    2.297854   2.297854
12481         64      1     282  263.732010 -18.267990
12482         64      2     281  268.703261 -12.296739
12483         64      3     280  267.865123 -12.134877
12484         64      4     279  280.493239   1.493239
12485         64      5     278  271.780691  -6.219309
12486         64      6     277  269.824690  -7.175310
12487         64      7     276  275.216875  -0.783125
12488         64      8     275  273.538668  -1.461332
12489         64      9     274  271.686273  -2.313727
12490         64     10     273  269.633700  -3.366300
12491         64     11     272  258.507871 -13.492129
12492         64     12     271  257.229411 -13.770589
12493         64     13     270  257.128777 -12.871223
12494         64     14     269  259.342538  -9.657462
12495         64     15     268  261.709469  -6.290531
12496         64     16     267  263.618183  -3.381817
12497         64     17     266  270.993261   4.993261
12498         64     18     265  268.054175   3.054175
12499         64     19     264  269.764623   5.764623
12500         64     20     263  256.487541  -6.512459
12501         64     21     262  252.132731  -9.867269
12502         64     22     261  253.040908  -7.959092
12503         64     23     260  257.574427  -2.425573
12504         64     24     259  255.198186  -3.801814
12505         64     25     258  253.129499  -4.870501
12506         64     26     257  253.412331  -3.587669
12507         64     27     256  256.012250   0.012250
12508         64     28     255  255.389163   0.389163
12509         64     29     254  256.183764   2.183764
12510         64     30     253  240.209366 -12.790634
12511         64     31     252  240.282154 -11.717846
12512         64     32     251  243.749985  -7.250015
12513         64     33     250  244.127379  -5.872621
12514         64     34     249  245.221661  -3.778339
12515         64     35     248  245.175348  -2.824652
12516         64     36     247  245.948627  -1.051373
12517         64     37     246  246.241278   0.241278
12518         64     38     245  240.110119  -4.889881
12519         64     39     244  245.270046   1.270046
12520         64     40     243  246.941528   3.941528
12521         64     41     242  240.727299  -1.272701
12522         64     42     241  239.588780  -1.411220
12523         64     43     240  244.611519   4.611519
12524         64     44     239  237.252000  -1.748000
12525         64     45     238  229.297037  -8.702963
12526         64     46     237  235.365847  -1.634153
12527         64     47     236  234.210604  -1.789396
12528         64     48     235  236.414247   1.414247
12529         64     49     234  230.002599  -3.997401
12530         64     50     233  231.260434  -1.739566
12531         64     51     232  233.789149   1.789149
12532         64     52     231  227.107938  -3.892062
12533         64     53     230  218.010628 -11.989372
12534         64     54     229  218.210272 -10.789728
12535         64     55     228  225.161960  -2.838040
12536         64     56     227  225.055100  -1.944900
12537         64     57     226  222.440938  -3.559062
12538         64     58     225  223.757811  -1.242189
12539         64     59     224  223.721922  -0.278078
12540         64     60     223  221.617848  -1.382152
12541         64     61     222  225.657535   3.657535
12542         64     62     221  225.225822   4.225822
12543         64     63     220  217.862491  -2.137509
12544         64     64     219  214.276683  -4.723317
12545         64     65     218  217.541400  -0.458600
12546         64     66     217  217.682030   0.682030
12547         64     67     216  214.829211  -1.170789
12548         64     68     215  215.255878   0.255878
12549         64     69     214  210.033983  -3.966017
12550         64     70     213  211.663763  -1.336237
12551         64     71     212  213.072044   1.072044
12552         64     72     211  212.140841   1.140841
12553         64     73     210  211.041533   1.041533
12554         64     74     209  212.909569   3.909569
12555         64     75     208  213.219968   5.219968
12556         64     76     207  206.578321  -0.421679
12557         64     77     206  206.828744   0.828744
12558         64     78     205  203.086284  -1.913716
12559         64     79     204  203.576916  -0.423084
12560         64     80     203  202.174124  -0.825876
12561         64     81     202  200.596909  -1.403091
12562         64     82     201  200.070685  -0.929315
12563         64     83     200  203.392480   3.392480
12564         64     84     199  201.903406   2.903406
12565         64     85     198  200.501362   2.501362
12566         64     86     197  200.657390   3.657390
12567         64     87     196  197.577472   1.577472
12568         64     88     195  195.435735   0.435735
12569         64     89     194  195.867193   1.867193
12570         64     90     193  194.975928   1.975928
12571         64     91     192  185.722452  -6.277548
12572         64     92     191  180.865174 -10.134826
12573         64     93     190  189.794598  -0.205402
12574         64     94     189  188.785036  -0.214964
12575         64     95     188  183.120577  -4.879423
12576         64     96     187  181.859889  -5.140111
12577         64     97     186  177.196717  -8.803283
12578         64     98     185  183.212606  -1.787394
12579         64     99     184  180.007589  -3.992411
12580         64    100     183  179.799332  -3.200668
12581         64    101     182  182.046408   0.046408
12582         64    102     181  182.342181   1.342181
12583         64    103     180  184.025367   4.025367
12584         64    104     179  179.507533   0.507533
12585         64    105     178  178.666037   0.666037
12586         64    106     177  177.014823   0.014823
12587         64    107     176  177.202869   1.202869
12588         64    108     175  172.940981  -2.059019
12589         64    109     174  171.532046  -2.467954
12590         64    110     173  171.593148  -1.406852
12591         64    111     172  167.230438  -4.769562
12592         64    112     171  172.752091   1.752091
12593         64    113     170  164.120452  -5.879548
12594         64    114     169  168.032265  -0.967735
12595         64    115     168  170.019087   2.019087
12596         64    116     167  165.537560  -1.462440
12597         64    117     166  161.897449  -4.102551
12598         64    118     165  155.849043  -9.150957
12599         64    119     164  155.448738  -8.551262
12600         64    120     163  152.116526 -10.883474
12601         64    121     162  149.422106 -12.577894
12602         64    122     161  156.369927  -4.630073
12603         64    123     160  154.953548  -5.046452
12604         64    124     159  158.934299  -0.065701
12605         64    125     158  157.465040  -0.534960
12606         64    126     157  156.193441  -0.806559
12607         64    127     156  142.667613 -13.332387
12608         64    128     155  153.862991  -1.137009
12609         64    129     154  159.175544   5.175544
12610         64    130     153  158.760107   5.760107
12611         64    131     152  148.280415  -3.719585
12612         64    132     151  147.299461  -3.700539
12613         64    133     150  150.956507   0.956507
12614         64    134     149  137.326508 -11.673492
12615         64    135     148  136.960536 -11.039464
12616         64    136     147  136.953994 -10.046006
12617         64    137     146  138.754234  -7.245766
12618         64    138     145  136.885473  -8.114527
12619         64    139     144  138.361892  -5.638108
12620         64    140     143  141.606809  -1.393191
12621         64    141     142  140.031663  -1.968337
12622         64    142     141  143.552130   2.552130
12623         64    143     140  143.612594   3.612594
12624         64    144     139  138.127543  -0.872457
12625         64    145     138  135.230284  -2.769716
12626         64    146     137  137.348097   0.348097
12627         64    147     136  133.571942  -2.428058
12628         64    148     135  138.059163   3.059163
12629         64    149     134  137.227956   3.227956
12630         64    150     133  128.496160  -4.503840
12631         64    151     132  139.365364   7.365364
12632         64    152     131  130.165755  -0.834245
12633         64    153     130  128.267641  -1.732359
12634         64    154     129  127.038151  -1.961849
12635         64    155     128  128.469993   0.469993
12636         64    156     127  125.349539  -1.650461
12637         64    157     126  126.556242   0.556242
12638         64    158     125  127.041850   2.041850
12639         64    159     124  126.133450   2.133450
12640         64    160     123  118.597091  -4.402909
12641         64    161     122  118.812134  -3.187866
12642         64    162     121  118.149228  -2.850772
12643         64    163     120  114.001892  -5.998108
12644         64    164     119  106.956361 -12.043639
12645         64    165     118  113.601887  -4.398113
12646         64    166     117  113.390397  -3.609603
12647         64    167     116  110.514579  -5.485421
12648         64    168     115  115.420592   0.420592
12649         64    169     114  112.110940  -1.889060
12650         64    170     113  111.949713  -1.050287
12651         64    171     112  110.930438  -1.069562
12652         64    172     111  112.286707   1.286707
12653         64    173     110  111.746339   1.746339
12654         64    174     109  109.756274   0.756274
12655         64    175     108  109.288705   1.288705
12656         64    176     107  108.911170   1.911170
12657         64    177     106  104.950198  -1.049802
12658         64    178     105  100.028056  -4.971944
12659         64    179     104   89.984756 -14.015244
12660         64    180     103   96.392389  -6.607611
12661         64    181     102   92.770303  -9.229697
12662         64    182     101   93.132951  -7.867049
12663         64    183     100   91.632359  -8.367641
12664         64    184      99   90.864650  -8.135350
12665         64    185      98   86.890156 -11.109844
12666         64    186      97   88.019522  -8.980478
12667         64    187      96   90.252165  -5.747835
12668         64    188      95   89.813866  -5.186134
12669         64    189      94   88.000260  -5.999740
12670         64    190      93   92.707674  -0.292326
12671         64    191      92   92.026473   0.026473
12672         64    192      91   91.048709   0.048709
12673         64    193      90   91.911819   1.911819
12674         64    194      89   91.519291   2.519291
12675         64    195      88   84.828560  -3.171440
12676         64    196      87   80.837160  -6.162840
12677         64    197      86   81.909413  -4.090587
12678         64    198      85   76.702822  -8.297178
12679         64    199      84   78.282698  -5.717302
12680         64    200      83   80.936757  -2.063243
12681         64    201      82   83.918132   1.918132
12682         64    202      81   82.241852   1.241852
12683         64    203      80   77.812068  -2.187932
12684         64    204      79   79.815189   0.815189
12685         64    205      78   79.930261   1.930261
12686         64    206      77   77.310707   0.310707
12687         64    207      76   74.563539  -1.436461
12688         64    208      75   74.100649  -0.899351
12689         64    209      74   65.408255  -8.591745
12690         64    210      73   68.567592  -4.432408
12691         64    211      72   61.675947 -10.324053
12692         64    212      71   70.604881  -0.395119
12693         64    213      70   68.998624  -1.001376
12694         64    214      69   67.944945  -1.055055
12695         64    215      68   68.418000   0.418000
12696         64    216      67   67.210605   0.210605
12697         64    217      66   67.181747   1.181747
12698         64    218      65   66.407846   1.407846
12699         64    219      64   67.163646   3.163646
12700         64    220      63   62.423849  -0.576151
12701         64    221      62   59.164759  -2.835241
12702         64    222      61   54.297099  -6.702901
12703         64    223      60   59.969119  -0.030881
12704         64    224      59   58.180231  -0.819769
12705         64    225      58   50.011067  -7.988933
12706         64    226      57   51.088740  -5.911260
12707         64    227      56   51.557208  -4.442792
12708         64    228      55   52.720546  -2.279454
12709         64    229      54   50.511680  -3.488320
12710         64    230      53   49.821248  -3.178752
12711         64    231      52   48.365538  -3.634462
12712         64    232      51   50.695620  -0.304380
12713         64    233      50   44.986285  -5.013715
12714         64    234      49   45.057562  -3.942438
12715         64    235      48   45.274187  -2.725813
12716         64    236      47   46.141666  -0.858334
12717         64    237      46   44.113240  -1.886760
12718         64    238      45   48.370751   3.370751
12719         64    239      44   47.901983   3.901983
12720         64    240      43   42.205740  -0.794260
12721         64    241      42   42.758904   0.758904
12722         64    242      41   41.410310   0.410310
12723         64    243      40   44.490061   4.490061
12724         64    244      39   45.159229   6.159229
12725         64    245      38   43.407023   5.407023
12726         64    246      37   39.234793   2.234793
12727         64    247      36   37.316764   1.316764
12728         64    248      35   40.061494   5.061494
12729         64    249      34   37.743603   3.743603
12730         64    250      33   37.213524   4.213524
12731         64    251      32   39.390180   7.390180
12732         64    252      31   32.873298   1.873298
12733         64    253      30   34.375471   4.375471
12734         64    254      29   34.172356   5.172356
12735         64    255      28   28.536527   0.536527
12736         64    256      27   28.469862   1.469862
12737         64    257      26   22.414416  -3.585584
12738         64    258      25   25.274524   0.274524
12739         64    259      24   28.145592   4.145592
12740         64    260      23   23.412146   0.412146
12741         64    261      22   20.780082  -1.219918
12742         64    262      21   22.397019   1.397019
12743         64    263      20   20.150878   0.150878
12744         64    264      19   20.821985   1.821985
12745         64    265      18   22.079083   4.079083
12746         64    266      17   20.570675   3.570675
12747         64    267      16   13.639782  -2.360218
12748         64    268      15   15.025031   0.025031
12749         64    269      14   12.140683  -1.859317
12750         64    270      13   10.121894  -2.878106
12751         64    271      12    7.124711  -4.875289
12752         64    272      11    6.406818  -4.593182
12753         64    273      10    7.596174  -2.403826
12754         64    274       9    9.306172   0.306172
12755         64    275       8   10.222940   2.222940
12756         64    276       7    8.216781   1.216781
12757         64    277       6    8.137537   2.137537
12758         64    278       5    3.540751  -1.459249
12759         64    279       4    3.169833  -0.830167
12760         64    280       3    2.325395  -0.674605
12761         64    281       2    4.214475   2.214475
12762         64    282       1    2.566192   1.566192
12763         64    283       0    4.040939   4.040939
12764         65      1     152  178.428937  26.428937
12765         65      2     151  169.479644  18.479644
12766         65      3     150  158.901881   8.901881
12767         65      4     149  165.471232  16.471232
12768         65      5     148  150.652970   2.652970
12769         65      6     147  149.144353   2.144353
12770         65      7     146  149.884335   3.884335
12771         65      8     145  147.468310   2.468310
12772         65      9     144  145.410663   1.410663
12773         65     10     143  141.422065  -1.577935
12774         65     11     142  144.082904   2.082904
12775         65     12     141  142.410562   1.410562
12776         65     13     140  142.117391   2.117391
12777         65     14     139  144.016530   5.016530
12778         65     15     138  143.310761   5.310761
12779         65     16     137  141.025755   4.025755
12780         65     17     136  139.692358   3.692358
12781         65     18     135  140.292383   5.292383
12782         65     19     134  134.570932   0.570932
12783         65     20     133  134.799787   1.799787
12784         65     21     132  132.871519   0.871519
12785         65     22     131  133.122403   2.122403
12786         65     23     130  134.072149   4.072149
12787         65     24     129  130.221342   1.221342
12788         65     25     128  130.465739   2.465739
12789         65     26     127  132.307577   5.307577
12790         65     27     126  130.187724   4.187724
12791         65     28     125  127.262370   2.262370
12792         65     29     124  127.496653   3.496653
12793         65     30     123  127.333245   4.333245
12794         65     31     122  125.522708   3.522708
12795         65     32     121  125.753671   4.753671
12796         65     33     120  123.586038   3.586038
12797         65     34     119  123.029717   4.029717
12798         65     35     118  122.713949   4.713949
12799         65     36     117  127.883751  10.883751
12800         65     37     116  127.195183  11.195183
12801         65     38     115  115.368030   0.368030
12802         65     39     114  115.471857   1.471857
12803         65     40     113  112.339847  -0.660153
12804         65     41     112  112.306608   0.306608
12805         65     42     111  109.423560  -1.576440
12806         65     43     110  108.588227  -1.411773
12807         65     44     109  107.333261  -1.666739
12808         65     45     108  107.266115  -0.733885
12809         65     46     107  106.482116  -0.517884
12810         65     47     106  107.390714   1.390714
12811         65     48     105  104.511322  -0.488678
12812         65     49     104  103.536220  -0.463780
12813         65     50     103  101.298431  -1.701569
12814         65     51     102  101.342324  -0.657676
12815         65     52     101   99.416709  -1.583291
12816         65     53     100   96.536250  -3.463750
12817         65     54      99   95.965743  -3.034257
12818         65     55      98   94.896078  -3.103922
12819         65     56      97   94.262723  -2.737277
12820         65     57      96   94.442011  -1.557989
12821         65     58      95   93.102512  -1.897488
12822         65     59      94   90.288774  -3.711226
12823         65     60      93   87.096226  -5.903774
12824         65     61      92   86.488904  -5.511096
12825         65     62      91   91.610289   0.610289
12826         65     63      90   90.693556   0.693556
12827         65     64      89   89.379902   0.379902
12828         65     65      88   85.592845  -2.407155
12829         65     66      87   88.181619   1.181619
12830         65     67      86   86.953238   0.953238
12831         65     68      85   93.463762   8.463762
12832         65     69      84   86.958670   2.958670
12833         65     70      83   88.954111   5.954111
12834         65     71      82   86.836867   4.836867
12835         65     72      81   85.624185   4.624185
12836         65     73      80   84.837745   4.837745
12837         65     74      79   82.736104   3.736104
12838         65     75      78   79.699639   1.699639
12839         65     76      77   79.181464   2.181464
12840         65     77      76   79.779486   3.779486
12841         65     78      75   80.380947   5.380947
12842         65     79      74   81.004849   7.004849
12843         65     80      73   78.068472   5.068472
12844         65     81      72   81.768250   9.768250
12845         65     82      71   78.085329   7.085329
12846         65     83      70   73.749561   3.749561
12847         65     84      69   70.174386   1.174386
12848         65     85      68   70.752258   2.752258
12849         65     86      67   70.054635   3.054635
12850         65     87      66   68.244328   2.244328
12851         65     88      65   70.574522   5.574522
12852         65     89      64   66.123965   2.123965
12853         65     90      63   64.299758   1.299758
12854         65     91      62   66.493052   4.493052
12855         65     92      61   62.377990   1.377990
12856         65     93      60   61.893355   1.893355
12857         65     94      59   60.796273   1.796273
12858         65     95      58   61.301112   3.301112
12859         65     96      57   61.535962   4.535962
12860         65     97      56   59.145770   3.145770
12861         65     98      55   60.021652   5.021652
12862         65     99      54   61.951795   7.951795
12863         65    100      53   60.309878   7.309878
12864         65    101      52   58.461924   6.461924
12865         65    102      51   56.257961   5.257961
12866         65    103      50   52.732443   2.732443
12867         65    104      49   53.076799   4.076799
12868         65    105      48   53.713537   5.713537
12869         65    106      47   53.978711   6.978711
12870         65    107      46   52.401097   6.401097
12871         65    108      45   47.785938   2.785938
12872         65    109      44   45.698491   1.698491
12873         65    110      43   46.295349   3.295349
12874         65    111      42   46.476294   4.476294
12875         65    112      41   42.456141   1.456141
12876         65    113      40   43.803766   3.803766
12877         65    114      39   39.396595   0.396595
12878         65    115      38   37.160088  -0.839912
12879         65    116      37   41.064796   4.064796
12880         65    117      36   36.454740   0.454740
12881         65    118      35   36.417133   1.417133
12882         65    119      34   35.054674   1.054674
12883         65    120      33   34.905461   1.905461
12884         65    121      32   34.429638   2.429638
12885         65    122      31   33.197230   2.197230
12886         65    123      30   30.381888   0.381888
12887         65    124      29   29.637535   0.637535
12888         65    125      28   28.457549   0.457549
12889         65    126      27   30.940475   3.940475
12890         65    127      26   28.165595   2.165595
12891         65    128      25   30.824630   5.824630
12892         65    129      24   26.034192   2.034192
12893         65    130      23   28.856059   5.856059
12894         65    131      22   28.318561   6.318561
12895         65    132      21   23.250369   2.250369
12896         65    133      20   25.518800   5.518800
12897         65    134      19   18.980529  -0.019471
12898         65    135      18   17.565002  -0.434998
12899         65    136      17   17.688856   0.688856
12900         65    137      16   16.485274   0.485274
12901         65    138      15   15.041618   0.041618
12902         65    139      14   13.778653  -0.221347
12903         65    140      13   13.524173   0.524173
12904         65    141      12   12.920515   0.920515
12905         65    142      11   12.687622   1.687622
12906         65    143      10    9.525906  -0.474094
12907         65    144       9    7.929381  -1.070619
12908         65    145       8    6.370630  -1.629370
12909         65    146       7    7.507951   0.507951
12910         65    147       6    7.507951   1.507951
12911         65    148       5    5.551154   0.551154
12912         65    149       4    4.112257   0.112257
12913         65    150       3    4.099541   1.099541
12914         65    151       2    4.448516   2.448516
12915         65    152       1    2.302445   1.302445
12916         65    153       0    1.600391   1.600391
12917         66      1     201  198.312303  -2.687697
12918         66      2     200  199.886221  -0.113779
12919         66      3     199  199.271832   0.271832
12920         66      4     198  196.050882  -1.949118
12921         66      5     197  200.722461   3.722461
12922         66      6     196  194.077098  -1.922902
12923         66      7     195  195.431758   0.431758
12924         66      8     194  192.504426  -1.495574
12925         66      9     193  194.885739   1.885739
12926         66     10     192  192.338657   0.338657
12927         66     11     191  196.283253   5.283253
12928         66     12     190  192.732304   2.732304
12929         66     13     189  191.375470   2.375470
12930         66     14     188  189.342109   1.342109
12931         66     15     187  188.930244   1.930244
12932         66     16     186  187.505747   1.505747
12933         66     17     185  183.377137  -1.622863
12934         66     18     184  185.655881   1.655881
12935         66     19     183  184.267388   1.267388
12936         66     20     182  183.430603   1.430603
12937         66     21     181  178.163519  -2.836481
12938         66     22     180  177.256833  -2.743167
12939         66     23     179  178.583226  -0.416774
12940         66     24     178  177.519269  -0.480731
12941         66     25     177  177.285709   0.285709
12942         66     26     176  172.941122  -3.058878
12943         66     27     175  172.543779  -2.456221
12944         66     28     174  173.156999  -0.843001
12945         66     29     173  168.279408  -4.720592
12946         66     30     172  170.134575  -1.865425
12947         66     31     171  170.258164  -0.741836
12948         66     32     170  169.492484  -0.507516
12949         66     33     169  170.279151   1.279151
12950         66     34     168  168.668246   0.668246
12951         66     35     167  168.900854   1.900854
12952         66     36     166  168.423896   2.423896
12953         66     37     165  165.751253   0.751253
12954         66     38     164  162.410155  -1.589845
12955         66     39     163  161.315081  -1.684919
12956         66     40     162  161.411765  -0.588235
12957         66     41     161  164.343632   3.343632
12958         66     42     160  161.470004   1.470004
12959         66     43     159  161.531974   2.531974
12960         66     44     158  159.464314   1.464314
12961         66     45     157  160.678995   3.678995
12962         66     46     156  160.554858   4.554858
12963         66     47     155  156.391764   1.391764
12964         66     48     154  156.343422   2.343422
12965         66     49     153  155.564538   2.564538
12966         66     50     152  151.882470  -0.117530
12967         66     51     151  151.605735   0.605735
12968         66     52     150  149.813714  -0.186286
12969         66     53     149  147.881055  -1.118945
12970         66     54     148  148.697435   0.697435
12971         66     55     147  144.448103  -2.551897
12972         66     56     146  145.732096  -0.267904
12973         66     57     145  145.866326   0.866326
12974         66     58     144  143.975594  -0.024406
12975         66     59     143  142.228010  -0.771990
12976         66     60     142  141.851188  -0.148812
12977         66     61     141  140.543769  -0.456231
12978         66     62     140  138.285767  -1.714233
12979         66     63     139  134.783963  -4.216037
12980         66     64     138  138.357392   0.357392
12981         66     65     137  134.609198  -2.390802
12982         66     66     136  136.094093   0.094093
12983         66     67     135  136.777592   1.777592
12984         66     68     134  136.309382   2.309382
12985         66     69     133  132.569921  -0.430079
12986         66     70     132  132.358843   0.358843
12987         66     71     131  131.206599   0.206599
12988         66     72     130  127.048528  -2.951472
12989         66     73     129  129.521909   0.521909
12990         66     74     128  126.108719  -1.891281
12991         66     75     127  124.919933  -2.080067
12992         66     76     126  123.971438  -2.028562
12993         66     77     125  122.479800  -2.520200
12994         66     78     124  120.656740  -3.343260
12995         66     79     123  119.432110  -3.567890
12996         66     80     122  121.459098  -0.540902
12997         66     81     121  120.436818  -0.563182
12998         66     82     120  118.345362  -1.654638
12999         66     83     119  116.579572  -2.420428
13000         66     84     118  114.233961  -3.766039
13001         66     85     117  115.668108  -1.331892
13002         66     86     116  114.301968  -1.698032
13003         66     87     115  114.305449  -0.694551
13004         66     88     114  110.876060  -3.123940
13005         66     89     113  108.348264  -4.651736
13006         66     90     112  107.924324  -4.075676
13007         66     91     111  105.902187  -5.097813
13008         66     92     110  102.758410  -7.241590
13009         66     93     109  104.817326  -4.182674
13010         66     94     108  105.902149  -2.097851
13011         66     95     107  106.298897  -0.701103
13012         66     96     106  107.716623   1.716623
13013         66     97     105  106.234501   1.234501
13014         66     98     104  106.221225   2.221225
13015         66     99     103  102.132485  -0.867515
13016         66    100     102  101.889325  -0.110675
13017         66    101     101  100.624643  -0.375357
13018         66    102     100  100.405531   0.405531
13019         66    103      99  102.800245   3.800245
13020         66    104      98  102.493560   4.493560
13021         66    105      97  100.092995   3.092995
13022         66    106      96   99.138715   3.138715
13023         66    107      95   98.159502   3.159502
13024         66    108      94   93.138134  -0.861866
13025         66    109      93   90.632920  -2.367080
13026         66    110      92   91.202070  -0.797930
13027         66    111      91   90.546327  -0.453673
13028         66    112      90   88.195597  -1.804403
13029         66    113      89   86.788785  -2.211215
13030         66    114      88   89.146603   1.146603
13031         66    115      87   88.802095   1.802095
13032         66    116      86   88.228594   2.228594
13033         66    117      85   87.272000   2.272000
13034         66    118      84   84.995356   0.995356
13035         66    119      83   82.578483  -0.421517
13036         66    120      82   81.416713  -0.583287
13037         66    121      81   83.521666   2.521666
13038         66    122      80   82.028382   2.028382
13039         66    123      79   83.497722   4.497722
13040         66    124      78   82.533254   4.533254
13041         66    125      77   73.542272  -3.457728
13042         66    126      76   70.771140  -5.228860
13043         66    127      75   71.117120  -3.882880
13044         66    128      74   68.751338  -5.248662
13045         66    129      73   66.264646  -6.735354
13046         66    130      72   68.846818  -3.153182
13047         66    131      71   69.463774  -1.536226
13048         66    132      70   67.820154  -2.179846
13049         66    133      69   63.903345  -5.096655
13050         66    134      68   63.111572  -4.888428
13051         66    135      67   63.286241  -3.713759
13052         66    136      66   64.686131  -1.313869
13053         66    137      65   64.078486  -0.921514
13054         66    138      64   63.774285  -0.225715
13055         66    139      63   65.012070   2.012070
13056         66    140      62   64.960898   2.960898
13057         66    141      61   62.985437   1.985437
13058         66    142      60   72.432860  12.432860
13059         66    143      59   65.746920   6.746920
13060         66    144      58   64.706284   6.706284
13061         66    145      57   64.177555   7.177555
13062         66    146      56   59.150616   3.150616
13063         66    147      55   57.889258   2.889258
13064         66    148      54   60.986707   6.986707
13065         66    149      53   57.427779   4.427779
13066         66    150      52   55.590289   3.590289
13067         66    151      51   55.617103   4.617103
13068         66    152      50   55.355220   5.355220
13069         66    153      49   50.397435   1.397435
13070         66    154      48   51.015465   3.015465
13071         66    155      47   51.630660   4.630660
13072         66    156      46   48.994709   2.994709
13073         66    157      45   46.868005   1.868005
13074         66    158      44   43.786436  -0.213564
13075         66    159      43   45.876675   2.876675
13076         66    160      42   44.015585   2.015585
13077         66    161      41   42.693296   1.693296
13078         66    162      40   39.625706  -0.374294
13079         66    163      39   40.223726   1.223726
13080         66    164      38   36.566757  -1.433243
13081         66    165      37   33.740968  -3.259032
13082         66    166      36   31.635552  -4.364448
13083         66    167      35   29.890794  -5.109206
13084         66    168      34   32.179446  -1.820554
13085         66    169      33   33.091507   0.091507
13086         66    170      32   35.339867   3.339867
13087         66    171      31   28.113390  -2.886610
13088         66    172      30   29.755113  -0.244887
13089         66    173      29   29.754763   0.754763
13090         66    174      28   31.003187   3.003187
13091         66    175      27   29.173292   2.173292
13092         66    176      26   27.572410   1.572410
13093         66    177      25   27.771592   2.771592
13094         66    178      24   24.524112   0.524112
13095         66    179      23   27.724053   4.724053
13096         66    180      22   22.798908   0.798908
13097         66    181      21   22.168749   1.168749
13098         66    182      20   18.548041  -1.451959
13099         66    183      19   16.933328  -2.066672
13100         66    184      18   22.560777   4.560777
13101         66    185      17   16.307449  -0.692551
13102         66    186      16   17.211251   1.211251
13103         66    187      15   15.880482   0.880482
13104         66    188      14   14.906509   0.906509
13105         66    189      13   12.359433  -0.640567
13106         66    190      12   13.650256   1.650256
13107         66    191      11   13.288863   2.288863
13108         66    192      10   10.205537   0.205537
13109         66    193       9    9.922998   0.922998
13110         66    194       8    6.476409  -1.523591
13111         66    195       7    4.633750  -2.366250
13112         66    196       6    5.162296  -0.837704
13113         66    197       5    4.740429  -0.259571
13114         66    198       4    5.448334   1.448334
13115         66    199       3    4.762628   1.762628
13116         66    200       2    3.115082   1.115082
13117         66    201       1    2.355499   1.355499
13118         66    202       0    1.222684   1.222684
13119         67      1     312  273.510442 -38.489558
13120         67      2     311  296.064089 -14.935911
13121         67      3     310  306.037183  -3.962817
13122         67      4     309  304.576885  -4.423115
13123         67      5     308  293.817935 -14.182065
13124         67      6     307  278.101806 -28.898194
13125         67      7     306  288.482824 -17.517176
13126         67      8     305  304.376526  -0.623474
13127         67      9     304  307.046463   3.046463
13128         67     10     303  314.427997  11.427997
13129         67     11     302  305.368389   3.368389
13130         67     12     301  289.827235 -11.172765
13131         67     13     300  306.166851   6.166851
13132         67     14     299  291.803865  -7.196135
13133         67     15     298  299.815193   1.815193
13134         67     16     297  296.242243  -0.757757
13135         67     17     296  296.933015   0.933015
13136         67     18     295  295.874038   0.874038
13137         67     19     294  296.994085   2.994085
13138         67     20     293  288.507571  -4.492429
13139         67     21     292  289.771398  -2.228602
13140         67     22     291  292.238101   1.238101
13141         67     23     290  290.909967   0.909967
13142         67     24     289  287.537131  -1.462869
13143         67     25     288  286.644681  -1.355319
13144         67     26     287  281.970659  -5.029341
13145         67     27     286  280.279821  -5.720179
13146         67     28     285  286.039969   1.039969
13147         67     29     284  283.465177  -0.534823
13148         67     30     283  278.186025  -4.813975
13149         67     31     282  275.033586  -6.966414
13150         67     32     281  277.430964  -3.569036
13151         67     33     280  272.811762  -7.188238
13152         67     34     279  272.220999  -6.779001
13153         67     35     278  267.748786 -10.251214
13154         67     36     277  272.148679  -4.851321
13155         67     37     276  264.140067 -11.859933
13156         67     38     275  270.109722  -4.890278
13157         67     39     274  272.211240  -1.788760
13158         67     40     273  270.032878  -2.967122
13159         67     41     272  273.675235   1.675235
13160         67     42     271  270.913921  -0.086079
13161         67     43     270  271.044800   1.044800
13162         67     44     269  268.991837  -0.008163
13163         67     45     268  262.540840  -5.459160
13164         67     46     267  263.974631  -3.025369
13165         67     47     266  265.733803  -0.266197
13166         67     48     265  267.333239   2.333239
13167         67     49     264  266.694478   2.694478
13168         67     50     263  267.460553   4.460553
13169         67     51     262  268.103631   6.103631
13170         67     52     261  265.440365   4.440365
13171         67     53     260  251.441739  -8.558261
13172         67     54     259  254.609556  -4.390444
13173         67     55     258  254.123519  -3.876481
13174         67     56     257  249.729617  -7.270383
13175         67     57     256  247.561158  -8.438842
13176         67     58     255  245.740027  -9.259973
13177         67     59     254  238.268309 -15.731691
13178         67     60     253  246.587177  -6.412823
13179         67     61     252  246.770538  -5.229462
13180         67     62     251  248.573607  -2.426393
13181         67     63     250  257.296861   7.296861
13182         67     64     249  246.621907  -2.378093
13183         67     65     248  244.779617  -3.220383
13184         67     66     247  250.691537   3.691537
13185         67     67     246  253.982774   7.982774
13186         67     68     245  253.604188   8.604188
13187         67     69     244  256.280786  12.280786
13188         67     70     243  242.556875  -0.443125
13189         67     71     242  249.681337   7.681337
13190         67     72     241  244.101242   3.101242
13191         67     73     240  239.692833  -0.307167
13192         67     74     239  225.979789 -13.020211
13193         67     75     238  235.310998  -2.689002
13194         67     76     237  233.929063  -3.070937
13195         67     77     236  237.960414   1.960414
13196         67     78     235  231.586748  -3.413252
13197         67     79     234  232.894874  -1.105126
13198         67     80     233  230.604572  -2.395428
13199         67     81     232  228.736090  -3.263910
13200         67     82     231  228.292722  -2.707278
13201         67     83     230  228.956264  -1.043736
13202         67     84     229  227.170585  -1.829415
13203         67     85     228  223.617812  -4.382188
13204         67     86     227  225.333898  -1.666102
13205         67     87     226  226.540930   0.540930
13206         67     88     225  224.155735  -0.844265
13207         67     89     224  222.858186  -1.141814
13208         67     90     223  222.119180  -0.880820
13209         67     91     222  223.334739   1.334739
13210         67     92     221  220.783248  -0.216752
13211         67     93     220  211.785103  -8.214897
13212         67     94     219  212.077149  -6.922851
13213         67     95     218  212.895584  -5.104416
13214         67     96     217  213.018135  -3.981865
13215         67     97     216  208.983272  -7.016728
13216         67     98     215  210.254365  -4.745635
13217         67     99     214  213.148479  -0.851521
13218         67    100     213  212.307531  -0.692469
13219         67    101     212  209.190697  -2.809303
13220         67    102     211  210.544370  -0.455630
13221         67    103     210  210.326002   0.326002
13222         67    104     209  207.232274  -1.767726
13223         67    105     208  207.551349  -0.448651
13224         67    106     207  210.036555   3.036555
13225         67    107     206  207.112373   1.112373
13226         67    108     205  208.760650   3.760650
13227         67    109     204  205.923962   1.923962
13228         67    110     203  207.452314   4.452314
13229         67    111     202  205.913142   3.913142
13230         67    112     201  204.070670   3.070670
13231         67    113     200  201.783863   1.783863
13232         67    114     199  199.602129   0.602129
13233         67    115     198  198.905657   0.905657
13234         67    116     197  196.217003  -0.782997
13235         67    117     196  198.211306   2.211306
13236         67    118     195  197.676252   2.676252
13237         67    119     194  195.399976   1.399976
13238         67    120     193  195.497896   2.497896
13239         67    121     192  197.656729   5.656729
13240         67    122     191  197.398543   6.398543
13241         67    123     190  198.480902   8.480902
13242         67    124     189  177.350370 -11.649630
13243         67    125     188  179.120309  -8.879691
13244         67    126     187  177.376491  -9.623509
13245         67    127     186  178.618967  -7.381033
13246         67    128     185  192.256714   7.256714
13247         67    129     184  178.156401  -5.843599
13248         67    130     183  189.162042   6.162042
13249         67    131     182  178.500607  -3.499393
13250         67    132     181  175.338328  -5.661672
13251         67    133     180  173.581206  -6.418794
13252         67    134     179  173.106596  -5.893404
13253         67    135     178  167.929120 -10.070880
13254         67    136     177  169.230461  -7.769539
13255         67    137     176  177.854935   1.854935
13256         67    138     175  176.745488   1.745488
13257         67    139     174  175.172090   1.172090
13258         67    140     173  180.191553   7.191553
13259         67    141     172  179.308205   7.308205
13260         67    142     171  172.590438   1.590438
13261         67    143     170  178.584823   8.584823
13262         67    144     169  172.271204   3.271204
13263         67    145     168  170.721850   2.721850
13264         67    146     167  169.166986   2.166986
13265         67    147     166  165.585890  -0.414110
13266         67    148     165  168.417869   3.417869
13267         67    149     164  165.440198   1.440198
13268         67    150     163  169.317265   6.317265
13269         67    151     162  161.738820  -0.261180
13270         67    152     161  160.737925  -0.262075
13271         67    153     160  160.068726   0.068726
13272         67    154     159  161.307884   2.307884
13273         67    155     158  160.974138   2.974138
13274         67    156     157  152.553073  -4.446927
13275         67    157     156  150.665204  -5.334796
13276         67    158     155  146.111813  -8.888187
13277         67    159     154  148.152285  -5.847715
13278         67    160     153  147.026898  -5.973102
13279         67    161     152  149.671769  -2.328231
13280         67    162     151  144.465471  -6.534529
13281         67    163     150  141.732259  -8.267741
13282         67    164     149  141.261259  -7.738741
13283         67    165     148  149.585395   1.585395
13284         67    166     147  145.596080  -1.403920
13285         67    167     146  145.735929  -0.264071
13286         67    168     145  149.114971   4.114971
13287         67    169     144  150.592611   6.592611
13288         67    170     143  138.218469  -4.781531
13289         67    171     142  141.044723  -0.955277
13290         67    172     141  138.667009  -2.332991
13291         67    173     140  138.920089  -1.079911
13292         67    174     139  137.738073  -1.261927
13293         67    175     138  137.521540  -0.478460
13294         67    176     137  137.529597   0.529597
13295         67    177     136  135.358231  -0.641769
13296         67    178     135  129.832232  -5.167768
13297         67    179     134  134.467630   0.467630
13298         67    180     133  129.468723  -3.531277
13299         67    181     132  133.618757   1.618757
13300         67    182     131  131.364702   0.364702
13301         67    183     130  129.028771  -0.971229
13302         67    184     129  129.522380   0.522380
13303         67    185     128  128.546475   0.546475
13304         67    186     127  125.320723  -1.679277
13305         67    187     126  126.063088   0.063088
13306         67    188     125  124.123271  -0.876729
13307         67    189     124  131.253465   7.253465
13308         67    190     123  133.803686  10.803686
13309         67    191     122  122.184492   0.184492
13310         67    192     121  121.919001   0.919001
13311         67    193     120  125.058760   5.058760
13312         67    194     119  118.261954  -0.738046
13313         67    195     118  124.889667   6.889667
13314         67    196     117  125.002430   8.002430
13315         67    197     116  120.171578   4.171578
13316         67    198     115  123.770382   8.770382
13317         67    199     114  119.950263   5.950263
13318         67    200     113  115.164452   2.164452
13319         67    201     112  114.879563   2.879563
13320         67    202     111  113.968808   2.968808
13321         67    203     110  111.832016   1.832016
13322         67    204     109  110.572600   1.572600
13323         67    205     108  109.702261   1.702261
13324         67    206     107  111.182381   4.182381
13325         67    207     106  107.067129   1.067129
13326         67    208     105  114.859289   9.859289
13327         67    209     104  116.016391  12.016391
13328         67    210     103  109.652257   6.652257
13329         67    211     102  107.614586   5.614586
13330         67    212     101  100.916784  -0.083216
13331         67    213     100   97.687417  -2.312583
13332         67    214      99  109.619767  10.619767
13333         67    215      98   98.807585   0.807585
13334         67    216      97   98.808068   1.808068
13335         67    217      96   94.699220  -1.300780
13336         67    218      95   91.838508  -3.161492
13337         67    219      94   87.704528  -6.295472
13338         67    220      93   83.134473  -9.865527
13339         67    221      92   86.805475  -5.194525
13340         67    222      91   93.855644   2.855644
13341         67    223      90   86.766277  -3.233723
13342         67    224      89   86.003182  -2.996818
13343         67    225      88   84.988122  -3.011878
13344         67    226      87   88.693751   1.693751
13345         67    227      86   87.357733   1.357733
13346         67    228      85   88.647135   3.647135
13347         67    229      84   83.139008  -0.860992
13348         67    230      83   78.750478  -4.249522
13349         67    231      82   82.025223   0.025223
13350         67    232      81   74.767788  -6.232212
13351         67    233      80   78.559111  -1.440889
13352         67    234      79   73.209174  -5.790826
13353         67    235      78   75.417405  -2.582595
13354         67    236      77   75.190887  -1.809113
13355         67    237      76   71.253405  -4.746595
13356         67    238      75   70.260065  -4.739935
13357         67    239      74   80.645773   6.645773
13358         67    240      73   74.329850   1.329850
13359         67    241      72   70.377720  -1.622280
13360         67    242      71   63.170636  -7.829364
13361         67    243      70   61.031775  -8.968225
13362         67    244      69   64.330208  -4.669792
13363         67    245      68   61.478981  -6.521019
13364         67    246      67   64.445005  -2.554995
13365         67    247      66   59.665400  -6.334600
13366         67    248      65   68.116375   3.116375
13367         67    249      64   57.728656  -6.271344
13368         67    250      63   57.901233  -5.098767
13369         67    251      62   54.349362  -7.650638
13370         67    252      61   59.345778  -1.654222
13371         67    253      60   59.458304  -0.541696
13372         67    254      59   59.342491   0.342491
13373         67    255      58   59.754344   1.754344
13374         67    256      57   59.072777   2.072777
13375         67    257      56   57.040545   1.040545
13376         67    258      55   56.814976   1.814976
13377         67    259      54   55.524809   1.524809
13378         67    260      53   58.107981   5.107981
13379         67    261      52   56.697415   4.697415
13380         67    262      51   51.813988   0.813988
13381         67    263      50   46.973452  -3.026548
13382         67    264      49   46.502417  -2.497583
13383         67    265      48   44.081568  -3.918432
13384         67    266      47   46.332284  -0.667716
13385         67    267      46   42.634314  -3.365686
13386         67    268      45   41.099625  -3.900375
13387         67    269      44   43.426855  -0.573145
13388         67    270      43   43.508226   0.508226
13389         67    271      42   42.606297   0.606297
13390         67    272      41   38.268952  -2.731048
13391         67    273      40   38.132319  -1.867681
13392         67    274      39   38.715552  -0.284448
13393         67    275      38   38.826699   0.826699
13394         67    276      37   39.069571   2.069571
13395         67    277      36   36.584433   0.584433
13396         67    278      35   38.787579   3.787579
13397         67    279      34   33.819342  -0.180658
13398         67    280      33   30.031970  -2.968030
13399         67    281      32   28.003058  -3.996942
13400         67    282      31   29.517759  -1.482241
13401         67    283      30   29.260722  -0.739278
13402         67    284      29   25.209970  -3.790030
13403         67    285      28   25.378230  -2.621770
13404         67    286      27   25.065049  -1.934951
13405         67    287      26   25.624878  -0.375122
13406         67    288      25   25.871914   0.871914
13407         67    289      24   27.301233   3.301233
13408         67    290      23   29.931000   6.931000
13409         67    291      22   25.223679   3.223679
13410         67    292      21   19.283800  -1.716200
13411         67    293      20   20.572765   0.572765
13412         67    294      19   18.132573  -0.867427
13413         67    295      18   17.542017  -0.457983
13414         67    296      17   15.430747  -1.569253
13415         67    297      16   14.861249  -1.138751
13416         67    298      15   14.357320  -0.642680
13417         67    299      14   14.875752   0.875752
13418         67    300      13   12.645771  -0.354229
13419         67    301      12   10.228327  -1.771673
13420         67    302      11   14.601756   3.601756
13421         67    303      10   12.936672   2.936672
13422         67    304       9    8.658457  -0.341543
13423         67    305       8   10.002891   2.002891
13424         67    306       7   10.440568   3.440568
13425         67    307       6   12.191267   6.191267
13426         67    308       5   13.273215   8.273215
13427         67    309       4   10.937551   6.937551
13428         67    310       3    7.131205   4.131205
13429         67    311       2    6.273601   4.273601
13430         67    312       1    7.647971   6.647971
13431         67    313       0    7.646506   7.646506
13432         68      1     198  189.065437  -8.934563
13433         68      2     197  197.272109   0.272109
13434         68      3     196  189.766717  -6.233283
13435         68      4     195  185.266946  -9.733054
13436         68      5     194  187.917771  -6.082229
13437         68      6     193  190.704531  -2.295469
13438         68      7     192  189.977043  -2.022957
13439         68      8     191  196.407841   5.407841
13440         68      9     190  193.190737   3.190737
13441         68     10     189  184.480247  -4.519753
13442         68     11     188  186.142939  -1.857061
13443         68     12     187  183.743868  -3.256132
13444         68     13     186  182.646290  -3.353710
13445         68     14     185  186.451159   1.451159
13446         68     15     184  185.219234   1.219234
13447         68     16     183  184.401157   1.401157
13448         68     17     182  183.628712   1.628712
13449         68     18     181  182.791591   1.791591
13450         68     19     180  179.771269  -0.228731
13451         68     20     179  180.024081   1.024081
13452         68     21     178  176.466884  -1.533116
13453         68     22     177  176.581721  -0.418279
13454         68     23     176  174.765248  -1.234752
13455         68     24     175  176.211720   1.211720
13456         68     25     174  174.107108   0.107108
13457         68     26     173  174.104218   1.104218
13458         68     27     172  173.866852   1.866852
13459         68     28     171  170.337158  -0.662842
13460         68     29     170  168.940113  -1.059887
13461         68     30     169  169.070157   0.070157
13462         68     31     168  165.637595  -2.362405
13463         68     32     167  163.375041  -3.624959
13464         68     33     166  163.029675  -2.970325
13465         68     34     165  161.316181  -3.683819
13466         68     35     164  158.990242  -5.009758
13467         68     36     163  157.307730  -5.692270
13468         68     37     162  155.858823  -6.141177
13469         68     38     161  160.077955  -0.922045
13470         68     39     160  160.286973   0.286973
13471         68     40     159  157.076287  -1.923713
13472         68     41     158  155.834879  -2.165121
13473         68     42     157  155.634821  -1.365179
13474         68     43     156  153.956752  -2.043248
13475         68     44     155  153.197249  -1.802751
13476         68     45     154  153.234469  -0.765531
13477         68     46     153  147.113936  -5.886064
13478         68     47     152  147.744350  -4.255650
13479         68     48     151  148.649324  -2.350676
13480         68     49     150  148.140564  -1.859436
13481         68     50     149  145.247917  -3.752083
13482         68     51     148  143.534258  -4.465742
13483         68     52     147  144.524776  -2.475224
13484         68     53     146  142.775444  -3.224556
13485         68     54     145  140.461711  -4.538289
13486         68     55     144  144.018262   0.018262
13487         68     56     143  143.183469   0.183469
13488         68     57     142  142.813000   0.813000
13489         68     58     141  142.234301   1.234301
13490         68     59     140  143.107362   3.107362
13491         68     60     139  140.053817   1.053817
13492         68     61     138  141.701160   3.701160
13493         68     62     137  141.373978   4.373978
13494         68     63     136  137.428298   1.428298
13495         68     64     135  138.442720   3.442720
13496         68     65     134  137.285932   3.285932
13497         68     66     133  135.852234   2.852234
13498         68     67     132  132.176380   0.176380
13499         68     68     131  133.161637   2.161637
13500         68     69     130  133.698750   3.698750
13501         68     70     129  131.899930   2.899930
13502         68     71     128  129.435649   1.435649
13503         68     72     127  129.970059   2.970059
13504         68     73     126  128.874045   2.874045
13505         68     74     125  127.807840   2.807840
13506         68     75     124  127.236549   3.236549
13507         68     76     123  126.354129   3.354129
13508         68     77     122  124.788186   2.788186
13509         68     78     121  124.489670   3.489670
13510         68     79     120  125.010092   5.010092
13511         68     80     119  126.659986   7.659986
13512         68     81     118  125.251425   7.251425
13513         68     82     117  125.575246   8.575246
13514         68     83     116  124.152512   8.152512
13515         68     84     115  123.878702   8.878702
13516         68     85     114  112.130938  -1.869062
13517         68     86     113  111.004496  -1.995504
13518         68     87     112  109.035378  -2.964622
13519         68     88     111  107.357825  -3.642175
13520         68     89     110  103.922322  -6.077678
13521         68     90     109  103.489371  -5.510629
13522         68     91     108  103.003668  -4.996332
13523         68     92     107   98.576160  -8.423840
13524         68     93     106   99.246968  -6.753032
13525         68     94     105   98.306622  -6.693378
13526         68     95     104   96.733430  -7.266570
13527         68     96     103   99.757745  -3.242255
13528         68     97     102  100.293534  -1.706466
13529         68     98     101   95.049696  -5.950304
13530         68     99     100   96.716153  -3.283847
13531         68    100      99   95.577769  -3.422231
13532         68    101      98   96.098617  -1.901383
13533         68    102      97   98.439857   1.439857
13534         68    103      96   94.551948  -1.448052
13535         68    104      95   95.999676   0.999676
13536         68    105      94   96.672103   2.672103
13537         68    106      93   96.722498   3.722498
13538         68    107      92   97.270605   5.270605
13539         68    108      91   95.126002   4.126002
13540         68    109      90   90.295765   0.295765
13541         68    110      89   89.648193   0.648193
13542         68    111      88   85.481051  -2.518949
13543         68    112      87   84.690328  -2.309672
13544         68    113      86   85.844650  -0.155350
13545         68    114      85   84.592649  -0.407351
13546         68    115      84   75.157768  -8.842232
13547         68    116      83   81.115825  -1.884175
13548         68    117      82   84.872615   2.872615
13549         68    118      81   83.687788   2.687788
13550         68    119      80   83.224001   3.224001
13551         68    120      79   79.088694   0.088694
13552         68    121      78   80.755847   2.755847
13553         68    122      77   80.542824   3.542824
13554         68    123      76   74.640827  -1.359173
13555         68    124      75   72.363445  -2.636555
13556         68    125      74   71.683923  -2.316077
13557         68    126      73   71.613249  -1.386751
13558         68    127      72   67.110779  -4.889221
13559         68    128      71   67.417803  -3.582197
13560         68    129      70   64.447547  -5.552453
13561         68    130      69   67.924936  -1.075064
13562         68    131      68   70.266204   2.266204
13563         68    132      67   68.533638   1.533638
13564         68    133      66   72.227205   6.227205
13565         68    134      65   65.342738   0.342738
13566         68    135      64   66.167329   2.167329
13567         68    136      63   64.290588   1.290588
13568         68    137      62   61.242179  -0.757821
13569         68    138      61   54.982596  -6.017404
13570         68    139      60   52.678517  -7.321483
13571         68    140      59   50.298906  -8.701094
13572         68    141      58   52.677997  -5.322003
13573         68    142      57   53.345634  -3.654366
13574         68    143      56   53.380072  -2.619928
13575         68    144      55   51.512320  -3.487680
13576         68    145      54   48.003532  -5.996468
13577         68    146      53   45.799839  -7.200161
13578         68    147      52   46.089538  -5.910462
13579         68    148      51   50.083495  -0.916505
13580         68    149      50   48.736449  -1.263551
13581         68    150      49   42.342838  -6.657162
13582         68    151      48   48.107544   0.107544
13583         68    152      47   45.686179  -1.313821
13584         68    153      46   46.525459   0.525459
13585         68    154      45   46.098937   1.098937
13586         68    155      44   48.129542   4.129542
13587         68    156      43   44.385425   1.385425
13588         68    157      42   40.833753  -1.166247
13589         68    158      41   39.589059  -1.410941
13590         68    159      40   39.176610  -0.823390
13591         68    160      39   39.873090   0.873090
13592         68    161      38   37.716135  -0.283865
13593         68    162      37   34.125225  -2.874775
13594         68    163      36   35.078284  -0.921716
13595         68    164      35   34.032674  -0.967326
13596         68    165      34   33.220024  -0.779976
13597         68    166      33   31.784747  -1.215253
13598         68    167      32   31.793980  -0.206020
13599         68    168      31   27.570710  -3.429290
13600         68    169      30   28.570912  -1.429088
13601         68    170      29   26.927543  -2.072457
13602         68    171      28   28.738151   0.738151
13603         68    172      27   27.959294   0.959294
13604         68    173      26   25.358414  -0.641586
13605         68    174      25   22.386531  -2.613469
13606         68    175      24   27.015549   3.015549
13607         68    176      23   20.653402  -2.346598
13608         68    177      22   20.880407  -1.119593
13609         68    178      21   17.699931  -3.300069
13610         68    179      20   16.009533  -3.990467
13611         68    180      19   13.942897  -5.057103
13612         68    181      18   14.576229  -3.423771
13613         68    182      17   15.670095  -1.329905
13614         68    183      16   13.888571  -2.111429
13615         68    184      15   13.010381  -1.989619
13616         68    185      14   13.854736  -0.145264
13617         68    186      13   10.342347  -2.657653
13618         68    187      12   10.822549  -1.177451
13619         68    188      11    7.576687  -3.423313
13620         68    189      10    7.241886  -2.758114
13621         68    190       9    6.619989  -2.380011
13622         68    191       8    5.828897  -2.171103
13623         68    192       7    5.482483  -1.517517
13624         68    193       6    4.519617  -1.480383
13625         68    194       5    5.505849   0.505849
13626         68    195       4    4.764086   0.764086
13627         68    196       3    4.432991   1.432991
13628         68    197       2    3.347089   1.347089
13629         68    198       1    3.117423   2.117423
13630         68    199       0    2.718540   2.718540
13631         69      1     361  321.310027 -39.689973
13632         69      2     360  322.049531 -37.950469
13633         69      3     359  339.295634 -19.704366
13634         69      4     358  355.013252  -2.986748
13635         69      5     357  356.690194  -0.309806
13636         69      6     356  352.858034  -3.141966
13637         69      7     355  353.917133  -1.082867
13638         69      8     354  328.152814 -25.847186
13639         69      9     353  333.529839 -19.470161
13640         69     10     352  343.802497  -8.197503
13641         69     11     351  335.235505 -15.764495
13642         69     12     350  339.024675 -10.975325
13643         69     13     349  335.837437 -13.162563
13644         69     14     348  325.452696 -22.547304
13645         69     15     347  350.872442   3.872442
13646         69     16     346  351.708754   5.708754
13647         69     17     345  349.059867   4.059867
13648         69     18     344  346.814900   2.814900
13649         69     19     343  345.962437   2.962437
13650         69     20     342  341.809802  -0.190198
13651         69     21     341  335.407265  -5.592735
13652         69     22     340  337.154467  -2.845533
13653         69     23     339  338.308637  -0.691363
13654         69     24     338  331.722252  -6.277748
13655         69     25     337  336.865826  -0.134174
13656         69     26     336  336.659457   0.659457
13657         69     27     335  335.968429   0.968429
13658         69     28     334  335.419675   1.419675
13659         69     29     333  331.844105  -1.155895
13660         69     30     332  330.205028  -1.794972
13661         69     31     331  329.048259  -1.951741
13662         69     32     330  328.498116  -1.501884
13663         69     33     329  327.710872  -1.289128
13664         69     34     328  314.957502 -13.042498
13665         69     35     327  325.275622  -1.724378
13666         69     36     326  324.056808  -1.943192
13667         69     37     325  324.502679  -0.497321
13668         69     38     324  313.676134 -10.323866
13669         69     39     323  318.042033  -4.957967
13670         69     40     322  318.358672  -3.641328
13671         69     41     321  317.909889  -3.090111
13672         69     42     320  317.026320  -2.973680
13673         69     43     319  318.563036  -0.436964
13674         69     44     318  317.639853  -0.360147
13675         69     45     317  309.276378  -7.723622
13676         69     46     316  312.825555  -3.174445
13677         69     47     315  312.050256  -2.949744
13678         69     48     314  311.676969  -2.323031
13679         69     49     313  310.807092  -2.192908
13680         69     50     312  313.264311   1.264311
13681         69     51     311  309.779181  -1.220819
13682         69     52     310  308.132361  -1.867639
13683         69     53     309  302.761311  -6.238689
13684         69     54     308  304.969235  -3.030765
13685         69     55     307  306.118040  -0.881960
13686         69     56     306  303.611232  -2.388768
13687         69     57     305  297.056129  -7.943871
13688         69     58     304  301.718344  -2.281656
13689         69     59     303  300.028502  -2.971498
13690         69     60     302  300.470064  -1.529936
13691         69     61     301  296.857957  -4.142043
13692         69     62     300  294.008470  -5.991530
13693         69     63     299  295.851366  -3.148634
13694         69     64     298  295.198021  -2.801979
13695         69     65     297  298.620366   1.620366
13696         69     66     296  296.569779   0.569779
13697         69     67     295  295.472876   0.472876
13698         69     68     294  293.367351  -0.632649
13699         69     69     293  292.927558  -0.072442
13700         69     70     292  287.930563  -4.069437
13701         69     71     291  294.193093   3.193093
13702         69     72     290  293.226957   3.226957
13703         69     73     289  290.824331   1.824331
13704         69     74     288  289.925221   1.925221
13705         69     75     287  290.230215   3.230215
13706         69     76     286  281.695982  -4.304018
13707         69     77     285  281.371207  -3.628793
13708         69     78     284  278.446719  -5.553281
13709         69     79     283  277.723632  -5.276368
13710         69     80     282  284.591627   2.591627
13711         69     81     281  282.664963   1.664963
13712         69     82     280  280.460307   0.460307
13713         69     83     279  279.825855   0.825855
13714         69     84     278  277.661515  -0.338485
13715         69     85     277  274.958869  -2.041131
13716         69     86     276  272.937271  -3.062729
13717         69     87     275  272.245672  -2.754328
13718         69     88     274  270.319184  -3.680816
13719         69     89     273  267.539668  -5.460332
13720         69     90     272  268.391023  -3.608977
13721         69     91     271  268.836782  -2.163218
13722         69     92     270  263.230316  -6.769684
13723         69     93     269  264.701335  -4.298665
13724         69     94     268  266.208119  -1.791881
13725         69     95     267  259.664677  -7.335323
13726         69     96     266  258.202769  -7.797231
13727         69     97     265  259.608798  -5.391202
13728         69     98     264  257.577457  -6.422543
13729         69     99     263  259.895233  -3.104767
13730         69    100     262  257.618883  -4.381117
13731         69    101     261  256.996901  -4.003099
13732         69    102     260  254.187953  -5.812047
13733         69    103     259  254.827799  -4.172201
13734         69    104     258  250.106557  -7.893443
13735         69    105     257  246.232243 -10.767757
13736         69    106     256  251.563875  -4.436125
13737         69    107     255  249.897254  -5.102746
13738         69    108     254  253.272655  -0.727345
13739         69    109     253  251.848878  -1.151122
13740         69    110     252  251.648306  -0.351694
13741         69    111     251  245.501828  -5.498172
13742         69    112     250  243.298987  -6.701013
13743         69    113     249  245.056155  -3.943845
13744         69    114     248  244.643170  -3.356830
13745         69    115     247  242.085297  -4.914703
13746         69    116     246  241.448689  -4.551311
13747         69    117     245  250.594279   5.594279
13748         69    118     244  250.399467   6.399467
13749         69    119     243  244.351733   1.351733
13750         69    120     242  238.247494  -3.752506
13751         69    121     241  241.371506   0.371506
13752         69    122     240  245.058626   5.058626
13753         69    123     239  243.360234   4.360234
13754         69    124     238  237.316046  -0.683954
13755         69    125     237  236.144484  -0.855516
13756         69    126     236  227.872214  -8.127786
13757         69    127     235  226.759449  -8.240551
13758         69    128     234  225.141374  -8.858626
13759         69    129     233  224.048196  -8.951804
13760         69    130     232  226.142936  -5.857064
13761         69    131     231  226.022101  -4.977899
13762         69    132     230  228.937748  -1.062252
13763         69    133     229  227.169282  -1.830718
13764         69    134     228  228.463015   0.463015
13765         69    135     227  228.124975   1.124975
13766         69    136     226  227.232076   1.232076
13767         69    137     225  226.977333   1.977333
13768         69    138     224  230.899657   6.899657
13769         69    139     223  224.869996   1.869996
13770         69    140     222  222.351878   0.351878
13771         69    141     221  218.742170  -2.257830
13772         69    142     220  221.504584   1.504584
13773         69    143     219  222.002489   3.002489
13774         69    144     218  213.483524  -4.516476
13775         69    145     217  219.828893   2.828893
13776         69    146     216  219.238399   3.238399
13777         69    147     215  219.552530   4.552530
13778         69    148     214  218.295252   4.295252
13779         69    149     213  210.213656  -2.786344
13780         69    150     212  203.228978  -8.771022
13781         69    151     211  204.827314  -6.172686
13782         69    152     210  201.729891  -8.270109
13783         69    153     209  201.834204  -7.165796
13784         69    154     208  203.371485  -4.628515
13785         69    155     207  216.447162   9.447162
13786         69    156     206  214.519092   8.519092
13787         69    157     205  212.273851   7.273851
13788         69    158     204  212.392403   8.392403
13789         69    159     203  210.349984   7.349984
13790         69    160     202  205.867527   3.867527
13791         69    161     201  206.392802   5.392802
13792         69    162     200  202.351458   2.351458
13793         69    163     199  204.886348   5.886348
13794         69    164     198  204.359277   6.359277
13795         69    165     197  203.263962   6.263962
13796         69    166     196  199.331618   3.331618
13797         69    167     195  193.039225  -1.960775
13798         69    168     194  203.977354   9.977354
13799         69    169     193  195.401810   2.401810
13800         69    170     192  199.436759   7.436759
13801         69    171     191  188.917254  -2.082746
13802         69    172     190  189.983487  -0.016513
13803         69    173     189  182.091631  -6.908369
13804         69    174     188  187.368030  -0.631970
13805         69    175     187  190.120616   3.120616
13806         69    176     186  187.449225   1.449225
13807         69    177     185  186.692392   1.692392
13808         69    178     184  178.514168  -5.485832
13809         69    179     183  186.364859   3.364859
13810         69    180     182  193.096616  11.096616
13811         69    181     181  179.515583  -1.484417
13812         69    182     180  184.922210   4.922210
13813         69    183     179  186.814312   7.814312
13814         69    184     178  185.647612   7.647612
13815         69    185     177  186.749592   9.749592
13816         69    186     176  187.470221  11.470221
13817         69    187     175  166.091085  -8.908915
13818         69    188     174  169.747715  -4.252285
13819         69    189     173  168.825097  -4.174903
13820         69    190     172  164.583564  -7.416436
13821         69    191     171  190.131752  19.131752
13822         69    192     170  169.042646  -0.957354
13823         69    193     169  168.191818  -0.808182
13824         69    194     168  171.598754   3.598754
13825         69    195     167  173.358241   6.358241
13826         69    196     166  163.306223  -2.693777
13827         69    197     165  166.422189   1.422189
13828         69    198     164  151.696226 -12.303774
13829         69    199     163  152.194150 -10.805850
13830         69    200     162  153.474131  -8.525869
13831         69    201     161  155.045592  -5.954408
13832         69    202     160  155.766605  -4.233395
13833         69    203     159  151.200516  -7.799484
13834         69    204     158  151.293413  -6.706587
13835         69    205     157  151.042925  -5.957075
13836         69    206     156  149.816820  -6.183180
13837         69    207     155  148.055190  -6.944810
13838         69    208     154  146.286992  -7.713008
13839         69    209     153  144.620339  -8.379661
13840         69    210     152  151.065668  -0.934332
13841         69    211     151  150.929296  -0.070704
13842         69    212     150  142.154327  -7.845673
13843         69    213     149  145.221979  -3.778021
13844         69    214     148  141.279454  -6.720546
13845         69    215     147  136.195578 -10.804422
13846         69    216     146  140.343081  -5.656919
13847         69    217     145  134.425979 -10.574021
13848         69    218     144  137.696162  -6.303838
13849         69    219     143  138.676821  -4.323179
13850         69    220     142  133.613067  -8.386933
13851         69    221     141  140.833049  -0.166951
13852         69    222     140  142.125312   2.125312
13853         69    223     139  137.282128  -1.717872
13854         69    224     138  134.997891  -3.002109
13855         69    225     137  132.997230  -4.002770
13856         69    226     136  136.633193   0.633193
13857         69    227     135  135.892414   0.892414
13858         69    228     134  135.788850   1.788850
13859         69    229     133  132.221626  -0.778374
13860         69    230     132  137.534540   5.534540
13861         69    231     131  131.932443   0.932443
13862         69    232     130  137.063451   7.063451
13863         69    233     129  132.523412   3.523412
13864         69    234     128  133.836828   5.836828
13865         69    235     127  134.246120   7.246120
13866         69    236     126  131.756484   5.756484
13867         69    237     125  122.856397  -2.143603
13868         69    238     124  130.383086   6.383086
13869         69    239     123  123.608550   0.608550
13870         69    240     122  125.605683   3.605683
13871         69    241     121  113.324263  -7.675737
13872         69    242     120  114.984527  -5.015473
13873         69    243     119  116.757014  -2.242986
13874         69    244     118  118.493284   0.493284
13875         69    245     117  119.216812   2.216812
13876         69    246     116  113.625122  -2.374878
13877         69    247     115  109.651397  -5.348603
13878         69    248     114  104.866040  -9.133960
13879         69    249     113  113.825243   0.825243
13880         69    250     112  108.732173  -3.267827
13881         69    251     111  113.417664   2.417664
13882         69    252     110  115.447290   5.447290
13883         69    253     109  101.512465  -7.487535
13884         69    254     108  106.683591  -1.316409
13885         69    255     107  107.197712   0.197712
13886         69    256     106  109.689497   3.689497
13887         69    257     105  101.983508  -3.016492
13888         69    258     104   93.265886 -10.734114
13889         69    259     103   85.632902 -17.367098
13890         69    260     102   94.524433  -7.475567
13891         69    261     101   97.014592  -3.985408
13892         69    262     100   97.161363  -2.838637
13893         69    263      99   95.029114  -3.970886
13894         69    264      98   88.396928  -9.603072
13895         69    265      97   93.172574  -3.827426
13896         69    266      96   96.347734   0.347734
13897         69    267      95   84.808815 -10.191185
13898         69    268      94   98.152004   4.152004
13899         69    269      93   97.578033   4.578033
13900         69    270      92   94.932981   2.932981
13901         69    271      91   94.426208   3.426208
13902         69    272      90   89.021689  -0.978311
13903         69    273      89   94.025995   5.025995
13904         69    274      88   87.427039  -0.572961
13905         69    275      87   86.114723  -0.885277
13906         69    276      86   83.209002  -2.790998
13907         69    277      85   83.545117  -1.454883
13908         69    278      84   84.099101   0.099101
13909         69    279      83   75.293485  -7.706515
13910         69    280      82   75.562431  -6.437569
13911         69    281      81   82.082326   1.082326
13912         69    282      80   74.599898  -5.400102
13913         69    283      79   77.583847  -1.416153
13914         69    284      78   75.653373  -2.346627
13915         69    285      77   79.017815   2.017815
13916         69    286      76   73.848178  -2.151822
13917         69    287      75   68.754463  -6.245537
13918         69    288      74   63.399303 -10.600697
13919         69    289      73   72.214528  -0.785472
13920         69    290      72   74.004981   2.004981
13921         69    291      71   65.265801  -5.734199
13922         69    292      70   64.122451  -5.877549
13923         69    293      69   70.806376   1.806376
13924         69    294      68   64.398742  -3.601258
13925         69    295      67   62.253455  -4.746545
13926         69    296      66   60.279519  -5.720481
13927         69    297      65   62.560008  -2.439992
13928         69    298      64   61.356123  -2.643877
13929         69    299      63   58.749095  -4.250905
13930         69    300      62   57.510369  -4.489631
13931         69    301      61   57.409224  -3.590776
13932         69    302      60   56.013976  -3.986024
13933         69    303      59   56.318626  -2.681374
13934         69    304      58   54.566834  -3.433166
13935         69    305      57   54.712437  -2.287563
13936         69    306      56   53.100022  -2.899978
13937         69    307      55   55.437932   0.437932
13938         69    308      54   55.318467   1.318467
13939         69    309      53   51.392099  -1.607901
13940         69    310      52   52.717182   0.717182
13941         69    311      51   53.762090   2.762090
13942         69    312      50   49.155849  -0.844151
13943         69    313      49   49.660360   0.660360
13944         69    314      48   49.723678   1.723678
13945         69    315      47   46.894124  -0.105876
13946         69    316      46   45.303523  -0.696477
13947         69    317      45   43.044238  -1.955762
13948         69    318      44   42.634378  -1.365622
13949         69    319      43   44.319890   1.319890
13950         69    320      42   42.743544   0.743544
13951         69    321      41   46.181185   5.181185
13952         69    322      40   40.252406   0.252406
13953         69    323      39   37.003359  -1.996641
13954         69    324      38   33.101558  -4.898442
13955         69    325      37   33.139634  -3.860366
13956         69    326      36   29.857200  -6.142800
13957         69    327      35   33.679958  -1.320042
13958         69    328      34   31.132621  -2.867379
13959         69    329      33   28.536032  -4.463968
13960         69    330      32   29.553862  -2.446138
13961         69    331      31   31.286290   0.286290
13962         69    332      30   24.881972  -5.118028
13963         69    333      29   24.237872  -4.762128
13964         69    334      28   21.019482  -6.980518
13965         69    335      27   25.341226  -1.658774
13966         69    336      26   22.648056  -3.351944
13967         69    337      25   26.363346   1.363346
13968         69    338      24   25.772649   1.772649
13969         69    339      23   26.715434   3.715434
13970         69    340      22   21.581554  -0.418446
13971         69    341      21   21.352046   0.352046
13972         69    342      20   17.737629  -2.262371
13973         69    343      19   15.591628  -3.408372
13974         69    344      18   17.155914  -0.844086
13975         69    345      17   15.507371  -1.492629
13976         69    346      16   13.897212  -2.102788
13977         69    347      15   16.569712   1.569712
13978         69    348      14   13.722786  -0.277214
13979         69    349      13   10.843234  -2.156766
13980         69    350      12   10.953943  -1.046057
13981         69    351      11    8.672813  -2.327187
13982         69    352      10    8.802585  -1.197415
13983         69    353       9    9.951058   0.951058
13984         69    354       8    8.500761   0.500761
13985         69    355       7    8.376572   1.376572
13986         69    356       6    8.056199   2.056199
13987         69    357       5    7.294243   2.294243
13988         69    358       4    8.427875   4.427875
13989         69    359       3    9.464354   6.464354
13990         69    360       2    5.138766   3.138766
13991         69    361       1    3.918566   2.918566
13992         69    362       0    5.149036   5.149036
13993         70      1     136  158.514961  22.514961
13994         70      2     135  143.976786   8.976786
13995         70      3     134  141.548018   7.548018
13996         70      4     133  151.398613  18.398613
13997         70      5     132  143.036088  11.036088
13998         70      6     131  148.501421  17.501421
13999         70      7     130  144.336742  14.336742
14000         70      8     129  139.591603  10.591603
14001         70      9     128  131.896722   3.896722
14002         70     10     127  129.980236   2.980236
14003         70     11     126  125.873035  -0.126965
14004         70     12     125  124.419138  -0.580862
14005         70     13     124  120.974975  -3.025025
14006         70     14     123  134.827525  11.827525
14007         70     15     122  122.663433   0.663433
14008         70     16     121  123.044963   2.044963
14009         70     17     120  125.731414   5.731414
14010         70     18     119  125.002324   6.002324
14011         70     19     118  125.030827   7.030827
14012         70     20     117  124.790858   7.790858
14013         70     21     116  121.939040   5.939040
14014         70     22     115  115.350666   0.350666
14015         70     23     114  115.938056   1.938056
14016         70     24     113  117.192784   4.192784
14017         70     25     112  117.663214   5.663214
14018         70     26     111  117.035413   6.035413
14019         70     27     110  115.272543   5.272543
14020         70     28     109  114.220515   5.220515
14021         70     29     108  111.874020   3.874020
14022         70     30     107  105.941520  -1.058480
14023         70     31     106  106.571636   0.571636
14024         70     32     105  106.599071   1.599071
14025         70     33     104  103.755428  -0.244572
14026         70     34     103  102.211040  -0.788960
14027         70     35     102  102.428687   0.428687
14028         70     36     101  101.079100   0.079100
14029         70     37     100   98.676201  -1.323799
14030         70     38      99   97.138100  -1.861900
14031         70     39      98   95.678312  -2.321688
14032         70     40      97   93.260079  -3.739921
14033         70     41      96   94.825028  -1.174972
14034         70     42      95   92.008848  -2.991152
14035         70     43      94   89.460116  -4.539884
14036         70     44      93   89.581945  -3.418055
14037         70     45      92   89.214275  -2.785725
14038         70     46      91   88.661648  -2.338352
14039         70     47      90   92.511169   2.511169
14040         70     48      89   87.016025  -1.983975
14041         70     49      88   85.533661  -2.466339
14042         70     50      87   85.582589  -1.417411
14043         70     51      86   84.256280  -1.743720
14044         70     52      85   83.832181  -1.167819
14045         70     53      84   84.640357   0.640357
14046         70     54      83   83.200347   0.200347
14047         70     55      82   82.027082   0.027082
14048         70     56      81   82.254835   1.254835
14049         70     57      80   81.098011   1.098011
14050         70     58      79   79.093959   0.093959
14051         70     59      78   79.177789   1.177789
14052         70     60      77   77.575857   0.575857
14053         70     61      76   74.527919  -1.472081
14054         70     62      75   75.685504   0.685504
14055         70     63      74   75.142023   1.142023
14056         70     64      73   70.981419  -2.018581
14057         70     65      72   72.150646   0.150646
14058         70     66      71   73.132210   2.132210
14059         70     67      70   74.198695   4.198695
14060         70     68      69   72.004003   3.004003
14061         70     69      68   67.090657  -0.909343
14062         70     70      67   67.624226   0.624226
14063         70     71      66   66.037581   0.037581
14064         70     72      65   63.086804  -1.913196
14065         70     73      64   66.355264   2.355264
14066         70     74      63   63.487537   0.487537
14067         70     75      62   64.639405   2.639405
14068         70     76      61   65.673544   4.673544
14069         70     77      60   60.908125   0.908125
14070         70     78      59   60.679005   1.679005
14071         70     79      58   61.815068   3.815068
14072         70     80      57   55.443825  -1.556175
14073         70     81      56   62.286451   6.286451
14074         70     82      55   54.390880  -0.609120
14075         70     83      54   56.691364   2.691364
14076         70     84      53   53.526893   0.526893
14077         70     85      52   56.033332   4.033332
14078         70     86      51   56.958386   5.958386
14079         70     87      50   55.880311   5.880311
14080         70     88      49   50.483627   1.483627
14081         70     89      48   59.704906  11.704906
14082         70     90      47   58.346587  11.346587
14083         70     91      46   52.828164   6.828164
14084         70     92      45   55.102323  10.102323
14085         70     93      44   50.283829   6.283829
14086         70     94      43   49.489470   6.489470
14087         70     95      42   51.420771   9.420771
14088         70     96      41   49.736179   8.736179
14089         70     97      40   48.063759   8.063759
14090         70     98      39   42.121183   3.121183
14091         70     99      38   40.892566   2.892566
14092         70    100      37   37.984846   0.984846
14093         70    101      36   39.659706   3.659706
14094         70    102      35   34.205576  -0.794424
14095         70    103      34   29.697058  -4.302942
14096         70    104      33   31.104513  -1.895487
14097         70    105      32   29.972177  -2.027823
14098         70    106      31   33.384136   2.384136
14099         70    107      30   34.758903   4.758903
14100         70    108      29   37.368125   8.368125
14101         70    109      28   28.255861   0.255861
14102         70    110      27   26.594686  -0.405314
14103         70    111      26   25.600404  -0.399596
14104         70    112      25   23.789034  -1.210966
14105         70    113      24   26.257488   2.257488
14106         70    114      23   22.056938  -0.943062
14107         70    115      22   20.700002  -1.299998
14108         70    116      21   24.649764   3.649764
14109         70    117      20   19.753412  -0.246588
14110         70    118      19   19.697311   0.697311
14111         70    119      18   21.144496   3.144496
14112         70    120      17   17.023367   0.023367
14113         70    121      16   14.604682  -1.395318
14114         70    122      15   15.617677   0.617677
14115         70    123      14   14.438202   0.438202
14116         70    124      13   10.584705  -2.415295
14117         70    125      12   11.207017  -0.792983
14118         70    126      11    8.792721  -2.207279
14119         70    127      10    7.449043  -2.550957
14120         70    128       9    7.456270  -1.543730
14121         70    129       8    7.023759  -0.976241
14122         70    130       7    5.477410  -1.522590
14123         70    131       6    5.251728  -0.748272
14124         70    132       5    4.827417  -0.172583
14125         70    133       4    2.599931  -1.400069
14126         70    134       3    2.242033  -0.757967
14127         70    135       2    2.405989   0.405989
14128         70    136       1    2.283610   1.283610
14129         70    137       0    1.459133   1.459133
14130         71      1     207  211.947123   4.947123
14131         71      2     206  212.588335   6.588335
14132         71      3     205  198.163041  -6.836959
14133         71      4     204  197.612712  -6.387288
14134         71      5     203  202.895689  -0.104311
14135         71      6     202  200.428484  -1.571516
14136         71      7     201  199.792782  -1.207218
14137         71      8     200  204.004871   4.004871
14138         71      9     199  194.834905  -4.165095
14139         71     10     198  192.614333  -5.385667
14140         71     11     197  198.128822   1.128822
14141         71     12     196  191.861969  -4.138031
14142         71     13     195  194.395398  -0.604602
14143         71     14     194  191.266676  -2.733324
14144         71     15     193  191.819143  -1.180857
14145         71     16     192  186.411848  -5.588152
14146         71     17     191  185.087858  -5.912142
14147         71     18     190  183.388090  -6.611910
14148         71     19     189  185.915917  -3.084083
14149         71     20     188  185.944673  -2.055327
14150         71     21     187  185.077054  -1.922946
14151         71     22     186  184.322898  -1.677102
14152         71     23     185  184.391685  -0.608315
14153         71     24     184  183.576149  -0.423851
14154         71     25     183  183.978163   0.978163
14155         71     26     182  184.574144   2.574144
14156         71     27     181  182.855576   1.855576
14157         71     28     180  183.350438   3.350438
14158         71     29     179  178.987589  -0.012411
14159         71     30     178  178.683124   0.683124
14160         71     31     177  175.127942  -1.872058
14161         71     32     176  174.299969  -1.700031
14162         71     33     175  173.724983  -1.275017
14163         71     34     174  173.290083  -0.709917
14164         71     35     173  171.704034  -1.295966
14165         71     36     172  171.917706  -0.082294
14166         71     37     171  171.748443   0.748443
14167         71     38     170  172.344940   2.344940
14168         71     39     169  172.859695   3.859695
14169         71     40     168  166.997632  -1.002368
14170         71     41     167  166.935825  -0.064175
14171         71     42     166  166.824034   0.824034
14172         71     43     165  160.146939  -4.853061
14173         71     44     164  159.920593  -4.079407
14174         71     45     163  159.646881  -3.353119
14175         71     46     162  157.380057  -4.619943
14176         71     47     161  158.211472  -2.788528
14177         71     48     160  157.757567  -2.242433
14178         71     49     159  153.230751  -5.769249
14179         71     50     158  151.199851  -6.800149
14180         71     51     157  151.579600  -5.420400
14181         71     52     156  151.880905  -4.119095
14182         71     53     155  150.361781  -4.638219
14183         71     54     154  153.328749  -0.671251
14184         71     55     153  151.745082  -1.254918
14185         71     56     152  150.131476  -1.868524
14186         71     57     151  149.573099  -1.426901
14187         71     58     150  151.129461   1.129461
14188         71     59     149  149.768432   0.768432
14189         71     60     148  149.386266   1.386266
14190         71     61     147  148.115988   1.115988
14191         71     62     146  145.750060  -0.249940
14192         71     63     145  145.751856   0.751856
14193         71     64     144  143.998032  -0.001968
14194         71     65     143  142.190906  -0.809094
14195         71     66     142  141.680915  -0.319085
14196         71     67     141  140.847479  -0.152521
14197         71     68     140  139.467103  -0.532897
14198         71     69     139  138.785599  -0.214401
14199         71     70     138  140.832613   2.832613
14200         71     71     137  139.328180   2.328180
14201         71     72     136  136.665195   0.665195
14202         71     73     135  136.976785   1.976785
14203         71     74     134  138.336933   4.336933
14204         71     75     133  133.368745   0.368745
14205         71     76     132  132.356728   0.356728
14206         71     77     131  126.158514  -4.841486
14207         71     78     130  129.299652  -0.700348
14208         71     79     129  129.720180   0.720180
14209         71     80     128  129.320237   1.320237
14210         71     81     127  127.365179   0.365179
14211         71     82     126  124.726445  -1.273555
14212         71     83     125  121.988933  -3.011067
14213         71     84     124  116.941797  -7.058203
14214         71     85     123  113.819640  -9.180360
14215         71     86     122  114.060365  -7.939635
14216         71     87     121  117.951774  -3.048226
14217         71     88     120  115.100495  -4.899505
14218         71     89     119  115.266287  -3.733713
14219         71     90     118  115.638323  -2.361677
14220         71     91     117  114.326199  -2.673801
14221         71     92     116  111.858145  -4.141855
14222         71     93     115  109.605297  -5.394703
14223         71     94     114  107.566090  -6.433910
14224         71     95     113  107.037851  -5.962149
14225         71     96     112  104.177972  -7.822028
14226         71     97     111  105.992239  -5.007761
14227         71     98     110  105.801626  -4.198374
14228         71     99     109  105.447666  -3.552334
14229         71    100     108  104.884918  -3.115082
14230         71    101     107  101.940206  -5.059794
14231         71    102     106  102.072040  -3.927960
14232         71    103     105  100.617865  -4.382135
14233         71    104     104  101.989689  -2.010311
14234         71    105     103   98.172007  -4.827993
14235         71    106     102   97.124662  -4.875338
14236         71    107     101   94.267094  -6.732906
14237         71    108     100   91.606124  -8.393876
14238         71    109      99   95.753280  -3.246720
14239         71    110      98   94.096684  -3.903316
14240         71    111      97   93.121750  -3.878250
14241         71    112      96   92.240466  -3.759534
14242         71    113      95   94.386522  -0.613478
14243         71    114      94   92.960469  -1.039531
14244         71    115      93   90.822919  -2.177081
14245         71    116      92   91.010766  -0.989234
14246         71    117      91   90.522522  -0.477478
14247         71    118      90   88.257143  -1.742857
14248         71    119      89   89.060315   0.060315
14249         71    120      88   92.658375   4.658375
14250         71    121      87   91.223856   4.223856
14251         71    122      86   88.486834   2.486834
14252         71    123      85   84.506618  -0.493382
14253         71    124      84   83.902562  -0.097438
14254         71    125      83   85.449765   2.449765
14255         71    126      82   82.981742   0.981742
14256         71    127      81   70.069212 -10.930788
14257         71    128      80   73.546296  -6.453704
14258         71    129      79   74.328894  -4.671106
14259         71    130      78   76.683444  -1.316556
14260         71    131      77   74.804721  -2.195279
14261         71    132      76   76.515148   0.515148
14262         71    133      75   73.595034  -1.404966
14263         71    134      74   74.415215   0.415215
14264         71    135      73   70.714305  -2.285695
14265         71    136      72   70.570146  -1.429854
14266         71    137      71   65.641578  -5.358422
14267         71    138      70   66.856450  -3.143550
14268         71    139      69   65.863272  -3.136728
14269         71    140      68   67.243907  -0.756093
14270         71    141      67   67.610443   0.610443
14271         71    142      66   67.073628   1.073628
14272         71    143      65   65.714351   0.714351
14273         71    144      64   66.526425   2.526425
14274         71    145      63   67.029832   4.029832
14275         71    146      62   63.462585   1.462585
14276         71    147      61   61.870278   0.870278
14277         71    148      60   60.101750   0.101750
14278         71    149      59   59.358833   0.358833
14279         71    150      58   58.901429   0.901429
14280         71    151      57   60.706995   3.706995
14281         71    152      56   57.851382   1.851382
14282         71    153      55   57.551224   2.551224
14283         71    154      54   54.273512   0.273512
14284         71    155      53   54.258097   1.258097
14285         71    156      52   55.402376   3.402376
14286         71    157      51   54.505996   3.505996
14287         71    158      50   54.138672   4.138672
14288         71    159      49   54.277797   5.277797
14289         71    160      48   47.150945  -0.849055
14290         71    161      47   45.312529  -1.687471
14291         71    162      46   46.628072   0.628072
14292         71    163      45   43.403027  -1.596973
14293         71    164      44   45.669856   1.669856
14294         71    165      43   39.334937  -3.665063
14295         71    166      42   38.802802  -3.197198
14296         71    167      41   40.610603  -0.389397
14297         71    168      40   40.035905   0.035905
14298         71    169      39   35.400573  -3.599427
14299         71    170      38   40.963668   2.963668
14300         71    171      37   38.178170   1.178170
14301         71    172      36   38.523999   2.523999
14302         71    173      35   33.890573  -1.109427
14303         71    174      34   36.313463   2.313463
14304         71    175      33   32.659787  -0.340213
14305         71    176      32   32.915454   0.915454
14306         71    177      31   31.429168   0.429168
14307         71    178      30   29.777932  -0.222068
14308         71    179      29   27.637222  -1.362778
14309         71    180      28   29.289443   1.289443
14310         71    181      27   27.252661   0.252661
14311         71    182      26   26.358957   0.358957
14312         71    183      25   23.796552  -1.203448
14313         71    184      24   22.183877  -1.816123
14314         71    185      23   21.947946  -1.052054
14315         71    186      22   21.973483  -0.026517
14316         71    187      21   18.872112  -2.127888
14317         71    188      20   17.516566  -2.483434
14318         71    189      19   17.608710  -1.391290
14319         71    190      18   13.686274  -4.313726
14320         71    191      17   13.296997  -3.703003
14321         71    192      16   13.269919  -2.730081
14322         71    193      15   15.494659   0.494659
14323         71    194      14   13.719976  -0.280024
14324         71    195      13   15.307095   2.307095
14325         71    196      12   11.637285  -0.362715
14326         71    197      11   14.121093   3.121093
14327         71    198      10   15.629913   5.629913
14328         71    199       9   15.805893   6.805893
14329         71    200       8   16.052357   8.052357
14330         71    201       7   14.131082   7.131082
14331         71    202       6   13.917229   7.917229
14332         71    203       5    9.793164   4.793164
14333         71    204       4    8.565723   4.565723
14334         71    205       3    5.528460   2.528460
14335         71    206       2    5.154880   3.154880
14336         71    207       1    3.225375   2.225375
14337         71    208       0    1.747151   1.747151
14338         72      1     212  207.801967  -4.198033
14339         72      2     211  215.287627   4.287627
14340         72      3     210  210.272413   0.272413
14341         72      4     209  207.623482  -1.376518
14342         72      5     208  204.556351  -3.443649
14343         72      6     207  205.781596  -1.218404
14344         72      7     206  206.338863   0.338863
14345         72      8     205  202.839515  -2.160485
14346         72      9     204  197.267262  -6.732738
14347         72     10     203  191.513882 -11.486118
14348         72     11     202  198.254002  -3.745998
14349         72     12     201  193.594153  -7.405847
14350         72     13     200  194.151156  -5.848844
14351         72     14     199  195.277059  -3.722941
14352         72     15     198  197.764439  -0.235561
14353         72     16     197  194.269672  -2.730328
14354         72     17     196  191.923805  -4.076195
14355         72     18     195  193.784941  -1.215059
14356         72     19     194  190.833753  -3.166247
14357         72     20     193  188.309654  -4.690346
14358         72     21     192  191.718778  -0.281222
14359         72     22     191  191.504595   0.504595
14360         72     23     190  190.283507   0.283507
14361         72     24     189  189.457348   0.457348
14362         72     25     188  190.006303   2.006303
14363         72     26     187  189.369118   2.369118
14364         72     27     186  188.742079   2.742079
14365         72     28     185  187.401753   2.401753
14366         72     29     184  182.569528  -1.430472
14367         72     30     183  180.224344  -2.775656
14368         72     31     182  178.727120  -3.272880
14369         72     32     181  178.718404  -2.281596
14370         72     33     180  178.226048  -1.773952
14371         72     34     179  177.817268  -1.182732
14372         72     35     178  175.987723  -2.012277
14373         72     36     177  175.708661  -1.291339
14374         72     37     176  171.595494  -4.404506
14375         72     38     175  174.692238  -0.307762
14376         72     39     174  173.749429  -0.250571
14377         72     40     173  174.009499   1.009499
14378         72     41     172  171.023764  -0.976236
14379         72     42     171  168.091607  -2.908393
14380         72     43     170  167.290277  -2.709723
14381         72     44     169  163.294614  -5.705386
14382         72     45     168  164.878967  -3.121033
14383         72     46     167  164.700939  -2.299061
14384         72     47     166  162.940927  -3.059073
14385         72     48     165  164.193952  -0.806048
14386         72     49     164  170.171743   6.171743
14387         72     50     163  168.081594   5.081594
14388         72     51     162  166.844583   4.844583
14389         72     52     161  162.364075   1.364075
14390         72     53     160  158.198996  -1.801004
14391         72     54     159  153.349853  -5.650147
14392         72     55     158  152.192435  -5.807565
14393         72     56     157  148.385018  -8.614982
14394         72     57     156  154.240129  -1.759871
14395         72     58     155  152.332186  -2.667814
14396         72     59     154  150.480925  -3.519075
14397         72     60     153  153.709425   0.709425
14398         72     61     152  152.151549   0.151549
14399         72     62     151  151.257343   0.257343
14400         72     63     150  148.904182  -1.095818
14401         72     64     149  150.927993   1.927993
14402         72     65     148  149.635068   1.635068
14403         72     66     147  144.869331  -2.130669
14404         72     67     146  146.541087   0.541087
14405         72     68     145  144.701724  -0.298276
14406         72     69     144  141.300793  -2.699207
14407         72     70     143  142.472417  -0.527583
14408         72     71     142  139.763642  -2.236358
14409         72     72     141  141.304652   0.304652
14410         72     73     140  139.239180  -0.760820
14411         72     74     139  139.693283   0.693283
14412         72     75     138  138.818722   0.818722
14413         72     76     137  138.232946   1.232946
14414         72     77     136  137.832456   1.832456
14415         72     78     135  133.755034  -1.244966
14416         72     79     134  131.241998  -2.758002
14417         72     80     133  130.176440  -2.823560
14418         72     81     132  129.712147  -2.287853
14419         72     82     131  126.380619  -4.619381
14420         72     83     130  124.286041  -5.713959
14421         72     84     129  126.336784  -2.663216
14422         72     85     128  124.950051  -3.049949
14423         72     86     127  125.324820  -1.675180
14424         72     87     126  125.378095  -0.621905
14425         72     88     125  125.221107   0.221107
14426         72     89     124  123.586510  -0.413490
14427         72     90     123  122.967325  -0.032675
14428         72     91     122  123.961675   1.961675
14429         72     92     121  118.431989  -2.568011
14430         72     93     120  116.344606  -3.655394
14431         72     94     119  117.132796  -1.867204
14432         72     95     118  111.961992  -6.038008
14433         72     96     117  111.219311  -5.780689
14434         72     97     116  111.737875  -4.262125
14435         72     98     115  111.161372  -3.838628
14436         72     99     114  113.325994  -0.674006
14437         72    100     113  112.796287  -0.203713
14438         72    101     112  107.993546  -4.006454
14439         72    102     111  106.548170  -4.451830
14440         72    103     110  106.564026  -3.435974
14441         72    104     109  108.824554  -0.175446
14442         72    105     108  107.090624  -0.909376
14443         72    106     107  106.580137  -0.419863
14444         72    107     106  105.189191  -0.810809
14445         72    108     105  102.726263  -2.273737
14446         72    109     104  102.958508  -1.041492
14447         72    110     103  105.194419   2.194419
14448         72    111     102  103.227669   1.227669
14449         72    112     101  104.199547   3.199547
14450         72    113     100  103.632811   3.632811
14451         72    114      99  101.727319   2.727319
14452         72    115      98  102.273325   4.273325
14453         72    116      97   95.345435  -1.654565
14454         72    117      96   96.750288   0.750288
14455         72    118      95   98.890910   3.890910
14456         72    119      94   94.047160   0.047160
14457         72    120      93   95.428285   2.428285
14458         72    121      92   93.086386   1.086386
14459         72    122      91   90.243796  -0.756204
14460         72    123      90   92.349080   2.349080
14461         72    124      89   91.955565   2.955565
14462         72    125      88   94.810197   6.810197
14463         72    126      87   91.960284   4.960284
14464         72    127      86   91.634765   5.634765
14465         72    128      85   89.887642   4.887642
14466         72    129      84   88.321175   4.321175
14467         72    130      83   85.221676   2.221676
14468         72    131      82   85.431802   3.431802
14469         72    132      81   85.711155   4.711155
14470         72    133      80   76.143764  -3.856236
14471         72    134      79   77.634265  -1.365735
14472         72    135      78   76.382950  -1.617050
14473         72    136      77   76.779681  -0.220319
14474         72    137      76   74.799554  -1.200446
14475         72    138      75   74.150109  -0.849891
14476         72    139      74   71.627536  -2.372464
14477         72    140      73   70.290081  -2.709919
14478         72    141      72   70.484720  -1.515280
14479         72    142      71   72.429441   1.429441
14480         72    143      70   68.583682  -1.416318
14481         72    144      69   68.453734  -0.546266
14482         72    145      68   69.150623   1.150623
14483         72    146      67   68.413907   1.413907
14484         72    147      66   71.225048   5.225048
14485         72    148      65   74.247903   9.247903
14486         72    149      64   68.795822   4.795822
14487         72    150      63   67.955121   4.955121
14488         72    151      62   68.871215   6.871215
14489         72    152      61   69.319024   8.319024
14490         72    153      60   68.148799   8.148799
14491         72    154      59   63.787144   4.787144
14492         72    155      58   63.745098   5.745098
14493         72    156      57   62.405981   5.405981
14494         72    157      56   62.259812   6.259812
14495         72    158      55   63.804481   8.804481
14496         72    159      54   63.190846   9.190846
14497         72    160      53   61.640490   8.640490
14498         72    161      52   58.450750   6.450750
14499         72    162      51   51.305181   0.305181
14500         72    163      50   49.279281  -0.720719
14501         72    164      49   47.821705  -1.178295
14502         72    165      48   44.533511  -3.466489
14503         72    166      47   41.875995  -5.124005
14504         72    167      46   44.978042  -1.021958
14505         72    168      45   41.160756  -3.839244
14506         72    169      44   34.745315  -9.254685
14507         72    170      43   34.496068  -8.503932
14508         72    171      42   37.445023  -4.554977
14509         72    172      41   37.084273  -3.915727
14510         72    173      40   35.074516  -4.925484
14511         72    174      39   33.354152  -5.645848
14512         72    175      38   32.788340  -5.211660
14513         72    176      37   33.428227  -3.571773
14514         72    177      36   30.953817  -5.046183
14515         72    178      35   31.355939  -3.644061
14516         72    179      34   29.305412  -4.694588
14517         72    180      33   30.741880  -2.258120
14518         72    181      32   29.246796  -2.753204
14519         72    182      31   31.752234   0.752234
14520         72    183      30   32.964117   2.964117
14521         72    184      29   28.140421  -0.859579
14522         72    185      28   27.167235  -0.832765
14523         72    186      27   28.696648   1.696648
14524         72    187      26   24.608427  -1.391573
14525         72    188      25   26.172101   1.172101
14526         72    189      24   21.930011  -2.069989
14527         72    190      23   25.880248   2.880248
14528         72    191      22   22.226335   0.226335
14529         72    192      21   25.207293   4.207293
14530         72    193      20   25.785087   5.785087
14531         72    194      19   20.799692   1.799692
14532         72    195      18   21.057010   3.057010
14533         72    196      17   16.930064  -0.069936
14534         72    197      16   17.710735   1.710735
14535         72    198      15   16.186438   1.186438
14536         72    199      14   14.345819   0.345819
14537         72    200      13   12.691615  -0.308385
14538         72    201      12   11.345054  -0.654946
14539         72    202      11   12.574083   1.574083
14540         72    203      10   10.764919   0.764919
14541         72    204       9   10.458248   1.458248
14542         72    205       8    9.009374   1.009374
14543         72    206       7    8.658959   1.658959
14544         72    207       6    4.968961  -1.031039
14545         72    208       5    4.218550  -0.781450
14546         72    209       4    4.623779   0.623779
14547         72    210       3    3.439706   0.439706
14548         72    211       2    2.030546   0.030546
14549         72    212       1    1.683449   0.683449
14550         72    213       0    0.868789   0.868789
14551         73      1     212  198.650305 -13.349695
14552         73      2     211  200.832442 -10.167558
14553         73      3     210  204.367039  -5.632961
14554         73      4     209  195.909507 -13.090493
14555         73      5     208  204.050547  -3.949453
14556         73      6     207  206.853288  -0.146712
14557         73      7     206  202.880949  -3.119051
14558         73      8     205  195.738294  -9.261706
14559         73      9     204  195.922175  -8.077825
14560         73     10     203  194.230194  -8.769806
14561         73     11     202  199.020720  -2.979280
14562         73     12     201  201.869993   0.869993
14563         73     13     200  201.040749   1.040749
14564         73     14     199  199.201551   0.201551
14565         73     15     198  197.012710  -0.987290
14566         73     16     197  194.945145  -2.054855
14567         73     17     196  194.505994  -1.494006
14568         73     18     195  194.714351  -0.285649
14569         73     19     194  189.829487  -4.170513
14570         73     20     193  185.177815  -7.822185
14571         73     21     192  182.113039  -9.886961
14572         73     22     191  183.748798  -7.251202
14573         73     23     190  183.457447  -6.542553
14574         73     24     189  182.528178  -6.471822
14575         73     25     188  181.875081  -6.124919
14576         73     26     187  183.115912  -3.884088
14577         73     27     186  182.387315  -3.612685
14578         73     28     185  184.638164  -0.361836
14579         73     29     184  183.967525  -0.032475
14580         73     30     183  183.123613   0.123613
14581         73     31     182  180.175268  -1.824732
14582         73     32     181  183.191597   2.191597
14583         73     33     180  182.083922   2.083922
14584         73     34     179  181.300709   2.300709
14585         73     35     178  178.583604   0.583604
14586         73     36     177  176.854665  -0.145335
14587         73     37     176  175.753106  -0.246894
14588         73     38     175  174.414221  -0.585779
14589         73     39     174  170.423731  -3.576269
14590         73     40     173  171.930136  -1.069864
14591         73     41     172  171.892656  -0.107344
14592         73     42     171  171.584640   0.584640
14593         73     43     170  170.664315   0.664315
14594         73     44     169  166.731216  -2.268784
14595         73     45     168  165.128982  -2.871018
14596         73     46     167  167.560652   0.560652
14597         73     47     166  166.525370   0.525370
14598         73     48     165  167.773542   2.773542
14599         73     49     164  167.973575   3.973575
14600         73     50     163  167.213957   4.213957
14601         73     51     162  166.232908   4.232908
14602         73     52     161  164.816973   3.816973
14603         73     53     160  162.681408   2.681408
14604         73     54     159  163.086161   4.086161
14605         73     55     158  162.457772   4.457772
14606         73     56     157  156.764887  -0.235113
14607         73     57     156  155.787068  -0.212932
14608         73     58     155  149.764089  -5.235911
14609         73     59     154  152.817732  -1.182268
14610         73     60     153  150.890951  -2.109049
14611         73     61     152  151.830574  -0.169426
14612         73     62     151  149.631220  -1.368780
14613         73     63     150  148.707654  -1.292346
14614         73     64     149  152.542293   3.542293
14615         73     65     148  151.502585   3.502585
14616         73     66     147  145.433508  -1.566492
14617         73     67     146  145.382271  -0.617729
14618         73     68     145  146.144837   1.144837
14619         73     69     144  145.753792   1.753792
14620         73     70     143  143.495795   0.495795
14621         73     71     142  141.101249  -0.898751
14622         73     72     141  140.468857  -0.531143
14623         73     73     140  137.820948  -2.179052
14624         73     74     139  136.216808  -2.783192
14625         73     75     138  136.666744  -1.333256
14626         73     76     137  135.644566  -1.355434
14627         73     77     136  134.220221  -1.779779
14628         73     78     135  130.909649  -4.090351
14629         73     79     134  130.804364  -3.195636
14630         73     80     133  133.778849   0.778849
14631         73     81     132  130.297975  -1.702025
14632         73     82     131  129.439603  -1.560397
14633         73     83     130  128.388082  -1.611918
14634         73     84     129  129.746742   0.746742
14635         73     85     128  127.226230  -0.773770
14636         73     86     127  130.165923   3.165923
14637         73     87     126  124.701840  -1.298160
14638         73     88     125  117.992662  -7.007338
14639         73     89     124  117.798903  -6.201097
14640         73     90     123  118.112030  -4.887970
14641         73     91     122  117.163826  -4.836174
14642         73     92     121  116.859867  -4.140133
14643         73     93     120  115.763511  -4.236489
14644         73     94     119  114.900278  -4.099722
14645         73     95     118  113.276255  -4.723745
14646         73     96     117  112.889119  -4.110881
14647         73     97     116  109.378523  -6.621477
14648         73     98     115  116.035541   1.035541
14649         73     99     114  115.326835   1.326835
14650         73    100     113  109.804118  -3.195882
14651         73    101     112  111.165087  -0.834913
14652         73    102     111  113.645183   2.645183
14653         73    103     110  111.373974   1.373974
14654         73    104     109  109.135506   0.135506
14655         73    105     108  109.080994   1.080994
14656         73    106     107  108.649364   1.649364
14657         73    107     106  106.700953   0.700953
14658         73    108     105  107.945043   2.945043
14659         73    109     104  108.936521   4.936521
14660         73    110     103  106.640256   3.640256
14661         73    111     102  107.164632   5.164632
14662         73    112     101  111.627670  10.627670
14663         73    113     100  104.909226   4.909226
14664         73    114      99  101.669665   2.669665
14665         73    115      98  102.430465   4.430465
14666         73    116      97  101.787837   4.787837
14667         73    117      96   86.087454  -9.912546
14668         73    118      95   89.570746  -5.429254
14669         73    119      94   84.358739  -9.641261
14670         73    120      93   85.723993  -7.276007
14671         73    121      92   88.170199  -3.829801
14672         73    122      91   83.510949  -7.489051
14673         73    123      90   81.182738  -8.817262
14674         73    124      89   89.708261   0.708261
14675         73    125      88   85.478770  -2.521230
14676         73    126      87   85.914793  -1.085207
14677         73    127      86   82.075953  -3.924047
14678         73    128      85   82.755761  -2.244239
14679         73    129      84   81.665676  -2.334324
14680         73    130      83   86.343752   3.343752
14681         73    131      82   85.407544   3.407544
14682         73    132      81   80.367026  -0.632974
14683         73    133      80   72.189400  -7.810600
14684         73    134      79   74.674737  -4.325263
14685         73    135      78   69.154860  -8.845140
14686         73    136      77   70.824383  -6.175617
14687         73    137      76   70.067449  -5.932551
14688         73    138      75   72.448671  -2.551329
14689         73    139      74   68.878911  -5.121089
14690         73    140      73   67.974398  -5.025602
14691         73    141      72   67.005908  -4.994092
14692         73    142      71   63.866465  -7.133535
14693         73    143      70   64.612611  -5.387389
14694         73    144      69   66.215326  -2.784674
14695         73    145      68   64.622891  -3.377109
14696         73    146      67   65.858736  -1.141264
14697         73    147      66   60.548484  -5.451516
14698         73    148      65   62.377953  -2.622047
14699         73    149      64   59.643010  -4.356990
14700         73    150      63   65.872333   2.872333
14701         73    151      62   66.369461   4.369461
14702         73    152      61   64.099549   3.099549
14703         73    153      60   60.632263   0.632263
14704         73    154      59   61.073802   2.073802
14705         73    155      58   57.840799  -0.159201
14706         73    156      57   52.733225  -4.266775
14707         73    157      56   58.013100   2.013100
14708         73    158      55   58.247961   3.247961
14709         73    159      54   55.259324   1.259324
14710         73    160      53   53.964923   0.964923
14711         73    161      52   48.647934  -3.352066
14712         73    162      51   46.558614  -4.441386
14713         73    163      50   47.685175  -2.314825
14714         73    164      49   44.598111  -4.401889
14715         73    165      48   49.676226   1.676226
14716         73    166      47   50.934066   3.934066
14717         73    167      46   44.825684  -1.174316
14718         73    168      45   45.169074   0.169074
14719         73    169      44   44.079084   0.079084
14720         73    170      43   42.820585  -0.179415
14721         73    171      42   39.705144  -2.294856
14722         73    172      41   35.523008  -5.476992
14723         73    173      40   37.468789  -2.531211
14724         73    174      39   34.225921  -4.774079
14725         73    175      38   28.082666  -9.917334
14726         73    176      37   35.434765  -1.565235
14727         73    177      36   33.314624  -2.685376
14728         73    178      35   30.915019  -4.084981
14729         73    179      34   27.681487  -6.318513
14730         73    180      33   28.851573  -4.148427
14731         73    181      32   29.765547  -2.234453
14732         73    182      31   33.700142   2.700142
14733         73    183      30   30.496136   0.496136
14734         73    184      29   30.813941   1.813941
14735         73    185      28   31.678748   3.678748
14736         73    186      27   29.003290   2.003290
14737         73    187      26   26.201200   0.201200
14738         73    188      25   29.371914   4.371914
14739         73    189      24   28.491488   4.491488
14740         73    190      23   28.007296   5.007296
14741         73    191      22   23.254869   1.254869
14742         73    192      21   24.080653   3.080653
14743         73    193      20   23.486747   3.486747
14744         73    194      19   23.853932   4.853932
14745         73    195      18   24.650332   6.650332
14746         73    196      17   23.928474   6.928474
14747         73    197      16   19.486927   3.486927
14748         73    198      15   18.589149   3.589149
14749         73    199      14   16.848747   2.848747
14750         73    200      13   14.752992   1.752992
14751         73    201      12   16.528444   4.528444
14752         73    202      11   11.138589   0.138589
14753         73    203      10   12.687024   2.687024
14754         73    204       9    8.779881  -0.220119
14755         73    205       8    5.877147  -2.122853
14756         73    206       7    5.186474  -1.813526
14757         73    207       6    4.853044  -1.146956
14758         73    208       5    3.257283  -1.742717
14759         73    209       4    2.612987  -1.387013
14760         73    210       3    2.817878  -0.182122
14761         73    211       2    1.382947  -0.617053
14762         73    212       1    4.052528   3.052528
14763         73    213       0    4.576488   4.576488
14764         74      1     165  177.397592  12.397592
14765         74      2     164  174.962666  10.962666
14766         74      3     163  167.089252   4.089252
14767         74      4     162  170.203333   8.203333
14768         74      5     161  173.421725  12.421725
14769         74      6     160  164.650829   4.650829
14770         74      7     159  159.392944   0.392944
14771         74      8     158  163.307619   5.307619
14772         74      9     157  176.925561  19.925561
14773         74     10     156  156.132994   0.132994
14774         74     11     155  154.816267  -0.183733
14775         74     12     154  145.299033  -8.700967
14776         74     13     153  150.498058  -2.501942
14777         74     14     152  151.155626  -0.844374
14778         74     15     151  154.984906   3.984906
14779         74     16     150  157.898123   7.898123
14780         74     17     149  155.333369   6.333369
14781         74     18     148  151.885497   3.885497
14782         74     19     147  152.073271   5.073271
14783         74     20     146  150.384491   4.384491
14784         74     21     145  151.508261   6.508261
14785         74     22     144  151.305704   7.305704
14786         74     23     143  144.235017   1.235017
14787         74     24     142  138.870157  -3.129843
14788         74     25     141  138.965215  -2.034785
14789         74     26     140  139.098387  -0.901613
14790         74     27     139  138.593151  -0.406849
14791         74     28     138  136.672485  -1.327515
14792         74     29     137  136.167300  -0.832700
14793         74     30     136  137.676604   1.676604
14794         74     31     135  135.748688   0.748688
14795         74     32     134  136.132731   2.132731
14796         74     33     133  133.545401   0.545401
14797         74     34     132  132.341017   0.341017
14798         74     35     131  133.311752   2.311752
14799         74     36     130  132.577413   2.577413
14800         74     37     129  128.318525  -0.681475
14801         74     38     128  126.516994  -1.483006
14802         74     39     127  127.477880   0.477880
14803         74     40     126  125.206095  -0.793905
14804         74     41     125  125.119910   0.119910
14805         74     42     124  127.034098   3.034098
14806         74     43     123  122.126202  -0.873798
14807         74     44     122  121.400356  -0.599644
14808         74     45     121  120.372401  -0.627599
14809         74     46     120  113.883542  -6.116458
14810         74     47     119  114.187623  -4.812377
14811         74     48     118  111.140623  -6.859377
14812         74     49     117  109.975469  -7.024531
14813         74     50     116  108.715302  -7.284698
14814         74     51     115  110.439668  -4.560332
14815         74     52     114  109.593484  -4.406516
14816         74     53     113  106.979571  -6.020429
14817         74     54     112  106.447630  -5.552370
14818         74     55     111  105.913509  -5.086491
14819         74     56     110  105.469706  -4.530294
14820         74     57     109  103.334008  -5.665992
14821         74     58     108  102.886104  -5.113896
14822         74     59     107  103.965555  -3.034445
14823         74     60     106  103.568438  -2.431562
14824         74     61     105  100.426113  -4.573887
14825         74     62     104   99.977111  -4.022889
14826         74     63     103  102.480060  -0.519940
14827         74     64     102  103.679096   1.679096
14828         74     65     101  101.507577   0.507577
14829         74     66     100  105.053201   5.053201
14830         74     67      99  104.212446   5.212446
14831         74     68      98  105.097218   7.097218
14832         74     69      97  103.468279   6.468279
14833         74     70      96   98.137577   2.137577
14834         74     71      95   93.330850  -1.669150
14835         74     72      94   91.480951  -2.519049
14836         74     73      93   89.288715  -3.711285
14837         74     74      92   87.347383  -4.652617
14838         74     75      91   86.396755  -4.603245
14839         74     76      90   86.591401  -3.408599
14840         74     77      89   86.954678  -2.045322
14841         74     78      88   87.523445  -0.476555
14842         74     79      87   86.307327  -0.692673
14843         74     80      86   87.385625   1.385625
14844         74     81      85   81.816771  -3.183229
14845         74     82      84   81.647294  -2.352706
14846         74     83      83   80.444094  -2.555906
14847         74     84      82   81.255277  -0.744723
14848         74     85      81   81.366538   0.366538
14849         74     86      80   78.884635  -1.115365
14850         74     87      79   76.398663  -2.601337
14851         74     88      78   79.666936   1.666936
14852         74     89      77   82.655349   5.655349
14853         74     90      76   76.973027   0.973027
14854         74     91      75   78.180985   3.180985
14855         74     92      74   78.297122   4.297122
14856         74     93      73   78.065148   5.065148
14857         74     94      72   78.685521   6.685521
14858         74     95      71   73.509366   2.509366
14859         74     96      70   73.895036   3.895036
14860         74     97      69   77.367051   8.367051
14861         74     98      68   71.546629   3.546629
14862         74     99      67   64.032062  -2.967938
14863         74    100      66   68.996127   2.996127
14864         74    101      65   67.743295   2.743295
14865         74    102      64   65.650174   1.650174
14866         74    103      63   66.762099   3.762099
14867         74    104      62   67.850110   5.850110
14868         74    105      61   64.875003   3.875003
14869         74    106      60   64.794908   4.794908
14870         74    107      59   62.644969   3.644969
14871         74    108      58   63.395323   5.395323
14872         74    109      57   63.566474   6.566474
14873         74    110      56   62.397419   6.397419
14874         74    111      55   58.206717   3.206717
14875         74    112      54   58.687150   4.687150
14876         74    113      53   59.294281   6.294281
14877         74    114      52   58.321818   6.321818
14878         74    115      51   56.315727   5.315727
14879         74    116      50   55.240894   5.240894
14880         74    117      49   54.380282   5.380282
14881         74    118      48   47.434517  -0.565483
14882         74    119      47   44.003217  -2.996783
14883         74    120      46   43.571607  -2.428393
14884         74    121      45   45.010014   0.010014
14885         74    122      44   47.663081   3.663081
14886         74    123      43   47.491983   4.491983
14887         74    124      42   42.129685   0.129685
14888         74    125      41   44.934044   3.934044
14889         74    126      40   43.045810   3.045810
14890         74    127      39   43.335300   4.335300
14891         74    128      38   43.121337   5.121337
14892         74    129      37   41.296973   4.296973
14893         74    130      36   38.126677   2.126677
14894         74    131      35   39.261853   4.261853
14895         74    132      34   39.670726   5.670726
14896         74    133      33   35.066077   2.066077
14897         74    134      32   38.680793   6.680793
14898         74    135      31   33.865771   2.865771
14899         74    136      30   35.392617   5.392617
14900         74    137      29   29.788872   0.788872
14901         74    138      28   28.033174   0.033174
14902         74    139      27   27.780703   0.780703
14903         74    140      26   25.527784  -0.472216
14904         74    141      25   25.402939   0.402939
14905         74    142      24   24.986948   0.986948
14906         74    143      23   23.924231   0.924231
14907         74    144      22   25.217672   3.217672
14908         74    145      21   26.179915   5.179915
14909         74    146      20   21.670836   1.670836
14910         74    147      19   18.643456  -0.356544
14911         74    148      18   18.191216   0.191216
14912         74    149      17   18.379047   1.379047
14913         74    150      16   17.153779   1.153779
14914         74    151      15   14.751794  -0.248206
14915         74    152      14   12.169921  -1.830079
14916         74    153      13   11.085627  -1.914373
14917         74    154      12   10.084437  -1.915563
14918         74    155      11    8.975744  -2.024256
14919         74    156      10    9.074196  -0.925804
14920         74    157       9    9.143148   0.143148
14921         74    158       8    7.398126  -0.601874
14922         74    159       7    7.444605   0.444605
14923         74    160       6    5.400226  -0.599774
14924         74    161       5    4.765988  -0.234012
14925         74    162       4    3.213113  -0.786887
14926         74    163       3    2.044007  -0.955993
14927         74    164       2    1.932270  -0.067730
14928         74    165       1    1.447335   0.447335
14929         74    166       0    0.015454   0.015454
14930         75      1     228  210.213609 -17.786391
14931         75      2     227  217.747351  -9.252649
14932         75      3     226  220.829068  -5.170932
14933         75      4     225  228.140013   3.140013
14934         75      5     224  214.781722  -9.218278
14935         75      6     223  217.247257  -5.752743
14936         75      7     222  218.260727  -3.739273
14937         75      8     221  213.455156  -7.544844
14938         75      9     220  213.401962  -6.598038
14939         75     10     219  217.602967  -1.397033
14940         75     11     218  209.979095  -8.020905
14941         75     12     217  209.905953  -7.094047
14942         75     13     216  214.151227  -1.848773
14943         75     14     215  211.952971  -3.047029
14944         75     15     214  212.034815  -1.965185
14945         75     16     213  212.176584  -0.823416
14946         75     17     212  208.872613  -3.127387
14947         75     18     211  209.725418  -1.274582
14948         75     19     210  210.085783   0.085783
14949         75     20     209  208.615907  -0.384093
14950         75     21     208  207.499007  -0.500993
14951         75     22     207  207.271116   0.271116
14952         75     23     206  206.160035   0.160035
14953         75     24     205  205.992143   0.992143
14954         75     25     204  205.565109   1.565109
14955         75     26     203  204.965444   1.965444
14956         75     27     202  204.423612   2.423612
14957         75     28     201  202.885471   1.885471
14958         75     29     200  201.957079   1.957079
14959         75     30     199  200.978174   1.978174
14960         75     31     198  201.039020   3.039020
14961         75     32     197  197.858966   0.858966
14962         75     33     196  192.744078  -3.255922
14963         75     34     195  192.485054  -2.514946
14964         75     35     194  191.687859  -2.312141
14965         75     36     193  190.376626  -2.623374
14966         75     37     192  188.823735  -3.176265
14967         75     38     191  188.486042  -2.513958
14968         75     39     190  189.016508  -0.983492
14969         75     40     189  188.248841  -0.751159
14970         75     41     188  188.415443   0.415443
14971         75     42     187  189.985058   2.985058
14972         75     43     186  189.908843   3.908843
14973         75     44     185  189.876418   4.876418
14974         75     45     184  181.176097  -2.823903
14975         75     46     183  180.818259  -2.181741
14976         75     47     182  181.637582  -0.362418
14977         75     48     181  181.320562   0.320562
14978         75     49     180  180.416728   0.416728
14979         75     50     179  181.665138   2.665138
14980         75     51     178  180.975733   2.975733
14981         75     52     177  180.075975   3.075975
14982         75     53     176  177.421454   1.421454
14983         75     54     175  173.741079  -1.258921
14984         75     55     174  175.932021   1.932021
14985         75     56     173  169.311100  -3.688900
14986         75     57     172  170.398276  -1.601724
14987         75     58     171  172.601169   1.601169
14988         75     59     170  170.745744   0.745744
14989         75     60     169  170.643810   1.643810
14990         75     61     168  173.430268   5.430268
14991         75     62     167  172.928645   5.928645
14992         75     63     166  169.335696   3.335696
14993         75     64     165  171.089401   6.089401
14994         75     65     164  171.780151   7.780151
14995         75     66     163  169.109042   6.109042
14996         75     67     162  167.546454   5.546454
14997         75     68     161  168.253287   7.253287
14998         75     69     160  163.584135   3.584135
14999         75     70     159  162.397012   3.397012
15000         75     71     158  159.970025   1.970025
15001         75     72     157  159.837865   2.837865
15002         75     73     156  156.497638   0.497638
15003         75     74     155  151.540354  -3.459646
15004         75     75     154  157.692369   3.692369
15005         75     76     153  157.196134   4.196134
15006         75     77     152  145.318633  -6.681367
15007         75     78     151  146.309721  -4.690279
15008         75     79     150  145.886065  -4.113935
15009         75     80     149  145.064500  -3.935500
15010         75     81     148  142.090204  -5.909796
15011         75     82     147  140.646890  -6.353110
15012         75     83     146  137.974836  -8.025164
15013         75     84     145  142.028257  -2.971743
15014         75     85     144  139.809979  -4.190021
15015         75     86     143  139.584953  -3.415047
15016         75     87     142  139.475768  -2.524232
15017         75     88     141  140.100834  -0.899166
15018         75     89     140  135.231328  -4.768672
15019         75     90     139  136.430208  -2.569792
15020         75     91     138  133.850519  -4.149481
15021         75     92     137  129.838506  -7.161494
15022         75     93     136  130.484896  -5.515104
15023         75     94     135  129.314908  -5.685092
15024         75     95     134  122.784026 -11.215974
15025         75     96     133  126.377087  -6.622913
15026         75     97     132  126.206715  -5.793285
15027         75     98     131  128.529442  -2.470558
15028         75     99     130  128.957864  -1.042136
15029         75    100     129  127.058904  -1.941096
15030         75    101     128  126.518484  -1.481516
15031         75    102     127  125.618389  -1.381611
15032         75    103     126  124.212416  -1.787584
15033         75    104     125  122.053206  -2.946794
15034         75    105     124  119.216083  -4.783917
15035         75    106     123  127.332888   4.332888
15036         75    107     122  127.031065   5.031065
15037         75    108     121  126.097834   5.097834
15038         75    109     120  125.822924   5.822924
15039         75    110     119  124.661776   5.661776
15040         75    111     118  123.165349   5.165349
15041         75    112     117  121.058067   4.058067
15042         75    113     116  115.936038  -0.063962
15043         75    114     115  115.921154   0.921154
15044         75    115     114  119.592382   5.592382
15045         75    116     113  117.454436   4.454436
15046         75    117     112  118.224826   6.224826
15047         75    118     111  111.522489   0.522489
15048         75    119     110  108.161344  -1.838656
15049         75    120     109  108.142482  -0.857518
15050         75    121     108  107.254130  -0.745870
15051         75    122     107  101.080394  -5.919606
15052         75    123     106  100.357384  -5.642616
15053         75    124     105  100.247920  -4.752080
15054         75    125     104  100.282829  -3.717171
15055         75    126     103  101.445486  -1.554514
15056         75    127     102   99.291908  -2.708092
15057         75    128     101   99.124152  -1.875848
15058         75    129     100  101.156991   1.156991
15059         75    130      99   92.517507  -6.482493
15060         75    131      98   87.919792 -10.080208
15061         75    132      97   91.244370  -5.755630
15062         75    133      96   93.863856  -2.136144
15063         75    134      95   93.741378  -1.258622
15064         75    135      94   94.681782   0.681782
15065         75    136      93   92.994616  -0.005384
15066         75    137      92   85.781169  -6.218831
15067         75    138      91   87.591035  -3.408965
15068         75    139      90   80.090544  -9.909456
15069         75    140      89   81.436906  -7.563094
15070         75    141      88   79.853257  -8.146743
15071         75    142      87   80.103412  -6.896588
15072         75    143      86   76.751674  -9.248326
15073         75    144      85   79.263753  -5.736247
15074         75    145      84   78.119448  -5.880552
15075         75    146      83   77.981697  -5.018303
15076         75    147      82   78.640178  -3.359822
15077         75    148      81   79.925441  -1.074559
15078         75    149      80   78.069748  -1.930252
15079         75    150      79   77.016939  -1.983061
15080         75    151      78   76.437944  -1.562056
15081         75    152      77   75.335849  -1.664151
15082         75    153      76   72.647980  -3.352020
15083         75    154      75   71.194169  -3.805831
15084         75    155      74   70.296465  -3.703535
15085         75    156      73   68.525703  -4.474297
15086         75    157      72   69.040019  -2.959981
15087         75    158      71   71.635517   0.635517
15088         75    159      70   70.912009   0.912009
15089         75    160      69   68.644884  -0.355116
15090         75    161      68   69.807276   1.807276
15091         75    162      67   70.278037   3.278037
15092         75    163      66   68.707439   2.707439
15093         75    164      65   68.368927   3.368927
15094         75    165      64   66.308718   2.308718
15095         75    166      63   68.696354   5.696354
15096         75    167      62   68.312759   6.312759
15097         75    168      61   66.317670   5.317670
15098         75    169      60   68.564687   8.564687
15099         75    170      59   68.822631   9.822631
15100         75    171      58   66.549227   8.549227
15101         75    172      57   57.153045   0.153045
15102         75    173      56   60.393031   4.393031
15103         75    174      55   61.838514   6.838514
15104         75    175      54   57.339239   3.339239
15105         75    176      53   56.457496   3.457496
15106         75    177      52   49.891415  -2.108585
15107         75    178      51   52.803074   1.803074
15108         75    179      50   43.044789  -6.955211
15109         75    180      49   42.549691  -6.450309
15110         75    181      48   41.570392  -6.429608
15111         75    182      47   39.620386  -7.379614
15112         75    183      46   36.400555  -9.599445
15113         75    184      45   39.436547  -5.563453
15114         75    185      44   39.053551  -4.946449
15115         75    186      43   38.791665  -4.208335
15116         75    187      42   38.578239  -3.421761
15117         75    188      41   40.333986  -0.666014
15118         75    189      40   36.222974  -3.777026
15119         75    190      39   38.452610  -0.547390
15120         75    191      38   37.830740  -0.169260
15121         75    192      37   35.826028  -1.173972
15122         75    193      36   35.311363  -0.688637
15123         75    194      35   31.851649  -3.148351
15124         75    195      34   29.059297  -4.940703
15125         75    196      33   34.901746   1.901746
15126         75    197      32   30.945509  -1.054491
15127         75    198      31   27.847087  -3.152913
15128         75    199      30   31.887389   1.887389
15129         75    200      29   32.830961   3.830961
15130         75    201      28   31.111416   3.111416
15131         75    202      27   26.263985  -0.736015
15132         75    203      26   27.304738   1.304738
15133         75    204      25   25.117196   0.117196
15134         75    205      24   24.334561   0.334561
15135         75    206      23   22.857684  -0.142316
15136         75    207      22   24.678980   2.678980
15137         75    208      21   22.658090   1.658090
15138         75    209      20   20.051924   0.051924
15139         75    210      19   15.605503  -3.394497
15140         75    211      18   15.295997  -2.704003
15141         75    212      17   12.853846  -4.146154
15142         75    213      16   12.440343  -3.559657
15143         75    214      15   10.282797  -4.717203
15144         75    215      14   11.524366  -2.475634
15145         75    216      13   11.379959  -1.620041
15146         75    217      12   13.677441   1.677441
15147         75    218      11   16.180610   5.180610
15148         75    219      10   11.908773   1.908773
15149         75    220       9   10.746800   1.746800
15150         75    221       8    8.621642   0.621642
15151         75    222       7    7.302334   0.302334
15152         75    223       6    6.707378   0.707378
15153         75    224       5    5.064752   0.064752
15154         75    225       4    4.470318   0.470318
15155         75    226       3    3.944216   0.944216
15156         75    227       2    3.768083   1.768083
15157         75    228       1    3.125491   2.125491
15158         75    229       0    3.195616   3.195616
15159         76      1     209  206.606438  -2.393562
15160         76      2     208  204.224877  -3.775123
15161         76      3     207  202.705874  -4.294126
15162         76      4     206  197.635914  -8.364086
15163         76      5     205  197.583249  -7.416751
15164         76      6     204  197.279582  -6.720418
15165         76      7     203  202.632831  -0.367169
15166         76      8     202  197.475516  -4.524484
15167         76      9     201  197.407500  -3.592500
15168         76     10     200  201.927451   1.927451
15169         76     11     199  197.894416  -1.105584
15170         76     12     198  198.053396   0.053396
15171         76     13     197  194.810209  -2.189791
15172         76     14     196  186.986681  -9.013319
15173         76     15     195  190.728611  -4.271389
15174         76     16     194  192.140752  -1.859248
15175         76     17     193  192.585034  -0.414966
15176         76     18     192  190.952939  -1.047061
15177         76     19     191  191.417310   0.417310
15178         76     20     190  189.994375  -0.005625
15179         76     21     189  189.448657   0.448657
15180         76     22     188  188.622653   0.622653
15181         76     23     187  188.383144   1.383144
15182         76     24     186  188.515628   2.515628
15183         76     25     185  187.676875   2.676875
15184         76     26     184  183.540518  -0.459482
15185         76     27     183  185.138488   2.138488
15186         76     28     182  182.002145   0.002145
15187         76     29     181  180.266624  -0.733376
15188         76     30     180  180.269517   0.269517
15189         76     31     179  181.085596   2.085596
15190         76     32     178  180.570543   2.570543
15191         76     33     177  174.625302  -2.374698
15192         76     34     176  174.885244  -1.114756
15193         76     35     175  174.429364  -0.570636
15194         76     36     174  176.061719   2.061719
15195         76     37     173  174.979425   1.979425
15196         76     38     172  174.856337   2.856337
15197         76     39     171  170.289324  -0.710676
15198         76     40     170  169.820512  -0.179488
15199         76     41     169  170.551577   1.551577
15200         76     42     168  167.001620  -0.998380
15201         76     43     167  168.709706   1.709706
15202         76     44     166  167.137486   1.137486
15203         76     45     165  166.656696   1.656696
15204         76     46     164  164.180680   0.180680
15205         76     47     163  163.884755   0.884755
15206         76     48     162  164.088606   2.088606
15207         76     49     161  163.051292   2.051292
15208         76     50     160  157.536666  -2.463334
15209         76     51     159  160.193189   1.193189
15210         76     52     158  153.684269  -4.315731
15211         76     53     157  156.730119  -0.269881
15212         76     54     156  158.255922   2.255922
15213         76     55     155  157.065140   2.065140
15214         76     56     154  151.837651  -2.162349
15215         76     57     153  151.927581  -1.072419
15216         76     58     152  149.333379  -2.666621
15217         76     59     151  145.702616  -5.297384
15218         76     60     150  147.479554  -2.520446
15219         76     61     149  151.719429   2.719429
15220         76     62     148  152.459887   4.459887
15221         76     63     147  151.438161   4.438161
15222         76     64     146  139.374424  -6.625576
15223         76     65     145  141.254394  -3.745606
15224         76     66     144  136.878653  -7.121347
15225         76     67     143  137.966510  -5.033490
15226         76     68     142  136.676115  -5.323885
15227         76     69     141  133.371170  -7.628830
15228         76     70     140  139.064479  -0.935521
15229         76     71     139  135.815000  -3.185000
15230         76     72     138  139.435946   1.435946
15231         76     73     137  137.042095   0.042095
15232         76     74     136  138.320984   2.320984
15233         76     75     135  137.615702   2.615702
15234         76     76     134  131.464931  -2.535069
15235         76     77     133  127.485907  -5.514093
15236         76     78     132  126.733950  -5.266050
15237         76     79     131  120.146842 -10.853158
15238         76     80     130  119.449132 -10.550868
15239         76     81     129  118.239171 -10.760829
15240         76     82     128  118.758466  -9.241534
15241         76     83     127  117.791980  -9.208020
15242         76     84     126  118.615230  -7.384770
15243         76     85     125  118.770484  -6.229516
15244         76     86     124  124.430193   0.430193
15245         76     87     123  121.265473  -1.734527
15246         76     88     122  118.783052  -3.216948
15247         76     89     121  119.998958  -1.001042
15248         76     90     120  115.811592  -4.188408
15249         76     91     119  112.351219  -6.648781
15250         76     92     118  113.403579  -4.596421
15251         76     93     117  108.494449  -8.505551
15252         76     94     116  111.175211  -4.824789
15253         76     95     115  116.727049   1.727049
15254         76     96     114  119.741980   5.741980
15255         76     97     113  114.370770   1.370770
15256         76     98     112  114.956715   2.956715
15257         76     99     111  114.931090   3.931090
15258         76    100     110  111.779487   1.779487
15259         76    101     109  109.766346   0.766346
15260         76    102     108  106.833418  -1.166582
15261         76    103     107  101.130304  -5.869696
15262         76    104     106  104.062701  -1.937299
15263         76    105     105   96.495086  -8.504914
15264         76    106     104   99.297535  -4.702465
15265         76    107     103  100.892922  -2.107078
15266         76    108     102   98.342946  -3.657054
15267         76    109     101   99.306842  -1.693158
15268         76    110     100   98.994097  -1.005903
15269         76    111      99   99.492859   0.492859
15270         76    112      98   98.873763   0.873763
15271         76    113      97   93.410928  -3.589072
15272         76    114      96   92.933109  -3.066891
15273         76    115      95   95.735957   0.735957
15274         76    116      94   94.447847   0.447847
15275         76    117      93   94.867516   1.867516
15276         76    118      92   90.889916  -1.110084
15277         76    119      91   91.585171   0.585171
15278         76    120      90   95.053960   5.053960
15279         76    121      89   92.483400   3.483400
15280         76    122      88   90.135726   2.135726
15281         76    123      87   86.504340  -0.495660
15282         76    124      86   77.680737  -8.319263
15283         76    125      85   76.911269  -8.088731
15284         76    126      84   79.278591  -4.721409
15285         76    127      83   79.236761  -3.763239
15286         76    128      82   78.141111  -3.858889
15287         76    129      81   78.597809  -2.402191
15288         76    130      80   76.675685  -3.324315
15289         76    131      79   77.740675  -1.259325
15290         76    132      78   81.594225   3.594225
15291         76    133      77   77.961417   0.961417
15292         76    134      76   81.197742   5.197742
15293         76    135      75   79.914651   4.914651
15294         76    136      74   81.459729   7.459729
15295         76    137      73   78.127514   5.127514
15296         76    138      72   78.551597   6.551597
15297         76    139      71   71.910907   0.910907
15298         76    140      70   70.750131   0.750131
15299         76    141      69   69.440629   0.440629
15300         76    142      68   64.244332  -3.755668
15301         76    143      67   65.063159  -1.936841
15302         76    144      66   57.054164  -8.945836
15303         76    145      65   60.089541  -4.910459
15304         76    146      64   62.193539  -1.806461
15305         76    147      63   59.612896  -3.387104
15306         76    148      62   59.378158  -2.621842
15307         76    149      61   57.691591  -3.308409
15308         76    150      60   58.061134  -1.938866
15309         76    151      59   59.814811   0.814811
15310         76    152      58   55.984380  -2.015620
15311         76    153      57   55.323424  -1.676576
15312         76    154      56   49.200554  -6.799446
15313         76    155      55   52.554465  -2.445535
15314         76    156      54   49.592928  -4.407072
15315         76    157      53   50.356410  -2.643590
15316         76    158      52   51.737527  -0.262473
15317         76    159      51   49.627493  -1.372507
15318         76    160      50   45.541201  -4.458799
15319         76    161      49   49.232836   0.232836
15320         76    162      48   47.673070  -0.326930
15321         76    163      47   45.325344  -1.674656
15322         76    164      46   47.469640   1.469640
15323         76    165      45   48.202598   3.202598
15324         76    166      44   45.616636   1.616636
15325         76    167      43   39.566518  -3.433482
15326         76    168      42   38.360492  -3.639508
15327         76    169      41   35.371064  -5.628936
15328         76    170      40   40.892403   0.892403
15329         76    171      39   38.897378  -0.102622
15330         76    172      38   39.005237   1.005237
15331         76    173      37   34.942735  -2.057265
15332         76    174      36   34.408186  -1.591814
15333         76    175      35   34.389728  -0.610272
15334         76    176      34   34.731878   0.731878
15335         76    177      33   31.314917  -1.685083
15336         76    178      32   33.857814   1.857814
15337         76    179      31   33.784683   2.784683
15338         76    180      30   32.595225   2.595225
15339         76    181      29   31.063060   2.063060
15340         76    182      28   31.593020   3.593020
15341         76    183      27   31.905750   4.905750
15342         76    184      26   29.563616   3.563616
15343         76    185      25   27.236613   2.236613
15344         76    186      24   25.383285   1.383285
15345         76    187      23   22.565273  -0.434727
15346         76    188      22   20.161240  -1.838760
15347         76    189      21   20.325956  -0.674044
15348         76    190      20   21.428713   1.428713
15349         76    191      19   21.068320   2.068320
15350         76    192      18   16.048464  -1.951536
15351         76    193      17   17.567451   0.567451
15352         76    194      16   18.349201   2.349201
15353         76    195      15   16.963751   1.963751
15354         76    196      14   14.474601   0.474601
15355         76    197      13   15.215301   2.215301
15356         76    198      12   13.811311   1.811311
15357         76    199      11    8.132931  -2.867069
15358         76    200      10   10.112922   0.112922
15359         76    201       9    9.437310   0.437310
15360         76    202       8    7.803531  -0.196469
15361         76    203       7    8.323757   1.323757
15362         76    204       6    7.209779   1.209779
15363         76    205       5    7.473304   2.473304
15364         76    206       4    4.686080   0.686080
15365         76    207       3    3.536739   0.536739
15366         76    208       2    4.386125   2.386125
15367         76    209       1    3.462381   2.462381
15368         76    210       0    5.161619   5.161619
15369         77      1     153  165.209168  12.209168
15370         77      2     152  154.811200   2.811200
15371         77      3     151  165.053945  14.053945
15372         77      4     150  157.507784   7.507784
15373         77      5     149  151.164609   2.164609
15374         77      6     148  155.599413   7.599413
15375         77      7     147  150.849268   3.849268
15376         77      8     146  151.346101   5.346101
15377         77      9     145  148.581196   3.581196
15378         77     10     144  153.233435   9.233435
15379         77     11     143  154.399872  11.399872
15380         77     12     142  143.423694   1.423694
15381         77     13     141  149.079353   8.079353
15382         77     14     140  142.087746   2.087746
15383         77     15     139  136.146302  -2.853698
15384         77     16     138  136.612852  -1.387148
15385         77     17     137  135.837627  -1.162373
15386         77     18     136  135.476854  -0.523146
15387         77     19     135  135.800163   0.800163
15388         77     20     134  135.619508   1.619508
15389         77     21     133  135.427720   2.427720
15390         77     22     132  129.291012  -2.708988
15391         77     23     131  129.351452  -1.648548
15392         77     24     130  128.168197  -1.831803
15393         77     25     129  129.185896   0.185896
15394         77     26     128  128.900430   0.900430
15395         77     27     127  129.929700   2.929700
15396         77     28     126  129.571830   3.571830
15397         77     29     125  129.664963   4.664963
15398         77     30     124  125.870916   1.870916
15399         77     31     123  125.397775   2.397775
15400         77     32     122  124.071752   2.071752
15401         77     33     121  121.028681   0.028681
15402         77     34     120  120.471727   0.471727
15403         77     35     119  118.229154  -0.770846
15404         77     36     118  117.079656  -0.920344
15405         77     37     117  117.591937   0.591937
15406         77     38     116  117.248723   1.248723
15407         77     39     115  117.536197   2.536197
15408         77     40     114  113.472921  -0.527079
15409         77     41     113  114.210795   1.210795
15410         77     42     112  111.207685  -0.792315
15411         77     43     111  109.039693  -1.960307
15412         77     44     110  110.249600   0.249600
15413         77     45     109  108.685079  -0.314921
15414         77     46     108  108.949184   0.949184
15415         77     47     107  108.144622   1.144622
15416         77     48     106  107.085639   1.085639
15417         77     49     105  106.372892   1.372892
15418         77     50     104  105.112641   1.112641
15419         77     51     103  105.368530   2.368530
15420         77     52     102  103.745235   1.745235
15421         77     53     101  103.706402   2.706402
15422         77     54     100  103.292793   3.292793
15423         77     55      99  104.359817   5.359817
15424         77     56      98  101.184456   3.184456
15425         77     57      97  101.738933   4.738933
15426         77     58      96   99.636640   3.636640
15427         77     59      95  100.696891   5.696891
15428         77     60      94  100.798962   6.798962
15429         77     61      93   99.169743   6.169743
15430         77     62      92   96.197365   4.197365
15431         77     63      91   96.465048   5.465048
15432         77     64      90   95.252964   5.252964
15433         77     65      89   94.171420   5.171420
15434         77     66      88   86.248041  -1.751959
15435         77     67      87   85.042231  -1.957769
15436         77     68      86   84.851473  -1.148527
15437         77     69      85   88.047414   3.047414
15438         77     70      84   86.910286   2.910286
15439         77     71      83   79.769888  -3.230112
15440         77     72      82   78.847443  -3.152557
15441         77     73      81   76.376518  -4.623482
15442         77     74      80   77.509527  -2.490473
15443         77     75      79   78.053298  -0.946702
15444         77     76      78   78.146008   0.146008
15445         77     77      77   78.187535   1.187535
15446         77     78      76   78.532310   2.532310
15447         77     79      75   77.823732   2.823732
15448         77     80      74   75.676253   1.676253
15449         77     81      73   71.945979  -1.054021
15450         77     82      72   70.701994  -1.298006
15451         77     83      71   71.270029   0.270029
15452         77     84      70   70.259280   0.259280
15453         77     85      69   70.785935   1.785935
15454         77     86      68   70.585803   2.585803
15455         77     87      67   68.307854   1.307854
15456         77     88      66   67.349736   1.349736
15457         77     89      65   66.250558   1.250558
15458         77     90      64   67.290271   3.290271
15459         77     91      63   65.707097   2.707097
15460         77     92      62   64.958115   2.958115
15461         77     93      61   64.816632   3.816632
15462         77     94      60   65.225770   5.225770
15463         77     95      59   61.989193   2.989193
15464         77     96      58   62.630351   4.630351
15465         77     97      57   60.216501   3.216501
15466         77     98      56   58.703933   2.703933
15467         77     99      55   52.176688  -2.823312
15468         77    100      54   42.088999 -11.911001
15469         77    101      53   46.878712  -6.121288
15470         77    102      52   50.122045  -1.877955
15471         77    103      51   51.529632   0.529632
15472         77    104      50   56.380245   6.380245
15473         77    105      49   51.529968   2.529968
15474         77    106      48   50.985273   2.985273
15475         77    107      47   49.143534   2.143534
15476         77    108      46   52.438505   6.438505
15477         77    109      45   53.671789   8.671789
15478         77    110      44   53.817064   9.817064
15479         77    111      43   50.519851   7.519851
15480         77    112      42   50.701195   8.701195
15481         77    113      41   41.844669   0.844669
15482         77    114      40   40.924947   0.924947
15483         77    115      39   42.949894   3.949894
15484         77    116      38   44.458971   6.458971
15485         77    117      37   41.908127   4.908127
15486         77    118      36   39.013889   3.013889
15487         77    119      35   40.099547   5.099547
15488         77    120      34   41.879923   7.879923
15489         77    121      33   37.882943   4.882943
15490         77    122      32   37.239099   5.239099
15491         77    123      31   38.873349   7.873349
15492         77    124      30   35.653607   5.653607
15493         77    125      29   35.472002   6.472002
15494         77    126      28   33.508616   5.508616
15495         77    127      27   32.432637   5.432637
15496         77    128      26   31.124757   5.124757
15497         77    129      25   25.215963   0.215963
15498         77    130      24   23.962235  -0.037765
15499         77    131      23   23.892248   0.892248
15500         77    132      22   22.653192   0.653192
15501         77    133      21   24.048462   3.048462
15502         77    134      20   20.543219   0.543219
15503         77    135      19   19.654543   0.654543
15504         77    136      18   20.433861   2.433861
15505         77    137      17   17.385501   0.385501
15506         77    138      16   17.327035   1.327035
15507         77    139      15   15.062782   0.062782
15508         77    140      14   14.853771   0.853771
15509         77    141      13   14.853851   1.853851
15510         77    142      12   15.193701   3.193701
15511         77    143      11   11.264738   0.264738
15512         77    144      10    9.163291  -0.836709
15513         77    145       9    7.785595  -1.214405
15514         77    146       8    7.934352  -0.065648
15515         77    147       7    6.572922  -0.427078
15516         77    148       6    5.315250  -0.684750
15517         77    149       5    4.260275  -0.739725
15518         77    150       4    4.158713   0.158713
15519         77    151       3    2.950932  -0.049068
15520         77    152       2    1.821849  -0.178151
15521         77    153       1    1.817163   0.817163
15522         77    154       0    1.461406   1.461406
15523         78      1     230  228.031368  -1.968632
15524         78      2     229  232.360736   3.360736
15525         78      3     228  231.434897   3.434897
15526         78      4     227  225.648814  -1.351186
15527         78      5     226  223.331122  -2.668878
15528         78      6     225  223.137780  -1.862220
15529         78      7     224  225.993586   1.993586
15530         78      8     223  225.779649   2.779649
15531         78      9     222  221.871889  -0.128111
15532         78     10     221  218.666737  -2.333263
15533         78     11     220  222.509606   2.509606
15534         78     12     219  216.929404  -2.070596
15535         78     13     218  221.557774   3.557774
15536         78     14     217  216.930188  -0.069812
15537         78     15     216  211.843117  -4.156883
15538         78     16     215  213.022290  -1.977710
15539         78     17     214  211.323906  -2.676094
15540         78     18     213  212.820106  -0.179894
15541         78     19     212  206.572057  -5.427943
15542         78     20     211  205.510048  -5.489952
15543         78     21     210  205.423202  -4.576798
15544         78     22     209  205.646978  -3.353022
15545         78     23     208  206.198107  -1.801893
15546         78     24     207  203.908344  -3.091656
15547         78     25     206  205.673216  -0.326784
15548         78     26     205  206.121819   1.121819
15549         78     27     204  206.959234   2.959234
15550         78     28     203  205.909989   2.909989
15551         78     29     202  202.630265   0.630265
15552         78     30     201  203.763176   2.763176
15553         78     31     200  199.257557  -0.742443
15554         78     32     199  199.811258   0.811258
15555         78     33     198  198.609276   0.609276
15556         78     34     197  198.684686   1.684686
15557         78     35     196  195.754364  -0.245636
15558         78     36     195  194.590498  -0.409502
15559         78     37     194  193.293642  -0.706358
15560         78     38     193  191.829330  -1.170670
15561         78     39     192  190.863050  -1.136950
15562         78     40     191  189.414763  -1.585237
15563         78     41     190  189.225053  -0.774947
15564         78     42     189  187.798842  -1.201158
15565         78     43     188  186.190736  -1.809264
15566         78     44     187  186.373860  -0.626140
15567         78     45     186  187.221931   1.221931
15568         78     46     185  184.422783  -0.577217
15569         78     47     184  183.488009  -0.511991
15570         78     48     183  183.306107   0.306107
15571         78     49     182  180.765141  -1.234859
15572         78     50     181  184.033998   3.033998
15573         78     51     180  181.051835   1.051835
15574         78     52     179  183.332686   4.332686
15575         78     53     178  179.821829   1.821829
15576         78     54     177  177.018662   0.018662
15577         78     55     176  177.592098   1.592098
15578         78     56     175  174.397152  -0.602848
15579         78     57     174  174.249295   0.249295
15580         78     58     173  171.254179  -1.745821
15581         78     59     172  169.804516  -2.195484
15582         78     60     171  170.743152  -0.256848
15583         78     61     170  170.256713   0.256713
15584         78     62     169  168.349198  -0.650802
15585         78     63     168  163.120256  -4.879744
15586         78     64     167  164.826121  -2.173879
15587         78     65     166  166.282299   0.282299
15588         78     66     165  161.113845  -3.886155
15589         78     67     164  159.946450  -4.053550
15590         78     68     163  160.613335  -2.386665
15591         78     69     162  160.311980  -1.688020
15592         78     70     161  161.718870   0.718870
15593         78     71     160  160.986127   0.986127
15594         78     72     159  159.699826   0.699826
15595         78     73     158  158.968229   0.968229
15596         78     74     157  158.029605   1.029605
15597         78     75     156  155.618936  -0.381064
15598         78     76     155  154.994777  -0.005223
15599         78     77     154  153.283950  -0.716050
15600         78     78     153  153.415419   0.415419
15601         78     79     152  152.713665   0.713665
15602         78     80     151  148.994033  -2.005967
15603         78     81     150  148.140125  -1.859875
15604         78     82     149  145.942557  -3.057443
15605         78     83     148  145.792389  -2.207611
15606         78     84     147  144.966103  -2.033897
15607         78     85     146  143.664155  -2.335845
15608         78     86     145  144.315440  -0.684560
15609         78     87     144  142.422261  -1.577739
15610         78     88     143  146.930053   3.930053
15611         78     89     142  145.585277   3.585277
15612         78     90     141  141.512424   0.512424
15613         78     91     140  138.290070  -1.709930
15614         78     92     139  142.528817   3.528817
15615         78     93     138  140.586718   2.586718
15616         78     94     137  141.078078   4.078078
15617         78     95     136  145.193452   9.193452
15618         78     96     135  134.447711  -0.552289
15619         78     97     134  137.048800   3.048800
15620         78     98     133  133.446832   0.446832
15621         78     99     132  133.257304   1.257304
15622         78    100     131  134.052146   3.052146
15623         78    101     130  136.359110   6.359110
15624         78    102     129  138.667752   9.667752
15625         78    103     128  137.707598   9.707598
15626         78    104     127  132.281323   5.281323
15627         78    105     126  126.888585   0.888585
15628         78    106     125  127.460621   2.460621
15629         78    107     124  131.645325   7.645325
15630         78    108     123  126.203572   3.203572
15631         78    109     122  125.032152   3.032152
15632         78    110     121  116.167912  -4.832088
15633         78    111     120  115.680299  -4.319701
15634         78    112     119  116.563310  -2.436690
15635         78    113     118  116.664077  -1.335923
15636         78    114     117  114.928353  -2.071647
15637         78    115     116  115.054849  -0.945151
15638         78    116     115  119.076858   4.076858
15639         78    117     114  115.680865   1.680865
15640         78    118     113  111.732072  -1.267928
15641         78    119     112  106.874337  -5.125663
15642         78    120     111  109.032794  -1.967206
15643         78    121     110  109.249570  -0.750430
15644         78    122     109  115.721013   6.721013
15645         78    123     108  113.665498   5.665498
15646         78    124     107  113.730204   6.730204
15647         78    125     106  106.831730   0.831730
15648         78    126     105  105.230301   0.230301
15649         78    127     104  106.020975   2.020975
15650         78    128     103  102.388207  -0.611793
15651         78    129     102  100.489430  -1.510570
15652         78    130     101   99.984056  -1.015944
15653         78    131     100  101.189841   1.189841
15654         78    132      99   97.138512  -1.861488
15655         78    133      98   97.318889  -0.681111
15656         78    134      97   89.845676  -7.154324
15657         78    135      96   89.078032  -6.921968
15658         78    136      95   89.539863  -5.460137
15659         78    137      94   94.699991   0.699991
15660         78    138      93   96.085718   3.085718
15661         78    139      92   88.350094  -3.649906
15662         78    140      91   92.649368   1.649368
15663         78    141      90   85.342755  -4.657245
15664         78    142      89   87.768054  -1.231946
15665         78    143      88   84.792422  -3.207578
15666         78    144      87   87.761634   0.761634
15667         78    145      86   85.372790  -0.627210
15668         78    146      85   83.699122  -1.300878
15669         78    147      84   81.720046  -2.279954
15670         78    148      83   86.781375   3.781375
15671         78    149      82   85.270737   3.270737
15672         78    150      81   86.899872   5.899872
15673         78    151      80   82.552392   2.552392
15674         78    152      79   77.570960  -1.429040
15675         78    153      78   76.475360  -1.524640
15676         78    154      77   77.418188   0.418188
15677         78    155      76   75.509806  -0.490194
15678         78    156      75   74.178366  -0.821634
15679         78    157      74   75.816474   1.816474
15680         78    158      73   79.239245   6.239245
15681         78    159      72   75.694448   3.694448
15682         78    160      71   69.640817  -1.359183
15683         78    161      70   69.767620  -0.232380
15684         78    162      69   72.539455   3.539455
15685         78    163      68   68.530417   0.530417
15686         78    164      67   69.492438   2.492438
15687         78    165      66   71.496555   5.496555
15688         78    166      65   65.344884   0.344884
15689         78    167      64   65.734319   1.734319
15690         78    168      63   65.045942   2.045942
15691         78    169      62   58.774688  -3.225312
15692         78    170      61   54.728690  -6.271310
15693         78    171      60   57.733106  -2.266894
15694         78    172      59   56.454094  -2.545906
15695         78    173      58   56.006729  -1.993271
15696         78    174      57   59.153438   2.153438
15697         78    175      56   54.598629  -1.401371
15698         78    176      55   58.264472   3.264472
15699         78    177      54   56.265302   2.265302
15700         78    178      53   56.689236   3.689236
15701         78    179      52   53.509595   1.509595
15702         78    180      51   51.686599   0.686599
15703         78    181      50   46.688272  -3.311728
15704         78    182      49   45.198363  -3.801637
15705         78    183      48   45.132177  -2.867823
15706         78    184      47   43.992477  -3.007523
15707         78    185      46   44.907817  -1.092183
15708         78    186      45   41.404622  -3.595378
15709         78    187      44   42.216718  -1.783282
15710         78    188      43   39.109641  -3.890359
15711         78    189      42   39.987815  -2.012185
15712         78    190      41   35.128294  -5.871706
15713         78    191      40   36.850911  -3.149089
15714         78    192      39   35.638830  -3.361170
15715         78    193      38   35.179465  -2.820535
15716         78    194      37   33.565818  -3.434182
15717         78    195      36   34.686911  -1.313089
15718         78    196      35   35.348939   0.348939
15719         78    197      34   34.175128   0.175128
15720         78    198      33   31.664372  -1.335628
15721         78    199      32   32.607343   0.607343
15722         78    200      31   30.521997  -0.478003
15723         78    201      30   30.838304   0.838304
15724         78    202      29   32.019987   3.019987
15725         78    203      28   32.687642   4.687642
15726         78    204      27   31.688282   4.688282
15727         78    205      26   30.088883   4.088883
15728         78    206      25   24.629145  -0.370855
15729         78    207      24   25.416332   1.416332
15730         78    208      23   28.245518   5.245518
15731         78    209      22   27.394838   5.394838
15732         78    210      21   24.410925   3.410925
15733         78    211      20   23.605532   3.605532
15734         78    212      19   20.131227   1.131227
15735         78    213      18   20.028097   2.028097
15736         78    214      17   21.867667   4.867667
15737         78    215      16   19.655708   3.655708
15738         78    216      15   13.962920  -1.037080
15739         78    217      14   11.897847  -2.102153
15740         78    218      13   10.248197  -2.751803
15741         78    219      12    9.293750  -2.706250
15742         78    220      11   10.131230  -0.868770
15743         78    221      10    8.753340  -1.246660
15744         78    222       9    8.336212  -0.663788
15745         78    223       8    5.922394  -2.077606
15746         78    224       7    6.442795  -0.557205
15747         78    225       6    3.952131  -2.047869
15748         78    226       5    2.786975  -2.213025
15749         78    227       4    3.794080  -0.205920
15750         78    228       3    3.037814   0.037814
15751         78    229       2    2.791475   0.791475
15752         78    230       1    2.432554   1.432554
15753         78    231       0    1.775432   1.775432
15754         79      1     198  196.486106  -1.513894
15755         79      2     197  198.482802   1.482802
15756         79      3     196  193.641511  -2.358489
15757         79      4     195  196.682335   1.682335
15758         79      5     194  199.800459   5.800459
15759         79      6     193  200.698333   7.698333
15760         79      7     192  196.164187   4.164187
15761         79      8     191  201.289914  10.289914
15762         79      9     190  194.079480   4.079480
15763         79     10     189  192.670465   3.670465
15764         79     11     188  188.373840   0.373840
15765         79     12     187  193.438131   6.438131
15766         79     13     186  189.394960   3.394960
15767         79     14     185  185.191578   0.191578
15768         79     15     184  185.246821   1.246821
15769         79     16     183  180.843082  -2.156918
15770         79     17     182  183.307552   1.307552
15771         79     18     181  182.707099   1.707099
15772         79     19     180  183.071138   3.071138
15773         79     20     179  182.601523   3.601523
15774         79     21     178  182.832510   4.832510
15775         79     22     177  181.936123   4.936123
15776         79     23     176  184.316459   8.316459
15777         79     24     175  180.726734   5.726734
15778         79     25     174  172.847222  -1.152778
15779         79     26     173  172.159777  -0.840223
15780         79     27     172  169.728926  -2.271074
15781         79     28     171  165.877917  -5.122083
15782         79     29     170  168.387938  -1.612062
15783         79     30     169  166.904365  -2.095635
15784         79     31     168  166.392314  -1.607686
15785         79     32     167  166.289494  -0.710506
15786         79     33     166  167.375535   1.375535
15787         79     34     165  168.384454   3.384454
15788         79     35     164  167.034974   3.034974
15789         79     36     163  166.991091   3.991091
15790         79     37     162  164.091904   2.091904
15791         79     38     161  162.125777   1.125777
15792         79     39     160  162.281011   2.281011
15793         79     40     159  160.569894   1.569894
15794         79     41     158  160.244876   2.244876
15795         79     42     157  158.560767   1.560767
15796         79     43     156  156.182632   0.182632
15797         79     44     155  157.178759   2.178759
15798         79     45     154  154.479576   0.479576
15799         79     46     153  151.505541  -1.494459
15800         79     47     152  151.553151  -0.446849
15801         79     48     151  150.671075  -0.328925
15802         79     49     150  149.776238  -0.223762
15803         79     50     149  150.622449   1.622449
15804         79     51     148  147.801609  -0.198391
15805         79     52     147  146.183386  -0.816614
15806         79     53     146  146.292541   0.292541
15807         79     54     145  145.923134   0.923134
15808         79     55     144  147.959027   3.959027
15809         79     56     143  145.108251   2.108251
15810         79     57     142  145.213145   3.213145
15811         79     58     141  147.302694   6.302694
15812         79     59     140  140.992896   0.992896
15813         79     60     139  140.263819   1.263819
15814         79     61     138  140.184104   2.184104
15815         79     62     137  139.250787   2.250787
15816         79     63     136  137.072696   1.072696
15817         79     64     135  136.876016   1.876016
15818         79     65     134  135.058869   1.058869
15819         79     66     133  134.674423   1.674423
15820         79     67     132  133.550647   1.550647
15821         79     68     131  129.826227  -1.173773
15822         79     69     130  128.678791  -1.321209
15823         79     70     129  128.133633  -0.866367
15824         79     71     128  125.194861  -2.805139
15825         79     72     127  128.956114   1.956114
15826         79     73     126  125.767887  -0.232113
15827         79     74     125  124.522076  -0.477924
15828         79     75     124  123.930214  -0.069786
15829         79     76     123  119.593456  -3.406544
15830         79     77     122  120.780089  -1.219911
15831         79     78     121  119.696285  -1.303715
15832         79     79     120  117.564259  -2.435741
15833         79     80     119  119.652553   0.652553
15834         79     81     118  117.469874  -0.530126
15835         79     82     117  117.933978   0.933978
15836         79     83     116  116.528914   0.528914
15837         79     84     115  114.197734  -0.802266
15838         79     85     114  114.856001   0.856001
15839         79     86     113  117.147185   4.147185
15840         79     87     112  113.280742   1.280742
15841         79     88     111  113.470273   2.470273
15842         79     89     110  110.984360   0.984360
15843         79     90     109  110.410918   1.410918
15844         79     91     108  113.506847   5.506847
15845         79     92     107  113.098640   6.098640
15846         79     93     106  113.566523   7.566523
15847         79     94     105  110.108861   5.108861
15848         79     95     104  114.261411  10.261411
15849         79     96     103  111.607990   8.607990
15850         79     97     102  110.032463   8.032463
15851         79     98     101  109.100003   8.100003
15852         79     99     100  107.340058   7.340058
15853         79    100      99  108.209347   9.209347
15854         79    101      98  103.480155   5.480155
15855         79    102      97   96.820608  -0.179392
15856         79    103      96   96.116726   0.116726
15857         79    104      95   93.486546  -1.513454
15858         79    105      94   92.490097  -1.509903
15859         79    106      93   93.269139   0.269139
15860         79    107      92   89.184644  -2.815356
15861         79    108      91   88.150049  -2.849951
15862         79    109      90   87.258587  -2.741413
15863         79    110      89   87.660331  -1.339669
15864         79    111      88   89.213051   1.213051
15865         79    112      87   88.666622   1.666622
15866         79    113      86   85.634401  -0.365599
15867         79    114      85   88.059965   3.059965
15868         79    115      84   86.027814   2.027814
15869         79    116      83   84.740537   1.740537
15870         79    117      82   87.022215   5.022215
15871         79    118      81   87.620034   6.620034
15872         79    119      80   80.749253   0.749253
15873         79    120      79   76.328297  -2.671703
15874         79    121      78   77.462741  -0.537259
15875         79    122      77   73.397377  -3.602623
15876         79    123      76   71.436685  -4.563315
15877         79    124      75   71.290132  -3.709868
15878         79    125      74   69.500112  -4.499888
15879         79    126      73   68.821635  -4.178365
15880         79    127      72   69.026678  -2.973322
15881         79    128      71   69.429804  -1.570196
15882         79    129      70   74.429360   4.429360
15883         79    130      69   73.731749   4.731749
15884         79    131      68   72.853453   4.853453
15885         79    132      67   71.162073   4.162073
15886         79    133      66   68.646084   2.646084
15887         79    134      65   66.140624   1.140624
15888         79    135      64   64.074595   0.074595
15889         79    136      63   62.349123  -0.650877
15890         79    137      62   54.176947  -7.823053
15891         79    138      61   56.314335  -4.685665
15892         79    139      60   54.149126  -5.850874
15893         79    140      59   54.603224  -4.396776
15894         79    141      58   53.650627  -4.349373
15895         79    142      57   53.606093  -3.393907
15896         79    143      56   56.097018   0.097018
15897         79    144      55   59.129398   4.129398
15898         79    145      54   55.518968   1.518968
15899         79    146      53   54.023496   1.023496
15900         79    147      52   51.185377  -0.814623
15901         79    148      51   51.084631   0.084631
15902         79    149      50   51.657978   1.657978
15903         79    150      49   49.693074   0.693074
15904         79    151      48   50.110146   2.110146
15905         79    152      47   47.232868   0.232868
15906         79    153      46   44.898302  -1.101698
15907         79    154      45   46.072404   1.072404
15908         79    155      44   42.665773  -1.334227
15909         79    156      43   42.084897  -0.915103
15910         79    157      42   42.448047   0.448047
15911         79    158      41   47.539934   6.539934
15912         79    159      40   49.002557   9.002557
15913         79    160      39   48.167572   9.167572
15914         79    161      38   45.919000   7.919000
15915         79    162      37   44.267785   7.267785
15916         79    163      36   44.426225   8.426225
15917         79    164      35   43.367597   8.367597
15918         79    165      34   39.245809   5.245809
15919         79    166      33   36.835893   3.835893
15920         79    167      32   37.751806   5.751806
15921         79    168      31   35.339040   4.339040
15922         79    169      30   35.893150   5.893150
15923         79    170      29   27.803109  -1.196891
15924         79    171      28   27.133917  -0.866083
15925         79    172      27   27.577992   0.577992
15926         79    173      26   28.194904   2.194904
15927         79    174      25   26.892658   1.892658
15928         79    175      24   23.967779  -0.032221
15929         79    176      23   24.323572   1.323572
15930         79    177      22   22.136267   0.136267
15931         79    178      21   21.665034   0.665034
15932         79    179      20   21.137398   1.137398
15933         79    180      19   20.574250   1.574250
15934         79    181      18   20.179059   2.179059
15935         79    182      17   17.710625   0.710625
15936         79    183      16   16.075690   0.075690
15937         79    184      15   16.098720   1.098720
15938         79    185      14   14.368535   0.368535
15939         79    186      13   13.943516   0.943516
15940         79    187      12    9.752918  -2.247082
15941         79    188      11   11.360839   0.360839
15942         79    189      10    8.926130  -1.073870
15943         79    190       9    8.493323  -0.506677
15944         79    191       8    7.966698  -0.033302
15945         79    192       7    6.725678  -0.274322
15946         79    193       6    6.308143   0.308143
15947         79    194       5    6.117625   1.117625
15948         79    195       4    4.777379   0.777379
15949         79    196       3    2.609929  -0.390071
15950         79    197       2    1.741060  -0.258940
15951         79    198       1    1.396813   0.396813
15952         79    199       0    1.806912   1.806912
15953         80      1     184  192.511553   8.511553
15954         80      2     183  181.372453  -1.627547
15955         80      3     182  176.427691  -5.572309
15956         80      4     181  184.848928   3.848928
15957         80      5     180  181.485584   1.485584
15958         80      6     179  177.365808  -1.634192
15959         80      7     178  172.386491  -5.613509
15960         80      8     177  185.509273   8.509273
15961         80      9     176  183.198648   7.198648
15962         80     10     175  178.111293   3.111293
15963         80     11     174  184.797410  10.797410
15964         80     12     173  169.867699  -3.132301
15965         80     13     172  173.294751   1.294751
15966         80     14     171  187.165837  16.165837
15967         80     15     170  166.620637  -3.379363
15968         80     16     169  168.779410  -0.220590
15969         80     17     168  169.708509   1.708509
15970         80     18     167  166.894025  -0.105975
15971         80     19     166  167.653916   1.653916
15972         80     20     165  167.777043   2.777043
15973         80     21     164  160.897060  -3.102940
15974         80     22     163  162.491479  -0.508521
15975         80     23     162  163.236272   1.236272
15976         80     24     161  163.544141   2.544141
15977         80     25     160  163.549224   3.549224
15978         80     26     159  161.632130   2.632130
15979         80     27     158  158.667978   0.667978
15980         80     28     157  158.263652   1.263652
15981         80     29     156  157.794463   1.794463
15982         80     30     155  158.057791   3.057791
15983         80     31     154  152.478665  -1.521335
15984         80     32     153  152.776724  -0.223276
15985         80     33     152  152.542401   0.542401
15986         80     34     151  153.121605   2.121605
15987         80     35     150  156.821739   6.821739
15988         80     36     149  152.224819   3.224819
15989         80     37     148  151.321110   3.321110
15990         80     38     147  146.984716  -0.015284
15991         80     39     146  146.774643   0.774643
15992         80     40     145  146.786786   1.786786
15993         80     41     144  146.357710   2.357710
15994         80     42     143  146.652181   3.652181
15995         80     43     142  147.269422   5.269422
15996         80     44     141  140.265267  -0.734733
15997         80     45     140  141.896039   1.896039
15998         80     46     139  139.386600   0.386600
15999         80     47     138  136.445858  -1.554142
16000         80     48     137  136.145164  -0.854836
16001         80     49     136  133.594637  -2.405363
16002         80     50     135  130.865334  -4.134666
16003         80     51     134  128.164997  -5.835003
16004         80     52     133  128.157795  -4.842205
16005         80     53     132  126.190116  -5.809884
16006         80     54     131  125.091824  -5.908176
16007         80     55     130  125.227282  -4.772718
16008         80     56     129  124.332274  -4.667726
16009         80     57     128  125.478179  -2.521821
16010         80     58     127  122.995390  -4.004610
16011         80     59     126  122.779062  -3.220938
16012         80     60     125  122.179775  -2.820225
16013         80     61     124  126.789021   2.789021
16014         80     62     123  125.897497   2.897497
16015         80     63     122  123.656150   1.656150
16016         80     64     121  121.580083   0.580083
16017         80     65     120  123.439230   3.439230
16018         80     66     119  118.229614  -0.770386
16019         80     67     118  122.392641   4.392641
16020         80     68     117  120.615822   3.615822
16021         80     69     116  118.613859   2.613859
16022         80     70     115  117.123302   2.123302
16023         80     71     114  119.336913   5.336913
16024         80     72     113  112.815671  -0.184329
16025         80     73     112  107.980717  -4.019283
16026         80     74     111  105.862471  -5.137529
16027         80     75     110  104.427939  -5.572061
16028         80     76     109  103.445969  -5.554031
16029         80     77     108  103.243594  -4.756406
16030         80     78     107  101.621156  -5.378844
16031         80     79     106  103.470353  -2.529647
16032         80     80     105  101.572976  -3.427024
16033         80     81     104  101.500037  -2.499963
16034         80     82     103  100.405651  -2.594349
16035         80     83     102  100.156330  -1.843670
16036         80     84     101   99.073197  -1.926803
16037         80     85     100   92.760952  -7.239048
16038         80     86      99   91.659524  -7.340476
16039         80     87      98   94.662194  -3.337806
16040         80     88      97   92.141770  -4.858230
16041         80     89      96   91.610317  -4.389683
16042         80     90      95   90.515755  -4.484245
16043         80     91      94   92.014141  -1.985859
16044         80     92      93   88.884237  -4.115763
16045         80     93      92   87.665677  -4.334323
16046         80     94      91   90.272031  -0.727969
16047         80     95      90   91.762872   1.762872
16048         80     96      89   92.084799   3.084799
16049         80     97      88   91.431814   3.431814
16050         80     98      87   89.672607   2.672607
16051         80     99      86   86.735571   0.735571
16052         80    100      85   82.463450  -2.536550
16053         80    101      84   85.129560   1.129560
16054         80    102      83   85.602893   2.602893
16055         80    103      82   84.912893   2.912893
16056         80    104      81   80.049755  -0.950245
16057         80    105      80   83.997187   3.997187
16058         80    106      79   84.958332   5.958332
16059         80    107      78   82.040346   4.040346
16060         80    108      77   76.248953  -0.751047
16061         80    109      76   74.722103  -1.277897
16062         80    110      75   74.281491  -0.718509
16063         80    111      74   79.679697   5.679697
16064         80    112      73   75.428648   2.428648
16065         80    113      72   77.802464   5.802464
16066         80    114      71   76.291936   5.291936
16067         80    115      70   76.377007   6.377007
16068         80    116      69   76.872594   7.872594
16069         80    117      68   72.987837   4.987837
16070         80    118      67   68.914035   1.914035
16071         80    119      66   68.344999   2.344999
16072         80    120      65   65.419879   0.419879
16073         80    121      64   67.147865   3.147865
16074         80    122      63   63.383225   0.383225
16075         80    123      62   62.864120   0.864120
16076         80    124      61   63.404283   2.404283
16077         80    125      60   63.726865   3.726865
16078         80    126      59   63.529959   4.529959
16079         80    127      58   63.621917   5.621917
16080         80    128      57   60.766916   3.766916
16081         80    129      56   59.054035   3.054035
16082         80    130      55   59.732559   4.732559
16083         80    131      54   60.142127   6.142127
16084         80    132      53   60.882072   7.882072
16085         80    133      52   55.028818   3.028818
16086         80    134      51   51.887435   0.887435
16087         80    135      50   49.953874  -0.046126
16088         80    136      49   46.645888  -2.354112
16089         80    137      48   47.858965  -0.141035
16090         80    138      47   51.799413   4.799413
16091         80    139      46   49.336060   3.336060
16092         80    140      45   52.318155   7.318155
16093         80    141      44   49.025940   5.025940
16094         80    142      43   50.376141   7.376141
16095         80    143      42   48.321007   6.321007
16096         80    144      41   44.842738   3.842738
16097         80    145      40   45.488410   5.488410
16098         80    146      39   43.709657   4.709657
16099         80    147      38   42.360243   4.360243
16100         80    148      37   41.326960   4.326960
16101         80    149      36   38.270372   2.270372
16102         80    150      35   38.875794   3.875794
16103         80    151      34   37.565170   3.565170
16104         80    152      33   36.032983   3.032983
16105         80    153      32   38.981945   6.981945
16106         80    154      31   37.280762   6.280762
16107         80    155      30   34.656121   4.656121
16108         80    156      29   32.366614   3.366614
16109         80    157      28   31.617350   3.617350
16110         80    158      27   30.019971   3.019971
16111         80    159      26   29.304941   3.304941
16112         80    160      25   29.885980   4.885980
16113         80    161      24   27.127093   3.127093
16114         80    162      23   26.493783   3.493783
16115         80    163      22   25.310375   3.310375
16116         80    164      21   26.033470   5.033470
16117         80    165      20   22.243639   2.243639
16118         80    166      19   21.145359   2.145359
16119         80    167      18   20.076611   2.076611
16120         80    168      17   20.350031   3.350031
16121         80    169      16   20.535115   4.535115
16122         80    170      15   21.890122   6.890122
16123         80    171      14   19.482272   5.482272
16124         80    172      13   14.067474   1.067474
16125         80    173      12   13.169486   1.169486
16126         80    174      11   14.030078   3.030078
16127         80    175      10    8.856043  -1.143957
16128         80    176       9   10.253541   1.253541
16129         80    177       8    6.165118  -1.834882
16130         80    178       7    5.851735  -1.148265
16131         80    179       6    5.591534  -0.408466
16132         80    180       5    5.340045   0.340045
16133         80    181       4    4.854315   0.854315
16134         80    182       3    3.185796   0.185796
16135         80    183       2    2.354278   0.354278
16136         80    184       1    1.824648   0.824648
16137         80    185       0    1.419679   1.419679
